legislador_id,nombre,camaras,bloques,anio_desde,anio_hasta,n_votos,n_desvios,tasa_desvio,pct_ausente,n_presente,tasa_desvio_conducta,tasa_desvio_ausencia,n_disputadas,tasa_desvio_disputadas,tasa_desvio_disputadas_conducta,n_reciente,tasa_desvio_reciente,tasa_desvio_reciente_conducta,pct_metodo_linaje,pct_metodo_parcial,tam_bloque_mediano,ausentista_outlier
leg:2fe97d202701,"Herrera, Marcela",diputados,FRENTE DE TODOS,2023,2023,1,1.0,1.0,0.0,1,1.0,,0,,,1,1.0,1.0,0.0,0.0,65.0,False
leg:085d73e34056,"ANCARANI, Hilda Norma",diputados,JUSTICIALISTA,2002,2002,1,1.0,1.0,1.0,0,,1.0,0,,,1,1.0,,0.0,0.0,120.0,True
leg:b2b0502b391a,"ARAGONES de JUAREZ, Mercedes María",diputados,JUSTICIALISTA,2002,2002,5,5.0,1.0,1.0,0,,1.0,2,1.0,,5,1.0,,0.2,0.0,116.0,True
leg:d366228c0c21,"OCAIVA, Maria Graciela",diputados,A.R.I,2002,2002,1,1.0,1.0,0.0,1,1.0,,1,1.0,1.0,1,1.0,1.0,0.0,0.0,16.0,False
leg:22e6f4de3dc2,"MARTINEZ LLANO, José Rodolfo",diputados,JUSTICIALISTA,2003,2003,40,38.2,0.9546,1.0,0,,0.9546,8,1.0,,40,0.9546,,0.0,0.05,114.0,True
leg:1f52123590ec,"KIRCHNER, Néstor Carlos",diputados,FRENTE PARA LA VICTORIA,2010,2010,54,51.0,0.9444,0.9815,1,0.0,0.9623,9,0.7778,0.0,54,0.9444,0.0,0.0,0.0,85.0,True
leg:0124335cb4af,"CHAYA, María Lelia",diputados,JUSTICIALISTA,2001,2005,241,211.3,0.8767,0.9212,19,0.1232,0.9412,26,0.7899,0.0,132,0.9944,,0.0041,0.0456,128.0,True
leg:7c16cd02ee7c,QUINTAR Amado,diputados,FTE. CIVICO Y SOCIAL DE CATAMARCA,2016,2016,186,160.7,0.8638,0.9731,5,0.0,0.8877,6,0.6667,,186,0.8638,0.0,0.0,0.0054,3.0,True
leg:544b63b89bae,"RECIO, José Antonio",diputados,UCR,2001,2001,14,12.0,0.8571,0.8571,2,0.0,1.0,3,1.0,,14,0.8571,0.0,0.0,0.0,78.0,True
leg:f1293b705bdb,"SCHIAVONI, Esther Aida",diputados,PRO,2005,2005,56,47.7,0.8512,0.9464,3,0.6667,0.8616,4,0.75,0.0,56,0.8512,0.6667,0.0,0.0893,12.0,True
leg:5e50f68ab501,"FERNANDEZ, Pablo Damian",diputados,FREPASO,2001,2001,24,20.1,0.8366,0.9167,2,0.4286,0.8737,4,1.0,,24,0.8366,0.4286,0.0,0.2917,29.0,True
leg:c38fac7d0c92,"Menem, Martín",diputados,LA LIBERTAD AVANZA,2026,2026,10,8.0,0.8,0.8,2,0.0,1.0,2,1.0,,10,0.8,0.0,0.0,0.0,95.0,True
leg:db24bb611a91,"RAPETTI, Ricardo Francisco",diputados,JUSTICIALISTA,2002,2005,216,169.0,0.7822,0.75,54,0.159,0.9899,22,0.5192,0.2583,132,0.9944,,0.0046,0.0417,128.0,True
leg:caaf54ae4789,"ROGGERO, Humberto Jesus",diputados,JUSTICIALISTA,2001,2005,241,185.5,0.7695,0.7469,61,0.2519,0.945,26,0.6241,0.1533,132,0.9308,0.5117,0.0041,0.0456,128.0,True
leg:e1324a8adcb9,SANCHEZ Francisco,diputados,PRO,2019,2023,52,38.0,0.7308,0.8077,10,0.0,0.9048,8,0.875,0.0,17,0.2941,0.0,0.0,0.0,50.0,True
leg:ccaf175bf366,"MARTINEZ, Gerardo Alberto",diputados,JUSTICIALISTA,2001,2001,24,17.1,0.7133,0.5417,11,0.6927,0.7308,4,0.75,1.0,24,0.7133,0.6927,0.0,0.0833,100.0,False
leg:a17c70e9c13c,"DE BARIAZARRA, Roberto Rodolfo",diputados,UCR,2001,2001,24,16.7,0.6957,0.5833,10,0.2697,1.0,4,1.0,,24,0.6957,0.2697,0.0,0.0417,78.0,True
leg:5fa30da3907c,"BONINO, Miguel Angel",diputados,UCR,2001,2001,24,16.6,0.6924,0.625,9,0.1798,1.0,4,0.75,0.0,24,0.6924,0.1798,0.0,0.0417,78.0,True
leg:e035804b394a,"GALLAND, Gustavo Carlos",diputados,FREPASO,2001,2001,24,16.4,0.6837,0.7083,7,0.2537,0.8607,4,1.0,,24,0.6837,0.2537,0.0,0.2917,29.0,True
leg:77f97b8fc444,INSAURRALDE Martín,diputados,FRENTE PARA LA VICTORIA,2014,2014,116,79.0,0.681,0.681,37,0.0,1.0,19,0.6842,0.0,116,0.681,0.0,0.0,0.0,113.0,True
leg:902c80d1f685,"Mraida, Gabriel Sebastian",diputados,PRO,2023,2023,3,2.0,0.6667,0.3333,2,0.5,1.0,0,,,3,0.6667,0.5,0.0,0.0,44.0,False
leg:b32fe7edb5e0,"BIELSA, Rafael",diputados,FRENTE PARA LA VICTORIA; JUSTICIALISTA,2005,2007,508,334.9,0.6593,0.6358,185,0.0781,0.9922,6,0.3333,0.0,452,0.7122,0.1017,0.0,0.0197,114.0,True
leg:bc4b1664d2a8,"SAQUER, José Luis",diputados,UCR,2001,2001,24,15.6,0.6508,0.625,9,0.0687,1.0,4,0.75,0.0,24,0.6508,0.0687,0.0,0.0417,78.0,True
leg:a2916cb712db,"SOSA, Maria Noemi",senado,UCR,2013,2013,53,34.0,0.6415,0.0566,50,0.66,0.3333,0,,,53,0.6415,0.66,0.0,0.0,15.0,False
leg:2029b49428af,"CAVADINI, Eduardo",diputados,FRENTE PARA LA VICTORIA,2005,2007,571,351.0,0.6148,0.5919,233,0.0815,0.9823,5,0.4,0.0,520,0.6731,0.0989,0.0,0.0175,114.0,True
leg:8561e534e59a,"LORGES, Juan Carlos",diputados,FRENTE PARA LA VICTORIA,2009,2011,222,136.1,0.613,0.6261,83,0.006,0.9754,24,0.5417,0.0,104,0.6018,0.0,0.0,0.009,85.0,True
leg:957e79db0d37,"MEZA, Martha Elizabeth",diputados,JUSTICIALISTA,2001,2003,64,38.6,0.6035,0.6562,22,0.2327,0.7977,12,0.4778,0.0,40,0.7876,0.125,0.0156,0.0938,119.0,True
leg:7fb854e1803c,"SAADI, Ramón Eduardo",diputados+senado,JUSTICIALISTA; JUSTICIALISTA-FRENTE PARA LA VICTORIA,2001,2009,1503,888.7,0.5913,0.6048,594,0.0182,0.9658,37,0.7225,0.125,350,0.6661,0.0,0.0007,0.014,41.0,True
leg:2610b241f7d8,"TORINO, Héctor Omar",diputados,FRENTE DEL MOVIMIENTO POPULAR; FRENTE PARA LA VICTORIA,2005,2007,571,336.5,0.5893,0.5587,252,0.1275,0.9542,5,0.4,0.25,520,0.6144,0.072,0.021,0.021,114.0,False
leg:e8347674caf8,HERRERA Luis Beder,diputados,JUSTICIALISTA,2016,2019,520,305.0,0.5865,0.7,156,0.1449,0.7757,24,0.3651,0.2572,174,0.3924,0.0952,0.0308,0.0308,17.0,True
leg:5096d2cafbff,"GONZALEZ CABAÑAS, José Armando",diputados,FRENTE PARTIDO NUEVO,2001,2001,24,14.0,0.5833,0.75,6,1.0,0.4444,4,0.75,1.0,24,0.5833,1.0,0.0,0.0,3.0,True
leg:a2a556a5a868,"MONTOYA, Fernando Ramón",diputados,UCR,2001,2005,241,140.3,0.5821,0.6183,92,0.1171,0.8692,26,0.7527,0.2855,132,0.6439,0.0682,0.0,0.029,45.0,True
leg:ded62d9934c7,"BARRIONUEVO, José Luis",diputados,FRENTE PARA LA VICTORIA; JUSTICIALISTA; NACIONAL SINDICAL; PERONISTA FEDERAL,2005,2009,842,484.6,0.5756,0.791,176,0.1454,0.6892,11,0.4545,0.4444,251,0.5876,0.6429,0.0356,0.0143,20.0,True
leg:867d5c3cc817,"MARTINEZ LLANOS, José Rodolfo",diputados,JUSTICIALISTA,2001,2003,66,37.5,0.5688,0.7424,17,0.0588,0.7458,13,0.5179,0.25,42,0.6786,0.0769,0.0152,0.0909,119.0,True
leg:09cafece488c,"GOMEZ, Ricardo Carmelo",diputados,FRENTE DEL MOVIMIENTO POPULAR; JUSTICIALISTA,2002,2003,82,46.4,0.5653,0.2805,59,0.4313,0.9091,17,0.5137,0.2727,82,0.5653,0.4313,0.0122,0.1585,114.0,False
leg:36709e67c116,"ZUCCARDI, Cristina",diputados,FREPASO,2001,2003,106,59.9,0.5648,0.5472,48,0.4321,0.6747,21,0.5754,0.4702,82,0.4917,0.3024,0.1038,0.1698,7.0,False
leg:a648df1b95b9,"SOÑEZ, Federico Roman",diputados,FREPASO,2001,2001,24,13.5,0.5624,0.5417,11,0.2445,0.8315,4,0.75,0.0,24,0.5624,0.2445,0.0,0.2917,29.0,False
leg:7ec7442f28a3,"ALARCIA, Martha Carmen",diputados,JUSTICIALISTA,2001,2003,106,59.6,0.5623,0.6038,42,0.221,0.7864,21,0.696,0.4361,82,0.6411,0.2578,0.0094,0.0755,114.0,True
leg:19221a8b4322,"SEBASTIANI, Claudio Augusto",diputados,JUSTICIALISTA,2001,2001,24,13.3,0.5558,0.7917,5,0.768,0.5,4,0.25,,24,0.5558,0.768,0.0,0.0833,100.0,True
leg:da2d99738d50,"FERNANDEZ DE KIRCHNER, Cristina",diputados+senado,FRENTE PARA LA VICTORIA; JUSTICIALISTA,2001,2019,1170,643.2,0.5498,0.5821,489,0.0236,0.9276,21,0.5714,0.3,124,0.3683,0.0,0.0,0.012,41.0,True
leg:96b4c6c0054e,"SALIM, Fernando Omar",diputados,FRENTE PARA LA VICTORIA; JUSTICIALISTA,2001,2006,489,267.3,0.5466,0.5317,229,0.0895,0.9493,30,0.3412,0.1618,275,0.5953,0.1238,0.002,0.0225,116.0,False
leg:f49cbdca60df,"RODRIGUEZ GONZALEZ, Oliva",diputados,JUSTICIALISTA,2002,2003,67,36.6,0.5455,0.5224,32,0.0996,0.9533,15,0.7767,0.1625,67,0.5455,0.0996,0.0149,0.0896,119.0,False
leg:029a32f9782c,"BEJARANO, Mario Fernando",diputados,FRENTE PARA LA VICTORIA; JUSTICIALISTA,2003,2007,711,385.5,0.5422,0.5331,332,0.0342,0.9872,11,0.4368,0.0,520,0.5812,0.0376,0.0,0.0183,114.0,False
leg:b3f87d4867a8,"BALTER, Carlos Mario",diputados,DEMOCRATA DE MENDOZA,2001,2001,24,13.0,0.5417,0.375,15,0.7333,0.2222,4,0.75,0.6667,24,0.5417,0.7333,0.0,0.0,3.0,False
leg:c58d488b2fd3,"STORANI, Federico Teobaldo",diputados,UCR,2003,2007,711,385.1,0.5416,0.8734,90,0.1722,0.5951,11,0.8182,0.0,520,0.4355,0.2095,0.0,0.038,39.0,True
leg:b768646a2cc0,"BALIAN, Alejandro",diputados,UCR,2001,2003,106,57.2,0.5401,0.6509,37,0.1004,0.7758,21,0.652,0.0,82,0.6296,0.172,0.0,0.066,65.0,True
leg:ad88a29990f1,"BASILE, Daniel Armando",diputados,JUSTICIALISTA,2002,2005,217,116.2,0.5356,0.447,120,0.1823,0.9727,22,0.5103,0.1022,132,0.6808,0.3035,0.0046,0.0415,128.0,False
leg:01a38a470876,"VOLANDO, Humberto Antonio",diputados,FREPASO,2001,2001,24,12.8,0.5337,0.1667,20,0.4806,0.7994,4,0.75,0.75,24,0.5337,0.4806,0.0,0.2917,29.0,False
leg:958980525eea,"ALESANDRI, Carlos Tomas",diputados,JUSTICIALISTA,2001,2003,106,56.5,0.5332,0.5849,44,0.1096,0.8339,21,0.4595,0.0722,82,0.639,0.0586,0.0094,0.0755,114.0,True
leg:d918e8107361,"PASSO, Juan Carlos",diputados,UCR,2001,2001,24,12.7,0.5285,0.5833,10,0.0,0.906,4,0.75,0.0,24,0.5285,0.0,0.0,0.0417,78.0,True
leg:1194cd27579f,"DELAJONQUIERE, Nelson",diputados,UCR,2003,2005,135,71.0,0.5259,0.5037,67,0.0896,0.9559,5,0.4,0.0,132,0.5379,0.0938,0.0,0.0,44.0,False
leg:6258f50d0812,BLANCO DE PERALTA Blanca,diputados,FRENTE PARA LA VICTORIA,2010,2013,376,197.7,0.5259,0.3856,231,0.2319,0.9944,69,0.4435,0.1915,254,0.6188,0.3557,0.0,0.008,113.0,False
leg:933ab3aabb6f,"REMES LENICOV, Jorge Luis",diputados,JUSTICIALISTA,2001,2002,25,13.1,0.5248,0.2,20,0.481,0.7,4,0.75,0.75,25,0.5248,0.481,0.0,0.08,100.0,False
leg:477cc65e68f8,ESPINOZA Fernando,diputados,FRENTE PARA LA VICTORIA,2017,2019,213,111.6,0.5238,0.5915,87,0.0115,0.8775,15,0.2,0.0,174,0.5722,0.0,0.0047,0.0141,64.0,True
leg:e2f6ad009da7,"INSFRAN, Miguel Angel",diputados,UCR,2001,2003,106,55.1,0.52,0.4906,54,0.2474,0.8031,21,0.6462,0.0712,82,0.5663,0.325,0.0,0.066,65.0,False
leg:9d43c72e18f1,"LAFALLA, Arturo Pedro",diputados,JUSTICIALISTA,2001,2003,106,54.9,0.5176,0.3868,65,0.3263,0.8211,21,0.5056,0.4321,82,0.5701,0.3286,0.0094,0.0755,114.0,False
leg:1103099c8185,"POSSE, Melchor Angel",diputados,ALIANZA; FRENTE DEL MOVIMIENTO POPULAR; UCR,2002,2003,85,44.0,0.5174,0.6706,28,0.4534,0.5488,17,0.5701,0.5,85,0.5174,0.4534,0.0,0.1647,65.0,True
leg:d6257ed3f47a,"DE SANCTIS, Guillermo Horacio",diputados,JUSTICIALISTA,2001,2001,24,12.3,0.5142,0.1667,20,0.492,0.625,4,0.75,0.75,24,0.5142,0.492,0.0,0.0833,100.0,False
leg:fc8bfa943764,"FAYAD, Victor Manuel Federico",diputados,UCR,2001,2005,241,123.4,0.5122,0.4772,126,0.2236,0.8283,26,0.642,0.2244,132,0.5985,0.2656,0.0,0.029,45.0,False
leg:737f07a36a56,"YOMA, Jorge Raúl",diputados+senado,EL CHACHO; FRENTE PARA LA VICTORIA; JUSTICIALISTA,2004,2013,1015,519.7,0.512,0.53,477,0.1164,0.8628,78,0.141,0.1667,254,0.5377,0.4486,0.0,0.0128,41.0,False
leg:c0510e73c938,"GARIGLIO, Juan Miguel",diputados,FREPASO,2001,2001,20,10.2,0.5112,0.5,10,0.1812,0.8413,4,0.5,0.0,20,0.5112,0.1812,0.0,0.25,29.0,False
leg:64b6717ab86b,"CASANOVAS, Jorge Osvaldo",diputados,JUSTICIALISTA,2002,2005,217,110.7,0.5101,0.4516,119,0.1165,0.9882,22,0.5557,0.1115,132,0.5444,0.0941,0.0046,0.0415,128.0,False
leg:cea8fe7eb434,"PRADES, Carlos Alfonso",senado,UCR,2004,2005,639,325.2,0.5089,0.5164,309,0.0065,0.9794,9,0.1111,0.1111,639,0.5089,0.0065,0.0,0.0031,15.0,False
leg:8914de6a9717,"ACEVEDO, Sergio Edgardo",diputados,JUSTICIALISTA,2002,2003,58,29.4,0.5076,0.1724,48,0.4135,0.9596,15,0.71,0.5167,58,0.5076,0.4135,0.0172,0.0862,119.0,False
leg:2f7bf6bdd966,"MARTIN, Floriana Nélida",senado,JUSTICIALISTA,2004,2005,639,320.5,0.5016,0.5211,306,0.0,0.9626,9,0.6667,0.0,639,0.5016,0.0,0.0,0.0172,41.0,False
leg:8a803f5ea709,"Avila, Jorge Antonio",diputados,PROVINCIAS UNIDAS,2024,2026,410,205.1,0.5002,0.4585,222,0.3132,0.721,69,0.4537,0.3601,233,0.4621,0.3457,0.0,0.2415,12.0,False
leg:eb3806e7d600,"COSTA, Roberto Raúl",diputados,UCR,2003,2007,711,354.2,0.4982,0.699,214,0.319,0.5753,11,0.5455,0.0,520,0.4743,0.4285,0.0,0.038,39.0,True
leg:20850b175460,"CAVALLERO, Hector José",diputados,JUSTICIALISTA,2001,2003,106,52.1,0.4918,0.3396,70,0.2576,0.9473,21,0.4103,0.2716,82,0.488,0.147,0.0094,0.0755,114.0,False
leg:05987c0a0c70,ROBERTI Alberto Oscar,diputados,FRENTE PERONISTA; FRENTE RENOVADOR; FRENTE RENOVADOR PERONISTA; JUSTICIALISTA,2011,2018,868,426.8,0.4917,0.7788,192,0.159,0.5862,99,0.384,0.5455,202,0.6032,0.2532,0.0023,0.0184,17.0,True
leg:e6b945e5cb03,"VIANA, Luis Alberto",senado,JUSTICIALISTA; JUSTICIALISTA-FRENTE PARA LA VICTORIA,2005,2011,974,477.1,0.4899,0.4979,489,0.0143,0.9694,24,0.125,0.087,216,0.6991,0.082,0.0072,0.0021,41.0,False
leg:2cf175464503,SCIOLI Daniel,diputados,FRENTE DE TODOS; FRENTE PARA LA VICTORIA; JUSTICIALISTA,2001,2020,301,147.2,0.4889,0.5615,132,0.0556,0.8273,48,0.2861,0.0,100,0.5206,0.0816,0.0066,0.0233,64.0,False
leg:8cf1bcec2477,"GODOY, Norma",diputados,JUSTICIALISTA,2001,2002,29,14.1,0.4869,0.7586,7,0.2314,0.5682,6,0.3333,0.0,29,0.4869,0.2314,0.0345,0.069,100.0,True
leg:756777d50a51,"LLAMOSAS, Fernando Elías",diputados,UCR,2001,2001,24,11.7,0.4868,0.5417,11,0.0,0.8988,4,0.0,0.0,24,0.4868,0.0,0.0,0.0417,78.0,False
leg:b2de137996d9,"NEME-SCHEIJ, Alfredo",diputados,UCR,2001,2001,24,11.7,0.4868,0.5417,11,0.0,0.8988,4,0.0,0.0,24,0.4868,0.0,0.0,0.0417,78.0,False
leg:81c2b92308a0,COULY Veronica Carolina,diputados,UNIDOS POR UNA NUEVA ARGENTINA,2017,2017,117,56.5,0.4829,0.5726,50,0.0,0.8433,3,0.3333,0.0,117,0.4829,0.0,0.0,0.0085,29.0,False
leg:a88c4956bde2,"TANONI, Enrique",diputados,F.F.J. AZUL Y BLANCO; JUSTICIALISTA,2002,2005,217,104.4,0.4811,0.3963,131,0.165,0.9626,22,0.5207,0.4156,132,0.6005,0.0189,0.0046,0.0369,128.0,False
leg:0ed4e1de97fd,AYALA Aida Beatriz Máxima,diputados,UCR,2017,2021,248,118.5,0.478,0.4718,131,0.0194,0.9915,22,0.4091,0.0,8,0.125,0.0,0.0,0.004,40.0,False
leg:739b5bae1ef1,"Capozzi, Sergio Eduardo",diputados,PROVINCIAS UNIDAS,2024,2026,410,195.4,0.4766,0.2122,323,0.4347,0.6322,69,0.5894,0.5729,233,0.5501,0.5402,0.0,0.2415,12.0,False
leg:c1e3351a1f9f,"GONZALEZ, Jorge Pedro",diputados,FRENTE PARA LA VICTORIA; JUSTICIALISTA,2003,2007,711,337.8,0.4751,0.4684,378,0.0284,0.9821,11,0.2372,0.0677,520,0.6212,0.0205,0.0,0.0183,114.0,False
leg:cb1b0b01a087,VALLEJOS María Fernanda,diputados,FRENTE DE TODOS; FRENTE PARA LA VICTORIA,2017,2020,244,115.7,0.4743,0.5082,120,0.0393,0.8952,22,0.2273,0.0,100,0.1822,0.034,0.0041,0.0123,64.0,False
leg:91c91aa89d18,"CASTRO, María Elisa",senado,JUSTICIALISTA,2004,2007,1005,476.5,0.4742,0.4896,513,0.0019,0.9665,13,0.2308,0.0,348,0.4598,0.0054,0.0,0.0109,41.0,False
leg:d110d1426778,GUTIERREZ Héctor María,diputados,UCR,2014,2017,511,241.9,0.4733,0.4814,265,0.0304,0.9504,32,0.4575,0.0556,307,0.5385,0.0,0.0,0.0098,36.0,False
leg:0894f8ae30d4,"ACCASTELLO, Eduardo",diputados,FRENTE PARA LA VICTORIA; JUSTICIALISTA,2005,2007,576,272.0,0.4722,0.4566,313,0.0466,0.9788,6,0.1667,0.0,520,0.5212,0.0529,0.0,0.0174,114.0,False
leg:79a778504774,"Milei, Javier Gerardo",diputados,LA LIBERTAD AVANZA,2022,2023,17,8.0,0.4706,0.2941,12,0.4167,0.6,1,0.0,0.0,17,0.4706,0.4167,0.0,0.0,9.0,False
leg:2ef886b88ea2,"Taccetta, Matias",diputados,PRO,2022,2023,17,8.0,0.4706,0.7059,5,0.0,0.6667,1,0.0,0.0,17,0.4706,0.0,0.0,0.0,44.0,True
leg:afbf7090d811,"Tita, Paulo Agustin",diputados,UNION POR LA PATRIA,2025,2026,136,63.5,0.4669,0.4632,73,0.0068,1.0,21,0.8571,0.0,136,0.4669,0.0068,0.0,0.0074,92.0,False
leg:e566efe3db34,"LARRABURU, Damaso",diputados,JUSTICIALISTA,2001,2001,24,11.1,0.4633,0.0833,22,0.46,0.5,4,0.75,0.75,24,0.4633,0.46,0.0,0.0833,100.0,False
leg:839404dadf85,"PUERTA, Federico Ramón",diputados+senado,FRENTE PERONISTA; JUSTICIALISTA; PERONISMO FEDERAL,2001,2013,1054,487.5,0.4625,0.6556,363,0.0055,0.7026,97,0.187,0.0128,254,0.2244,0.0,0.0095,0.0209,38.0,True
leg:9deb5a8c62a6,"MIRABILE, José Arnaldo",diputados,FRENTE DEL MOVIMIENTO POPULAR; JUSTICIALISTA,2002,2005,217,99.7,0.4594,0.6728,71,0.4306,0.4735,22,0.5504,0.0,132,0.3636,0.2857,0.0046,0.1521,7.0,True
leg:92cc3e922e56,"LUBERTINO, María José",diputados,PARTIDO SOCIALISTA,2003,2003,24,11.0,0.4583,0.6667,8,0.0,0.6875,2,1.0,,24,0.4583,0.0,0.0,0.0,8.0,True
leg:af6b56f79e2d,"Gonzalez, Gerardo Gustavo",diputados,INNOVACION FEDERAL,2024,2026,410,187.6,0.4575,0.2366,313,0.3809,0.7045,69,0.3172,0.2075,233,0.4397,0.3583,0.0,0.078,9.0,False
leg:2d56ed4d3879,"SAADE, Blanca Azucena",diputados,UCR,2001,2003,106,48.5,0.4571,0.4528,58,0.205,0.7619,21,0.652,0.3,82,0.4363,0.215,0.0,0.066,65.0,False
leg:04ddfccadbdf,CARRIÓ Elisa María Avelina,diputados,A.R.I; COALICION CIVICA; DIALOGO Y TRABAJO,1997,2020,1768,803.9,0.4547,0.6572,606,0.0461,0.6678,264,0.3074,0.0397,100,0.33,0.0,0.0,0.0656,6.0,True
leg:ba6b45b40595,"CERDAN, Argentina",diputados,JUSTICIALISTA,2002,2003,42,19.1,0.4544,0.4048,25,0.0834,1.0,9,0.2222,0.0,42,0.4544,0.0834,0.0,0.0476,114.0,False
leg:7a8c6b9c4111,"Aguirre, Manuel Ignacio",diputados,DEMOCRACIA PARA SIEMPRE,2022,2025,291,131.7,0.4527,0.4674,155,0.0781,0.8795,49,0.39,0.0972,274,0.4643,0.0847,0.0,0.0378,9.0,False
leg:6eccde644130,SABBATELLA Martín,diputados,FRENTE NUEVO ENCUENTRO; JUNTOS POR ARGENTINA; NUEVO ENCUENTRO; NUEVO ENCUENTRO POPULAR Y SOLIDARIO,2010,2013,376,169.6,0.4511,0.5798,158,0.0228,0.7615,69,0.1304,0.0,254,0.6496,0.0182,0.0053,0.0027,5.0,True
leg:83100abc7dfa,"MACRI, Mauricio",diputados,PRO,2005,2007,484,218.1,0.4507,0.8492,73,0.1133,0.5106,6,0.1667,0.0,428,0.4403,0.1372,0.0,0.0227,11.0,True
leg:b7cf3b0012e5,"CAFIERO, Antonio Francisco",senado,JUSTICIALISTA,2004,2005,639,286.1,0.4477,0.4288,365,0.0481,0.9799,9,0.1111,0.1111,639,0.4477,0.0481,0.0,0.0172,41.0,False
leg:832348bf8dae,"HERRERA PAEZ, Enzo Thelismar",diputados,UCR,2001,2001,24,10.7,0.4457,0.4167,14,0.0498,1.0,4,0.75,0.0,24,0.4457,0.0498,0.0,0.0417,78.0,False
leg:a311dea85bfc,"ETCHEVEHERE, Arturo Roosevelt",diputados,UCR,2001,2001,24,10.6,0.4424,0.4167,14,0.1156,0.9,4,0.25,0.25,24,0.4424,0.1156,0.0,0.0417,78.0,False
leg:6cb9e8ab6ea6,"PAREDES URQUIZA, Alberto Nicolás",diputados,FRENTE PARA LA VICTORIA,2007,2011,379,165.4,0.4364,0.4169,221,0.0446,0.9844,28,0.2857,0.0952,104,0.1909,0.077,0.0,0.0053,107.0,False
leg:a91965222c3c,"FERRARI de GRAND, Teresa Hortensia",diputados,F.F.J. AZUL Y BLANCO; JUSTICIALISTA,2001,2003,106,46.2,0.436,0.2642,78,0.3158,0.771,21,0.5071,0.5406,82,0.4768,0.3147,0.0094,0.066,114.0,False
leg:16728930fced,"HERNANDEZ, Cinthyia Gabriela",diputados,UCR,2003,2007,711,309.8,0.4357,0.3277,478,0.356,0.5994,11,0.4545,0.1429,520,0.4273,0.428,0.0,0.038,39.0,False
leg:c183b6af140a,RODRIGUEZ Alejandro,diputados,CONSENSO FEDERAL,2019,2020,31,13.5,0.4355,0.0,31,0.4355,,7,0.5,0.5,31,0.4355,0.4355,0.0,0.871,2.0,False
leg:afd2489fbd4f,"GARCIA MERIDA, Miguel Angel",diputados,JUSTICIALISTA,2002,2003,82,35.7,0.4351,0.4268,47,0.0634,0.9341,17,0.1559,0.0433,82,0.4351,0.0634,0.0122,0.0732,114.0,False
leg:7215c48e99c2,"GEIJO, Angel Oscar",diputados,UCR,2001,2003,106,46.1,0.435,0.3962,64,0.1812,0.8216,21,0.4557,0.0474,82,0.4938,0.244,0.0,0.066,65.0,False
leg:f5e154ec8838,"GALLO, Daniel Oscar",diputados,FRENTE PARA LA VICTORIA; JUSTICIALISTA,2003,2007,711,308.1,0.4333,0.384,438,0.0886,0.9862,11,0.2351,0.1586,520,0.5526,0.123,0.0,0.0183,114.0,False
leg:a3ec7137f8bb,TINEO Javier Héctor,diputados,FRENTE PARA LA VICTORIA,2011,2015,476,206.2,0.4332,0.4307,271,0.0044,1.0,78,0.3154,0.0111,204,0.9951,0.0,0.0,0.0042,113.0,False
leg:75abeeae71be,"MIRALLES de ROMERO, Norma",diputados,JUSTICIALISTA,2001,2001,24,10.3,0.4308,0.5833,10,0.384,0.4643,4,0.0,0.0,24,0.4308,0.384,0.0,0.0833,100.0,True
leg:e4758ec3287e,"GALLIA, Sergio Adrián",senado,JUSTICIALISTA,2004,2007,1005,431.5,0.4294,0.4408,562,0.0062,0.9662,13,0.2308,0.0,348,0.4828,0.0057,0.0,0.0109,41.0,False
leg:d87a58e93c3d,"LAMBERTO, Oscar Santiago",diputados,FRENTE PARA LA VICTORIA; JUSTICIALISTA,2001,2007,677,289.0,0.4269,0.3589,434,0.1213,0.9728,15,0.2406,0.2406,462,0.4868,0.1028,0.0,0.0222,115.0,False
leg:c5df9b352ff0,"GARCÍA, VIRGINIA MARÍA",senado,FRENTE PARA LA VICTORIA,2016,2017,280,119.2,0.4256,0.1107,249,0.3686,0.8835,2,0.0,,280,0.4256,0.3686,0.0,0.0536,36.0,False
leg:19be7ec843d5,GUZMÁN Andrés Ernesto,diputados,BG JUAN B. BUSTOS; FRENTE PARA LA VICTORIA; PERONISMO PARA LA VICTORIA,2016,2017,307,130.5,0.4251,0.5375,142,0.0704,0.7304,9,0.1667,0.0833,307,0.4251,0.0704,0.0554,0.0749,6.0,False
leg:75f5ac66d055,"ALPEROVICH, JOSÉ JORGE",senado,FRENTE DE TODOS; PERONISMO TUCUMAN,2016,2021,601,254.5,0.4235,0.5657,261,0.0421,0.7162,6,0.0,,177,0.9887,0.0,0.0,0.2546,2.0,False
leg:434d38f63020,"L'HUILLIER, José Guillermo",diputados,FRENTE DEL MOVIMIENTO POPULAR; JUSTICIALISTA,2002,2005,217,91.7,0.4224,0.4332,123,0.3834,0.4734,22,0.4879,0.4615,132,0.2348,0.3053,0.0046,0.1198,7.0,False
leg:c8ca5073abc7,"KIRCHNER, Alicia Margarita Antonia",senado,JUSTICIALISTA,2005,2026,611,258.0,0.4223,0.4239,352,0.017,0.973,22,0.0909,0.0,200,0.02,0.0102,0.0,0.0,41.0,False
leg:4252c962e034,"Alvarez, Claudio",diputados,INNOVACION FEDERAL,2025,2026,136,57.1,0.4199,0.0147,134,0.4113,1.0,21,0.7619,0.7619,136,0.4199,0.4113,0.0,0.0221,9.0,False
leg:d29e4a753cb2,"ALLENDE, Alfredo Estanislao",diputados,FRENTE DEL MOVIMIENTO POPULAR; UCR,2001,2003,106,44.3,0.4179,0.5943,43,0.181,0.5795,21,0.4081,0.1976,82,0.4709,0.2714,0.0,0.066,65.0,True
leg:0f3227b002e3,"HUMADA, Julio Cesar",diputados,JUSTICIALISTA,2002,2005,217,90.4,0.4165,0.3917,132,0.0501,0.9855,22,0.3285,0.1309,132,0.4081,0.0354,0.0046,0.0415,128.0,False
leg:9625bde28b99,"MARTÍNEZ PASS de CRESTO, Laura",senado,JUSTICIALISTA,2004,2007,1005,417.1,0.415,0.401,602,0.0283,0.9926,13,0.2308,0.0909,348,0.5,0.0172,0.0,0.0109,41.0,False
leg:1add947248d5,SORGENTE Marcelo Adolfo,diputados,PRO,2016,2017,307,126.9,0.4133,0.4169,179,0.0,0.9912,9,0.3333,0.0,307,0.4133,0.0,0.0,0.013,41.0,False
leg:2b690d432e7b,"Villarruel, Victoria",diputados,LA LIBERTAD AVANZA,2022,2023,17,7.0,0.4118,0.2353,13,0.3846,0.5,1,0.0,0.0,17,0.4118,0.3846,0.0,0.0,9.0,False
leg:4c024d2f0cc7,"ROMERO, Gabriel Luis",diputados,JUSTICIALISTA,2002,2003,82,33.7,0.4104,0.3415,54,0.1308,0.9496,17,0.448,0.2181,82,0.4104,0.1308,0.0122,0.0732,114.0,False
leg:eb13db06740e,"LORENZO, Antonio Arnaldo",diputados,UCR,2001,2003,106,43.4,0.4097,0.4906,54,0.0727,0.7598,21,0.3187,0.0462,82,0.3992,0.0807,0.0,0.066,65.0,False
leg:dc267b544b8f,"MILLET, Juan Carlos",diputados,UCR,2001,2003,106,43.2,0.4074,0.5094,52,0.1039,0.6997,21,0.3187,0.0,82,0.3354,0.0865,0.0,0.066,65.0,False
leg:f4cb490c7445,"Noguera, Javier",diputados,INDEPENDENCIA,2025,2026,136,55.0,0.4044,0.4044,81,0.0247,0.9636,21,0.8095,0.0,136,0.4044,0.0247,0.0,0.0,3.0,False
leg:d137f3efc159,"BARAGIOLA, Vilma Rosana",diputados,UCR,2005,2009,842,340.0,0.4038,0.7055,248,0.2187,0.4811,11,0.2727,0.1111,251,0.5501,0.1731,0.0,0.0487,39.0,True
leg:585243c3599c,"VEGA, Juan Carlos",diputados,COALICION CIVICA,2007,2011,379,152.8,0.4032,0.5462,172,0.0734,0.6772,28,0.2857,0.0,104,0.2527,0.0387,0.0,0.0369,18.0,False
leg:fc5a6d0cdc37,"BAYLAC, Juan Pablo",diputados,UCR,2001,2003,106,42.5,0.4007,0.3019,74,0.2437,0.764,21,0.6542,0.4813,82,0.2902,0.2576,0.0,0.066,65.0,False
leg:ee5b38826902,GRANADOS Dulce,diputados,FRENTE PARA LA VICTORIA; JUSTICIALISTA,1994,2017,952,381.0,0.4002,0.4349,538,0.0283,0.8836,146,0.2914,0.0892,307,0.7955,0.05,0.0053,0.0105,100.5,False
leg:49d539127e2b,"Santos, Gustavo",diputados,PRO,2022,2023,15,6.0,0.4,0.6667,5,0.0,0.6,1,0.0,0.0,15,0.4,0.0,0.0,0.0,44.0,True
leg:0fc88d3b5174,COSTA Eduardo Raúl,diputados+senado,UCR,2010,2023,1272,508.1,0.3995,0.4741,669,0.0474,0.7901,111,0.283,0.111,62,0.4238,0.0288,0.0,0.0236,36.0,False
leg:c0bf9e206c3b,"TOMA, Miguel Angel",diputados,JUSTICIALISTA,2001,2002,37,14.8,0.3993,0.5405,17,0.1902,0.577,9,0.4148,0.2444,37,0.3993,0.1902,0.027,0.0811,100.0,False
leg:d9a240480f63,"CHIRONI, Fernando Gustavo",diputados,UCR,2003,2007,711,282.9,0.3979,0.301,497,0.3276,0.5612,11,0.2727,0.0,520,0.3947,0.3982,0.0,0.038,39.0,False
leg:a816e84ee65e,"MONTOYA, Jorge Luciano",diputados,FRENTE PARA LA VICTORIA; JUSTICIALISTA; NUCLEO UNIDAD PERONISTA; PERONISTA,2003,2011,701,276.4,0.3942,0.4993,351,0.1033,0.686,121,0.2449,0.1622,104,0.4215,0.178,0.0143,0.0799,111.0,False
leg:74a5b4f3a628,"MARTINAZZO, Luis Eduardo",senado,JUSTICIALISTA,2004,2005,639,251.5,0.3936,0.4038,381,0.0092,0.9614,9,0.1111,0.0,639,0.3936,0.0092,0.0,0.0172,41.0,False
leg:1af56b77dfd3,"COUREL, Carlos Alberto",diputados,UCR,2001,2003,106,41.6,0.3925,0.3208,72,0.2432,0.7086,21,0.3604,0.2931,82,0.4378,0.3172,0.0,0.066,65.0,False
leg:cfa79196fb3d,"ZAVALIA, José Luis",senado,UCR,2004,2007,1005,394.2,0.3922,0.4229,580,0.0052,0.9205,13,0.5385,0.0,348,0.3707,0.0052,0.0,0.002,15.0,False
leg:a282026b3a54,"MOLINARI ROMERO, Luis",diputados,UCR,2002,2005,217,85.0,0.3916,0.3364,144,0.1666,0.8356,22,0.4427,0.0568,132,0.3864,0.125,0.0,0.0276,44.0,False
leg:f0b7ec598232,"RODRIGUEZ, Oscar Ernesto R.",diputados,JUSTICIALISTA; PERONISTA FEDERAL,2003,2007,711,278.2,0.3913,0.4529,389,0.1106,0.7303,11,0.3281,0.0762,520,0.2805,0.1051,0.0422,0.0113,20.0,False
leg:83c792c1b01d,MARTÍNEZ CAMPOS Gustavo José,diputados,FRENTE PARA LA VICTORIA; JUSTICIALISTA,2014,2017,511,199.3,0.39,0.4481,282,0.0219,0.8433,32,0.2555,0.0308,307,0.4668,0.0461,0.0039,0.0137,17.0,False
leg:b4d0fe8bf310,"MOURIÑO, Javier",diputados,JUSTICIALISTA,2001,2001,24,9.3,0.3892,0.5,12,0.3617,0.4167,4,0.25,,24,0.3892,0.3617,0.0,0.0833,100.0,False
leg:9edaa904a9b2,"MILESI, Marta Silvia",diputados,UCR,2001,2003,106,41.2,0.3889,0.4906,54,0.1146,0.6738,21,0.6996,0.25,82,0.4586,0.1688,0.0,0.066,65.0,False
leg:3f2763d4ee6a,"MORALES, Nélida Beatriz",diputados,FRENTE DEL MOVIMIENTO POPULAR; JUSTICIALISTA; PARTIDO UNIDAD FEDERALISTA,2002,2005,217,84.4,0.3889,0.4424,121,0.4143,0.357,22,0.575,0.5605,132,0.1288,0.1032,0.0,0.1521,6.0,False
leg:74829f16e6c3,"CAMBARERI, Fortunato Rafael",diputados,UCR,2001,2007,814,315.3,0.3874,0.5393,375,0.2168,0.5331,32,0.2091,0.1071,517,0.3703,0.2971,0.0,0.0418,40.0,False
leg:d8482c1686f1,"FABRIS, Luciano",diputados,UCR,2005,2009,842,325.8,0.3869,0.399,506,0.3378,0.4609,11,0.0909,0.0,251,0.2591,0.1412,0.0,0.0487,39.0,False
leg:437314719b95,"PAZ, Elva Azucena",senado,JUSTICIALISTA,2004,2005,639,247.1,0.3866,0.3725,401,0.0288,0.9895,9,0.8889,0.0,639,0.3866,0.0288,0.0,0.0172,41.0,False
leg:7d3a62c8511a,FERNANDEZ Rodolfo Alfredo,diputados,UCR,2010,2013,376,144.9,0.3855,0.4654,201,0.2488,0.5426,69,0.3863,0.2195,254,0.4683,0.4118,0.0,0.0293,38.0,False
leg:439f8ed16feb,"ROZAS, Angel",diputados+senado,UCR,2005,2019,1076,414.0,0.3847,0.5186,518,0.1127,0.6373,13,0.1538,0.0,124,0.2097,0.0156,0.0,0.0428,12.0,False
leg:399f9c3f09a8,MOSQUEDA Juan,diputados,FRENTE DE TODOS; JUSTICIALISTA,2017,2021,248,95.4,0.3846,0.5484,112,0.0905,0.6268,22,0.5287,0.424,8,0.5,0.0,0.0565,0.0363,18.0,False
leg:ec1144b63c48,"OCHOA, Raúl Ernesto",senado,JUSTICIALISTA; PUNTANO INDEPENDIENTE,2004,2005,639,245.5,0.3842,0.651,223,0.1345,0.5181,9,0.7778,0.6667,639,0.3842,0.1345,0.0,0.0016,41.0,True
leg:1e3bde883686,GIUSTOZZI Rubén Darío,diputados,FRENTE RENOVADOR; JUNTOS POR ARGENTINA; PARTIDO DEMOCRATA PROGRESISTA; SOCIAL CRISTIANO,2014,2017,511,195.9,0.3834,0.4853,263,0.1037,0.6801,32,0.1927,0.0238,307,0.4615,0.0625,0.09,0.0724,4.0,False
leg:9251e0783e84,"AGUAD, Oscar Raúl",diputados,UCR,2005,2015,1529,585.9,0.3832,0.4545,834,0.2308,0.5661,210,0.3183,0.145,204,0.41,0.0621,0.0,0.0471,38.0,False
leg:3bf227f5c484,MALDONADO Victor Hugo,diputados,UCR,2011,2015,476,182.4,0.3831,0.5693,205,0.0472,0.6372,78,0.3791,0.0659,204,0.5376,0.037,0.0,0.0294,37.0,False
leg:f2f9dde9273e,"CUEVAS, Hugo Oscar",diputados,DE LA CONCERTACION; UCR,2005,2009,842,322.1,0.3826,0.19,682,0.3424,0.5539,11,0.2727,0.0,251,0.1713,0.0558,0.0368,0.0321,39.0,False
leg:5afad4d69386,"Farias, Pablo",diputados,PROVINCIAS UNIDAS,2025,2026,136,51.8,0.3811,0.1838,111,0.2548,0.9422,21,0.2434,0.1637,136,0.3811,0.2548,0.0,0.2794,18.0,False
leg:37c5729c5241,"MOREAU, Leopolo Raúl",diputados,UCR,2003,2005,175,66.5,0.38,0.3543,113,0.177,0.7501,13,0.6154,0.5455,132,0.3409,0.1075,0.0,0.0057,44.0,False
leg:062532d73f65,"SESMA, Laura Judith",diputados,PARTIDO SOCIALISTA,2005,2009,842,319.1,0.379,0.5285,397,0.0327,0.6879,11,0.1818,0.0,251,0.4781,0.0174,0.0,0.0119,5.0,False
leg:36e047ac915e,"RICO, María del Carmen Cecilia",diputados,FRENTE DEL MOVIMIENTO POPULAR; FRENTE PARA LA VICTORIA; FRENTE POPULAR BONAERENSE; JUSTICIALISTA,2002,2009,1059,400.4,0.3781,0.2937,748,0.2316,0.7303,33,0.4048,0.265,251,0.2292,0.0,0.0359,0.0538,20.0,False
leg:8e06c5f26c94,"FLORES, Rafael Horacio",diputados,FREPASO,2001,2001,24,9.1,0.378,0.375,15,0.1476,0.762,4,0.0,0.0,24,0.378,0.1476,0.0,0.2917,29.0,False
leg:4d25415ee709,"ROMANO, Antonio Anselmo",diputados,JUSTICIALISTA,2001,2001,24,9.0,0.3767,0.8333,4,0.0,0.452,4,0.25,,24,0.3767,0.0,0.0,0.0833,100.0,True
leg:9926f411a683,"PEREZ, Jorge Telmo",diputados,JUSTICIALISTA,2001,2001,24,9.0,0.3767,0.625,9,0.2778,0.436,4,0.0,0.0,24,0.3767,0.2778,0.0,0.0833,100.0,True
leg:4c56ae0e2112,"DI COLA, Eduardo Román",diputados,JUSTICIALISTA,2001,2003,106,39.9,0.3766,0.3679,67,0.1707,0.7304,21,0.4159,0.0,82,0.4123,0.1723,0.0094,0.0755,114.0,False
leg:b5a2b49dbb0d,"RIOBOO, Sandra Adriana",diputados,UCR,2007,2011,379,142.6,0.3763,0.5013,189,0.183,0.5686,28,0.2679,0.225,104,0.3846,0.1014,0.0,0.0396,24.0,False
leg:6372f66ac539,"ALESSANDRO, Dario Pedro",diputados,FREPASO,2001,2003,106,39.8,0.3756,0.0943,96,0.3613,0.5124,21,0.4286,0.4211,82,0.3078,0.2965,0.1038,0.1698,7.0,False
leg:b8cf9e27e820,"MONTI, Lucrecia Etelvina",diputados,JUSTICIALISTA; JUSTICIALISTA NACIONAL; PERONISTA FEDERAL,2003,2007,711,266.8,0.3753,0.3854,437,0.2751,0.535,11,0.1463,0.1463,520,0.4764,0.4308,0.0422,0.0141,20.0,False
leg:8f57786fc402,ARRIETA Gustavo Héctor,diputados,FRENTE PARA LA VICTORIA,2016,2017,307,115.2,0.3753,0.4463,170,0.0412,0.7899,9,0.6667,0.0,307,0.3753,0.0412,0.0,0.0065,69.0,False
leg:65c6dcfa473f,"ZACARIAS, Juan Domingo",diputados,A.R.I,2001,2001,24,9.0,0.375,0.5417,11,0.0909,0.6154,4,0.75,0.0,24,0.375,0.0909,0.0,0.0,7.0,False
leg:77e02ebf7af0,"PAMPURO, José Juan Bautista",diputados+senado,JUSTICIALISTA; JUSTICIALISTA-FRENTE PARA LA VICTORIA,2001,2011,1001,374.3,0.3739,0.3666,634,0.0303,0.9674,28,0.25,0.1923,216,0.5926,0.0471,0.007,0.004,41.0,False
leg:f1a5a97457d9,"PICCININI, Alberto José",diputados,A.R.I,2002,2005,217,81.0,0.3735,0.5438,99,0.0914,0.6102,22,0.3182,0.0,132,0.489,0.0468,0.0,0.0092,11.0,False
leg:4a57433bd977,"DEPETRI, Edgardo Fernando",diputados,FRENTE PARA LA VICTORIA; JUSTICIALISTA,2005,2017,1782,658.5,0.3696,0.3878,1091,0.0089,0.939,210,0.3029,0.0043,307,0.4209,0.0294,0.0,0.009,113.0,False
leg:28025e077756,"CORNEJO, Alfredo Victor",diputados+senado,UCR,2005,2023,769,284.1,0.3694,0.5774,325,0.2566,0.452,117,0.4359,0.2818,62,0.2939,0.0465,0.0,0.0611,39.0,True
leg:b83f5d0df035,"Gomez, Jose",diputados,UNION POR LA PATRIA,2024,2026,410,151.3,0.3689,0.3659,260,0.0125,0.9867,69,0.2899,0.0,233,0.5934,0.0232,0.0,0.0049,93.0,False
leg:690897355ef6,"MOISES, María Carolina",diputados+senado,CONVICCION FEDERAL; FRENTE DE TODOS; FRENTE PARA LA VICTORIA; JUSTICIALISTA,2005,2026,1459,535.3,0.3669,0.3681,922,0.0672,0.8814,159,0.2738,0.0512,200,0.045,0.0155,0.0418,0.0137,109.0,False
leg:e7e1ad620eb8,VAZQUEZ Juan Benedicto,diputados,FRENTE DE TODOS; FRENTE PARA LA VICTORIA,2017,2021,248,90.7,0.3658,0.3629,158,0.0583,0.9056,22,0.0455,0.0,8,0.0,0.0,0.004,0.0121,64.0,False
leg:4f54f4724655,"RIAL, Osvaldo Hugo",diputados,JUSTICIALISTA,2001,2003,106,38.7,0.3648,0.3208,72,0.1454,0.8294,21,0.3167,0.2028,82,0.3726,0.0548,0.0094,0.0755,114.0,False
leg:a2aecb4e50bb,"ROMA, Rafael Edgardo",diputados,A.R.I; JUSTICIALISTA,2001,2003,106,38.6,0.3643,0.2736,77,0.2873,0.569,21,0.2381,0.1765,82,0.2988,0.1818,0.0,0.0283,16.0,False
leg:d33ed4897d7a,"FOGLIA, Teresa Beatriz",diputados,UCR,2001,2003,106,38.6,0.3642,0.3679,67,0.1405,0.7485,21,0.5114,0.0671,82,0.438,0.2046,0.0,0.066,65.0,False
leg:a6d787d5c494,"GONZALEZ, Oscar Felix",diputados,F.F.J. AZUL Y BLANCO; JUSTICIALISTA,2002,2005,217,79.0,0.3642,0.2765,157,0.1445,0.9391,22,0.4663,0.3682,132,0.3248,0.0654,0.0046,0.0369,128.0,False
leg:5e943c60c81b,SACCA Luis Fernando,diputados,UCR,2011,2015,476,173.2,0.3639,0.5063,235,0.073,0.6476,78,0.3407,0.0744,204,0.3751,0.0344,0.0,0.0294,37.0,False
leg:7b0b3696ab77,"STUBRIN, Marcelo Juan Alberto",diputados,UCR,2001,2003,106,38.5,0.3636,0.2642,78,0.2513,0.6764,21,0.5114,0.4299,82,0.4129,0.3208,0.0,0.066,65.0,False
leg:0c21200b5452,"OVIEDO, Alejandra Beatriz",diputados,JUSTICIALISTA; JUSTICIALISTA NACIONAL; PERONISMO POPULAR; PERONISTA FEDERAL,2001,2007,817,296.7,0.3632,0.6071,321,0.2843,0.4143,32,0.3953,0.1921,520,0.2264,0.3272,0.0159,0.0196,15.0,True
leg:0722ce0482cd,"CABALLERO MARTIN, Carlos Aurelio",diputados,DEMOCRATA PROGRESISTA,2001,2003,106,38.4,0.3624,0.6792,34,0.0637,0.5035,21,0.3095,0.0,82,0.3872,0.0556,0.0,0.1698,4.0,True
leg:657814844622,RUIZ ARAGÓN José Arnaldo,diputados,FRENTE DE TODOS; FRENTE PARA LA VICTORIA,2016,2021,555,200.9,0.3621,0.4144,325,0.0299,0.8314,31,0.129,0.0,8,0.25,0.0,0.0018,0.009,69.0,False
leg:a5e09bcfcdfa,"SANTANDER, Mario",diputados,FRENTE PARA LA VICTORIA; JUSTICIALISTA; PERONISTA FEDERAL,2005,2009,842,304.8,0.3619,0.4335,477,0.0812,0.7288,11,0.2727,0.1111,251,0.3408,0.006,0.0356,0.0071,20.0,False
leg:f6296157f68e,"ROSELLI, José Alberto",diputados,AUTODETERMINACION Y LIBERTAD; BLOQUE UNIPERSONAL; CONVERGENCIA,2002,2005,217,78.2,0.3606,0.6129,84,0.3155,0.3891,22,0.1023,0.1562,132,0.5701,0.4904,0.0553,0.2396,4.0,True
leg:f676e16c86d9,"ABDALA, Josefina",diputados,UCR,2003,2007,711,256.0,0.3601,0.4093,420,0.2794,0.4766,11,0.2727,0.0,520,0.3489,0.3592,0.0,0.038,39.0,False
leg:1615f2a728dd,"GIORGETTI, Jorge Raúl",diputados,FRENTE PARA LA VICTORIA; JUSTICIALISTA,2003,2007,711,255.9,0.3599,0.3193,484,0.066,0.9864,11,0.419,0.2012,520,0.3848,0.0627,0.0,0.0183,114.0,False
leg:470e2864f449,"STORERO, Hugo",diputados,UCR,2002,2007,793,285.0,0.3594,0.1248,694,0.3377,0.5117,28,0.0962,0.0,520,0.4678,0.462,0.0,0.0416,40.0,False
leg:2ef665d192b7,"COLUCIGNO, Aurelia Alicia",diputados,UCR,2001,2001,24,8.6,0.3591,0.3333,16,0.0387,1.0,4,0.0,0.0,24,0.3591,0.0387,0.0,0.0417,78.0,False
leg:14a8436635de,"MANZOTTI, Mabel Gladys",diputados,UCR,2001,2001,24,8.6,0.3591,0.3333,16,0.0387,1.0,4,0.75,0.0,24,0.3591,0.0387,0.0,0.0417,78.0,False
leg:27311d5efa8e,PÉREZ Raúl Joaquín,diputados,UNIDOS POR UNA NUEVA ARGENTINA,2016,2019,520,186.7,0.3591,0.4173,303,0.0292,0.8196,24,0.2917,0.0588,174,0.4675,0.0286,0.0,0.025,29.0,False
leg:c1f14501e078,"LERNOUD, María Teresa",diputados,ALIANZA; UCR,2002,2003,82,29.4,0.3586,0.2439,62,0.2181,0.794,17,0.1584,0.125,82,0.3586,0.2181,0.0,0.0732,65.0,False
leg:34e2127f300c,"GALANTINI, Eduardo",diputados,FRENTE PARA LA VICTORIA; JUSTICIALISTA,2005,2009,842,300.4,0.3568,0.3373,558,0.0343,0.9904,11,0.0,0.0,251,0.2451,0.0357,0.0,0.0131,114.0,False
leg:9d2aabfe25d4,"MENEM, Eduardo Adrián",diputados,F.F.J. AZUL Y BLANCO; JUSTICIALISTA; JUSTICIALISTA NACIONAL; PERONISMO POPULAR,2001,2007,817,291.2,0.3565,0.612,317,0.2931,0.3967,32,0.1766,0.0464,520,0.3365,0.4534,0.0159,0.0184,15.0,True
leg:cbbfa80117bf,TEJEDOR Miguel Angel,diputados,UCR,2014,2014,48,17.0,0.3542,0.3958,29,0.0,0.8947,6,0.5,0.0,48,0.3542,0.0,0.0,0.0,37.0,False
leg:21426f8c05ef,"ACCAVALLO, Julio César",diputados,ALIANZA; ENCUENTRO; FREPASO,2002,2005,217,76.8,0.3539,0.235,166,0.331,0.4281,22,0.4545,0.1364,132,0.2462,0.2252,0.0507,0.2903,4.0,False
leg:f3231b0cc458,"LOPEZ, Rafael Angel",diputados,FRENTE PARA LA VICTORIA,2007,2011,379,134.1,0.3539,0.3483,247,0.0243,0.9706,28,0.25,0.05,104,0.5537,0.0227,0.0,0.0053,107.0,False
leg:9b6da3ad75f8,"FOCO, Isabel Emilia",diputados,FREPASO,2001,2001,24,8.4,0.3517,0.1667,20,0.238,0.92,4,0.0,0.0,24,0.3517,0.238,0.0,0.2917,29.0,False
leg:266e0a1d9677,BROMBERG Isaac Benjamín,diputados,FRENTE PARA LA VICTORIA,2011,2015,476,167.2,0.3512,0.3487,310,0.0038,1.0,78,0.4564,0.014,204,0.4755,0.0,0.0,0.0042,113.0,False
leg:ea5f69ad4f4b,"CASSESE, Marina",diputados,JUSTICIALISTA; JUSTICIALISTA NACIONAL; PERONISTA FEDERAL,2003,2007,726,254.9,0.3511,0.4077,430,0.3709,0.3222,13,0.2007,0.0609,520,0.3476,0.4515,0.0165,0.0138,11.0,False
leg:3163a3942d65,"SODA, Maria Nilda",diputados,UCR,2001,2003,106,37.2,0.3506,0.0943,96,0.309,0.7508,21,0.2711,0.2346,82,0.3482,0.3114,0.0,0.066,65.0,False
leg:a77580b1efe2,"VARISCO, Sergio Fausto",diputados,UCR,2005,2009,842,294.8,0.3501,0.6223,318,0.2075,0.4367,11,0.3636,0.125,251,0.3685,0.2692,0.0,0.0487,39.0,True
leg:92bf3498a38c,"CECCO, Carlos Jaime",diputados,UCR,2003,2007,711,248.9,0.3501,0.4233,410,0.2641,0.4672,11,0.0909,0.0,520,0.4019,0.3815,0.0,0.038,39.0,False
leg:c07f4f2e9c3e,"SLUGA, Juan Carlos",diputados,FRENTE PARA LA VICTORIA; JUSTICIALISTA,2003,2011,1272,444.4,0.3493,0.3467,831,0.0163,0.977,221,0.256,0.022,104,0.3614,0.0154,0.0008,0.0118,113.0,False
leg:1b582ef65fed,MASSA Sergio Tomás,diputados,FRENTE DE TODOS; FRENTE RENOVADOR; UNIDOS POR UNA NUEVA ARGENTINA,2014,2017,511,178.2,0.3488,0.5597,225,0.0044,0.6196,32,0.25,0.0,307,0.3845,0.0056,0.002,0.0117,29.0,False
leg:68de03b7361e,"DE BRASI, Marta Susana",diputados,AUTODETERMINACION Y LIBERTAD; FRENTE PARA LA VICTORIA; PROYECTO SOCIAL ALTERNATIVO,2003,2007,711,247.8,0.3486,0.398,428,0.0342,0.824,11,0.0909,0.0,520,0.4516,0.0379,0.0,0.0141,113.0,False
leg:cd5a83cb27c9,"HALAK, Beatriz Susana",diputados,FRENTE PARA LA VICTORIA; UNION PERONISTA,2007,2009,266,92.6,0.3482,0.4023,159,0.2241,0.5327,5,0.8,0.6667,251,0.3372,0.2344,0.0376,0.0038,8.0,False
leg:5abf4c32b175,"MIRANDA, Julio Antonio",senado,JUSTICIALISTA; JUSTICIALISTA-FRENTE PARA LA VICTORIA,2004,2009,1397,486.1,0.348,0.3486,910,0.0111,0.9774,16,0.125,0.0,350,0.2289,0.0041,0.0,0.0093,41.0,False
leg:230cdd6f238d,"NAIM, Lidia Lucía",diputados,A.R.I; A.R.I AUTONOMO 8 +; SOLIDARIDAD E IGUALDAD (SI); SOLIDARIDAD E IGUALDAD (SI) - ARI (T.D.F),2006,2009,655,227.7,0.3477,0.4107,386,0.1325,0.6564,7,0.2857,0.0,251,0.3028,0.058,0.0107,0.0366,14.0,False
leg:183974b93170,"MOSSO, Ana Maria",diputados,JUSTICIALISTA,2001,2001,24,8.3,0.3475,0.4583,13,0.3723,0.3182,4,0.0,0.0,24,0.3475,0.3723,0.0,0.0833,100.0,False
leg:e3d8167f86d1,"Torres, Alejandra",diputados,PROVINCIAS UNIDAS,2024,2026,410,142.2,0.3467,0.3341,273,0.1574,0.724,69,0.4191,0.1611,233,0.3952,0.2259,0.0,0.2415,12.0,False
leg:e24eb5a2ca6d,"CAPARROS, Mabel Luisa",diputados+senado,FRENTE DE TODOS; JUSTICIALISTA,2004,2023,1057,365.5,0.3458,0.3576,679,0.0059,0.9565,21,0.0952,0.0,17,0.1176,0.0625,0.0,0.0104,41.0,False
leg:5fdee6e98b0d,"BAYONZO, Liliana Amelia",diputados,UCR,2002,2009,1059,365.6,0.3452,0.3371,702,0.2726,0.4879,33,0.3506,0.0259,251,0.2515,0.0662,0.0,0.0444,39.0,False
leg:be8c5e6a7f1d,"MASSONI, Norberto",senado,UCR,2004,2009,1397,481.4,0.3446,0.3364,927,0.0577,0.9106,16,0.5,0.0,350,0.4268,0.0631,0.0,0.0129,13.0,False
leg:118e30924a05,"MESTRE, Ramón Javier",senado,UCR,2010,2011,216,74.1,0.3433,0.4074,128,0.0391,0.7857,17,0.0378,0.0,216,0.3433,0.0391,0.0,0.0741,14.0,False
leg:1cdf38b457ff,"VAZQUEZ, Ricardo Hector",diputados,UCR,2001,2003,106,36.4,0.343,0.1887,86,0.2192,0.8754,21,0.2652,0.0356,82,0.3617,0.256,0.0,0.066,65.0,False
leg:07431655eace,FAUSTINELLI Hipólito,diputados,UCR,2010,2013,376,128.9,0.3429,0.5372,174,0.0519,0.5937,69,0.2849,0.05,254,0.4014,0.1075,0.0,0.0293,38.0,False
leg:0727f35986c7,"FERRA DE BARTOL, Margarita",diputados,FRENTE PARA LA VICTORIA; JUSTICIALISTA,2005,2013,1302,446.2,0.3427,0.3379,862,0.0169,0.9809,187,0.2649,0.0524,231,0.0913,0.0145,0.0,0.0108,113.0,False
leg:45404a432490,"MENEM, Eduardo",senado,JUSTICIALISTA; JUSTICIALISTA 17 DE OCTUBRE; LEALTAD Y DIGNIDAD JUSTICIALISTA,2004,2005,639,219.0,0.3427,0.3756,399,0.074,0.7896,9,0.3889,0.1667,639,0.3427,0.074,0.0,0.1033,41.0,False
leg:21bedba4a7c1,"Rizzotti, Jorge",diputados,PROVINCIAS UNIDAS; UCR,2019,2026,462,158.0,0.342,0.2619,341,0.1729,0.8188,77,0.2799,0.0861,233,0.3852,0.1971,0.0,0.2165,12.0,False
leg:7c7590d4e964,"FIGUEROA, José Oscar",diputados,F.F.J. AZUL Y BLANCO; FRENTE PARA LA VICTORIA; JUSTICIALISTA,2001,2007,817,279.3,0.3418,0.2962,575,0.0909,0.9381,32,0.3882,0.3008,520,0.3843,0.0915,0.0012,0.0245,114.0,False
leg:0ffa067c4615,"FALU, José Ricardo",diputados,JUSTICIALISTA,2002,2005,217,74.0,0.3411,0.2627,160,0.1244,0.9492,22,0.2972,0.0,132,0.3202,0.0729,0.0046,0.0415,128.0,False
leg:d71d84efe865,"Arrieta, Lourdes Micaela",diputados,PROVINCIAS UNIDAS,2024,2026,410,139.7,0.3407,0.0976,370,0.2812,0.8917,69,0.256,0.2222,233,0.3796,0.2842,0.0,0.2415,12.0,False
leg:c0f0dacc013f,"URQUIA, Roberto Daniel",senado,JUSTICIALISTA; JUSTICIALISTA-FRENTE PARA LA VICTORIA,2004,2009,1397,475.7,0.3405,0.3286,938,0.031,0.9729,16,0.5,0.3846,350,0.5289,0.0331,0.0,0.0093,41.0,False
leg:e03488e79e96,"TAZZIOLI, Atilio Pascual",diputados,FRENTE GRANDE; FREPASO,2001,2003,105,35.7,0.3405,0.419,61,0.1168,0.6506,21,0.4524,0.0417,81,0.374,0.0702,0.0,0.2,8.0,False
leg:e02284d5a7dc,"DAMIANI, Hernán Norberto Luis",diputados,ALIANZA; UCR,2002,2005,217,73.8,0.3401,0.3226,147,0.1396,0.7611,22,0.3497,0.0,132,0.3182,0.087,0.0,0.0276,44.0,False
leg:34ca7dbd3dfe,DAER Héctor Ricardo,diputados,BLOQUE DE LOS TRABAJADORES; FRENTE RENOVADOR; UNIDOS POR UNA NUEVA ARGENTINA,2014,2017,511,173.7,0.3399,0.5519,229,0.1598,0.4862,32,0.1875,0.0476,307,0.3888,0.0821,0.0,0.0117,17.0,False
leg:1ec1bbf09e03,CASAÑAS Juan Francisco,diputados,DEL BICENTENARIO; UCR,2010,2017,887,301.0,0.3393,0.5671,384,0.0391,0.5685,101,0.2293,0.0217,307,0.2036,0.0256,0.0,0.1567,36.0,False
leg:94bfc191f7d1,"HONCHERUK, Atlanto",diputados,F.F.J. AZUL Y BLANCO; JUSTICIALISTA,2001,2003,106,36.0,0.3393,0.5,53,0.0784,0.6002,21,0.1246,0.0685,82,0.3771,0.0734,0.0094,0.066,114.0,False
leg:85f2a20beb04,MULLER Edgar Raúl,diputados,COMPROMISO FEDERAL; FRENTE PERONISTA,2011,2015,476,161.3,0.3388,0.6176,182,0.2363,0.4023,78,0.5,0.3056,204,0.3873,0.0986,0.0021,0.0336,5.0,True
leg:21e00edfc12f,"ROBLES AVALOS, Edmundo Eduardo",diputados,JUSTICIALISTA,2001,2001,24,8.1,0.3383,0.4583,13,0.3169,0.3636,4,0.25,,24,0.3383,0.3169,0.0,0.0833,100.0,False
leg:aa207ea41024,"GIOJA, Juan Carlos",diputados,FRENTE PARA LA VICTORIA; JUSTICIALISTA,2003,2011,1272,430.4,0.3383,0.3396,840,0.0113,0.9742,221,0.2877,0.0039,104,0.6499,0.0,0.0008,0.0118,113.0,False
leg:82c27162720f,"KAKUBUR, Emilio",diputados,DIGNIDAD PERONISTA; FRENTE PARA LA VICTORIA; JUSTICIALISTA; NO INTEGRA BLOQUE,2005,2009,842,284.5,0.3379,0.4608,454,0.0055,0.7269,11,0.0,0.0,251,0.0,0.0,0.0,0.0154,112.0,False
leg:2aef1e79d515,"VENICA, Pedro Antonio",diputados,FRENTE DEL MOVIMIENTO POPULAR; RICARDO BALBIN; UCR,2001,2005,241,81.3,0.3372,0.9046,23,0.2878,0.3424,26,0.5795,0.1429,132,0.1212,0.4444,0.0,0.0622,7.0,True
leg:aa92f6b4a181,"BRITOS, Oraldo Norvel",diputados,JUSTICIALISTA,2001,2003,106,35.7,0.3368,0.3302,71,0.1758,0.6633,21,0.3643,0.0591,82,0.3617,0.195,0.0094,0.0755,114.0,False
leg:661675289c23,"RACHED, Emilio Alberto",senado,FRENTE CIVICO POR SANTIAGO; UCR,2007,2013,898,301.5,0.3358,0.4399,503,0.1253,0.6038,21,0.2551,0.131,257,0.3158,0.0587,0.0,0.265,14.0,False
leg:8cc2e614fcf8,BARRETO Jorge Rubén,diputados,FRENTE PARA LA VICTORIA,2014,2017,511,171.2,0.3351,0.3894,312,0.0096,0.8453,32,0.2188,0.0,307,0.5317,0.0259,0.0,0.0039,78.0,False
leg:f6d3cfe408b4,"PEREZ, Alberto Cesar",diputados,MOVIMIENTO POPULAR NEUQUINO,2003,2007,711,238.0,0.3347,0.8903,78,0.3333,0.3349,11,0.4545,0.3333,520,0.337,0.3167,0.0,0.2982,4.0,True
leg:ba4dd108106d,"GARIN de TULA, Lucia",diputados,FRENTE CIVICO SOCIAL; UCR,2003,2007,711,237.2,0.3336,0.2757,515,0.3391,0.3191,11,0.1818,0.1111,520,0.3686,0.3985,0.0,0.1969,39.0,False
leg:d1b9631805a4,"BALESTRINI, Alberto",diputados,JUSTICIALISTA,2005,2005,3,1.0,0.3333,0.0,3,0.3333,,1,0.0,0.0,3,0.3333,0.3333,0.0,0.0,111.0,False
leg:fb4a553f0036,"ROMERO, Héctor Ramón",diputados,UCR,2001,2005,241,80.3,0.3333,0.2822,173,0.1349,0.8382,26,0.1757,0.0259,132,0.3636,0.0824,0.0,0.029,45.0,False
leg:0299b24f0f11,"DOGA, María Nélida",diputados,JUSTICIALISTA; JUSTICIALISTA NACIONAL; PERONISTA FEDERAL,2003,2007,711,236.5,0.3326,0.6217,269,0.2478,0.3842,11,0.6009,0.2682,520,0.2848,0.3641,0.0169,0.0141,11.0,True
leg:cad6f2c98e70,"CALVO, Pedro Jorge Camilo",diputados,UCR,2001,2003,106,35.1,0.3313,0.2736,77,0.1865,0.716,21,0.5033,0.3864,82,0.3354,0.2252,0.0,0.066,65.0,False
leg:350b8b36caf4,"Juliano, Pablo",diputados,PROVINCIAS UNIDAS,2024,2026,410,135.5,0.3305,0.1293,357,0.2858,0.6316,69,0.4122,0.3947,233,0.2514,0.1856,0.0,0.2415,12.0,False
leg:69aee46d8495,"LEYBA de MARTI, Beatriz",diputados,UCR,2001,2007,735,242.7,0.3301,0.1714,609,0.3128,0.4139,15,0.0,0.0,520,0.4199,0.4313,0.0,0.0381,39.0,False
leg:bdea15b40bee,"Paulon, Esteban",diputados,PROVINCIAS UNIDAS,2024,2026,410,135.0,0.3293,0.061,385,0.3206,0.4622,69,0.4291,0.4291,233,0.2378,0.2126,0.0,0.2415,12.0,False
leg:9620a2a748c9,"ACUÑA KUNZ, Juan",diputados,UCR,2005,2009,842,277.1,0.329,0.3112,580,0.3172,0.3553,11,0.2727,0.1111,251,0.2434,0.1217,0.0,0.0487,39.0,False
leg:b99fb468d633,"ARDID, Mario Rolando",diputados,PARTIDO NUEVO CONTRA LA CORRUPCION,2007,2009,426,139.8,0.3282,0.23,328,0.318,0.3622,6,0.3333,0.3333,251,0.3108,0.3191,0.0,0.385,2.0,False
leg:f0e6ffbdc3ab,VEAUTE Mariana Alejandra,diputados,DEL BICENTENARIO; FRENTE RENOVADOR; UCR,2010,2013,376,123.4,0.3281,0.4761,197,0.2567,0.4066,69,0.3313,0.3088,254,0.2868,0.3423,0.0,0.3511,2.0,False
leg:2c64bf85fa44,"DAZA, Héctor Rubén",diputados,FRENTE PARA LA VICTORIA; JUSTICIALISTA,2003,2007,711,232.7,0.3273,0.2996,498,0.049,0.9778,11,0.1442,0.0586,520,0.4016,0.0647,0.0,0.0183,114.0,False
leg:78a3ebb9b1b3,SCHIARETTI Juan,diputados,JUSTICIALISTA; PROVINCIAS UNIDAS; UNION POR CORDOBA,1994,2026,404,132.1,0.327,0.7054,119,0.1312,0.4087,81,0.3698,0.1071,115,0.4565,0.158,0.0025,0.1139,3.0,True
leg:4d4cc0d84b95,"MERA, Mario Rubén",senado,JUSTICIALISTA,2004,2007,1005,328.1,0.3264,0.3303,673,0.0105,0.9669,13,0.1538,0.0,348,0.3247,0.0043,0.0,0.0109,41.0,False
leg:df946a244b70,"Randazzo, Florencio",diputados,ENCUENTRO FEDERAL,2022,2025,291,95.0,0.3263,0.3918,177,0.0425,0.7669,49,0.1681,0.0302,274,0.3222,0.0345,0.0,0.0344,7.0,False
leg:ab0ee015df11,"QUIROGA, Horacio Rodolfo",diputados,UCR,2010,2011,95,31.0,0.3263,0.2842,68,0.0588,1.0,13,0.0769,0.0769,95,0.3263,0.0588,0.0,0.0,43.0,False
leg:c9993907cfd4,"GARCIA MENDEZ, Emilio",diputados,A.R.I; A.R.I AUTONOMO 8 +; SOLIDARIDAD E IGUALDAD (SI); SOLIDARIDAD E IGUALDAD (SI) - ARI (T.D.F),2005,2009,842,274.6,0.3261,0.4454,467,0.0501,0.6699,11,0.1818,0.0,251,0.3944,0.0442,0.0083,0.0297,13.0,False
leg:2d0bd57cab6a,"CIMADEVILLA, Mario Jorge",senado,UCR,2010,2015,666,216.9,0.3257,0.4625,358,0.0708,0.622,19,0.0263,0.0278,150,0.2583,0.1048,0.0,0.0781,14.0,False
leg:ca9936d49137,"ISIDORI, Amanda Mercedes",senado,UCR,2004,2007,1005,326.1,0.3245,0.3473,656,0.01,0.9158,13,0.0769,0.0,348,0.4167,0.0219,0.0,0.002,15.0,False
leg:c1262082521d,"RUCKAUF, Carlos Federico",diputados,JUSTICIALISTA; PERONISTA FEDERAL,2003,2007,711,230.7,0.3245,0.4037,424,0.0748,0.6933,11,0.1463,0.0609,520,0.303,0.0787,0.0422,0.0113,20.0,False
leg:6e8fc93c30a0,"SATRAGNO, Lidia Elsa",diputados,PARTIDO BLOQUISTA DE SAN JUAN; PRO,2007,2011,379,122.6,0.3234,0.5567,168,0.0972,0.5035,28,0.2727,0.2,104,0.3234,0.082,0.0,0.0369,9.0,False
leg:4fd45e8c1202,"SANCHEZ, Liliana Ester",diputados,UCR,2001,2003,106,34.1,0.322,0.1509,90,0.2206,0.8923,21,0.4615,0.0,82,0.3834,0.26,0.0,0.066,65.0,False
leg:031efa7c110c,ASPIAZU Lucio Bernardo,diputados,UCR,2010,2013,376,120.9,0.3217,0.5346,175,0.0457,0.5619,69,0.2704,0.0513,254,0.4014,0.0667,0.0,0.0293,38.0,False
leg:ab12aff8b905,"ALBRISI, César Alfredo",diputados,ACCION POR LA REPUBLICA; FRENTE JUSTICIA UNION Y LIBERTAD; PERONISMO FEDERAL,2001,2010,318,102.2,0.3214,0.3648,202,0.3263,0.313,34,0.2206,0.1154,132,0.2424,0.2329,0.0063,0.1918,6.0,False
leg:c272e687397f,"PEREZ MARTINEZ, Claudio Héctor",diputados,ALIANZA; UCR,2002,2005,217,69.7,0.3212,0.2765,157,0.1191,0.85,22,0.2608,0.0966,132,0.3864,0.0494,0.0,0.0276,44.0,False
leg:0e3478c64e77,"MARTINEZ, Manuel Luis",diputados,UCR,2001,2001,24,7.7,0.3207,0.2917,17,0.041,1.0,4,0.0,0.0,24,0.3207,0.041,0.0,0.0417,78.0,False
leg:4714f660d1b7,"BEVERAGGI, Margarita Beatriz",diputados,UCR,2007,2009,347,111.0,0.32,0.5072,171,0.2254,0.4119,5,0.4,0.0,251,0.2349,0.1364,0.0,0.0461,24.0,False
leg:8fa3397c8347,"GALVALISI, Luis Alberto",diputados,PRO,2006,2009,786,251.3,0.3198,0.3842,484,0.2946,0.3601,7,0.0,0.0,251,0.2209,0.2112,0.0,0.0267,11.0,False
leg:8855b7942ce8,"BULLRICH, Esteban",diputados+senado,FRENTE PRO; PRO,2005,2021,1318,421.0,0.3194,0.3733,826,0.2092,0.5044,131,0.3328,0.2686,177,0.154,0.0709,0.0,0.0432,9.0,False
leg:41bcb6b2e7e7,PORTELA Agustín Alberto,diputados,UCR,2007,2015,855,273.1,0.3194,0.4795,445,0.0857,0.573,106,0.3228,0.0185,204,0.3996,0.0533,0.0,0.0339,36.0,False
leg:d438c757db67,"SCALESI, Juan Carlos",diputados,CONSENSO FEDERAL; DE LA CONCERTACION,2007,2011,379,121.0,0.3193,0.3747,237,0.2764,0.3908,28,0.2589,0.2794,104,0.0096,0.0062,0.029,0.1636,4.0,False
leg:7b5485c4eab0,"FERRO, Francisco José",diputados,COALICION CIVICA; UCR,2005,2009,842,267.7,0.3179,0.4276,482,0.2436,0.4175,11,0.0909,0.0,251,0.2651,0.1115,0.0,0.0463,39.0,False
leg:da44b4f9e5d8,ISA Evita Nélida,diputados,FRENTE PARA LA VICTORIA; JUSTICIALISTA,2014,2017,511,162.4,0.3178,0.3033,356,0.0625,0.9044,32,0.1011,0.0567,307,0.4248,0.1208,0.0039,0.0137,17.0,False
leg:4dc348eaccfd,"QUINTELA, Teresita Nicolasa",senado,JUSTICIALISTA; JUSTICIALISTA-FRENTE PARA LA VICTORIA,2005,2011,974,309.1,0.3174,0.3111,671,0.0188,0.9785,24,0.1667,0.0909,216,0.2454,0.0361,0.0072,0.0021,41.0,False
leg:9bbf1a64396d,"VIGO, Elida María",senado,JUSTICIALISTA; JUSTICIALISTA-FRENTE PARA LA VICTORIA,2005,2011,974,308.1,0.3164,0.3275,655,0.0046,0.9566,24,0.0833,0.0,216,0.2778,0.0067,0.0072,0.0021,41.0,False
leg:0ef104e9a12d,"MATZKIN, Jorge Rubén",diputados,JUSTICIALISTA,2001,2002,42,13.3,0.3164,0.5238,20,0.1,0.5132,11,0.4303,0.0,42,0.3164,0.1,0.0238,0.0952,100.0,False
leg:25587bb60385,"NIETO BRIZUELA, Benjamín Ricardo",diputados,UCR,2001,2003,106,33.5,0.3162,0.2075,84,0.1852,0.8164,21,0.2234,0.0,82,0.3272,0.2287,0.0,0.066,65.0,False
leg:2ffad18642d1,"TOLEDO, Hugo David",diputados,JUSTICIALISTA; PERONISTA FEDERAL,2001,2007,817,258.4,0.3162,0.4137,479,0.054,0.6879,32,0.2295,0.0584,520,0.3435,0.0674,0.0379,0.0196,20.0,False
leg:1152d2aaccf8,INFANTE Hugo Orlando,diputados,FRENTE CIVICO POR SANTIAGO,2017,2018,144,45.2,0.3137,0.6181,55,0.2091,0.3783,14,0.0357,0.0,144,0.3137,0.2091,0.0,0.3333,6.0,True
leg:bfe48490f288,"GROSSO, Edgardo Roger Miguel",diputados,UCR,2001,2003,106,33.2,0.3135,0.217,83,0.1955,0.7391,21,0.5114,0.0671,82,0.3845,0.2463,0.0,0.066,65.0,False
leg:79c190ad66e0,"Zigaran, Maria Ines",diputados,PROVINCIAS UNIDAS,2025,2026,136,42.6,0.3133,0.1397,117,0.2317,0.8158,21,0.2116,0.1722,136,0.3133,0.2317,0.0,0.2794,18.0,False
leg:c59ae8acbda3,"VANOSSI, Jorge",diputados,COMPROMISO PARA EL CAMBIO; PRO,2003,2007,711,222.5,0.3129,0.5373,329,0.2423,0.3737,11,0.3636,0.2143,520,0.3227,0.278,0.0,0.0886,11.0,False
leg:c8e7ab5e98ab,"LÓPEZ ARIAS, Marcelo Eduardo",diputados+senado,FRENTE PARA LA VICTORIA; JUSTICIALISTA; PERONISTA; PERONISTA SALTENO,1994,2011,1449,452.5,0.3123,0.3423,953,0.0595,0.798,86,0.2829,0.2306,104,0.3309,0.3186,0.0,0.0421,41.0,False
leg:f2acffe84571,MOYANO Juan Facundo,diputados,"CULTURA, EDUCACION Y TRABAJO; FRENTE DE TODOS; FRENTE PARA LA VICTORIA; FRENTE RENOVADOR",2011,2021,1031,321.6,0.3119,0.2939,728,0.1436,0.7165,109,0.2982,0.1923,8,0.125,0.0,0.0233,0.0815,29.0,False
leg:f4082ffe2392,"IGLESIAS, Roberto Raul",diputados,UCR,2003,2007,711,221.0,0.3108,0.4501,391,0.2154,0.4273,11,0.2727,0.0,520,0.3275,0.2937,0.0,0.038,39.0,False
leg:43b4a8daf105,"VITAR, Jose Alberto",diputados,FRENTE GRANDE; FREPASO,2001,2003,106,32.9,0.3106,0.1981,85,0.1934,0.7852,21,0.2619,0.0312,82,0.2713,0.1984,0.0,0.1981,8.0,False
leg:e69386e17c0c,"CAMAÑO, Eduardo Oscar",diputados,JUSTICIALISTA; JUSTICIALISTA NACIONAL; PERONISTA FEDERAL,2001,2007,602,186.9,0.3105,0.3106,415,0.407,0.0963,12,0.5,0.4,520,0.3245,0.4532,0.0199,0.015,11.0,False
leg:3f91ba332f7a,"CEREZO, Octavio Néstor",diputados,JUSTICIALISTA,2002,2005,217,67.4,0.3104,0.3041,151,0.0216,0.9711,22,0.6519,0.0762,132,0.2717,0.0125,0.0046,0.0415,128.0,False
leg:138bc4cd1a7e,"CABRAL, Salvador",senado,FRENTE PARA LA VICTORIA; JUSTICIALISTA-FRENTE PARA LA VICTORIA,2011,2017,730,226.3,0.31,0.311,503,0.0114,0.9717,4,0.25,0.0,280,0.4618,0.0381,0.0,0.0205,32.0,False
leg:53927670442b,"RIOS, María Fabiana",diputados,A.R.I,2003,2007,711,219.6,0.3089,0.4402,398,0.0235,0.6718,11,0.1818,0.0,520,0.3929,0.028,0.0,0.0366,14.0,False
leg:2418eb2ff1f1,"FERRI, Gustavo Enrique",diputados,JUSTICIALISTA; JUSTICIALISTA NACIONAL; PERONISTA FEDERAL,2003,2007,711,219.2,0.3083,0.339,470,0.3529,0.2212,11,0.2372,0.1609,520,0.3651,0.4984,0.0169,0.0141,11.0,False
leg:76df0d6992b6,GOMEZ BULL Mauricio Ricardo,diputados,FRENTE PARA LA VICTORIA,2014,2017,511,157.2,0.3077,0.3464,334,0.0225,0.8458,32,0.125,0.0,307,0.4795,0.0536,0.0,0.0039,78.0,False
leg:72d27541a53a,MENDOZA Sandra Marcela,diputados,FRENTE PARA LA VICTORIA,2010,2017,887,272.5,0.3072,0.3427,583,0.0081,0.8809,101,0.1867,0.0106,307,0.4958,0.0161,0.0,0.0056,105.0,False
leg:2f7e77e36ed4,"FONTDEVILA, Pablo Antonio",diputados,JUSTICIALISTA,2001,2003,106,32.5,0.307,0.2358,81,0.1323,0.8729,21,0.4635,0.2143,82,0.2856,0.0508,0.0094,0.0755,114.0,False
leg:a2ea36b2392f,"LEGUIZAMÓN, María Laura",diputados+senado,FRENTE PARA LA VICTORIA; JUSTICIALISTA; JUSTICIALISTA-FRENTE PARA LA VICTORIA,1994,2017,2140,657.1,0.307,0.315,1466,0.0092,0.955,71,0.0986,0.0,280,0.5867,0.0245,0.0023,0.0145,41.0,False
leg:0c2186d131bb,"PELAEZ, Victor",diputados,UCR,2001,2003,106,32.5,0.3065,0.3019,74,0.145,0.6801,21,0.0828,0.0369,82,0.3511,0.1893,0.0,0.066,65.0,False
leg:d3f99c3b7c49,"VERANI, Pablo",senado,CONCERTACION PLURAL; UCR,2007,2013,845,258.2,0.3056,0.5538,377,0.1074,0.4653,21,0.2687,0.0,204,0.574,0.0122,0.0,0.2249,14.0,False
leg:4b27aa8b2f6c,"ARGÜELLO, Jorge",diputados,FRENTE PARA LA VICTORIA; JUSTICIALISTA,2003,2007,583,178.2,0.3056,0.2727,424,0.0517,0.9829,11,0.2351,0.0651,392,0.3711,0.0586,0.0,0.0223,115.0,False
leg:2e5d14afc267,TOMASSI Néstor Nicolás,diputados,FRENTE PARA LA VICTORIA; JUSTICIALISTA,2014,2017,511,156.1,0.3055,0.3405,337,0.0339,0.8316,32,0.1636,0.0635,307,0.4629,0.0776,0.0039,0.0137,17.0,False
leg:e02de4f33cef,DOMINGUEZ Ramon Alfredo,diputados,COMPROMISO FEDERAL,2017,2017,82,25.0,0.3049,0.439,46,0.5217,0.0278,2,0.0,0.0,82,0.3049,0.5217,0.0,0.0,3.0,False
leg:123421039019,"MARTINEZ ODDONE, Heriberto Agustín",diputados,UCR,2007,2011,379,115.5,0.3049,0.3747,237,0.1772,0.5179,28,0.2321,0.2045,104,0.2212,0.0602,0.0,0.0396,24.0,False
leg:603f92f1fd37,"PESO, Stella Marys",diputados,JUSTICIALISTA; JUSTICIALISTA NACIONAL; PERONISTA FEDERAL,2003,2007,711,216.8,0.3049,0.3783,442,0.3366,0.2528,11,0.2372,0.1788,520,0.3533,0.4818,0.0169,0.0141,11.0,False
leg:eb943342c295,"RODRIGUEZ, Jesus",diputados,UCR,2001,2003,106,32.2,0.3042,0.2358,81,0.1916,0.669,21,0.3187,0.2222,82,0.3117,0.2388,0.0,0.066,65.0,False
leg:9c638f88e844,"PANZONI, Patricia Ester",diputados,UCR,2003,2007,711,216.2,0.3041,0.4684,378,0.2033,0.4184,11,0.0909,0.0,520,0.3819,0.3285,0.0,0.038,39.0,False
leg:9797211a923b,"SAVRON, Hayde Teresa",diputados,MOVIMIENTO POPULAR NEUQUINO,2001,2003,106,32.2,0.3035,0.5,53,0.3774,0.2296,21,0.1667,0.2188,82,0.3252,0.3721,0.0,0.1132,3.0,False
leg:fe9e8e1c5467,"GILES, Guillermo Jorge",diputados,FREPASO,2001,2001,24,7.3,0.3034,0.1667,20,0.2338,0.6518,4,0.0,0.0,24,0.3034,0.2338,0.0,0.2917,29.0,False
leg:7a9f470f20ee,"JAROSLAVSKY, Gracia Maria",diputados,UCR,2002,2005,217,65.7,0.3027,0.235,166,0.1306,0.8627,22,0.3972,0.3685,132,0.3106,0.0225,0.0,0.0276,44.0,False
leg:2969cdabe203,"LANDAU, Jorge Alberto",diputados,FRENTE PARA LA VICTORIA; JUSTICIALISTA; PERONISTA FEDERAL,2004,2015,1745,528.1,0.3026,0.2619,1288,0.0857,0.9142,299,0.3851,0.0808,204,0.0686,0.0,0.0178,0.0069,85.0,False
leg:e8259d5d7ce3,"CONTE GRAND, Gerardo Amadeo",diputados,JUSTICIALISTA,2002,2005,217,65.6,0.3025,0.106,194,0.2249,0.9565,22,0.6482,0.5447,132,0.2198,0.1761,0.0046,0.0415,128.0,False
leg:72aaa74ae530,"ESCOBAR, Jorge Alberto",diputados,F.F.J. AZUL Y BLANCO; JUSTICIALISTA,2001,2003,106,32.0,0.3018,0.4528,58,0.0981,0.5481,21,0.031,0.0591,82,0.3531,0.1104,0.0094,0.066,114.0,False
leg:70ca50fa918c,"BUCCO, Jorge Luis",diputados,F.F.J. AZUL Y BLANCO; JUSTICIALISTA,2001,2003,106,32.0,0.3017,0.4151,62,0.1578,0.5044,21,0.2214,0.0929,82,0.3153,0.157,0.0094,0.066,114.0,False
leg:15732fd72107,"SEBRIANO, Luis Alberto",diputados,JUSTICIALISTA,2001,2003,106,31.9,0.3013,0.3774,66,0.0703,0.6825,21,0.4579,0.2379,82,0.3524,0.0828,0.0094,0.0755,114.0,False
leg:f563cdd45190,"TATE, Alicia Ester",diputados,UCR,2003,2007,711,213.9,0.3009,0.3755,444,0.2246,0.4277,11,0.1818,0.0,520,0.2833,0.2716,0.0,0.038,39.0,False
leg:8f91f9cae463,"ARNALDI, Monica Susana",diputados,JUSTICIALISTA,2001,2003,106,31.8,0.3,0.283,76,0.1212,0.7529,21,0.1722,0.101,82,0.2887,0.067,0.0094,0.0755,114.0,False
leg:ba8191fc2f44,"FERNANDEZ VALONI, José Luis",diputados,ACCION POR LA REPUBLICA,2001,2003,106,31.8,0.2999,0.3491,69,0.2184,0.4517,21,0.1429,0.0833,82,0.3301,0.2396,0.0,0.3962,2.0,False
leg:40db3b51752f,"BIANCALANI, Fabio Darío",senado,JUSTICIALISTA; JUSTICIALISTA-FRENTE PARA LA VICTORIA,2007,2013,898,268.2,0.2987,0.304,625,0.0076,0.9652,21,0.2857,0.1176,257,0.3696,0.0061,0.0078,0.0022,32.0,False
leg:c3dc767c6dca,"VARGAS AIGNASSE, Gerónimo",diputados,FRENTE PARA LA VICTORIA; JUSTICIALISTA,2003,2011,1263,375.7,0.2974,0.2819,907,0.0317,0.9745,220,0.2754,0.0349,95,0.4211,0.0,0.0008,0.0111,113.0,False
leg:394b895ab817,"LAMISOVSKY, Arnaldo",diputados,ACCION POR LA REPUBLICA; F.F.J. AZUL Y BLANCO; JUSTICIALISTA,2001,2003,106,31.5,0.2973,0.2547,79,0.2481,0.4412,21,0.2675,0.3551,82,0.2806,0.2374,0.0,0.1132,114.0,False
leg:60bb020c8b77,"FERNANDEZ LIMIA, Adan Noé",diputados,JUSTICIALISTA,2003,2004,108,32.0,0.2963,0.213,85,0.1059,1.0,3,0.0,0.0,108,0.2963,0.1059,0.0,0.0,128.0,False
leg:67d9b86fcd13,"ELIZONDO, Dante",diputados,FRENTE PARA LA VICTORIA; JUSTICIALISTA,2002,2006,325,96.2,0.2961,0.2831,233,0.0249,0.9829,26,0.4693,0.0802,135,0.4284,0.0151,0.0031,0.0277,119.0,False
leg:d594173a806c,"Manes, Facundo",diputados,DEMOCRACIA PARA SIEMPRE,2022,2025,291,86.2,0.2961,0.189,236,0.1871,0.7636,49,0.4354,0.3763,274,0.2944,0.1949,0.0,0.0378,9.0,False
leg:8c5fe7001930,MACÍAS Oscar Alberto,diputados,JUSTICIALISTA,2016,2019,520,153.9,0.296,0.4077,308,0.0557,0.6451,24,0.3209,0.2057,174,0.4033,0.0683,0.0308,0.0308,17.0,False
leg:438d0dad6fd7,"CHIQUICHANO, Rosa Laudelina",diputados,FRENTE PARA LA VICTORIA,2007,2011,379,112.1,0.2957,0.2797,273,0.0275,0.9867,28,0.2143,0.0455,104,0.371,0.0154,0.0,0.0053,107.0,False
leg:bd9063d69e89,BUCCA Eduardo,diputados,FRENTE DE TODOS; JUSTICIALISTA,2017,2021,248,73.3,0.2956,0.3145,170,0.1717,0.5655,22,0.2057,0.0803,8,0.0,0.0,0.0645,0.0363,18.0,False
leg:82ab407ea6d7,"GARRIDO ARCEO, Jorge Antonio",diputados,FRENTE PARA LA VICTORIA; FRENTE POPULAR BONAERENSE,2003,2007,711,209.4,0.2945,0.3094,491,0.0669,0.8025,11,0.0909,0.1,520,0.3512,0.0383,0.0,0.0703,113.0,False
leg:239fe11003ff,"MAZA, Ada Mercedes",senado,JUSTICIALISTA; JUSTICIALISTA-FRENTE PARA LA VICTORIA,2004,2011,1613,475.1,0.2945,0.2926,1141,0.0149,0.9703,33,0.1515,0.0968,216,0.2361,0.0305,0.0043,0.0081,41.0,False
leg:cf7c7ab1a079,"Cipolini, Gerardo",diputados,UCR,2019,2026,462,136.0,0.2943,0.3463,302,0.024,0.8047,77,0.1883,0.0423,233,0.2192,0.0243,0.0,0.0455,12.0,False
leg:a9701707f79b,FURLAN Francisco Abel,diputados,FRENTE PARA LA VICTORIA,2016,2019,520,153.0,0.2942,0.3442,341,0.0337,0.7906,24,0.0833,0.0,174,0.5041,0.0583,0.0019,0.0096,69.0,False
leg:60897187a068,"D`ERRICO, María Rita Antonia",diputados,JUSTICIALISTA,2001,2001,24,7.0,0.2933,0.5417,11,0.2273,0.3492,4,0.0,0.0,24,0.2933,0.2273,0.0,0.0833,100.0,False
leg:1ff28f51cb59,"MORINI, Pedro Juan",diputados,FRENTE PROG. CIVICO Y SOCIAL; UCR,2005,2009,842,247.0,0.2933,0.2162,660,0.3105,0.2311,11,0.0909,0.0,251,0.1874,0.1843,0.0,0.0487,39.0,False
leg:f1a88cf69502,"KENT de SAADI, María del Pilar",diputados,JUSTICIALISTA,2001,2001,24,7.0,0.2933,0.7083,7,0.0714,0.3847,4,0.0,0.0,24,0.2933,0.0714,0.0,0.0833,100.0,True
leg:153debd27ba5,"ABASTO, Angel Leonidas",diputados,JUSTICIALISTA,2001,2001,24,7.0,0.2933,0.75,6,0.0,0.3911,4,0.0,0.0,24,0.2933,0.0,0.0,0.0833,100.0,True
leg:a4a97a25574c,ALFONSÍN Ricardo,diputados,UCR,2010,2017,813,238.3,0.2931,0.369,513,0.0343,0.7356,27,0.2047,0.1053,307,0.385,0.008,0.0,0.0185,36.0,False
leg:e9be2ab425c7,"KATZ, Daniel",diputados,CONSENSO FEDERAL; DE LA CONCERTACION; UCR,2007,2011,379,111.1,0.293,0.4565,206,0.0995,0.5234,28,0.3681,0.3889,104,0.2885,0.0145,0.029,0.1319,10.0,False
leg:76375ebce04d,CASTAÑON Hugo,diputados,UCR,2010,2013,376,109.9,0.2923,0.4548,205,0.0707,0.558,69,0.2994,0.1136,254,0.2635,0.084,0.0,0.0293,38.0,False
leg:bab656c73077,"VERA, Arturo",senado,UCR,2007,2013,898,262.4,0.2922,0.3497,584,0.0715,0.7027,21,0.0782,0.0,257,0.3706,0.1884,0.0,0.0579,14.0,False
leg:69b4b63bb723,MARTIARENA José Luis,diputados,FRENTE DE TODOS; JUSTICIALISTA,2017,2021,248,72.2,0.2913,0.3145,170,0.2131,0.4615,22,0.2057,0.0292,8,0.375,0.0,0.0565,0.0363,18.0,False
leg:a53919a39d11,KRONEBERGER Daniel Ricardo,diputados+senado,UCR,2005,2026,2254,655.9,0.291,0.3851,1386,0.1189,0.5657,244,0.285,0.1509,200,0.1081,0.0908,0.0,0.0355,36.0,False
leg:21eb46aa78dd,"BALDATA, Griselda Angela",diputados,COALICION CIVICA,2007,2011,379,110.2,0.2907,0.3351,252,0.1152,0.6388,28,0.1071,0.0435,104,0.2406,0.0393,0.0,0.0369,18.0,False
leg:e10423438aba,"Polini, Juan Carlos",diputados,DEMOCRACIA PARA SIEMPRE,2022,2025,291,84.5,0.2904,0.2612,215,0.0951,0.8428,49,0.1678,0.116,274,0.281,0.0949,0.0,0.0378,9.0,False
leg:66423adbe4a1,BAHILLO Juanjo,diputados,JUSTICIALISTA,2017,2019,213,61.8,0.2901,0.0235,208,0.2827,0.6,15,0.5754,0.5754,174,0.2934,0.2844,0.0657,0.0423,18.0,False
leg:963b42e89e03,"HERRERA, Alberto",diputados,F.F.J. AZUL Y BLANCO; FRENTE PARA LA VICTORIA; JUSTICIALISTA,2001,2009,947,273.9,0.2892,0.3073,656,0.0139,0.9098,32,0.2391,0.0433,251,0.1256,0.0,0.0011,0.019,114.0,False
leg:0e1f63100fe0,"Morchio, Francisco",diputados,LA LIBERTAD AVANZA,2024,2026,410,118.5,0.2889,0.1439,351,0.1808,0.9322,69,0.2319,0.0714,233,0.2189,0.0872,0.0,0.0049,48.0,False
leg:932a0ce40350,RIVAROLA Rubén Armando,diputados,FRENTE PARA LA VICTORIA,2011,2015,476,137.2,0.2882,0.2878,339,0.0029,0.9941,78,0.2385,0.0,204,0.3922,0.0,0.0,0.0042,113.0,False
leg:fb7b511d12a0,VILLA José Antonio,diputados,FRENTE PARA LA VICTORIA,2011,2015,476,137.1,0.288,0.2815,342,0.0091,1.0,78,0.2505,0.0092,204,0.3971,0.016,0.0,0.0042,113.0,False
leg:cbdf6f15fc73,"ARNOLD, Eduardo Ariel",diputados,FRENTE PARA LA VICTORIA; JUSTICIALISTA; NO INTEGRA BLOQUE,2003,2007,711,204.8,0.288,0.5541,317,0.0743,0.46,11,0.5277,0.5,520,0.3339,0.0694,0.0,0.0366,114.0,False
leg:e9097e7979c8,GIOJA José Luis,diputados,FRENTE DE TODOS; FRENTE PARA LA VICTORIA,1994,2023,586,168.8,0.288,0.2935,414,0.0694,0.814,46,0.1304,0.0263,17,0.1176,0.0625,0.0017,0.0085,69.0,False
leg:6c9049056df9,"CAPPELLERI, Pascual",diputados,ALIANZA; UCR,2002,2005,217,62.5,0.2878,0.2442,164,0.1241,0.7942,22,0.2531,0.1352,132,0.303,0.033,0.0,0.0276,44.0,False
leg:1f8bee4eba4a,RODRIGUEZ Rodrigo Martín,diputados,FRENTE PARA LA VICTORIA,2016,2019,520,149.6,0.2877,0.3442,341,0.025,0.7881,24,0.1667,0.0,174,0.2504,0.0083,0.0019,0.0096,69.0,False
leg:85208ac5578d,"STORNI, Silvia",diputados,UCR,2007,2011,379,109.0,0.2876,0.372,238,0.1595,0.5038,28,0.2321,0.2045,104,0.25,0.0732,0.0,0.0396,24.0,False
leg:4d424331898d,VALDÉS Gustavo Adolfo,diputados,UCR,2014,2017,511,146.7,0.2871,0.3053,355,0.0185,0.8985,32,0.1415,0.0188,307,0.3687,0.0079,0.0,0.0098,36.0,False
leg:21ef1bc6d935,"OBEID, Jorge Alberto",diputados,FRENTE PARA LA VICTORIA; JUSTICIALISTA; PERONISMO FEDERAL; SANTA FE FEDERAL,2001,2011,511,146.6,0.2869,0.411,301,0.1451,0.4902,75,0.33,0.1567,104,0.2253,0.0597,0.0098,0.0254,65.0,False
leg:e80f2551b7d8,"CURLETTI, Miriam Belén",diputados+senado,UCR,2001,2007,1029,294.7,0.2864,0.2974,723,0.0217,0.9118,17,0.5882,0.0,348,0.2299,0.0122,0.0,0.0029,15.0,False
leg:4b2f04f386db,"MASTROGIACOMO, Miguel Angel",diputados,UCR,2001,2003,106,30.2,0.2852,0.3396,70,0.0854,0.6737,21,0.6462,0.0712,82,0.288,0.0855,0.0,0.066,65.0,False
leg:c4bf6b539c14,"INGRAM, Roddy Ernesto",diputados,FRENTE PARA LA VICTORIA; JUSTICIALISTA,2003,2007,711,201.8,0.2838,0.2813,511,0.0122,0.9778,11,0.0533,0.0533,520,0.3612,0.0098,0.0,0.0183,114.0,False
leg:9c1abb2aeca0,"VILLALBA, Alfredo Horacio",diputados,FRENTE PARA EL CAMBIO,2001,2003,106,30.0,0.283,0.3491,69,0.2536,0.3378,21,0.3333,0.2692,82,0.2317,0.2845,0.0,0.3962,2.0,False
leg:96c3d7e97349,"Daives, Ricardo",diputados,FRENTE DE TODOS; UNION POR LA PATRIA,2019,2026,462,130.3,0.2819,0.2771,334,0.0127,0.9844,77,0.1429,0.0,233,0.2543,0.0128,0.0,0.0043,93.0,False
leg:bb787a0796f0,"BRUE, Daniel Agustín",diputados,FRENTE CIVICO POR SANTIAGO; FRENTE DE TODOS; UCR,2005,2023,1377,388.0,0.2818,0.3406,908,0.1635,0.5107,195,0.3154,0.0333,17,0.0588,0.0,0.0341,0.0508,7.0,False
leg:fcb593523c6c,"GIRI, Haidé Delia",senado,JUSTICIALISTA; JUSTICIALISTA-FRENTE PARA LA VICTORIA,2004,2009,1397,393.2,0.2814,0.2734,1015,0.0208,0.9739,16,0.25,0.1429,350,0.1893,0.0043,0.0,0.0093,41.0,False
leg:d0df5c999feb,"SANCHEZ, María Dora",senado,CONCERTACION PLURAL; UCR,2004,2009,1397,391.1,0.28,0.3486,910,0.0797,0.6542,16,0.125,0.125,350,0.22,0.2775,0.0,0.1117,13.0,False
leg:6d47e30fd6ec,CRESTO Mayda,diputados,FRENTE DE TODOS; JUSTICIALISTA,2017,2021,248,69.4,0.2798,0.0766,229,0.2441,0.7105,22,0.3923,0.3316,8,0.0,0.0,0.0565,0.0363,18.0,False
leg:20939e02fb84,"JANO, Ricardo Javier",diputados,UCR,2003,2007,711,198.9,0.2798,0.5415,326,0.1218,0.4136,11,0.2727,0.2,520,0.3274,0.1938,0.0,0.038,39.0,False
leg:638f2f3bf565,"MASTANDREA, Alicia Ester",senado,UCR,2004,2007,1005,281.1,0.2797,0.2945,709,0.017,0.9088,13,0.1538,0.0,348,0.2644,0.0171,0.0,0.002,15.0,False
leg:64674a1dc79e,"LABADO, María Ester",senado,FRENTE PARA LA VICTORIA; JUSTICIALISTA-FRENTE PARA LA VICTORIA,2011,2017,730,204.1,0.2796,0.1589,614,0.1507,0.9619,4,0.25,0.0,280,0.4183,0.3686,0.0,0.0205,32.0,False
leg:b6715195b101,"RIVAS, Olijela del Valle",diputados,F.F.J. AZUL Y BLANCO; JUSTICIALISTA,2001,2003,106,29.6,0.2794,0.3491,69,0.173,0.4779,21,0.1262,0.0722,82,0.2839,0.1597,0.0094,0.066,114.0,False
leg:d22060e9206f,"JARQUE, Margarita Ofelia",diputados,ALIANZA; ENCUENTRO; FRENTE GRANDE,2002,2005,217,60.6,0.2792,0.1705,180,0.2338,0.5,22,0.1136,0.0,132,0.2803,0.2524,0.0,0.2995,4.0,False
leg:37f63c78db2c,"LUGO de GONZALES CABAÑAS, Cecilia",diputados,F.F.J. AZUL Y BLANCO; JUSTICIALISTA,2002,2005,217,60.6,0.2791,0.2166,170,0.1011,0.9229,22,0.5245,0.5123,132,0.1905,0.0143,0.0046,0.0369,128.0,False
leg:3c19b9476d25,"MARTINEZ, Silvia Virginia",diputados,JUSTICIALISTA,2001,2005,241,67.3,0.2791,0.249,181,0.0989,0.8229,26,0.277,0.0707,132,0.317,0.1195,0.0041,0.0456,128.0,False
leg:da13a3dcc570,"MARIN, Rubén Hugo",senado,JUSTICIALISTA; JUSTICIALISTA-FRENTE PARA LA VICTORIA,2004,2009,1397,389.8,0.279,0.2756,1012,0.0195,0.9611,16,0.5625,0.3,350,0.1635,0.0109,0.0,0.0093,41.0,False
leg:c7495b04020a,"PALOU, Marta",diputados,JUSTICIALISTA,2001,2003,106,29.6,0.2789,0.1981,85,0.1473,0.8114,21,0.2214,0.2214,82,0.2258,0.0675,0.0094,0.0755,114.0,False
leg:38d356c4aba5,"KENNY, Eduardo Enrique Federico",diputados,UCR,2007,2011,379,105.7,0.2788,0.3615,242,0.1512,0.5043,28,0.1607,0.0312,104,0.3558,0.0469,0.0,0.0396,24.0,False
leg:77b996b1751a,MAJDALANI Silvia Cristina,diputados,PARTIDO BLOQUISTA DE SAN JUAN; PRO,2010,2015,580,161.6,0.2787,0.581,243,0.052,0.4421,92,0.3221,0.0545,204,0.402,0.0326,0.0,0.019,11.0,True
leg:c0ab74655134,"BECCANI, Alberto Juan",diputados,UCR,2003,2007,711,197.7,0.2781,0.1716,589,0.2955,0.1937,11,0.0,0.0,520,0.3343,0.3841,0.0,0.038,39.0,False
leg:bfb184674bc4,"MUKDISE, Miguel Roberto Daives",diputados,UCR,2001,2003,106,29.5,0.2778,0.3113,73,0.0983,0.6751,21,0.4615,0.0,82,0.3263,0.127,0.0,0.066,65.0,False
leg:aa7b6de489b1,CAVIGLIA Franco Agustín,diputados,ACCION POR LA REPUBLICA; JUNTOS POR ARGENTINA; JUSTICIALISTA; NO INTEGRA BLOQUE,2001,2017,439,121.8,0.2774,0.2597,325,0.1699,0.584,56,0.3241,0.2008,307,0.1887,0.1483,0.0957,0.0319,4.0,False
leg:d42d4e1d7b61,RUSSO Laura,diputados,FRENTE DE TODOS; FRENTE PARA LA VICTORIA,2017,2021,248,68.7,0.2771,0.2903,176,0.0353,0.8681,22,0.1818,0.0,8,0.0,0.0,0.004,0.0121,64.0,False
leg:27150213a8cd,"BALADRON, Manuel Justo",diputados,FRENTE PARA LA VICTORIA; JUSTICIALISTA,2001,2009,1083,299.7,0.2768,0.2484,814,0.0521,0.9567,37,0.1685,0.1044,251,0.3207,0.0312,0.0009,0.0203,114.0,False
leg:f113db165a87,"FERNANDEZ, Marcelo Omar",diputados,FRENTE PARA LA VICTORIA,2007,2009,266,73.5,0.2764,0.2669,195,0.0154,0.9934,5,0.0,0.0,251,0.2491,0.0157,0.0,0.0038,117.0,False
leg:a122eafcb12d,"MONTENEGRO, Olinda",diputados,UCR,2003,2007,711,196.4,0.2763,0.4163,415,0.2098,0.3695,11,0.0,0.0,520,0.2991,0.2744,0.0,0.038,39.0,False
leg:21535318383d,"REJAL, Jesús Fernando",diputados+senado,CONVICCION FEDERAL; FRENTE PARA LA VICTORIA; JUSTICIA SOCIAL FEDERAL,2007,2026,507,140.0,0.2761,0.2821,364,0.011,0.951,32,0.125,0.0,200,0.01,0.0101,0.0,0.0,65.0,False
leg:2c223f10b374,VALLONE Andres Alberto,diputados,COMPROMISO FEDERAL; UNIDAD JUSTICIALISTA,2017,2019,213,58.5,0.2746,0.4883,109,0.0963,0.4615,15,0.1,0.0,174,0.2126,0.0979,0.0939,0.1362,4.0,False
leg:c9e6219ef550,"PATTERSON, Ricardo Ancell",diputados,ALIANZA; UCR,2001,2003,106,29.1,0.2742,0.2642,78,0.1306,0.6743,21,0.2234,0.1111,82,0.2616,0.1428,0.0,0.066,65.0,False
leg:dcb88c873907,"SEJAS, Lisandro Mauricio",diputados,JUSTICIALISTA; U. CE. DE.,2002,2003,72,19.7,0.2741,0.5139,35,0.1143,0.4252,14,0.4452,0.0,72,0.2741,0.1143,0.0,0.1528,3.0,False
leg:1087eff0d5ae,"GOY, Beatriz Norma",diputados,JUSTICIALISTA,2002,2005,217,59.4,0.2737,0.2627,160,0.0273,0.9653,22,0.3285,0.0766,132,0.2338,0.0215,0.0046,0.0415,128.0,False
leg:9555eff47995,"Bonacci, Rocio",diputados,LA LIBERTAD AVANZA,2024,2026,410,112.2,0.2736,0.2805,295,0.0068,0.9582,69,0.1304,0.0,233,0.2232,0.0,0.0,0.0049,48.0,False
leg:6d5d22d0e270,"Galimberti, Pedro Jorge",diputados,UCR,2022,2024,130,35.6,0.2736,0.0923,118,0.2082,0.9167,29,0.4828,0.4,121,0.294,0.2254,0.0,0.0231,14.0,False
leg:e5b92735e6fe,"LEONELLI, María Silvina",diputados,UCR,2002,2005,217,59.3,0.2734,0.2028,173,0.1233,0.8636,22,0.4881,0.0615,132,0.1818,0.0455,0.0,0.0276,44.0,False
leg:d12c9a066d0a,"DEL CAMPILLO, Héctor Eduardo",diputados,UCR,2007,2011,379,103.6,0.2733,0.3668,240,0.1564,0.4752,28,0.2698,0.0,104,0.2788,0.0541,0.0,0.0396,24.0,False
leg:c05a41f6a654,"CORDOBA, José Manuel",diputados,FRENTE PARA LA VICTORIA; JUSTICIALISTA,2005,2009,842,229.8,0.273,0.2684,616,0.0153,0.9752,11,0.0909,0.0,251,0.2172,0.0249,0.0,0.0131,114.0,False
leg:ca15d2f3ae11,"GUTIERREZ, Francisco Virgilio",diputados,FRENTE PARA LA VICTORIA; FRENTE POLO SOCIAL; POLO SOCIAL,2002,2007,793,216.0,0.2724,0.2976,557,0.0446,0.81,28,0.0179,0.0208,520,0.3913,0.0407,0.0,0.0391,112.0,False
leg:2c923cfe2abc,"ATANASOF, Alfredo Néstor",diputados,FRENTE PERONISTA; JUSTICIALISTA; PERONISMO FEDERAL; PERONISTA FEDERAL,1997,2013,1320,359.3,0.2722,0.4197,766,0.1117,0.4942,293,0.1348,0.0608,254,0.189,0.2807,0.05,0.0258,20.0,False
leg:40be88c3c1c1,"Garcia Aresca, Ignacio",diputados,PROVINCIAS UNIDAS,2022,2026,427,116.1,0.2719,0.3302,286,0.0897,0.6414,70,0.3155,0.0952,233,0.2816,0.0993,0.0,0.2319,12.0,False
leg:71eefae26741,DI STÉFANO Daniel,diputados,FRENTE DE LA CONCORDIA MISIONERO; FRENTE PARA LA VICTORIA,2016,2019,520,141.0,0.2712,0.2942,367,0.0927,0.6993,24,0.1667,0.1,174,0.2644,0.0614,0.0,0.0038,69.0,False
leg:c17f27b2aa53,"PORTO, Héctor Norberto",diputados,FRENTE PARA LA VICTORIA; JUSTICIALISTA; PERONISTA FEDERAL,2005,2009,842,228.2,0.2711,0.2494,632,0.1134,0.7455,11,0.0909,0.0909,251,0.2929,0.0167,0.0356,0.0071,20.0,False
leg:cb9b2bbc51d4,"COLOMBO, María Teresita del Valle",diputados,FRENTE CIVICO SOCIAL,2001,2001,24,6.5,0.2708,0.125,21,0.2857,0.1667,4,0.375,0.375,24,0.2708,0.2857,0.0,0.5417,2.0,False
leg:77605a64eb08,"BIGLIERI, María Emilia",diputados,DEMOCRATA PROGRESISTA,2001,2003,106,28.7,0.2704,0.1887,86,0.2287,0.45,21,0.2738,0.2875,82,0.2561,0.2,0.0,0.1698,4.0,False
leg:6dc089df8f77,"GARCIA, Eduardo Daniel",diputados,PARTIDO SOCIALISTA; PARTIDO SOCIALISTA POPULAR; SOCIALISMO POPULAR,2002,2005,217,58.5,0.2696,0.3318,145,0.1034,0.6042,22,0.3636,0.0,132,0.2879,0.1149,0.0369,0.0968,6.0,False
leg:6b5ae2194ede,ESPER Laura Reneé,diputados,FRENTE RENOVADOR,2014,2015,183,49.3,0.2695,0.1858,149,0.2738,0.2509,2,0.0,0.0,183,0.2695,0.2738,0.0,0.0219,17.0,False
leg:840f1dda4a9e,DAVID Javier,diputados,JUSTICIALISTA,2016,2019,520,140.1,0.2695,0.1096,463,0.2127,0.731,24,0.4552,0.4057,174,0.4636,0.3986,0.0308,0.0308,17.0,False
leg:1b248b742d88,"RIVAS, Jorge",diputados,A.R.I; ENCUENTRO POPULAR Y SOCIAL; FRENTE PARA LA VICTORIA; NO INTEGRA BLOQUE,2001,2015,1206,324.8,0.2694,0.3648,766,0.152,0.4736,242,0.5221,0.4422,204,0.2108,0.0123,0.0083,0.0249,16.0,False
leg:812a7d316fdd,BARBIERI Mario Leandro,diputados,UCR,2010,2013,376,101.2,0.2691,0.4176,219,0.0804,0.5323,69,0.2112,0.1217,254,0.3432,0.1368,0.0,0.0293,38.0,False
leg:675973a7e768,"BECERRA, Omar Enrique",diputados,JUSTICIALISTA,2001,2003,106,28.4,0.2682,0.2925,75,0.0976,0.681,21,0.3643,0.0591,82,0.3087,0.0853,0.0094,0.0755,114.0,False
leg:f50673193841,"SELLARES, Francisco Nicolás",diputados,JUSTICIALISTA,2002,2005,217,58.2,0.2681,0.2074,172,0.0812,0.9823,22,0.5245,0.1444,132,0.2966,0.0369,0.0046,0.0415,128.0,False
leg:716bc199c15e,"LEMME, María Alicia",diputados,FRENTE DEL MOVIMIENTO POPULAR,2003,2007,636,170.2,0.2676,0.8553,92,0.1793,0.2825,11,0.3182,0.1429,445,0.2611,,0.0943,0.0409,4.0,True
leg:b42af89f60d0,"OLIVERO, Juan Carlos",diputados,UCR,2001,2003,106,28.4,0.2675,0.2075,84,0.1529,0.7049,21,0.3128,0.1511,82,0.2519,0.1813,0.0,0.066,65.0,False
leg:e9c2a033a374,"ISLA de SARACENI, Celia Anita",diputados,JUSTICIALISTA,2002,2005,217,57.9,0.2669,0.1705,180,0.1203,0.9802,22,0.2479,0.1825,132,0.2672,0.0943,0.0046,0.0415,128.0,False
leg:408a1e83ae23,"LEMOS, Silvia",diputados,UCR,2005,2009,842,224.6,0.2667,0.4347,476,0.2183,0.3297,11,0.0909,0.0,251,0.2397,0.1618,0.0,0.0487,39.0,False
leg:c34eef24308c,LLANOS Ermindo Edgardo Marcelo,diputados,FRENTE PARA LA VICTORIA,2010,2013,376,99.9,0.2658,0.258,279,0.0213,0.9691,69,0.1383,0.0262,254,0.1854,0.0053,0.0,0.008,113.0,False
leg:2480d0def6b2,"QUINTELA, Ricardo Clemente",diputados,F.F.J. AZUL Y BLANCO; JUSTICIALISTA,2001,2003,106,28.2,0.2657,0.2547,79,0.185,0.5021,21,0.4119,0.4036,82,0.2943,0.2088,0.0094,0.066,114.0,False
leg:6c139c34b500,MARTINEZ Oscar Ariel,diputados,FRENTE PARA LA VICTORIA; FRENTE RENOVADOR,2011,2015,476,126.3,0.2653,0.3761,297,0.1254,0.4974,78,0.4542,0.4208,204,0.3586,0.2361,0.0315,0.0294,17.0,False
leg:d34b2fcf5732,Del CERRO Gonzalo Pedro Antonio,diputados,UCR,2017,2021,248,65.5,0.2643,0.25,186,0.019,1.0,22,0.1364,0.0,8,0.25,0.0,0.0,0.004,40.0,False
leg:c5c9b57692f9,"MAYANS, María Susana",diputados,JUSTICIALISTA,2001,2001,24,6.3,0.2642,0.5417,11,0.2582,0.2692,4,0.25,,24,0.2642,0.2582,0.0,0.0833,100.0,False
leg:27a2b3ca6a1b,"AZCOITI, Pedro José",diputados,UCR,2005,2009,842,222.1,0.2638,0.342,554,0.249,0.2922,11,0.0909,0.0,251,0.2156,0.2165,0.0,0.0487,39.0,False
leg:2e5fa5d9bd9c,"BINNER, Hermes",diputados,PARTIDO SOCIALISTA,2005,2017,1185,311.9,0.2632,0.389,724,0.059,0.5837,136,0.0699,0.0,307,0.2549,0.0371,0.0371,0.0042,5.0,False
leg:6531889b7e7e,BIANCHI Ivana María,diputados,COMPROMISO FEDERAL; FRENTE DEL MOVIMIENTO POPULAR; FRENTE JUSTICIA UNION Y LIBERTAD; FRENTE PERONISTA,2007,2019,1458,383.7,0.2631,0.5082,717,0.1687,0.3545,138,0.0626,0.0203,174,0.2011,0.0632,0.0281,0.0734,5.0,False
leg:b17488cfb7d6,"Romero, Ana Clara",diputados,PRO,2022,2025,291,76.6,0.2631,0.1924,235,0.1236,0.8486,49,0.3265,0.2326,274,0.2612,0.1279,0.0,0.0137,25.0,False
leg:f2b0fb0e94dc,"JEREZ, Esteban Eduardo",diputados,FRENTE CIVICO TUCUMAN; PRO; RECREAR -- TUCUMAN,2003,2007,643,168.5,0.2621,0.4946,325,0.1878,0.3379,11,0.1818,0.1667,452,0.3606,0.2827,0.0,0.0187,11.0,False
leg:2845a15051f1,"ZIMMERMANN, Víctor",diputados+senado,UCR,2003,2025,1077,282.0,0.2618,0.337,714,0.1596,0.4629,27,0.0969,0.109,122,0.2182,0.0682,0.0,0.0353,39.0,False
leg:1b60d5be78df,AGUILAR Lino Walter,diputados,COMPROMISO FEDERAL; FRENTE PERONISTA,2011,2015,476,124.3,0.2611,0.458,258,0.2375,0.289,78,0.2821,0.2075,204,0.1814,0.0826,0.0021,0.0336,5.0,False
leg:a655895df7c3,"Quetglas, Fabio Jose",diputados,UCR,2017,2025,539,140.8,0.2611,0.2523,403,0.0552,0.8713,71,0.1221,0.0423,274,0.3336,0.1077,0.0,0.039,14.0,False
leg:09d47705d73f,"ESCUDERO, Sonia Margarita",senado,JUSTICIALISTA; JUSTICIALISTA 8 DE OCTUBRE,2004,2013,1903,495.7,0.2605,0.2354,1455,0.0973,0.7903,34,0.3235,0.2812,257,0.2023,0.2212,0.1046,0.0184,41.0,False
leg:2f27c50238d3,"HERZOVICH, María Elena",diputados,UCR,2001,2003,106,27.6,0.2603,0.283,76,0.1448,0.5528,21,0.3128,0.0379,82,0.3046,0.1613,0.0,0.066,65.0,False
leg:e609e1d20acb,"VAGO, Ricardo Nicolás",diputados,FREPASO,2001,2001,24,6.2,0.2592,0.0417,23,0.2479,0.5172,4,0.0,0.0,24,0.2592,0.2479,0.0,0.2917,29.0,False
leg:42d949dcadd8,"VILLAVERDE, Jorge Antonio",diputados,FRENTE PARA LA VICTORIA; JUSTICIALISTA; PERONISTA FEDERAL,2002,2009,1059,274.4,0.2591,0.3371,702,0.0976,0.5767,33,0.3099,0.1625,251,0.0996,0.0355,0.0293,0.0132,20.0,False
leg:9b31dcb3fb06,"PERNASETTI, Horacio Francisco",diputados,UCR,2001,2005,241,62.4,0.2588,0.195,194,0.1089,0.8778,26,0.2976,0.0389,132,0.2652,0.0515,0.0,0.029,45.0,False
leg:57d41f50e7a8,RACH QUIROGA Analía Alexandra,diputados,FRENTE PARA LA VICTORIA,2016,2019,520,134.6,0.2588,0.2865,371,0.0459,0.789,24,0.2083,0.0,174,0.44,0.0435,0.0019,0.0096,69.0,False
leg:96bcb6372751,"CAPELLO, Mario Osvaldo",diputados,UCR,2001,2003,106,27.4,0.2584,0.1698,88,0.1749,0.6667,21,0.0271,0.0271,82,0.2411,0.1967,0.0,0.066,65.0,False
leg:ff985121bf3a,"DI LEO, Marta Isabel",diputados,UCR,2001,2003,106,27.3,0.2579,0.1604,89,0.2061,0.5294,21,0.2176,0.1785,82,0.2771,0.2459,0.0,0.066,65.0,False
leg:28857c3c24b0,"CORFIELD, Guillermo Eduardo",diputados,UCR,2001,2003,106,27.3,0.2578,0.0755,98,0.2278,0.625,21,0.0271,0.0271,82,0.2638,0.2351,0.0,0.066,65.0,False
leg:09969375854a,DUTTO Gustavo Alberto,diputados,FRENTE PARA LA VICTORIA,2010,2011,50,12.9,0.2571,0.24,38,0.0225,1.0,5,0.2,0.0,50,0.2571,0.0225,0.0,0.02,85.0,False
leg:cf1230ea84b6,"KUNEY, Mónica Adriana",diputados,JUSTICIALISTA,2002,2005,217,55.7,0.2566,0.1567,183,0.1266,0.9564,22,0.238,0.1618,132,0.0888,0.03,0.0046,0.0415,128.0,False
leg:8b5273ecd99f,MEDINA Martín Nicolás,diputados,PRO,2017,2021,248,63.6,0.2565,0.2581,184,0.0143,0.9531,22,0.3182,0.0,8,0.25,0.0,0.0,0.0121,54.0,False
leg:85c03b6cbfcb,"PETIT, María de los Angeles",diputados,FRENTE PARA LA VICTORIA; PERONISMO FEDERAL,2007,2009,266,68.0,0.2556,0.3346,177,0.1243,0.5169,5,0.6,0.3333,251,0.2351,0.1287,0.0376,0.0,117.0,False
leg:1175a6f5fc58,"BRIOZZO, Alberto Nicolas",diputados,FREPASO; JUSTICIALISTA,2001,2003,106,27.1,0.2553,0.0377,102,0.231,0.875,21,0.2651,0.2651,82,0.1671,0.1418,0.0,0.1509,114.0,False
leg:035268cb47e4,"RÍOS, Roberto Fabián",diputados+senado,FRENTE PARA LA VICTORIA; JUSTICIALISTA; JUSTICIALISTA-FRENTE PARA LA VICTORIA,2004,2013,1669,425.9,0.2552,0.2487,1254,0.0138,0.9847,71,0.2515,0.0159,254,0.239,0.0088,0.0,0.009,41.0,False
leg:081bd07199ed,"Coletta, Mariela",diputados,PROVINCIAS UNIDAS,2024,2026,410,104.6,0.2551,0.2024,327,0.1475,0.6794,69,0.2025,0.1489,233,0.2158,0.1509,0.0,0.2415,12.0,False
leg:bdab94447aee,"PIERRI, Alberto Reinaldo",diputados,JUSTICIALISTA,2001,2001,24,6.1,0.255,0.5417,11,0.2382,0.2692,4,0.0,0.0,24,0.255,0.2382,0.0,0.0833,100.0,False
leg:e2fe293278d9,"SORIA, Carlos Ernesto",diputados,JUSTICIALISTA,2001,2001,24,6.1,0.255,0.5,12,0.2183,0.2917,4,0.0,0.0,24,0.255,0.2183,0.0,0.0833,100.0,False
leg:9990dfe79ebb,"CISTERNA, Victor Hugo",diputados,JUSTICIALISTA,2002,2005,217,55.3,0.2549,0.2212,169,0.0525,0.9674,22,0.4198,0.0883,132,0.21,0.0605,0.0046,0.0415,128.0,False
leg:3d2917ceec1f,BERGMAN Sergio Alejandro,diputados,PRO,2014,2015,204,52.0,0.2549,0.3775,127,0.0394,0.6104,23,0.3478,0.0,204,0.2549,0.0394,0.0,0.049,18.0,False
leg:740858629453,"ALVAREZ, Roque Tobías",diputados,F.F.J. AZUL Y BLANCO; JUSTICIALISTA,2002,2005,217,55.3,0.2547,0.1475,185,0.1323,0.9619,22,0.5192,0.4231,132,0.2066,0.028,0.0046,0.0369,128.0,False
leg:81b526fa4b39,ESPINDOLA Gladys Susana,diputados,UCR,2010,2013,376,95.7,0.2545,0.4176,219,0.0579,0.5288,69,0.2112,0.0729,254,0.2272,0.0768,0.0,0.0293,38.0,False
leg:2b3a991f6ef4,"Felix, Emir",diputados,UNION POR LA PATRIA,2025,2026,136,34.5,0.2537,0.25,102,0.0049,1.0,21,0.1905,0.0,136,0.2537,0.0049,0.0,0.0074,92.0,False
leg:d3a7c63b6c12,"OLIVA, Cristian Rodolfo",diputados,FRENTE CIVICO POR SANTIAGO; UCR,2005,2017,1836,465.2,0.2534,0.3214,1246,0.1506,0.4703,219,0.1012,0.0816,307,0.1336,0.0602,0.0,0.0545,7.0,False
leg:2d8bae3dda77,"CAMAÑO, Graciela",diputados,CONSENSO FEDERAL; FRENTE PARA LA VICTORIA; FRENTE PERONISTA; FRENTE RENOVADOR,2001,2023,2355,596.5,0.2533,0.3822,1455,0.0827,0.529,353,0.1481,0.1035,17,0.0,0.0,0.02,0.0658,20.0,False
leg:846e16690071,VIGO Alejandra María,diputados+senado,CORDOBA FEDERAL; PROVINCIAS UNIDAS; UNIDAD FEDERAL,2017,2026,557,141.1,0.2533,0.2873,397,0.1008,0.6318,46,0.1957,0.1795,200,0.19,0.1601,0.0485,0.149,3.0,False
leg:e14e88a7f185,"ZUÑIGA, Ovidio Octavio",diputados,JUSTICIALISTA,2001,2003,106,26.8,0.2528,0.1792,87,0.1863,0.5573,21,0.4595,0.4433,82,0.2654,0.1804,0.0094,0.0755,114.0,False
leg:80fe7056535a,CARAMBIA Antonio José,diputados,ACCION FEDERAL; PRO; UNIDAD Y EQUIDAD FEDERAL,2017,2021,248,62.6,0.2525,0.2621,183,0.0143,0.9231,22,0.0455,0.0,8,0.5,0.0,0.0,0.0121,54.0,False
leg:4290f0c6af2e,MARTÍNEZ Darío,diputados,FRENTE DE TODOS; FRENTE PARA LA VICTORIA,2016,2020,551,139.0,0.2523,0.2722,401,0.0511,0.7901,31,0.129,0.0,100,0.1522,0.0593,0.0018,0.0091,69.0,False
leg:63a0e9bbdb51,"ARTOLA, Isabel Amanda",diputados,FRENTE PARA LA VICTORIA; FRENTE POPULAR BONAERENSE,2003,2007,606,152.7,0.252,0.2277,468,0.0947,0.7856,11,0.0909,0.0,415,0.2487,0.0369,0.0,0.0677,114.0,False
leg:ab382e4459b1,"MARTINEZ, Julio César",diputados+senado,UCR,2003,2023,1858,467.9,0.2518,0.3326,1240,0.1252,0.5059,295,0.2284,0.1105,62,0.4839,0.1379,0.0,0.0398,38.0,False
leg:ef2f29a74df2,"DRISALDI, María Rita",diputados,JUSTICIALISTA,2001,2001,24,6.0,0.2517,0.4583,13,0.2338,0.2727,4,0.0,0.0,24,0.2517,0.2338,0.0,0.0833,100.0,False
leg:27c3b1cf0727,"MERLO de RUIZ, María Celestina",diputados,JUSTICIALISTA,2001,2001,24,6.0,0.2517,0.7083,7,0.0,0.3553,4,0.25,,24,0.2517,0.0,0.0,0.0833,100.0,True
leg:2bf12a27df14,"SAPAG, Luz María",senado,MOVIMIENTO POPULAR NEUQUINO,2004,2007,1005,253.0,0.2517,0.5194,483,0.2184,0.2826,13,0.3846,0.4,348,0.2874,0.3247,0.0,0.5035,2.0,False
leg:7b5ab7bce6cd,MOLAS Pedro Omar,diputados,DEL BICENTENARIO; FRENTE CIVICO Y SOCIAL DE CATAMARCA; UCR,2010,2013,376,94.5,0.2513,0.4069,223,0.1637,0.3791,69,0.087,0.0385,254,0.2441,0.2368,0.0,0.3324,2.0,False
leg:b475cf9ec101,"SALVATORI, Pedro",diputados+senado,MOVIMIENTO POPULAR NEUQUINO,2001,2007,1029,258.5,0.2512,0.4247,592,0.2686,0.2277,17,0.3235,0.4286,348,0.2874,0.328,0.0,0.5024,2.0,False
leg:f0218ccf493c,"ALVAREZ, Juan José",diputados,JUSTICIALISTA; JUSTICIALISTA NACIONAL; NUCLEO UNIDAD PERONISTA; PERONISTA,2003,2011,1272,319.1,0.2508,0.5299,598,0.2537,0.2483,221,0.1186,0.1186,104,0.3638,0.1061,0.0094,0.1022,11.0,False
leg:534e5c277a29,ROGEL Fabián Dulio,diputados,UCR,2011,2015,476,119.4,0.2508,0.395,288,0.0757,0.5192,78,0.2509,0.0714,204,0.268,0.0552,0.0,0.0294,37.0,False
leg:b3ecb0077df8,ROSSI Blanca Araceli,diputados,UNIDOS POR UNA NUEVA ARGENTINA; UNION POR CORDOBA,2014,2017,511,128.1,0.2507,0.0313,495,0.2588,0.0,32,0.2812,0.3,307,0.0589,0.0589,0.002,0.0039,29.0,False
leg:0e605caf31ce,"BURZACO, Eugenio",diputados,PRO,2005,2009,842,211.0,0.2505,0.5071,415,0.1321,0.3657,11,0.0909,0.0,251,0.2997,0.1219,0.0,0.0309,11.0,False
leg:700c3f751508,MORALES Mariana Elizabet,diputados,UNIDOS POR UNA NUEVA ARGENTINA,2016,2019,520,130.3,0.2505,0.2981,365,0.025,0.7815,24,0.4167,0.0,174,0.0817,0.0448,0.0,0.025,29.0,False
leg:7c7a458ca104,"SARGHINI, Jorge Emilio",diputados,CONSENSO FEDERAL; FRENTE DE TODOS; JUSTICIALISTA; JUSTICIALISTA NACIONAL,2003,2021,987,247.3,0.2505,0.4002,592,0.3213,0.1444,125,0.3,0.3086,8,0.125,0.125,0.0193,0.0729,11.0,False
leg:74ccded7b911,"MANSUR, Ricardo Alfredo",diputados,UCR,2010,2011,104,26.0,0.25,0.2596,77,0.039,0.8519,14,0.0714,0.0833,104,0.25,0.039,0.0,0.0,43.0,False
leg:7c44cc8b57e0,"Figueroa, Alcira Elsa",diputados,FRENTE DE TODOS,2020,2021,4,1.0,0.25,0.25,3,0.0,1.0,0,,,4,0.25,0.0,0.0,0.0,109.0,False
leg:298a4f9c7ef4,"IRRAZABAL, Juan Manuel",diputados+senado,FRENTE PARA LA VICTORIA; JUSTICIALISTA; JUSTICIALISTA-FRENTE PARA LA VICTORIA,2003,2017,2002,499.6,0.2496,0.2348,1532,0.029,0.9686,225,0.2426,0.039,280,0.1813,0.0496,0.0005,0.015,85.0,False
leg:eae8d17631d3,"Velazquez, M. Elena",diputados,UNION POR LA PATRIA,2025,2026,136,33.9,0.2494,0.25,102,0.0,0.9974,21,0.0,0.0,136,0.2494,0.0,0.0,0.0074,92.0,False
leg:f0d101488119,SOLÁ Felipe Carlos,diputados,COALICION CIVICA; FRENTE DE TODOS; FRENTE PARA LA VICTORIA; FRENTE RENOVADOR,2007,2019,1257,313.2,0.2492,0.3015,878,0.1158,0.5582,120,0.2542,0.1646,174,0.3004,0.0309,0.0263,0.0302,17.0,False
leg:3de261354d43,"PICAZO, Sarah Ana",diputados,UCR,2001,2003,106,26.3,0.2478,0.2358,81,0.1626,0.5237,21,0.2652,0.1879,82,0.2996,0.2013,0.0,0.066,65.0,False
leg:62cb5934e474,"Snopek, Guillermo",diputados+senado,FRENTE DE TODOS; FRENTE NACIONAL Y POPULAR; JUSTICIALISTA; UNIDAD FEDERAL,2016,2026,1102,273.1,0.2478,0.2532,823,0.043,0.852,88,0.3202,0.012,233,0.2148,0.0111,0.0018,0.0091,41.0,False
leg:f389373591ea,"DE NUCCIO, Fabián",diputados,A.R.I; ALIANZA; FRENTE GRANDE,2002,2005,217,53.8,0.2477,0.212,171,0.1565,0.587,22,0.2727,0.0,132,0.2844,0.1818,0.0,0.0645,11.0,False
leg:4baa8d1b5de6,"NIKISCH, Roy Abelardo",senado,UCR,2007,2013,898,222.2,0.2475,0.2739,652,0.0874,0.6716,21,0.0714,0.025,257,0.3739,0.2622,0.0,0.0579,14.0,False
leg:efe091ebb9a3,"MOISES, Julio Carlos",diputados,INTERBLOQUE ACCION POR LA REPUBLIICA; JUSTICIALISTA,2002,2003,82,20.3,0.2472,0.1463,70,0.125,0.9597,17,0.2127,0.044,82,0.2472,0.125,0.0122,0.0732,114.0,False
leg:a1b44ce16369,"CANTOS, José María",diputados,FRENTE PARA LA VICTORIA; JUSTICIALISTA,2003,2007,711,175.6,0.2469,0.2307,547,0.0258,0.9844,11,0.1641,0.1,520,0.2835,0.0329,0.0,0.0183,114.0,False
leg:096a35127ae6,"NERI, Aldo",diputados,ALIANZA; UCR,2002,2005,217,53.6,0.2468,0.2212,169,0.098,0.7708,22,0.1678,0.0364,132,0.303,0.0729,0.0,0.0276,44.0,False
leg:dec6d246a99d,"GASTAÑAGA, Graciela Ines",diputados,UCR,2001,2003,106,26.1,0.2467,0.2547,79,0.1714,0.467,21,0.5509,0.4452,82,0.2503,0.1883,0.0,0.066,65.0,False
leg:a0c566cb28a5,"NIEVA, Alejandro Mario",diputados,UCR,2001,2009,974,239.4,0.2458,0.3234,659,0.1814,0.3805,36,0.1038,0.0224,142,0.1869,0.0408,0.0,0.0441,39.0,False
leg:1975d948dc0e,FRANA Silvina Patricia,diputados,FRENTE PARA LA VICTORIA,2016,2019,520,127.6,0.2454,0.2692,380,0.0606,0.7469,24,0.125,0.0455,174,0.3136,0.0354,0.0019,0.0096,69.0,False
leg:48093ab63157,GARRETÓN Facundo,diputados,PRO,2016,2019,520,127.3,0.2449,0.2308,400,0.0231,0.984,24,0.1667,0.0476,174,0.1648,0.0505,0.0,0.0135,41.0,False
leg:ee83389af33a,"ALFARO, Germán Enrique",diputados,FRENTE PARA LA VICTORIA; NO INTEGRA BLOQUE,2007,2011,370,90.5,0.2447,0.2432,280,0.0357,0.8948,27,0.037,0.04,95,0.0421,0.0111,0.0,0.0027,107.0,False
leg:6ca63a31e644,CHEMES Jorge Omar,diputados,UCR,2010,2013,376,91.9,0.2445,0.3723,236,0.0953,0.4959,69,0.3284,0.1395,254,0.3186,0.1352,0.0,0.0293,38.0,False
leg:2db33d715133,GONZÁLEZ Álvaro Gustavo,diputados,PRO,2016,2026,982,240.0,0.2444,0.2067,779,0.0702,0.9127,101,0.396,0.2,233,0.3995,0.2312,0.0,0.0112,40.0,False
leg:67bb2f08a755,"FLORES, Héctor",diputados,COALICION CIVICA,2007,2020,609,148.7,0.2442,0.3777,379,0.04,0.5806,36,0.3056,0.0,100,0.44,0.1613,0.0,0.0328,18.0,False
leg:ad573a2f0414,BALDASSI Héctor Walter,diputados,PRO,2014,2025,1050,256.3,0.2441,0.2229,816,0.0653,0.8677,103,0.2718,0.131,274,0.5216,0.2305,0.0,0.02,40.0,False
leg:70a4df6a8f69,"CASTALDO, Norah Susana",diputados,UCR,2009,2011,211,51.5,0.2441,0.2607,156,0.2147,0.3273,22,0.0909,0.1111,104,0.2308,0.1034,0.0,0.0237,29.0,False
leg:a637399412c4,DOÑATE Claudio Martín,diputados+senado,FRENTE DE TODOS; FRENTE PARA LA VICTORIA; UNIDAD CIUDADANA,2016,2025,886,216.1,0.2439,0.2754,642,0.0273,0.8138,40,0.2,0.0323,122,0.1148,0.0,0.0023,0.0056,64.0,False
leg:c28a5fc9a97d,"ARGÜELLO, Octavio",diputados,FRENTE PARA LA VICTORIA,2007,2011,379,92.4,0.2438,0.2427,287,0.0099,0.9731,28,0.3214,0.0526,104,0.4505,0.0492,0.0,0.0053,107.0,False
leg:99f8538a141f,"TORELLO, JOSÉ MARÍA",senado,FRENTE PRO,2022,2023,62,15.1,0.2437,0.4839,32,0.0729,0.4259,6,0.1667,0.0,62,0.2437,0.0729,0.0,0.1129,9.0,False
leg:ab82ae4a0f26,"BREARD, Noel Eugenio",diputados,ALIANZA; UCR,2002,2005,217,52.8,0.2435,0.1106,193,0.2012,0.5833,22,0.079,0.0352,132,0.2348,0.1901,0.0,0.0276,44.0,False
leg:28ecb19ad84d,"MARINO, Juan Carlos",senado,UCR,2004,2021,2664,648.5,0.2434,0.2992,1867,0.0269,0.7506,41,0.0889,0.0,177,0.2813,0.0212,0.0,0.0304,13.0,False
leg:504375ce02aa,"TORRONTEGUI, María Angélica",diputados,FRENTE DEL MOVIMIENTO POPULAR; FRENTE JUSTICIA UNION Y LIBERTAD; JUSTICIALISTA; JUSTICIALISTA NACIONAL,2002,2009,924,224.2,0.2426,0.4989,463,0.2882,0.1969,28,0.419,0.2059,251,0.1713,0.1063,0.0866,0.0844,5.0,False
leg:9f305190d434,CABALLERO Alejandra Alcira,diputados,PRO,2019,2019,33,8.0,0.2424,0.1212,29,0.1379,1.0,1,0.0,0.0,33,0.2424,0.1379,0.0,0.0606,54.0,False
leg:08938ec3e04f,BRÜGGE Juan Fernando,diputados,CORDOBA FEDERAL; PROVINCIAS UNIDAS; UNIDOS POR UNA NUEVA ARGENTINA,2016,2026,930,225.4,0.2424,0.1538,787,0.1466,0.7698,93,0.2566,0.215,233,0.2701,0.1987,0.0258,0.1129,12.0,False
leg:e166f3c9992b,"Calletti, Pamela",diputados,INNOVACION FEDERAL,2022,2025,291,70.4,0.2421,0.2612,215,0.2357,0.2602,49,0.1542,0.1265,274,0.2352,0.2397,0.0,0.0997,9.0,False
leg:1b79f9a5c4c7,"BASTEIRO, Sergio Ariel",diputados,A.R.I; ENCUENTRO POPULAR Y SOCIAL; NO INTEGRA BLOQUE; NUEVO ENCUENTRO POPULAR Y SOLIDARIO,2002,2011,691,167.2,0.242,0.2243,536,0.1674,0.5,145,0.0621,0.0312,104,0.2462,0.15,0.0116,0.0796,5.0,False
leg:10441e96987c,"DELICH, Francisco",diputados,PARTIDO NUEVO; PARTIDO NUEVO CONTRA LA CORRUPCION,2005,2009,842,203.8,0.242,0.3599,539,0.159,0.3898,11,0.3182,0.1429,251,0.3108,0.2355,0.0,0.2102,5.0,False
leg:7ee28ba0f9da,NUÑEZ José Carlos,diputados,PRO; PROVINCIAS UNIDAS,2016,2026,982,237.4,0.2418,0.1395,845,0.1601,0.7455,101,0.3526,0.2909,233,0.579,0.5156,0.0,0.1079,40.0,False
leg:28c5555fba0f,"LANCETA, Rubén Orfel",diputados,UCR,2007,2011,379,91.6,0.2418,0.2929,268,0.157,0.4464,28,0.127,0.1,104,0.2115,0.0128,0.0,0.0396,24.0,False
leg:ec1a4a160fda,"AGUERO, Elda Susana",diputados,FRENTE PARA LA VICTORIA; JUSTICIALISTA; PERONISTA FEDERAL,2002,2007,793,191.6,0.2417,0.203,632,0.0579,0.963,28,0.1866,0.0511,520,0.2577,0.0527,0.0013,0.0277,114.0,False
leg:21479eeb8055,KICILLOF Axel,diputados,FRENTE PARA LA VICTORIA,2016,2019,520,125.6,0.2415,0.2712,379,0.0449,0.7699,24,0.0,0.0,174,0.4458,0.044,0.0019,0.0096,69.0,False
leg:6e83d18000dc,"COIRINI, Adriana Elsa",diputados,PERONISTA FEDERAL,2005,2007,571,137.9,0.2414,0.289,406,0.1116,0.5608,5,0.2,0.0,520,0.2513,0.1121,0.0525,0.0088,20.0,False
leg:e8479cf65fc1,"DAUD, Jorge Carlos",diputados,FRENTE PARA LA VICTORIA; JUSTICIALISTA,2002,2007,793,191.2,0.2412,0.232,609,0.0221,0.9663,28,0.19,0.0255,520,0.3406,0.0221,0.0013,0.024,114.0,False
leg:60e21d7a21c8,BEVILACQUA Gustavo,diputados,UNIDOS POR UNA NUEVA ARGENTINA,2016,2019,520,125.3,0.2409,0.2135,409,0.0898,0.7978,24,0.1667,0.0909,174,0.191,0.1231,0.0,0.025,29.0,False
leg:f5408eaa4296,"NARDUCCI, Alicia Isabel",diputados,JUSTICIALISTA,2002,2005,217,52.2,0.2407,0.212,171,0.0436,0.9732,22,0.3744,0.2353,132,0.1797,0.0156,0.0046,0.0415,128.0,False
leg:1b3236f9cb75,RODRIGUEZ Matías David,diputados+senado,FRENTE DE TODOS; FRENTE PARA LA VICTORIA; UNIDAD CIUDADANA,2016,2023,764,183.8,0.2406,0.2814,549,0.0182,0.8083,30,0.2,0.0,62,0.0968,0.0,0.0013,0.0065,64.0,False
leg:9d948bc0a7c1,"GIOJA, César Ambrosio",senado,JUSTICIALISTA; JUSTICIALISTA-FRENTE PARA LA VICTORIA,2005,2011,974,234.1,0.2404,0.2361,744,0.0148,0.9702,24,0.0833,0.0833,216,0.338,0.0417,0.0072,0.0021,41.0,False
leg:b794ed2d3645,MOREAU Leopoldo Raúl Guido,diputados,ALIANZA; FRENTE DE TODOS; FRENTE PARA LA VICTORIA; UCR,2002,2020,286,68.8,0.2404,0.2552,213,0.0328,0.8463,31,0.2481,0.0,100,0.2422,0.0424,0.0035,0.028,64.0,False
leg:95275504683a,"CORREA, Elsa Haydee",diputados,JUSTICIALISTA,2001,2003,106,25.5,0.2402,0.2075,84,0.1518,0.578,21,0.2214,0.0464,82,0.2735,0.1485,0.0094,0.0755,114.0,False
leg:a90daba8464f,"IPARRAGUIRRE, Carlos Raúl",diputados,UCR,2001,2003,106,25.5,0.2401,0.2453,80,0.1471,0.5263,21,0.2176,0.0872,82,0.2533,0.1512,0.0,0.066,65.0,False
leg:d3ed942ead63,TONELLI Pablo Gabriel,diputados,PARTIDO BLOQUISTA DE SAN JUAN; PRO,2005,2023,1722,413.4,0.2401,0.2485,1294,0.1711,0.4487,214,0.2925,0.252,17,0.3529,0.0,0.0,0.0267,12.0,False
leg:533cbe8a0a12,"PEREZ, José Adrián",diputados,A.R.I; COALICION CIVICA; FRENTE RENOVADOR,2003,2015,1259,302.0,0.2399,0.3384,833,0.087,0.539,27,0.1111,0.0,183,0.1295,0.1438,0.0,0.0349,14.0,False
leg:12a100126900,LLARYORA Martín Miguel,diputados,CORDOBA FEDERAL,2017,2019,213,51.0,0.2394,0.3568,137,0.0255,0.625,15,0.1333,0.0,174,0.273,0.0198,0.1127,0.0188,4.0,False
leg:2a71a93f20d6,"Bordet, Gustavo",diputados,UNION POR LA PATRIA,2024,2026,410,98.1,0.2392,0.2415,311,0.0034,0.9798,69,0.1449,0.0,233,0.1633,0.0054,0.0,0.0049,93.0,False
leg:c72f492e8ea2,"GONZALEZ, María América",diputados,A.R.I; A.R.I AUTONOMO 8 +; FRENTE GRANDE; FREPASO,2001,2009,1083,258.9,0.239,0.2142,851,0.1378,0.6104,37,0.0946,0.0429,251,0.1355,0.1009,0.0028,0.0434,13.0,False
leg:f5f73e68d95e,CORTINA Roy,diputados,PARTIDO SOCIALISTA,2007,2015,855,204.0,0.2386,0.3708,538,0.0353,0.5836,106,0.2311,0.0429,204,0.152,0.0166,0.0573,0.014,8.0,False
leg:6a775690ac56,"CASERIO, Carlos Alberto",diputados+senado,FRENTE DE TODOS; FRENTE PARA LA VICTORIA; JUSTICIALISTA; UNION POR CORDOBA,2003,2021,1698,405.0,0.2385,0.3522,1100,0.0194,0.6417,222,0.0229,0.0041,177,0.113,0.0,0.0,0.0188,41.0,False
leg:e8b321bc6021,"ARTAZA, Eugenio Justiniano",senado,UCR,2010,2015,666,158.8,0.2384,0.2703,486,0.1265,0.5403,19,0.1316,0.1389,150,0.3439,0.1104,0.0,0.0781,14.0,False
leg:5210814f411a,FABIANI Eduardo Alberto,diputados,FRENTE RENOVADOR; JUNTOS POR ARGENTINA; PARTIDO DEMOCRATA PROGRESISTA; SOCIAL CRISTIANO,2014,2017,511,121.3,0.2375,0.1898,414,0.159,0.5722,32,0.1927,0.1722,307,0.2497,0.1289,0.09,0.0724,4.0,False
leg:ce4466f38536,"TEJERINA, Julio Alberto",diputados,UCR,2001,2001,24,5.7,0.2374,0.125,21,0.1284,1.0,4,0.0,0.0,24,0.2374,0.1284,0.0,0.0417,78.0,False
leg:4a5411ff0445,"ALVAREZ RODRIGUEZ, Cristina",diputados,FRENTE DE TODOS; FRENTE PARA LA VICTORIA; JUSTICIALISTA,2005,2021,1229,291.8,0.2374,0.2465,926,0.036,0.853,135,0.1778,0.01,8,0.0,0.0,0.0374,0.0122,78.0,False
leg:55a89b1dc49d,"BAGLINI, Raúl Eduardo",diputados,UCR,2001,2001,24,5.7,0.2374,0.2083,19,0.0367,1.0,4,0.25,0.0,24,0.2374,0.0367,0.0,0.0417,78.0,False
leg:e8ac4c468eeb,"GINZBURG, Nora",diputados,BLOQUE UNIPERSONAL; FRENTE POR LOS DERECHOS CIUDADANOS; NO INTEGRA BLOQUE; PRO,2005,2009,842,199.6,0.237,0.5226,402,0.1905,0.2795,11,0.1818,0.0,251,0.0139,0.0172,0.0,0.0463,11.0,False
leg:65e3177822c9,SORIA María Emilia,diputados,FRENTE PARA LA VICTORIA,2014,2019,724,171.6,0.237,0.2514,542,0.0397,0.8245,47,0.2128,0.0,174,0.3366,0.0321,0.0014,0.0069,69.0,False
leg:4ecfcd328f66,"NOFAL, Beatriz",diputados,UCR,2001,2001,24,5.7,0.2368,0.2083,19,0.036,1.0,4,0.0,0.0,24,0.2368,0.036,0.0,0.0417,78.0,False
leg:b641e66ee085,"BRANDONI, Adalberto Luis",diputados,UCR,2001,2001,24,5.7,0.2368,0.2083,19,0.0526,0.9368,4,0.0,0.0,24,0.2368,0.0526,0.0,0.0417,78.0,False
leg:88a5b8a3839a,DE PRAT GAY Alfonso,diputados,COALICION CIVICA; DIALOGO Y TRABAJO,2010,2013,376,88.9,0.2366,0.3883,230,0.2552,0.2072,69,0.3285,0.366,254,0.2703,0.4173,0.0,0.0691,6.0,False
leg:c103c1e4186f,"ABALOS, Roberto",diputados,ALIANZA; UCR,2002,2005,217,51.3,0.2363,0.2488,163,0.0803,0.7072,22,0.1622,0.03,132,0.2197,0.0826,0.0,0.0276,44.0,False
leg:8dee599f8a2f,"OBIGLIO, Julián Martín",diputados,PARTIDO BLOQUISTA DE SAN JUAN; PRO,2007,2013,710,167.6,0.236,0.2887,505,0.2634,0.1686,89,0.2431,0.2888,254,0.2244,0.331,0.0,0.0225,11.0,False
leg:a8992479c35b,"BERTOL, Paula María",diputados,PARTIDO BLOQUISTA DE SAN JUAN; PRO,2005,2013,1325,312.3,0.2357,0.3525,858,0.2253,0.2549,187,0.1991,0.1978,254,0.2362,0.3071,0.0,0.0325,11.0,False
leg:9409c6d3d112,DE MENDIGUREN José Ignacio,diputados,FRENTE DE TODOS; FRENTE RENOVADOR; UNIDOS POR UNA NUEVA ARGENTINA,2014,2021,759,178.8,0.2356,0.3412,500,0.0408,0.6117,54,0.1111,0.0465,8,1.0,,0.0013,0.0224,17.0,False
leg:49ba79a97ad0,"GEREZ, Elda Ramona",diputados,PARTIDO SOCIALISTA,2007,2009,266,62.5,0.235,0.2218,207,0.0652,0.8305,5,0.0,0.0,251,0.247,0.0674,0.0,0.0338,10.0,False
leg:9691e1bccb58,"SEREBRINSKY, Gustavo Eduardo",diputados,DE LA CONCERTACION; UCR,2007,2011,379,89.0,0.2348,0.2296,292,0.089,0.7241,28,0.3393,0.34,104,0.2596,0.039,0.0818,0.0053,10.0,False
leg:b66a10a91429,"DEL RICCIO, Ana María del Carmen",diputados,FRENTE PARA LA VICTORIA; JUSTICIALISTA,2005,2006,111,26.0,0.2342,0.2342,85,0.0,1.0,4,0.0,0.0,111,0.2342,0.0,0.0,0.0,113.0,False
leg:465b662c3a58,"GARCIA de CANO, Maria Isabel",diputados,UCR,2001,2001,24,5.6,0.2341,0.125,21,0.1247,1.0,4,0.25,0.25,24,0.2341,0.1247,0.0,0.0417,78.0,False
leg:24603d4cc9b5,LOUSTEAU Martín,diputados+senado,EVOLUCION RADICAL; PROVINCIAS UNIDAS; SUMA + UNEN; UCR,2014,2026,919,213.8,0.2327,0.3395,607,0.0682,0.5527,75,0.1477,0.0822,213,0.2682,0.1603,0.0,0.1164,13.0,False
leg:709c8085d6c0,"PEPE, Lorenzo Antonio",diputados,JUSTICIALISTA,2001,2003,106,24.6,0.2324,0.283,76,0.0788,0.6215,21,0.2198,0.1078,82,0.2389,0.069,0.0094,0.0755,114.0,False
leg:c4556e55cff1,"CESAR, Nora",diputados,FRENTE PARA LA VICTORIA; JUSTICIALISTA,2005,2009,842,195.7,0.2324,0.2078,667,0.0379,0.9738,11,0.0909,0.0,251,0.1773,0.044,0.0,0.0131,114.0,False
leg:dc649fd61af8,"Picat, Luis Albino",diputados,LA LIBERTAD AVANZA,2024,2026,410,95.2,0.2322,0.2146,322,0.0373,0.9453,69,0.1449,0.0169,233,0.1588,0.0052,0.0,0.0049,48.0,False
leg:0c0e5154d55d,TRIACA Alberto Jorge,diputados,PARTIDO BLOQUISTA DE SAN JUAN; PRO,2010,2015,580,134.6,0.2321,0.5276,274,0.0511,0.3942,92,0.1917,0.087,204,0.3039,0.0265,0.0,0.019,11.0,False
leg:1e668039f9d6,RASINO Elida Elena,diputados,PARTIDO SOCIALISTA,2011,2015,476,110.5,0.2321,0.4433,265,0.0434,0.4692,78,0.2244,0.0849,204,0.2745,0.0647,0.0819,0.0063,6.0,False
leg:02cac82a6d55,"Antola, Marcela",diputados,DEMOCRACIA PARA SIEMPRE,2022,2025,291,67.5,0.232,0.1753,240,0.109,0.8105,49,0.3719,0.1901,274,0.2445,0.1151,0.0,0.0378,9.0,False
leg:f2da13e826a7,"FERNANDEZ, Nicolás Alejandro",diputados+senado,JUSTICIALISTA; JUSTICIALISTA-FRENTE PARA LA VICTORIA,2001,2011,1637,379.7,0.232,0.2413,1242,0.0097,0.9309,37,0.0,0.0,216,0.3333,0.0,0.0043,0.0092,41.0,False
leg:61264e68bce3,"CUSINATO, José César Gustavo",diputados,UCR,2002,2011,691,160.2,0.2319,0.3111,476,0.0964,0.5319,145,0.2279,0.0774,104,0.2404,0.1034,0.0,0.0434,28.0,False
leg:d583d2d92607,"TORRES, IGNACIO AGUSTÍN",diputados+senado,FRENTE PRO; JUNTOS POR EL CAMBIO CHUBUT; PRO,2019,2023,99,22.9,0.2312,0.3434,65,0.1043,0.4739,13,0.0,0.0,62,0.3692,0.2186,0.0,0.0707,9.0,False
leg:3571ccfe588e,RUARTE Adriana Noemi,diputados,PRO,2019,2023,52,12.0,0.2308,0.3077,36,0.0,0.75,8,0.0,0.0,17,0.2941,0.0,0.0,0.0,50.0,False
leg:6801a4793f51,ALDERETE Juan Carlos,diputados,FRENTE DE TODOS,2019,2023,52,12.0,0.2308,0.2115,41,0.0244,1.0,8,0.0,0.0,17,0.5294,0.1111,0.0,0.0,118.0,False
leg:6b5bb99151e8,"RUIZ, Ramón",diputados,FRENTE PARA LA VICTORIA,2007,2010,323,74.5,0.2307,0.2291,249,0.012,0.9666,23,0.3478,0.0,176,0.3553,0.0,0.0,0.0031,114.0,False
leg:61feddbb6afe,"STELLA, Anibal Jesus",diputados,JUSTICIALISTA; PERONISTA FEDERAL,2004,2007,659,152.0,0.2307,0.1851,537,0.1463,0.6023,8,0.4512,0.1219,520,0.2106,0.1724,0.0455,0.0121,20.0,False
leg:1ad5570f0198,MAC ALLISTER Carlos Javier,diputados,PRO,2014,2015,204,47.0,0.2304,0.25,153,0.0784,0.6863,23,0.1304,0.0,204,0.2304,0.0784,0.0,0.049,18.0,False
leg:7599174012e5,"CORDOBA, Stella Maris",diputados,FRENTE PARA LA VICTORIA; JUSTICIALISTA,2002,2013,1637,377.0,0.2303,0.1936,1320,0.0504,0.9797,304,0.2119,0.0527,254,0.0637,0.005,0.0018,0.0147,114.0,False
leg:0d6fccfb74c5,MORALES Flavia,diputados,FRENTE DE LA CONCORDIA MISIONERO,2017,2021,248,57.0,0.2298,0.3185,169,0.0059,0.7089,22,0.3636,0.0,8,0.0,0.0,0.0,0.0,5.0,False
leg:ed0a431c6917,"MARTINI, Hugo",diputados,PRO; RECREAR,2003,2007,711,163.0,0.2293,0.4768,372,0.1521,0.314,11,0.0909,0.0,520,0.303,0.2044,0.0,0.0183,11.0,False
leg:d10cf85e9e3f,"GARCIA HAMILTON, José Ignacio",diputados,UCR,2007,2009,168,38.5,0.2291,0.256,125,0.1279,0.5233,6,0.1574,0.1889,153,0.245,0.144,0.0,0.0595,24.0,False
leg:67fc727a1a17,"DRAGAN, Marcelo Luis",diputados,ACCION POR LA REPUBLICA; UNION POR ARGENTINA,2001,2003,106,24.3,0.2291,0.4151,62,0.1406,0.3539,21,0.4286,0.2727,82,0.2448,0.1591,0.0,0.3396,2.0,False
leg:7eaf28fdd7b3,"DAHER, Zulema Beatriz",diputados,COALICION CIVICA; FRENTE PARA LA VICTORIA; JUSTICIALISTA; PERONISMO FEDERAL,2001,2011,1404,321.6,0.2291,0.2543,1047,0.0859,0.649,268,0.0457,0.0479,104,0.135,0.1076,0.01,0.0178,113.0,False
leg:ebf52dbd99eb,NEGRI Mario Raúl,diputados,UCR,1994,2023,2006,455.8,0.2272,0.3933,1217,0.0488,0.5024,348,0.2563,0.0237,17,0.2101,0.0408,0.0,0.0344,38.0,False
leg:5a40e2ac864d,"DIAZ, Susana Eladia",diputados,FRENTE PARA LA VICTORIA; JUSTICIALISTA,2003,2011,1263,284.8,0.2255,0.1956,1016,0.0444,0.9702,220,0.1708,0.0307,95,0.1368,0.0476,0.0008,0.0111,113.0,False
leg:7f98347e17f2,"ZOTTOS, Miguel Andrés Costas",diputados,JUSTICIALISTA; RENOVADOR DE SALTA,2002,2020,1015,228.8,0.2254,0.3655,644,0.1756,0.3118,50,0.2726,0.2063,100,0.1856,0.231,0.0158,0.3291,2.0,False
leg:9a684aef8738,"GUERCI de SIUFI, Beatriz Elvira",diputados,UCR,2009,2009,109,24.5,0.2252,0.5596,48,0.3125,0.1564,1,0.0,0.0,109,0.2252,0.3125,0.0,0.0459,24.0,False
leg:e435ebfee289,"MANSILLA, Sergio Francisco",senado,FRENTE PARA LA VICTORIA; JUSTICIALISTA-FRENTE PARA LA VICTORIA,2010,2015,666,150.0,0.2252,0.2237,517,0.0116,0.9664,19,0.2105,0.0,150,0.4133,0.0,0.0105,0.0,32.0,False
leg:697e6d15d718,"LANZA, José Luis",diputados,FREPASO,2001,2001,24,5.4,0.2246,0.125,21,0.1801,0.5357,4,0.0,0.0,24,0.2246,0.1801,0.0,0.2917,29.0,False
leg:1a3f94202854,"JUEZ, Luís Alfredo",diputados+senado,FRENTE CIVICO DE CORDOBA; FRENTE PRO; LA LIBERTAD AVANZA; PRO,2010,2026,1010,226.5,0.2243,0.4228,583,0.1232,0.3622,50,0.15,0.0132,200,0.176,0.0713,0.0,0.2911,2.0,False
leg:9439ae9bb801,"MULLER, Mabel Hilda",diputados+senado,FRENTE PARA LA VICTORIA; FRENTE RENOVADOR; JUSTICIALISTA; PERONISTA FEDERAL,1994,2013,1925,431.1,0.224,0.2026,1535,0.0958,0.7283,227,0.1605,0.139,254,0.4961,0.3196,0.0156,0.0182,38.0,False
leg:c2ac5948b853,"MEDIZA, Heriberto Eloy",diputados,FRENTE PARA LA VICTORIA; JUSTICIALISTA,2003,2007,711,159.0,0.2237,0.2011,568,0.0337,0.9782,11,0.0732,0.0,520,0.2226,0.0247,0.0,0.0183,114.0,False
leg:3d537dc379b2,"Abad, Maximiliano",senado,UCR,2024,2026,245,54.7,0.2232,0.1469,209,0.1038,0.9167,18,0.1496,0.1795,200,0.1835,0.1137,0.0,0.0041,10.0,False
leg:d96440a34115,"PEYROU, Alejandro Apolinario",diputados,FREPASO,2001,2001,24,5.4,0.2232,0.0417,23,0.2329,0.0,4,0.0,0.0,24,0.2232,0.2329,0.0,0.2917,29.0,False
leg:26ec15cf6bc4,"SCARPIN, DIONISIO FERNANDO",senado,UCR,2021,2023,64,14.3,0.2231,0.3281,43,0.0646,0.5476,6,0.0,0.0,62,0.2303,0.0646,0.0,0.0625,18.0,False
leg:2b45d7ad284e,"BRAVO, Alfredo Pedro",diputados,A.R.I; PARTIDO SOCIALISTA,2001,2003,74,16.5,0.223,0.2297,57,0.1053,0.6176,13,0.1538,0.0833,50,0.23,0.0556,0.0,0.0135,14.0,False
leg:7067fc7bf07b,GUERIN María Isabel,diputados,FRENTE PARA LA VICTORIA,2016,2019,520,115.8,0.2228,0.2442,393,0.0503,0.7565,24,0.1667,0.0,174,0.3078,0.018,0.0019,0.0096,69.0,False
leg:cd8dd40d6056,"MORANDINI, Norma Elena",diputados+senado,FRENTE CIVICO DE CORDOBA; MEMORIA Y DEMOCRACIA; PARTIDO NUEVO; PARTIDO NUEVO CONTRA LA CORRUPCION,2005,2015,1508,336.1,0.2228,0.3521,977,0.2221,0.2243,30,0.1083,0.1204,150,0.2333,0.2783,0.0,0.1969,2.0,False
leg:1b70c2dc1d83,SEMHAN María de las Mercedes,diputados,UCR,2014,2017,511,113.8,0.2228,0.2407,388,0.034,0.8182,32,0.1762,0.0,307,0.2029,0.0068,0.0,0.0098,36.0,False
leg:9777e0ec1f83,"TAPIA, MARÍA BELÉN",senado,UCR,2017,2023,385,85.8,0.2228,0.3169,263,0.0158,0.6693,10,0.0,0.0,62,0.3262,0.0,0.0,0.0364,14.0,False
leg:e61fc5578898,"RUBINI, Mirta Elsa",diputados,JUSTICIALISTA,2002,2005,217,48.3,0.2227,0.2028,173,0.0318,0.9736,22,0.1482,0.063,132,0.1808,0.0201,0.0046,0.0415,128.0,False
leg:99d57a8cb41b,"GORVEIN, Diego Rodolfo",diputados,JUSTICIALISTA,2001,2001,24,5.3,0.2225,0.3333,16,0.2712,0.125,4,0.0,0.0,24,0.2225,0.2712,0.0,0.0833,100.0,False
leg:fbdfef09e7c2,"BOSCH de SARTORI, Irene Miriam",diputados,CONVERGENCIA; FRENTE PARA LA VICTORIA; FRENTE RENOVADOR,2003,2007,711,158.1,0.2224,0.1027,638,0.1488,0.8658,11,0.25,0.275,520,0.1824,0.0755,0.0,0.1589,113.0,False
leg:1b570020e4fb,"GUINLE, Marcelo Alejandro",senado,FRENTE PARA LA VICTORIA; JUSTICIALISTA; JUSTICIALISTA-FRENTE PARA LA VICTORIA,2004,2015,2063,458.1,0.222,0.2109,1628,0.0199,0.9785,35,0.2857,0.1935,150,0.3867,0.0,0.0034,0.0063,40.0,False
leg:cc57d2339b98,"PEREYRA, Guillermo Antonio",diputados,FRENTE PARA LA VICTORIA,2007,2011,379,84.1,0.2219,0.2243,294,0.0068,0.966,28,0.1429,0.0417,104,0.3422,0.0294,0.0,0.0053,107.0,False
leg:07d3120e44cd,"HERRERA, Griselda Noemí",diputados,F.F.J. AZUL Y BLANCO; FRENTE PARA LA VICTORIA; JUSTICIALISTA,2002,2015,1737,384.4,0.2213,0.1819,1421,0.0534,0.9763,313,0.2326,0.0803,204,0.1176,0.011,0.0017,0.0127,113.0,False
leg:8f3cb98448bc,"PEREYRA, GUILLERMO JUAN",senado,MOVIMIENTO POPULAR NEUQUINO,2013,2019,581,128.5,0.2212,0.3167,397,0.2191,0.2255,7,0.0,0.0,124,0.0,0.0,0.0,0.4423,2.0,False
leg:2dbc0c1c2333,"SOLMOIRAGO, Raul Jorge",diputados,UCR,2001,2003,106,23.4,0.2209,0.2925,75,0.0887,0.5407,21,0.4161,0.0568,82,0.278,0.1183,0.0,0.066,65.0,False
leg:feaf6b78347c,KIRCHNER Máximo Carlos,diputados,FRENTE DE TODOS; FRENTE PARA LA VICTORIA; UNION POR LA PATRIA,2016,2026,982,216.9,0.2209,0.2485,738,0.0181,0.834,101,0.0396,0.0,233,0.2496,0.0177,0.001,0.0071,78.0,False
leg:203122f91367,"Basualdo, Carolina",diputados,PROVINCIAS UNIDAS,2025,2026,136,30.0,0.2206,0.0147,134,0.2177,0.4167,21,0.3254,0.3254,136,0.2206,0.2177,0.0,0.2794,18.0,False
leg:b86361f9eb56,"CLOSS, MAURICE FABIÁN",diputados+senado,FRENTE DE LA CONCORDIA MISIONERO; FRENTE DE TODOS; FRENTE NACIONAL Y POPULAR; FRENTE PARA LA VICTORIA,2005,2023,1058,233.0,0.2202,0.2713,771,0.0422,0.6987,23,0.2174,0.0,62,0.2742,0.0,0.0,0.0397,41.0,False
leg:ebc737743093,"VERNA, Carlos Alberto",senado,JUSTICIALISTA LA PAMPA,2010,2015,666,146.5,0.22,0.3483,434,0.0887,0.4655,19,0.0526,0.0,150,0.2833,0.1463,0.0,0.4399,2.0,False
leg:7bff3db8c6dd,MONALDI Osmar,diputados,PRO,2017,2020,244,53.7,0.22,0.2131,192,0.0156,0.9746,22,0.0,0.0,100,0.2668,0.04,0.0,0.0123,54.0,False
leg:1f63343f65b1,"HIGONET, María de los Angeles",senado,JUSTICIALISTA LA PAMPA,2010,2015,666,146.5,0.22,0.045,636,0.2193,0.2333,19,0.0526,0.0526,150,0.2833,0.2972,0.0,0.4399,2.0,False
leg:e27e35d0bda2,GARRÉ Nilda Celia,diputados,ALIANZA; FRENTE PARA LA VICTORIA; FREPASO,1997,2019,823,180.7,0.2196,0.2066,653,0.1052,0.6592,143,0.3147,0.2331,174,0.257,0.0933,0.0194,0.0243,64.0,False
leg:124f68a410ba,"DI BENEDETTO, Gustavo Daniel",diputados,UCR,2002,2005,217,47.7,0.2196,0.212,171,0.0886,0.7067,22,0.3441,0.1511,132,0.2273,0.0577,0.0,0.0276,44.0,False
leg:c191ada064a7,"MERLO, Mario Raúl",diputados,FRENTE JUSTICIA UNION Y LIBERTAD; PERONISMO FEDERAL,2007,2011,379,83.0,0.219,0.3694,239,0.1806,0.2846,28,0.112,0.0238,104,0.226,0.0626,0.0132,0.1557,6.0,False
leg:74c70d28f433,"LOVAGLIO SARAVIA, Antonio",diputados,FRENTE PARA LA VICTORIA; JUSTICIALISTA,2003,2007,711,155.6,0.2188,0.1814,582,0.048,0.9892,11,0.255,0.0,520,0.272,0.0631,0.0,0.0183,114.0,False
leg:0b58a83b481d,"BALTUZZI, Angel Enzo",diputados,JUSTICIALISTA,2002,2005,217,47.4,0.2183,0.0737,201,0.1581,0.9743,22,0.2418,0.2057,132,0.1797,0.0901,0.0046,0.0415,128.0,False
leg:32e928de2787,"Cisneros, Carlos",diputados,FRENTE DE TODOS; UNION POR LA PATRIA,2019,2026,462,100.6,0.2178,0.2121,364,0.011,0.9857,77,0.0519,0.0135,233,0.1914,0.0105,0.0,0.0043,93.0,False
leg:5bbc677fe2bb,HERS CABRAL Anabella Ruth,diputados,PRO,2016,2018,451,98.2,0.2178,0.204,359,0.0173,1.0,23,0.1304,0.0476,261,0.338,0.0294,0.0,0.0089,41.0,False
leg:1d50965c8ae8,"CANO, José Manuel",diputados+senado,UCR,2010,2021,958,208.6,0.2177,0.1952,771,0.095,0.7236,63,0.1531,0.0185,8,0.0,0.0,0.0,0.0418,15.0,False
leg:6f528f933687,SIERRA Magdalena,diputados,FRENTE DE TODOS; FRENTE PARA LA VICTORIA,2017,2020,247,53.7,0.2175,0.2105,195,0.0447,0.8654,22,0.0,0.0,103,0.2254,0.0521,0.004,0.0121,64.0,False
leg:76a60ce80750,DINDART Julián,diputados,UCR,2016,2019,520,113.0,0.2173,0.2135,409,0.009,0.985,24,0.235,0.0526,174,0.3373,0.0087,0.0,0.0058,36.0,False
leg:9c51b0b9e12c,"PINTO BRUCHMANN, Juan Domingo",diputados,JUSTICIALISTA,2001,2005,241,52.4,0.2173,0.2033,192,0.0716,0.7883,26,0.2779,0.0721,132,0.1819,0.0691,0.0041,0.0456,128.0,False
leg:8d3413c39754,"OSTROPOLSKY, Aldo Hector",diputados,ALIANZA; UCR,2002,2003,82,17.8,0.217,0.1098,73,0.1753,0.5556,17,0.1611,0.0492,82,0.217,0.1753,0.0,0.0732,65.0,False
leg:1599715a7b6d,"HERNANDEZ, Simón Fermín",diputados,FRENTE CIVICO SOCIAL,2001,2003,106,23.0,0.217,0.3585,68,0.1176,0.3947,21,0.0952,0.0,82,0.2012,0.1228,0.0,0.434,2.0,False
leg:0373ca050c72,"ESPÍNOLA, CARLOS MAURICIO",senado,FRENTE DE TODOS; FRENTE NACIONAL Y POPULAR; FRENTE PARA LA VICTORIA; JUSTICIALISTA,2016,2026,910,197.4,0.2169,0.156,768,0.0982,0.859,30,0.2,0.2045,200,0.19,0.1865,0.0,0.1033,35.0,False
leg:6c6538f5d237,"REYES, María Fernanda",diputados,COALICION CIVICA,2007,2011,379,82.2,0.2168,0.3325,253,0.0633,0.5249,28,0.0714,0.0,104,0.1541,0.0764,0.0,0.0369,18.0,False
leg:827d24184e60,"Coli, Marcela",diputados,DEMOCRACIA PARA SIEMPRE,2022,2025,291,63.1,0.2167,0.0962,263,0.173,0.627,49,0.3923,0.3744,274,0.2247,0.1822,0.0,0.0378,9.0,False
leg:263334be44e6,DE PONTI Lucila María,diputados,FRENTE PARA LA VICTORIA; MOVIMIENTO EVITA; PERONISMO PARA LA VICTORIA,2016,2019,520,112.5,0.2164,0.2885,370,0.1297,0.4301,24,0.1667,0.1053,174,0.2328,0.1216,0.0654,0.0635,5.0,False
leg:185c6662e69a,"MONTERO, Laura Gisela",diputados+senado,CONSENSO FEDERAL; DE LA CONCERTACION; UCR,2007,2015,931,201.4,0.2163,0.2524,696,0.1474,0.4202,33,0.2078,0.254,150,0.3022,0.1595,0.0118,0.1106,14.0,False
leg:0b07d05e24fb,"GUTIERREZ, Graciela Beatriz",diputados,FRENTE PARA LA VICTORIA; JUSTICIALISTA,2005,2009,842,182.0,0.2161,0.209,666,0.0126,0.9861,11,0.1818,0.0,251,0.2849,0.0028,0.0,0.0131,114.0,False
leg:5291076df5bd,ALEGRE Gilberto Oscar,diputados,FRENTE RENOVADOR; UNIDOS POR UNA NUEVA ARGENTINA,2014,2017,511,110.4,0.216,0.2583,379,0.0919,0.5722,32,0.2188,0.1111,307,0.1925,0.0247,0.002,0.0117,29.0,False
leg:53ad84adaef6,DELÚ Melina Aida,diputados,FRENTE DE TODOS; JUSTICIALISTA,2017,2021,248,53.6,0.216,0.1371,214,0.1727,0.4886,22,0.1148,0.0727,8,0.0,0.0,0.0565,0.0363,18.0,False
leg:70d8ef466940,"NEGRE DE ALONSO, Liliana Teresita",senado,JUSTICIALISTA; JUSTICIALISTA SAN LUIS; LEALTAD Y DIGNIDAD JUSTICIALISTA,2004,2017,2343,504.5,0.2153,0.2232,1820,0.1569,0.4187,37,0.2162,0.2273,280,0.2786,0.2918,0.1426,0.1434,2.0,False
leg:44614e6cda1d,"Carbajal, Fernando",diputados,DEMOCRACIA PARA SIEMPRE,2022,2025,291,62.6,0.2152,0.1203,256,0.158,0.6333,49,0.3923,0.3383,274,0.223,0.1678,0.0,0.0378,9.0,False
leg:fea490547345,"FRIGERI, Rodolfo Anibal",diputados,JUSTICIALISTA,2001,2005,241,51.8,0.2149,0.1286,210,0.1057,0.9545,26,0.3593,0.2429,132,0.1819,0.0528,0.0041,0.0456,128.0,False
leg:fe5fa16ea644,"RAIMUNDI, Carlos Alberto",diputados,A.R.I; A.R.I AUTONOMO 8 +; FRENTE GRANDE; FREPASO,1997,2015,1569,336.5,0.2145,0.3161,1073,0.0437,0.584,255,0.0611,0.0029,204,0.0368,0.0175,0.0057,0.0306,8.0,False
leg:5f32bd3a4570,"SOSA, Carlos Alberto",diputados,RENOVADOR DE SALTA,2003,2007,711,151.5,0.2131,0.2982,499,0.2174,0.2028,11,0.0909,0.1,520,0.2106,0.2377,0.0,0.4262,2.0,False
leg:9676f860d29f,MORETTI Jose,diputados,UNIDOS POR UNA NUEVA ARGENTINA,2019,2019,45,9.6,0.213,0.0222,44,0.1951,1.0,1,0.0,0.0,45,0.213,0.1951,0.0,0.1111,12.0,False
leg:104d8745d3f5,"MERINO, Raul Guillermo",diputados,PARTIDO NUEVO CONTRA LA CORRUPCION,2003,2007,711,151.4,0.2129,0.0661,664,0.2059,0.3128,11,0.0,0.0,520,0.2304,0.2228,0.0,0.038,5.0,False
leg:4fe11a7f2f62,"BORELLO, Marta Teresita",senado,UCR,2011,2015,450,95.7,0.2127,0.2467,339,0.1551,0.3889,2,0.5,1.0,150,0.2033,0.1396,0.0,0.08,14.0,False
leg:86369a4a843d,"DALLA FONTANA, Ariel",diputados,FRENTE PARA LA VICTORIA; SANTA FE FEDERAL,2005,2009,837,177.9,0.2126,0.2079,663,0.1322,0.519,10,0.1,0.1,251,0.2032,0.1986,0.0,0.0119,114.0,False
leg:a955ce7f38d6,"BORDENAVE, Marcela Antonia",diputados,A.R.I; FREPASO,2001,2003,106,22.5,0.2125,0.3585,68,0.1256,0.3679,21,0.1429,0.0,82,0.189,0.0918,0.0,0.066,16.0,False
leg:c492643273a6,"COLLANTES, Genaro",diputados,FRENTE CIVICO SOCIAL; FRENTE CIVICO Y SOCIAL; FRENTE CIVICO Y SOCIAL DE CATAMARCA; UCR,2005,2009,949,201.6,0.2124,0.4331,538,0.2064,0.2203,118,0.3659,0.3968,260,0.2502,0.1822,0.0,0.2097,2.0,False
leg:2382d177b117,"JENEFES, Guillermo Raúl",diputados+senado,JUSTICIALISTA; JUSTICIALISTA-FRENTE PARA LA VICTORIA,2001,2011,1637,347.7,0.2124,0.2126,1289,0.0191,0.9284,37,0.3784,0.0909,216,0.2685,0.0321,0.0043,0.0092,41.0,False
leg:b68b2cba17c4,"GONZALEZ, Oscar Roberto",diputados,A.R.I; PARTIDO SOCIALISTA,2001,2003,106,22.5,0.2123,0.2547,79,0.0823,0.5926,21,0.3333,0.0714,82,0.2378,0.0603,0.0094,0.0094,8.0,False
leg:c6a5e24b255d,DE GENNARO Victor Norberto,diputados,UNIDAD POPULAR,2011,2015,476,101.0,0.2122,0.4391,267,0.0562,0.4115,78,0.1154,0.0328,204,0.2353,0.0,0.0063,0.0,5.0,False
leg:2f97e790d2ef,"ZANCADA, Pablo",diputados,FRENTE PROG. CIVICO Y SOCIAL; PARTIDO SOCIALISTA,2005,2009,842,178.4,0.2119,0.2185,658,0.1146,0.5598,11,0.0909,0.0,251,0.1837,0.0471,0.0,0.0119,5.0,False
leg:34d9f589f2df,CASSINERIO Paulo Leonardo,diputados,CORDOBA FEDERAL,2017,2021,248,52.5,0.2117,0.1895,201,0.0896,0.734,22,0.3182,0.0625,8,0.0625,0.0625,0.1089,0.0202,4.0,False
leg:e575c9c96c42,"FALBO, María del Carmen",diputados,JUSTICIALISTA,2001,2004,158,33.4,0.2117,0.1013,142,0.1362,0.8816,24,0.2757,0.2098,94,0.0968,0.0771,0.0063,0.0506,119.0,False
leg:4ecb4eeed46d,ÁLVAREZ Felipe,diputados,PRODUCCION Y TRABAJO; SER - SOMOS ENERGIA PARA RENOVAR,2019,2023,52,11.0,0.2115,0.4615,28,0.0536,0.3958,8,0.3125,0.0833,17,0.2059,0.25,0.0385,0.3462,2.0,False
leg:c219d320b3d5,"PEREZ, Mirta",diputados,BUENOS AIRES; DIGNIDAD Y JUSTICIA; JUSTICIALISTA; PERONISTA FEDERAL,2003,2007,711,150.4,0.2115,0.1772,585,0.1641,0.4315,11,0.1463,0.0609,520,0.1993,0.155,0.0394,0.0886,20.0,False
leg:3bbc3df4698d,SNOPEK Alejandro,diputados,CONSENSO FEDERAL; UNIDOS POR UNA NUEVA ARGENTINA,2016,2019,520,110.0,0.2115,0.2173,407,0.0501,0.7925,24,0.4583,0.0,174,0.1949,0.0603,0.0,0.0173,29.0,False
leg:74e5b959406d,"PASTORIZA, Eduardo",diputados,BLOQUE POR LA VERDAD; FRENTE PARA LA VICTORIA; JUSTICIALISTA,2005,2009,842,177.8,0.2111,0.5618,369,0.019,0.3611,11,0.0,0.0,251,0.0,0.0,0.0,0.0107,1.0,False
leg:fcbbd25578dd,"CASTILLO, Oscar Aníbal",senado,FRENTE CIVICO Y SOCIAL DE CATAMARCA; UCR,2004,2021,2664,562.3,0.2111,0.6059,1050,0.0775,0.2979,41,0.1951,0.0588,177,0.0,0.0,0.0,0.253,2.0,True
leg:c175e3c158c3,BARCHETTA Omar Segundo,diputados,PARTIDO SOCIALISTA,2011,2015,476,100.5,0.2111,0.2857,340,0.1088,0.4669,78,0.2244,0.1406,204,0.2353,0.0759,0.0819,0.0063,6.0,False
leg:041aa4d59e48,SCAGLIA Gisela,diputados,PRO; PROVINCIAS UNIDAS,2014,2026,895,188.9,0.211,0.1832,731,0.0731,0.8257,75,0.2252,0.1868,136,0.3219,0.298,0.0,0.0615,40.0,False
leg:16e236abf905,"FERRIN, María Teresa",diputados,UCR,2002,2005,217,45.7,0.2106,0.1567,183,0.1104,0.7502,22,0.2077,0.1285,132,0.1667,0.0189,0.0,0.0276,44.0,False
leg:9bc9021a4e41,"Frade, Monica",diputados,COALICION CIVICA,2019,2026,462,97.2,0.2103,0.2229,359,0.1105,0.5583,77,0.1515,0.0907,233,0.2275,0.1196,0.0,0.1926,6.0,False
leg:6b848df8d3b9,"Carasso, Marcos Gustavo",diputados,UCR,2022,2023,17,3.6,0.2101,0.1765,14,0.0408,1.0,1,0.0,0.0,17,0.2101,0.0408,0.0,0.0588,27.0,False
leg:94edbb4c1fab,"ORTEGA, Marta Isabel",diputados,JUSTICIALISTA,2001,2001,24,5.0,0.21,0.5417,11,0.1364,0.2723,4,0.0,0.0,24,0.21,0.1364,0.0,0.0833,100.0,False
leg:9071110ffc13,"GARCIA, Francisco Alberto",diputados,JUSTICIALISTA,2001,2001,24,5.0,0.21,0.3333,16,0.2525,0.125,4,0.0,0.0,24,0.21,0.2525,0.0,0.0833,100.0,False
leg:e7407dc0d65b,"BEVACQUA, Adriana Norma",diputados,JUSTICIALISTA,2001,2001,24,5.0,0.21,0.5,12,0.1667,0.2533,4,0.0,0.0,24,0.21,0.1667,0.0,0.0833,100.0,False
leg:5637fe1c6c97,"AYALA, Juan Carlos",diputados,JUSTICIALISTA,2001,2001,24,5.0,0.21,0.5833,10,0.1,0.2886,4,0.0,0.0,24,0.21,0.1,0.0,0.0833,100.0,True
leg:6efab18caa38,"VALDOVINOS, Arnaldo Pastor",diputados,JUSTICIALISTA,2001,2001,24,5.0,0.21,0.5417,11,0.1364,0.2723,4,0.0,0.0,24,0.21,0.1364,0.0,0.0833,100.0,False
leg:125fb074f16d,"FUNES, Teodoro Roberto",diputados,JUSTICIALISTA,2001,2001,24,5.0,0.21,0.4583,13,0.1923,0.2309,4,0.0,0.0,24,0.21,0.1923,0.0,0.0833,100.0,False
leg:3fe7aaa54cdf,"Marclay, Marianela",diputados,UNION POR LA PATRIA,2025,2026,136,28.5,0.2096,0.2059,108,0.0046,1.0,21,0.0,0.0,136,0.2096,0.0046,0.0,0.0074,92.0,False
leg:1cf51f4da2d8,MIRANDA Pedro Rubén,diputados,JUSTICIALISTA,2016,2019,520,108.8,0.2092,0.1365,449,0.1565,0.5427,24,0.4092,0.3555,174,0.2666,0.2251,0.0308,0.0308,17.0,False
leg:2d1e93b007ec,MICHETTI Marta Gabriela,diputados+senado,PARTIDO BLOQUISTA DE SAN JUAN; PRO; PRO Y UNION POR ENTRE RIOS,2010,2015,536,112.0,0.2089,0.4515,294,0.1066,0.3332,70,0.2377,0.2,150,0.1156,0.0125,0.0,0.0056,11.0,False
leg:94b87c0170f9,GAILLARD Ana Carolina,diputados,FRENTE DE TODOS; FRENTE PARA LA VICTORIA; UNION POR LA PATRIA,2014,2025,837,174.8,0.2088,0.2222,651,0.0232,0.8587,88,0.0682,0.012,274,0.1371,0.0066,0.0,0.0036,93.0,False
leg:934f4bbca337,"MUSA, Laura Cristina",diputados,A.R.I,2002,2005,217,45.2,0.2084,0.4009,130,0.0577,0.4336,22,0.3182,0.0667,132,0.2252,0.039,0.0,0.0092,11.0,False
leg:09ff9b294b5d,"CANTERO, Fernando Alfredo",diputados,A.R.I,2001,2001,24,5.0,0.2083,0.375,15,0.1333,0.3333,4,0.5,0.3333,24,0.2083,0.1333,0.0,0.0,7.0,False
leg:dcf28b146c7d,"GIACOPPO, SILVIA DEL ROSARIO",senado,UCR,2016,2023,665,138.2,0.2079,0.2481,500,0.03,0.7468,12,0.0,0.0,62,0.2939,0.0395,0.0,0.0226,12.0,False
leg:4ef8fdc9127b,"PASCUAL, Jorge Raul",diputados,UCR,2001,2003,106,22.0,0.2075,0.1509,90,0.1499,0.5318,21,0.4081,0.2688,82,0.2607,0.1921,0.0,0.066,65.0,False
leg:03ecb47567b7,"GIUBERGIA, Miguel Angel",diputados,UCR,2001,2015,1843,381.8,0.2072,0.3082,1275,0.1334,0.3728,343,0.203,0.1363,167,0.105,0.0102,0.0,0.0499,38.0,False
leg:e693d138adfe,"CAPOS, Liliana Delia",senado,UCR,2004,2007,1005,207.5,0.2064,0.1821,822,0.0388,0.9596,13,0.3846,0.0,348,0.2069,0.0724,0.0,0.002,15.0,False
leg:8d15cc704e62,PERTILE Elda,diputados,FRENTE DE TODOS; JUSTICIALISTA,2017,2021,248,51.2,0.2063,0.3629,158,0.0605,0.4623,22,0.3469,0.2816,8,0.25,0.0,0.0565,0.0363,18.0,False
leg:d394a45aba31,"Vidal, Claudio Orlando",diputados,SER - SOMOS ENERGIA PARA RENOVAR,2022,2023,17,3.5,0.2059,0.5882,7,0.2857,0.15,1,0.5,,17,0.2059,0.2857,0.0,0.4118,2.0,True
leg:87cbe271d26e,"MALDONADO, Aída Francisca",diputados,ALIANZA; FRENTE CIVICO SOCIAL; UCR,2002,2005,217,44.7,0.2059,0.1982,174,0.162,0.3837,22,0.0455,0.0476,132,0.2045,0.1327,0.0,0.4101,2.0,False
leg:f06c40d12198,"DANIELE, Mario Domingo",senado,JUSTICIALISTA,2004,2007,1005,206.9,0.2059,0.193,811,0.019,0.9871,13,0.0769,0.0,348,0.181,0.0172,0.0,0.0109,41.0,False
leg:635c722bdcc1,ELICECHE Carlos Tomas,diputados,FRENTE PARA LA VICTORIA,2011,2013,156,32.1,0.2057,0.1987,125,0.0088,1.0,38,0.1985,0.0175,138,0.2326,0.0102,0.0,0.0128,114.0,False
leg:8346fc5694ee,"NEMIROVSCI, Osvaldo Mario",diputados,FRENTE PARA LA VICTORIA; JUSTICIALISTA,2003,2007,711,146.0,0.2053,0.1885,577,0.0257,0.9789,11,0.0533,0.0533,520,0.2736,0.0312,0.0,0.0183,114.0,False
leg:ed76b7494bc9,MAZURE Liliana Amalia,diputados,FRENTE PARA LA VICTORIA,2014,2017,511,104.2,0.2039,0.2466,385,0.0169,0.7755,32,0.2188,0.0,307,0.258,0.0316,0.0,0.0039,78.0,False
leg:8ff2c3eea6e9,"AMSTUTZ, Guillermo",diputados,JUSTICIALISTA,2002,2005,217,44.2,0.2037,0.1613,182,0.0547,0.9784,22,0.283,0.0721,132,0.1278,0.0104,0.0046,0.0415,128.0,False
leg:171b5d4ba323,"ARRIAGA, Julio Esteban",diputados,FRENTE PARA LA VICTORIA; JUSTICIALISTA; UNION PERONISTA,2005,2009,842,171.1,0.2033,0.2637,620,0.0296,0.6882,11,0.0909,0.0909,251,0.2968,0.1098,0.0119,0.0131,114.0,False
leg:7fa0344d8a22,LATORRE Jimena Hebe,diputados,UCR,2019,2023,52,10.6,0.2033,0.1731,43,0.0365,1.0,8,0.0,0.0,17,0.563,0.0714,0.0,0.0192,47.0,False
leg:783bd10f67b0,"RITONDO, Cristian",diputados,JUSTICIALISTA; JUSTICIALISTA NACIONAL; PERONISTA FEDERAL; PRO,2003,2026,1173,238.1,0.203,0.4254,674,0.0967,0.3465,88,0.0751,0.0199,233,0.0606,0.0098,0.0068,0.0102,16.0,False
leg:373910558291,"RODIL, Rodolfo",diputados,ENCUENTRO POPULAR; FREPASO,2001,2003,102,20.7,0.2025,0.098,92,0.2081,0.1517,21,0.2183,0.3056,82,0.0791,0.0877,0.0,0.098,7.0,False
leg:f79016ef7a0b,"Galmarini, Sebastian",diputados,UNION POR LA PATRIA,2025,2026,136,27.5,0.2022,0.1985,109,0.0046,1.0,21,0.0,0.0,136,0.2022,0.0046,0.0,0.0074,92.0,False
leg:2d9e1f82d33d,"GIUDICI, Silvana Myriam",diputados,ENCUENTRO; LA LIBERTAD AVANZA; UCR,2003,2026,1682,340.1,0.2022,0.3532,1088,0.1238,0.3458,290,0.0172,0.0132,233,0.0172,0.0132,0.0,0.0571,39.0,False
leg:a3d9b094fbd3,"Zabala Chacur, Natalia",diputados,UNION POR LA PATRIA,2022,2025,291,58.7,0.2017,0.2096,230,0.0,0.9621,49,0.0816,0.0,274,0.1959,0.0,0.0,0.0034,93.0,False
leg:6098da00a455,"FEIN, Mónica Hayde",diputados,ENCUENTRO FEDERAL; PARTIDO SOCIALISTA,2007,2025,670,135.0,0.2015,0.1045,600,0.151,0.6337,77,0.3575,0.347,274,0.3165,0.3029,0.0119,0.0313,7.0,False
leg:8a725f61cac5,RUCCI Claudia Mónica,diputados,FRENTE PERONISTA; PERONISMO FEDERAL; UNIDOS POR UNA NUEVA ARGENTINA,2010,2017,683,137.4,0.2012,0.4363,385,0.0424,0.4062,78,0.2139,0.0526,307,0.2086,0.0211,0.0132,0.0088,28.0,False
leg:c1d3656a5483,"OLMOS, Graciela Hortencia",diputados,FRENTE PARA LA VICTORIA; JUSTICIALISTA,2003,2007,711,142.8,0.2008,0.1519,603,0.0585,0.9957,11,0.0533,0.0533,520,0.227,0.0554,0.0,0.0183,114.0,False
leg:9ebdb13b3748,"AGUILAR, EDUARDO ALBERTO",senado,FRENTE PARA LA VICTORIA; JUSTICIALISTA; JUSTICIALISTA-FRENTE PARA LA VICTORIA,2013,2019,581,116.5,0.2006,0.136,502,0.0882,0.9149,7,0.0,0.0,124,0.2472,0.0588,0.0,0.0275,32.0,False
leg:d8b029ef5e32,"Campero, Mariano",diputados,LA LIBERTAD AVANZA,2024,2026,410,82.2,0.2005,0.1585,345,0.0609,0.9413,69,0.087,0.0462,233,0.1717,0.0206,0.0,0.0049,48.0,False
leg:ba28cc819b8a,ASSEFF Alberto Emilio,diputados,COMPROMISO FEDERAL; FRENTE PERONISTA; PRO; UNIR,2011,2023,528,105.9,0.2005,0.6761,171,0.081,0.2577,86,0.1977,0.0323,17,0.1765,0.0833,0.0019,0.0208,13.0,True
leg:e73e65429575,VIDELA Nora Esther,diputados,COMPROMISO FEDERAL; FRENTE PERONISTA; PERONISMO FEDERAL,2010,2013,376,75.3,0.2004,0.4016,225,0.2391,0.1426,69,0.1838,0.1634,254,0.2238,0.3653,0.0106,0.0399,21.0,False
leg:e47d62d78550,GONZALEZ Juan Dante,diputados,FRENTE PARA LA VICTORIA,2007,2015,855,171.3,0.2004,0.2012,683,0.0044,0.9785,106,0.1283,0.0215,204,0.0784,0.0,0.0,0.0047,113.0,False
leg:090713beaae5,EHCOSOR María Azucena,diputados,FRENTE RENOVADOR; UNIDOS POR UNA NUEVA ARGENTINA,2014,2017,511,102.4,0.2003,0.3327,341,0.0332,0.5356,32,0.25,0.1053,307,0.1793,0.0163,0.002,0.0117,29.0,False
leg:687a4ba03546,"SARTORI, Diego Horacio",diputados,FRENTE DE LA CONCORDIA MISIONERO; FRENTE PARA LA VICTORIA; JUSTICIALISTA,2003,2023,945,189.2,0.2002,0.2148,742,0.0394,0.7882,201,0.013,0.0038,17,0.0,0.0,0.0,0.0138,113.0,False
leg:c2b1b96df87d,"LEAVY, SERGIO NAPOLEÓN",diputados+senado,FRENTE DE TODOS; FRENTE PARA LA VICTORIA; UNIDAD CIUDADANA,2017,2025,579,115.7,0.1999,0.19,469,0.0356,0.9,31,0.0645,0.0357,122,0.0902,0.036,0.0035,0.0052,41.0,False
leg:cb7e770af0b2,BEDANO Nora Esther,diputados,FRENTE PARA LA VICTORIA,2007,2015,855,170.2,0.199,0.1906,692,0.014,0.9848,106,0.1089,0.0162,204,0.0294,0.01,0.0,0.0047,113.0,False
leg:608ab54bc685,"MOREJON, Manuel Amor",diputados,FRENTE PARA LA VICTORIA; PERONISTA; TRABAJO Y DIGNIDAD,2007,2011,379,75.3,0.1988,0.19,307,0.1346,0.4722,28,0.3274,0.3267,104,0.2772,0.2827,0.0,0.1794,107.0,False
leg:1eb053964e74,"GARCIA, Irma Adriana",diputados,COALICION CIVICA; FRENTE PARA LA VICTORIA; PERONISMO FEDERAL; UNION PERONISTA,2007,2011,379,75.2,0.1985,0.3087,262,0.1268,0.359,28,0.3214,0.3043,104,0.1308,0.0701,0.0343,0.0106,28.0,False
leg:87f440be35a6,"CETTOUR, Hugo Ramón",diputados,F.F.J. AZUL Y BLANCO; JUSTICIALISTA,2002,2005,217,43.0,0.1982,0.106,194,0.1115,0.9292,22,0.4282,0.3808,132,0.1156,0.0085,0.0046,0.0369,128.0,False
leg:ee65f211462c,"FILOMENO, Alejandro Oscar",diputados,ALIANZA; FREPASO,2002,2005,217,43.0,0.1982,0.0553,205,0.2001,0.1667,22,0.3864,0.3421,132,0.125,0.1192,0.0691,0.0553,3.0,False
leg:a13f9f7f3648,"GUTIERREZ, Gustavo Eduardo",diputados,DEMOCRATA DE MENDOZA,2001,2003,106,21.0,0.1981,0.6698,35,0.2,0.1972,21,0.119,0.2,82,0.2317,0.1923,0.0,0.3585,2.0,True
leg:02b7316838e6,"ROMERO, Rosario",diputados,FRENTE PARA LA VICTORIA; JUSTICIALISTA,2003,2007,711,140.7,0.198,0.1899,576,0.0162,0.9734,11,0.1442,0.0586,520,0.2212,0.0138,0.0,0.0183,114.0,False
leg:2903310f180d,"SOLANAS, Raúl Patricio",diputados,FRENTE PARA LA VICTORIA; JUSTICIALISTA,2005,2009,842,166.5,0.1978,0.1936,679,0.0105,0.978,11,0.0909,0.0909,251,0.0418,0.0021,0.0,0.0131,114.0,False
leg:09d7787ead19,FERNÁNDEZ MENDÍA Gustavo Rodolfo,diputados,JUSTICIALISTA; PARTIDO JUSTICIALISTA LA PAMPA,2014,2017,511,101.1,0.1978,0.2133,402,0.041,0.776,32,0.1636,0.0798,307,0.3292,0.0819,0.0039,0.0137,17.0,False
leg:a4cc2a27c862,WELLBACH Ricardo,diputados,FRENTE DE LA CONCORDIA MISIONERO,2017,2021,248,49.0,0.1976,0.2742,180,0.0278,0.6471,22,0.0909,0.0526,8,0.0,0.0,0.0,0.0,5.0,False
leg:d1b4b76e84ed,"GIACOMINO, Daniel Oscar",diputados,FRENTE PARA LA VICTORIA; PARTIDO NUEVO; PARTIDO NUEVO CONTRA LA CORRUPCION,2005,2015,969,191.2,0.1973,0.2766,701,0.0268,0.6433,160,0.2256,0.0333,204,0.0588,0.0103,0.0,0.0155,29.0,False
leg:f9d308500c84,"BULACIO, Nancy Evangelina",diputados,PRO; UCR,2007,2007,68,13.4,0.1972,0.6324,25,0.3364,0.1163,0,,,68,0.1972,0.3364,0.0,0.0294,40.0,True
leg:c88f58579ccb,RISKO Silvia Lucrecia,diputados,BG JUAN B. BUSTOS; FRENTE DE LA CONCORDIA MISIONERO; FRENTE PARA LA VICTORIA; FTE. RENOV. DE LA CONC. MISIONES - FPV-PJ,2010,2017,887,174.8,0.197,0.2311,682,0.0455,0.701,101,0.2139,0.0128,307,0.2623,0.1347,0.0,0.0124,78.0,False
leg:0f1e7fcfe532,REDCZUK Oscar Felipe,diputados,BG JUAN B. BUSTOS; FRENTE PARA LA VICTORIA; FTE. RENOV. DE LA CONC. MISIONES - FPV-PJ,2011,2015,476,93.6,0.1966,0.1933,384,0.0159,0.9511,78,0.2377,0.009,204,0.2083,0.0248,0.0,0.0189,109.0,False
leg:c465ace7fa0f,"GRIBAUDO, Christian Alejandro",diputados,PARTIDO BLOQUISTA DE SAN JUAN; PRO,2007,2015,583,114.6,0.1965,0.3688,368,0.0501,0.4471,51,0.2086,0.0312,204,0.2843,0.0123,0.0,0.0412,11.0,False
leg:98c259b79866,"DOVENA, Miguel Dante",diputados,FRENTE PARA LA VICTORIA; JUSTICIALISTA,2005,2009,842,165.3,0.1963,0.177,693,0.0285,0.9769,11,0.0909,0.0,251,0.1096,0.0154,0.0,0.0131,114.0,False
leg:2924ba03a7e6,"FARIZANO, Juan Carlos",diputados,UCR,2001,2001,24,4.7,0.1957,0.2083,19,0.0367,0.8,4,0.25,0.0,24,0.1957,0.0367,0.0,0.0417,78.0,False
leg:1a0cfa0baf40,"TAGLIAFERRI, GUADALUPE",senado,FRENTE PRO,2019,2025,366,71.5,0.1954,0.2049,291,0.1444,0.3933,16,0.25,0.1818,122,0.2738,0.2598,0.0,0.0765,8.0,False
leg:69c37b645d8b,"ABELLA, Miguel Angel",diputados,UCR,2001,2001,24,4.7,0.1952,0.0833,22,0.1364,0.8421,4,0.25,0.25,24,0.1952,0.1364,0.0,0.0417,78.0,False
leg:8512e5467baa,VAQUIE Enrique Andrés,diputados,UCR,2011,2015,476,92.8,0.195,0.3319,318,0.0667,0.4532,78,0.1766,0.0823,204,0.2582,0.038,0.0,0.0294,37.0,False
leg:a9269bfb472c,"OVIEDO, Mercedes Margarita",senado,JUSTICIALISTA,2004,2005,639,124.5,0.1949,0.2128,503,0.002,0.9084,9,0.0,0.0,639,0.1949,0.002,0.0,0.0172,41.0,False
leg:3e91a61af00f,PEREZ Alberto José,diputados,COMPROMISO FEDERAL; FRENTE PERONISTA; PERONISMO FEDERAL,2006,2013,391,76.2,0.1949,0.3018,273,0.2461,0.0763,84,0.1391,0.1219,254,0.2137,0.3374,0.0281,0.0384,21.0,False
leg:cb62881c7682,"Suárez, Rodolfo Alejandro",senado,UCR,2024,2026,245,47.7,0.1947,0.2163,192,0.0052,0.881,18,0.094,0.0,200,0.1635,0.0061,0.0,0.0041,10.0,False
leg:dea7c524833a,NAZARIO Adriana Mónica,diputados,CORDOBA FEDERAL; CORDOBA TRABAJO Y PRODUCCION; UNIDOS POR UNA NUEVA ARGENTINA,2016,2019,520,101.1,0.1943,0.3192,354,0.0311,0.5425,24,0.1667,0.0625,174,0.0402,0.041,0.0019,0.0038,29.0,False
leg:9780952c8dd4,CUCCOVILLO Ricardo Oscar,diputados,PARTIDO SOCIALISTA,2007,2015,855,166.0,0.1942,0.3345,569,0.0325,0.5157,106,0.1651,0.06,204,0.1765,0.029,0.0573,0.014,8.0,False
leg:cadf5c863f12,RICCI Nadia Lorena,diputados,UCR,2018,2019,174,33.8,0.1941,0.1609,146,0.0395,1.0,6,0.1667,0.1667,174,0.1941,0.0395,0.0,0.0057,40.0,False
leg:6a63adfe30c6,"ALMIRÓN, ANA CLAUDIA",senado,FRENTE DE TODOS; FRENTE PARA LA VICTORIA,2016,2021,601,116.6,0.194,0.0799,553,0.1819,0.3333,6,0.0,0.0,177,0.0339,0.0,0.0,0.0266,36.0,False
leg:91c6d0e82886,"GONZALEZ, Nancy Susana",diputados+senado,FRENTE DE TODOS; FRENTE PARA LA VICTORIA,2006,2021,1627,315.5,0.1939,0.1401,1399,0.0802,0.8916,118,0.1407,0.0104,177,0.0565,0.0119,0.0,0.0184,105.0,False
leg:16ad68a2164f,"MELILLO, Fernando Cesar",diputados,FRENTE GRANDE; FREPASO,2001,2003,106,20.5,0.1938,0.1415,91,0.1469,0.4778,21,0.0714,0.025,82,0.1738,0.1057,0.0,0.1981,8.0,False
leg:ea0aa9cc788b,"THOMAS, Enrique Luis",diputados,FRENTE PARA LA VICTORIA; FRENTE PERONISTA; JUSTICIALISTA; PERONISMO FEDERAL,2005,2013,1325,256.3,0.1934,0.2219,1031,0.1285,0.4211,187,0.2737,0.2647,254,0.3071,0.4248,0.034,0.0226,108.0,False
leg:18b38656c190,"LENZ, María Beatriz",diputados,FRENTE PARA LA VICTORIA,2008,2009,251,48.5,0.1933,0.1952,202,0.0,0.9904,4,0.0,0.0,251,0.1933,0.0,0.0,0.004,117.0,False
leg:0ddebbf74c7a,BOSSIO Diego Luis,diputados,JUSTICIALISTA; UNIDOS POR UNA NUEVA ARGENTINA,2016,2019,520,100.3,0.1929,0.225,403,0.0775,0.5907,24,0.2508,0.1393,174,0.3335,0.1425,0.0308,0.0404,17.0,False
leg:fd80312788a0,"FERNANDEZ, Alfredo Cesar",diputados,FRENTE PARA LA VICTORIA; JUSTICIALISTA,2003,2007,711,136.9,0.1925,0.1716,589,0.0299,0.9773,11,0.2351,0.1586,520,0.2445,0.032,0.0,0.0183,114.0,False
leg:8f1e94a88ed8,"LISSI, Liliana",diputados,UCR,2001,2001,24,4.6,0.1924,0.0833,22,0.119,1.0,4,0.25,0.0,24,0.1924,0.119,0.0,0.0417,78.0,False
leg:42e6ceda97aa,GRANDINETTI Alejandro Ariel,diputados,CONSENSO FEDERAL; UNIDOS POR UNA NUEVA ARGENTINA,2016,2019,520,100.0,0.1924,0.1923,420,0.0418,0.825,24,0.125,0.0,174,0.2009,0.0501,0.0,0.0173,29.0,False
leg:380432a253d0,"Sarapura, Natalia Silvina",diputados,UCR,2023,2025,279,53.7,0.1923,0.0753,258,0.1476,0.7421,48,0.1597,0.0833,274,0.1901,0.1476,0.0,0.0717,12.0,False
leg:82cc56f716ec,YACOBITTI Emiliano Benjamin,diputados,EVOLUCION RADICAL; UCR,2019,2023,52,10.0,0.1923,0.1923,42,0.0238,0.9,8,0.125,0.0,17,0.3529,0.0,0.0,0.0,47.0,False
leg:1005f5a509d2,"BAR, Graciela Yolanda",senado,JUSTICIALISTA,2004,2007,1005,192.9,0.192,0.1761,828,0.0205,0.9944,13,0.0769,0.0,348,0.2184,0.0145,0.0,0.0109,41.0,False
leg:d695b3e90c1c,"MANSUR, Nélida Mabel",diputados,PARTIDO UNIDAD FEDERALISTA; UNIDAD FEDERALISTA,2003,2007,711,136.5,0.192,0.6639,239,0.1646,0.2059,11,0.0909,0.0,520,0.2295,0.1571,0.083,0.0141,3.0,True
leg:5917f2664b3e,YAGÛE Linda Cristina,diputados,UCR,2011,2013,281,53.9,0.1918,0.3808,174,0.0951,0.349,56,0.1903,0.075,254,0.1767,0.1041,0.0,0.0391,38.0,False
leg:c36ab48c8173,"DIAZ ROIG, Juan Carlos",diputados,FRENTE PARA LA VICTORIA; JUSTICIALISTA,2005,2017,1836,351.6,0.1915,0.1901,1487,0.0233,0.9083,219,0.1988,0.0306,307,0.3167,0.0426,0.0,0.0087,113.0,False
leg:7ce252806d16,"PALOMO, Nelida Manuela",diputados,JUSTICIALISTA,2002,2005,212,40.5,0.1912,0.1321,184,0.0724,0.9716,20,0.4769,0.0667,132,0.1602,0.0871,0.0,0.0425,128.0,False
leg:698f28b68808,"ROJKES de ALPEROVICH, Beatriz Liliana",diputados+senado,FRENTE PARA LA VICTORIA; JUSTICIALISTA; JUSTICIALISTA-FRENTE PARA LA VICTORIA,2005,2015,1508,288.3,0.1912,0.1857,1228,0.011,0.9812,30,0.0667,0.0,150,0.1533,0.0,0.0046,0.0073,107.0,False
leg:a4ab4dbec3cf,STURZENEGGER Federico Adolfo,diputados,PRO,2014,2015,204,39.0,0.1912,0.152,173,0.1098,0.6452,23,0.1739,0.1429,204,0.1912,0.1098,0.0,0.049,18.0,False
leg:7fd101afd9fc,"JALIL, Luis Julián",diputados,MOVIMIENTO POPULAR NEUQUINO,2002,2005,217,41.4,0.1909,0.7419,56,0.3378,0.1398,22,0.4545,0.2857,132,0.142,0.319,0.0,0.1198,4.0,True
leg:5c060a8d5bce,"OJEDA, JOSÉ ANATOLIO",senado,FRENTE PARA LA VICTORIA; JUSTICIALISTA,2016,2019,421,80.3,0.1907,0.1758,347,0.0445,0.8761,6,0.0,0.0,124,0.1746,0.0361,0.0,0.038,36.0,False
leg:f6312be1d676,"BONACORSI, Juan Carlos",diputados,PARTIDO UNIDAD FEDERALISTA; UNIDAD FEDERALISTA,2003,2007,711,135.5,0.1906,0.6807,227,0.1689,0.2008,11,0.1818,0.1429,520,0.2122,0.1586,0.083,0.0141,3.0,True
leg:c23c9ec92fd9,OCAÑA Maria Graciela,diputados,A.R.I; FREPASO; NO INTEGRA BLOQUE; PRO,2001,2023,1131,215.4,0.1905,0.6322,416,0.0646,0.2637,274,0.1854,0.0385,17,0.4118,0.2,0.0,0.015,1.0,True
leg:6edb15285278,"ACUÑA, Hugo Rodolfo",diputados,MOVIMIENTO POPULAR NEUQUINO,2006,2009,645,122.7,0.1902,0.2651,474,0.2092,0.1374,7,0.1429,0.2,251,0.1142,0.087,0.0,0.2062,4.0,False
leg:5ef6dfb07b65,"URTUBEY, Juan Manuel",diputados,FRENTE PARA LA VICTORIA; JUSTICIALISTA,2001,2007,746,141.8,0.1901,0.1622,625,0.0415,0.9574,31,0.1366,0.1366,452,0.2579,0.0291,0.0013,0.0282,115.0,False
leg:40c2c72fdf07,"ROQUEL, Rodolfo",diputados,FRENTE PARA LA VICTORIA; JUSTICIALISTA,2003,2007,711,135.0,0.1899,0.1364,614,0.0625,0.996,11,0.1641,0.0,520,0.2242,0.0769,0.0,0.0183,114.0,False
leg:9c7b7496ce7e,"MAFFEI, Marta Olinda",diputados,A.R.I,2003,2007,711,134.7,0.1895,0.225,551,0.0819,0.5598,11,0.0909,0.0,520,0.2254,0.0869,0.0,0.0366,14.0,False
leg:746b03a7759c,"TORRES, Eduardo Enrique",senado,JUSTICIALISTA; JUSTICIALISTA-FRENTE PARA LA VICTORIA,2007,2011,608,115.1,0.1893,0.1891,493,0.0134,0.9435,20,0.0,0.0,216,0.2778,0.026,0.0115,0.0033,38.0,False
leg:29aebbc9e7c8,"ILARREGUI, Luis Alfredo",diputados,FRENTE PARA LA VICTORIA; JUSTICIALISTA,2005,2009,842,159.1,0.189,0.158,709,0.0396,0.9854,11,0.0909,0.0,251,0.1973,0.0195,0.0,0.0131,114.0,False
leg:7c65ff05f7e6,NAVARRO Graciela,diputados,FRENTE CIVICO POR SANTIAGO; FRENTE DE TODOS,2011,2023,1048,197.7,0.1886,0.249,787,0.0551,0.5913,110,0.0818,0.0533,17,0.5294,0.0,0.0,0.0754,7.0,False
leg:3a1050ed052f,"BUSSI, Ricardo Argentino",diputados+senado,FUERZA REPUBLICANA,2001,2007,993,187.2,0.1885,0.5498,447,0.0906,0.2686,25,0.08,0.0882,270,0.2204,0.06,0.0,0.3746,2.0,False
leg:02493c8c01bb,GERVASONI Lautaro,diputados,FRENTE PARA LA VICTORIA,2014,2017,511,96.3,0.1884,0.1879,415,0.0428,0.8178,32,0.0312,0.0312,307,0.3038,0.0787,0.0,0.0039,78.0,False
leg:d647571c8808,"SOTO, Gladys Beatriz",diputados,FRENTE PARA LA VICTORIA; JUSTICIALISTA,2005,2015,1425,268.3,0.1883,0.1761,1174,0.0151,0.9981,196,0.2327,0.0359,204,0.0931,0.0,0.0,0.0091,113.0,False
leg:aed054cc6c53,SAN MARTÍN Adrián,diputados,MOV POP NEUQUINO; MOVIMIENTO POPULAR NEUQUINO,2014,2017,511,96.2,0.1882,0.3699,322,0.0192,0.4762,32,0.0833,0.0267,307,0.1873,0.0148,0.0,0.227,2.0,False
leg:fd27a3676aca,"FORESI, Irma Amelia",diputados,JUSTICIALISTA,2002,2005,217,40.8,0.1878,0.0968,196,0.1067,0.945,22,0.5145,0.3874,132,0.0888,0.0221,0.0046,0.0415,128.0,False
leg:06b5416d586b,"SALUM, Osvaldo Rubén",diputados,FRENTE PARA LA VICTORIA; JUSTICIALISTA,2005,2009,842,158.0,0.1876,0.1663,702,0.0295,0.9801,11,0.0909,0.0,251,0.0976,0.0279,0.0,0.0131,114.0,False
leg:d42319c33b56,"Estrada, Emiliano",diputados,UNION POR LA PATRIA,2022,2025,291,54.6,0.1875,0.189,236,0.0066,0.9636,49,0.0816,0.0,274,0.1736,0.0069,0.0,0.0034,93.0,False
leg:264f8366776f,"FOLLONI, Jorge Oscar",diputados,RENOVADOR DE SALTA,2001,2001,24,4.5,0.1875,0.5417,11,0.0455,0.3077,4,0.125,0.0,24,0.1875,0.0455,0.0,0.375,2.0,False
leg:9c555aba2824,"ALLENDE IRIARTE, Alberto",diputados,PARTIDO DEMOCRATA POR LA CAPITAL FEDERAL,2001,2001,24,4.5,0.1875,0.3333,16,0.0938,0.375,4,0.0,0.0,24,0.1875,0.0938,0.0,0.375,2.0,False
leg:0588412df406,"KUNKEL, Carlos Miguel",diputados,FRENTE PARA LA VICTORIA; JUSTICIALISTA,2005,2017,1836,344.2,0.1875,0.195,1478,0.0138,0.9044,219,0.1577,0.0085,307,0.3948,0.0396,0.0,0.0087,113.0,False
leg:b35f12f73e05,"CREXELL, CARMEN LUCILA",senado,CAMBIO FEDERAL; MOVIMIENTO NEUQUINO; MOVIMIENTO POPULAR NEUQUINO; PERONISMO REPUBLICANO,2013,2025,947,177.2,0.1871,0.359,607,0.1326,0.2843,23,0.1739,0.0,122,0.0,0.0,0.0655,0.2767,2.0,False
leg:0ef3e4465f65,"MORAN, Juan Carlos",diputados,COALICION CIVICA,2007,2011,379,70.9,0.187,0.2744,275,0.0857,0.4551,28,0.0357,0.0,104,0.1853,0.038,0.0,0.0369,18.0,False
leg:e62d48db3275,"JAQUE, Celso Alejandro",senado,JUSTICIALISTA,2004,2007,1005,187.9,0.187,0.1582,846,0.0354,0.9937,13,0.4615,0.4167,348,0.3103,0.0285,0.0,0.0109,41.0,False
leg:518eab7e19a9,TOVARES Ramon Alberto,diputados,FRENTE PARA LA VICTORIA,2016,2017,126,23.5,0.1867,0.1667,105,0.1193,0.5238,3,0.3333,0.0,126,0.1867,0.1193,0.0,0.0079,69.0,False
leg:05f49d6372c6,"CARCA, Elisa Beatriz",diputados,COALICION CIVICA,1994,2011,405,75.6,0.1866,0.3259,273,0.0662,0.4356,54,0.0926,0.0429,104,0.106,0.0747,0.0,0.0444,18.0,False
leg:87bf61c4e171,D'ALESSANDRO Marcelo Silvio,diputados,FRENTE RENOVADOR,2014,2015,183,34.1,0.1863,0.4863,94,0.1705,0.2029,2,0.0,0.0,183,0.1863,0.1705,0.0,0.0219,17.0,False
leg:de83d3a279f5,GARNERO Estela Ramona,diputados,CORDOBA FEDERAL,2010,2013,376,70.0,0.1862,0.4628,202,0.0866,0.3017,69,0.1377,0.0814,254,0.1988,0.1176,0.2819,0.016,2.0,False
leg:8cc3a9658aa4,"DIEZ, María Inés",diputados,RENOVADOR DE SALTA,2007,2009,288,53.5,0.1858,0.2708,210,0.1452,0.2949,5,0.0,0.0,251,0.1972,0.1571,0.0,0.3715,2.0,False
leg:8f2feddf6552,"REUTEMANN, Carlos Alberto",senado,JUSTICIALISTA; SANTA FE FEDERAL,2004,2021,2619,486.7,0.1858,0.4135,1536,0.0179,0.424,41,0.1463,0.1379,132,0.0,0.0,0.0103,0.0092,2.0,False
leg:b97857606d8a,BURYAILE Ricardo,diputados,UCR,2010,2023,632,117.4,0.1857,0.2373,482,0.0775,0.5333,100,0.1477,0.1008,17,0.3866,0.0519,0.0,0.0237,38.0,False
leg:b067aa2a9852,STOLBIZER Margarita Rosa,diputados,ENCUENTRO FEDERAL; GEN; UCR,2001,2025,1529,283.6,0.1855,0.3296,1025,0.082,0.3958,286,0.1264,0.1201,274,0.2763,0.2032,0.0085,0.0203,5.0,False
leg:dd87bdbbfa70,"AGOSTO, Walter",diputados,FRENTE PARA LA VICTORIA; PERONISMO FEDERAL; SANTA FE FEDERAL,2007,2011,379,70.3,0.1854,0.3879,232,0.1058,0.311,28,0.237,0.1053,104,0.1851,0.0505,0.0132,0.0106,28.0,False
leg:edeae3f81dcb,JAVKIN Pablo Lautaro,diputados,COALICION CIVICA,2014,2015,204,37.8,0.185,0.2059,162,0.162,0.2738,23,0.1087,0.0625,204,0.185,0.162,0.0,0.1716,4.0,False
leg:71625ddc4047,"KORENFELD, Beatriz Liliana",diputados,FRENTE PARA LA VICTORIA,2007,2011,379,70.1,0.1849,0.1873,308,0.0049,0.966,28,0.2143,0.0,104,0.1979,0.0,0.0,0.0053,107.0,False
leg:6b6f1863ef18,"ALBARRACIN, Jorge Luis",diputados,CONSENSO FEDERAL; DE LA CONCERTACION; UCR,2007,2013,547,101.1,0.1848,0.2541,408,0.1706,0.2266,69,0.2286,0.2202,254,0.1499,0.1437,0.0201,0.1261,18.0,False
leg:1c4c4cc0a995,PASSO Marcela Fabiana,diputados,UNIDOS POR UNA NUEVA ARGENTINA; UNION POR LA PATRIA,2016,2025,811,149.6,0.1845,0.185,661,0.0334,0.8503,73,0.0822,0.0149,274,0.0137,0.0065,0.0,0.0173,29.0,False
leg:fe7e3a56942d,GONZÁLEZ Josefina Victoria,diputados,FRENTE DE TODOS; FRENTE PARA LA VICTORIA,2014,2021,759,139.8,0.1842,0.224,589,0.0178,0.7605,54,0.0556,0.0,8,0.0,0.0,0.0013,0.0066,69.0,False
leg:d661f824690d,"BORTOLOZZI, Adriana Raquel",diputados+senado,ESPERANZA FEDERAL; JUSTICIALISTA; JUSTICIALISTA-FRENTE PARA LA VICTORIA,2002,2011,1191,219.2,0.1841,0.204,948,0.0355,0.7638,46,0.374,0.2001,216,0.0463,0.0621,0.0008,0.0092,41.0,False
leg:e20f9debd0a2,PANSA Sergio Horacio,diputados,COMPROMISO FEDERAL; FRENTE PERONISTA; PERONISMO FEDERAL,2010,2013,376,69.2,0.184,0.3511,244,0.2467,0.0682,69,0.1258,0.167,254,0.212,0.3474,0.0106,0.0399,21.0,False
leg:cb3e2b1f2f4c,PLAINI Francisco Omar,diputados,"BLOQUE UNIPERSONAL CULTURA, EDUCACION Y TRABAJO; CULTURA, EDUCACION Y TRABAJO; FRENTE PARA LA VICTORIA",2010,2017,887,162.9,0.1837,0.4498,488,0.1083,0.2759,101,0.0792,0.0851,307,0.0,0.0,0.0,0.0643,1.0,False
leg:8e250aa32b3c,SANTIN Eduardo,diputados,MOVIMIENTO NACIONAL ALFONSINISTA; UCR,1994,2015,529,97.1,0.1835,0.3403,349,0.1115,0.3232,111,0.018,0.0152,204,0.2123,0.1494,0.0,0.0265,37.0,False
leg:950147e84fe5,PITIOT Carla Betina,diputados,UNIDOS POR UNA NUEVA ARGENTINA,2016,2019,520,95.4,0.1835,0.1885,422,0.0396,0.803,24,0.0833,0.0,174,0.3354,0.0948,0.0,0.025,29.0,False
leg:0873fe2c31ed,TENTOR Héctor Olindo,diputados,FRENTE PARA LA VICTORIA; JUSTICIALISTA,2014,2017,511,93.4,0.1828,0.1918,413,0.059,0.7047,32,0.1011,0.0966,307,0.288,0.1096,0.0039,0.0137,17.0,False
leg:bd5f76d35710,"CALZA, Nelio Higinio",diputados,FRENTE PARA LA VICTORIA,2007,2009,266,48.5,0.1823,0.1692,221,0.0158,1.0,5,0.2,0.0,251,0.1414,0.016,0.0,0.0038,117.0,False
leg:5daaefa4774c,"PICHETTO, Miguel Ángel",diputados+senado,ENCUENTRO FEDERAL; FRENTE PARA LA VICTORIA; JUSTICIALISTA; JUSTICIALISTA-FRENTE PARA LA VICTORIA,1994,2026,2959,538.0,0.1818,0.1909,2394,0.0263,0.8405,155,0.123,0.0826,233,0.252,0.1129,0.0233,0.0412,36.0,False
leg:2b668bad12bd,COMI Carlos Marcelo,diputados,COALICION CIVICA; DIALOGO Y TRABAJO,2010,2013,376,68.4,0.1818,0.3883,230,0.2233,0.1164,69,0.2271,0.2593,254,0.2257,0.3788,0.0,0.0691,6.0,False
leg:f94b045fac1f,"DI LANDRO, Oscar Jorge",diputados,JUSTICIALISTA; PERONISTA FEDERAL,2003,2007,711,129.1,0.1816,0.2827,510,0.0476,0.5214,11,0.0554,0.0554,520,0.2145,0.0579,0.0422,0.0113,20.0,False
leg:e9adacc0d9ce,"VAZQUEZ de TABERNISE, Silvia Beatriz",diputados,DE LA CONCERTACION; PARTIDO DE LA CONCERTACION - FORJA; UCR,1994,2011,444,80.6,0.1816,0.4392,249,0.0527,0.3462,73,0.0685,0.1,104,0.0,0.0,0.027,0.1149,1.5,False
leg:892ed1d2e160,"LATORRE, Roxana Itatí",diputados+senado,FEDERALISMO SANTAFESINO; JUSTICIALISTA; SANTA FE FEDERAL,2001,2015,2087,378.7,0.1815,0.2875,1487,0.0304,0.5559,39,0.1282,0.1212,150,0.0,0.0,0.0129,0.0125,41.0,False
leg:2a9089f3ddd8,"DE BERNARDI, Eduardo",diputados,FRENTE PARA LA VICTORIA; JUSTICIALISTA,2003,2007,711,129.0,0.1814,0.1589,598,0.0291,0.9872,11,0.0533,0.0533,520,0.2351,0.0381,0.0,0.0183,114.0,False
leg:415f507fa8cc,"GUTIERREZ, Julio César",diputados,JUSTICIALISTA,2002,2005,217,39.3,0.181,0.1014,195,0.0927,0.9635,22,0.2972,0.2367,132,0.1072,0.0046,0.0046,0.0415,128.0,False
leg:25c0c14234cd,"PERIE, Hugo Rubén",diputados,FRENTE PARA LA VICTORIA; JUSTICIALISTA,2003,2011,1261,227.9,0.1807,0.1737,1042,0.0175,0.957,220,0.0981,0.0133,93,0.3333,0.0,0.0008,0.0111,113.0,False
leg:8ae985e834a1,CARRANZA Carlos Alberto,diputados,FRENTE PERONISTA; FRENTE RENOVADOR; PERONISMO FEDERAL,2010,2013,376,67.9,0.1806,0.3617,240,0.2098,0.129,69,0.279,0.3383,254,0.1912,0.2898,0.0106,0.0346,21.0,False
leg:fefcb889f39b,"CORREGIDO, Elena Mercedes",senado,JUSTICIALISTA; JUSTICIALISTA-FRENTE PARA LA VICTORIA,2007,2013,898,162.1,0.1805,0.1292,782,0.0615,0.9828,21,0.1905,0.1905,257,0.1012,0.0086,0.0078,0.0022,32.0,False
leg:9870ad9578a8,HUSS Juan  Manuel,diputados,FRENTE PARA LA VICTORIA,2016,2019,520,93.8,0.1803,0.2058,413,0.0405,0.7197,24,0.0833,0.0,174,0.2398,0.0332,0.0019,0.0096,69.0,False
leg:556d7f89b12f,"FERRIGNO OBARRIO, Santiago",diputados,ALIANZA FRENTE ALTERNATVA PAMPEANA; FRENTE PARA LA VICTORIA; FREPASO,2003,2007,711,128.2,0.1803,0.1463,607,0.0493,0.9446,11,0.0909,0.0909,520,0.2147,0.0521,0.0056,0.0155,113.0,False
leg:69bb121ee84d,"CHIACCHIO, Nora Alicia",diputados,JUSTICIALISTA; PERONISTA FEDERAL,2001,2007,817,147.2,0.1802,0.2007,653,0.0876,0.5492,32,0.1633,0.1363,520,0.2202,0.1027,0.0379,0.0196,20.0,False
leg:91f9c58e7852,STORANI María Luisa,diputados,UCR,2010,2013,376,67.7,0.18,0.2553,280,0.1096,0.3854,69,0.2981,0.1995,254,0.1798,0.1369,0.0,0.0293,38.0,False
leg:7599563bb198,"CORRADI DE BELTRÀN, Ana María",senado,JUSTICIALISTA; JUSTICIALISTA-FRENTE PARA LA VICTORIA,2007,2013,898,161.1,0.1794,0.1793,737,0.0076,0.9658,21,0.0,0.0,257,0.1518,0.0,0.0078,0.0022,32.0,False
leg:0186cb849d1e,MOLINA Karina Alejandra,diputados,PRO,2016,2019,520,92.9,0.1787,0.1731,430,0.0162,0.9556,24,0.1667,0.0476,174,0.4116,0.026,0.0,0.0135,41.0,False
leg:10580963df01,PARADA Liliana Beatriz,diputados,MOVIMIENTO PROYECTO SUR; UNIDAD POPULAR,2010,2013,376,67.0,0.1782,0.3564,242,0.0661,0.3806,69,0.2319,0.04,254,0.1496,0.0692,0.008,0.0,5.0,False
leg:1ca8d768cb79,"MORALES, Gerardo Rubén",senado,UCR,2004,2015,2063,367.3,0.178,0.189,1673,0.054,0.71,35,0.0714,0.0735,150,0.19,0.1391,0.0,0.0339,14.0,False
leg:e6cf1ab5182b,"MAYANS, José Miguel Ángel",senado,FRENTE DE TODOS; FRENTE NACIONAL Y POPULAR; FRENTE PARA LA VICTORIA; JUSTICIALISTA,2004,2026,2973,527.9,0.1776,0.1598,2498,0.0281,0.9636,65,0.1692,0.04,200,0.0382,0.0188,0.0024,0.0101,38.0,False
leg:b35fa4955296,"VIVO, Horacio",diputados,ALIANZA; UCR,2002,2003,50,8.9,0.1776,0.14,43,0.1246,0.5034,9,0.1744,0.1744,50,0.1776,0.1246,0.0,0.1,65.0,False
leg:9b51b386d5f7,"KUEIDER, EDGARDO DARÍO",senado,FRENTE DE TODOS; FRENTE NACIONAL Y POPULAR; UNIDAD FEDERAL,2019,2024,289,51.3,0.1776,0.1869,235,0.0184,0.8704,11,0.0,0.0,71,0.2019,0.044,0.0,0.0069,41.0,False
leg:ee32bfef0b09,ARENAS Berta Hortensia,diputados,COMPROMISO FEDERAL,2014,2017,511,90.5,0.1771,0.2407,388,0.1817,0.1626,32,0.0625,0.04,307,0.158,0.1479,0.0098,0.0117,3.0,False
leg:9fd4eeaca3f2,"TORRES MOLINA, Ramon Horacio",diputados,FRENTE PARA EL CAMBIO,2001,2001,24,4.2,0.1771,0.1667,20,0.05,0.8125,4,0.0,0.0,24,0.1771,0.05,0.0,0.1667,4.0,False
leg:d5481880f8f4,ALONSO Laura,diputados,PARTIDO BLOQUISTA DE SAN JUAN; PRO,2010,2015,580,102.7,0.1771,0.4534,317,0.0559,0.3232,92,0.1275,0.0524,204,0.3333,0.018,0.0,0.019,11.0,False
leg:fbc9b765a1ee,"Moreno, Maria de los Angeles",diputados,PRODUCCION Y TRABAJO,2024,2025,274,48.5,0.177,0.4124,161,0.0155,0.4071,48,0.0521,0.0,274,0.177,0.0155,0.0,0.354,2.0,False
leg:2c1a33f959b9,"BRILLO, José Ricardo",diputados,MOV POP NEUQUINO; MOVIMIENTO POPULAR NEUQUINO,2005,2013,1325,234.4,0.1769,0.4015,793,0.1103,0.2762,187,0.1684,0.0625,254,0.1457,0.0526,0.0,0.1713,3.0,False
leg:868304403cd4,"LOUTAIF, Julio César",diputados,RENOVADOR DE SALTA,2002,2003,82,14.5,0.1768,0.2317,63,0.1825,0.1579,17,0.2941,0.4,82,0.1768,0.1825,0.0,0.3537,2.0,False
leg:1de025f5e0f7,SELVA Carlos Américo,diputados,FRENTE DE TODOS; UNIDOS POR UNA NUEVA ARGENTINA,2016,2023,572,101.1,0.1768,0.1643,478,0.0578,0.7819,32,0.125,0.0968,17,0.0588,0.0588,0.0,0.0227,29.0,False
leg:f53ba972d854,ZILIOTTO Sergio Raúl,diputados,JUSTICIALISTA,2016,2019,520,91.9,0.1767,0.2423,394,0.0696,0.5118,24,0.1699,0.1541,174,0.1775,0.0881,0.0308,0.0308,17.0,False
leg:38e4f2396b95,"Aguirre, Hilda",diputados+senado,FRENTE DE TODOS; FRENTE PARA LA VICTORIA; JUSTICIALISTA-FRENTE PARA LA VICTORIA; UNION POR LA PATRIA,2007,2026,1571,277.2,0.1765,0.1515,1333,0.0366,0.9597,109,0.055,0.0198,233,0.0223,0.0052,0.0,0.0121,85.0,False
leg:3136726f96db,"SCARPIN, Delki",diputados,UCR,2001,2001,17,3.0,0.1765,0.1176,15,0.0667,1.0,4,0.25,0.0,17,0.1765,0.0667,0.0,0.0,78.0,False
leg:731a7ef33986,"LUSQUIÑOS, Luis Bernardo",diputados,COMPROMISO FEDERAL; FRENTE DEL MOVIMIENTO POPULAR; FRENTE JUSTICIA UNION Y LIBERTAD; JUSTICIALISTA,2001,2017,1197,211.0,0.1762,0.4929,607,0.1556,0.1975,143,0.0559,0.0417,209,0.1053,0.0529,0.0727,0.056,4.0,False
leg:9c6111794c49,GIL LAVEDRA Ricardo Rodolfo,diputados,UCR,2010,2013,376,66.2,0.1761,0.3138,258,0.0789,0.3885,69,0.3429,0.1591,254,0.2252,0.0962,0.0,0.0293,38.0,False
leg:a30991aed295,ABDALA DE MATARAZZO Norma Amanda,diputados,FRENTE CIVICO POR SANTIAGO; FRENTE DE TODOS,2010,2021,1135,199.8,0.1761,0.2441,858,0.0491,0.5692,123,0.1789,0.0256,8,0.0,0.0,0.0,0.0696,7.0,False
leg:2647e8da83cb,MATZEN Lorena,diputados,UCR,2017,2021,248,43.5,0.1756,0.1653,207,0.0123,1.0,22,0.2727,0.0,8,0.0,0.0,0.0,0.004,40.0,False
leg:4564d9ddc5fe,"TOMAZ, Adriana Elisa",diputados,PARTIDO UNIDAD FEDERALISTA; UNIDAD FEDERALISTA,2005,2009,842,147.8,0.1756,0.3599,539,0.2548,0.0347,11,0.0909,0.1111,251,0.0,0.0,0.0701,0.0107,3.0,False
leg:df1a88f6ef62,FORTUNA Francisco José,diputados,CORDOBA FEDERAL,2010,2013,376,66.0,0.1755,0.2447,284,0.2254,0.0217,69,0.1087,0.1415,254,0.1949,0.2982,0.2819,0.016,2.0,False
leg:5ef06a9fa93d,"Arjol, Martin",diputados,LIGA DEL INTERIOR ELI,2022,2025,291,51.0,0.1753,0.2543,217,0.0492,0.545,49,0.1088,0.053,274,0.1825,0.0525,0.0,0.0206,3.0,False
leg:e1619db3fa19,"GIUSTI, Silvia Ester",senado,JUSTICIALISTA; JUSTICIALISTA-FRENTE PARA LA VICTORIA; TRABAJO Y DIGNIDAD,2004,2009,1397,244.7,0.1751,0.1976,1121,0.0117,0.8389,16,0.125,0.0,350,0.0632,0.0139,0.0,0.0093,41.0,False
leg:2ac4f861fef6,SORAIRE Mirta Alicia,diputados,FRENTE PARA LA VICTORIA,2016,2019,520,91.0,0.175,0.1596,437,0.0858,0.6447,24,0.1667,0.0476,174,0.1593,0.0525,0.0019,0.0096,69.0,False
leg:beeeae672df1,"Montenegro, Guillermo",diputados,LA LIBERTAD AVANZA; PRO,2017,2026,623,108.9,0.1748,0.183,509,0.0073,0.9227,84,0.0238,0.0,233,0.0343,0.009,0.0,0.008,54.0,False
leg:9afa96f4be58,"ALARCON, María del Carmen",diputados,FRENTE PARA LA VICTORIA; JUSTICIALISTA; MOVIMIENTO PAMPA SUR,2001,2007,817,142.7,0.1747,0.5239,389,0.075,0.2654,32,0.417,0.1805,520,0.0212,0.01,0.0012,0.0135,1.0,False
leg:54b81246aeb8,"ROSSI, Alejandro Luis",diputados,FRENTE PARA LA VICTORIA,2007,2011,379,66.1,0.1744,0.1715,314,0.0113,0.962,28,0.1786,0.0435,104,0.1592,0.0291,0.0,0.0053,107.0,False
leg:728e0865bdd3,BRITEZ María Cristina,diputados,FRENTE DE TODOS; FRENTE PARA LA VICTORIA,2016,2023,572,99.6,0.1741,0.2203,446,0.0247,0.7029,32,0.0625,0.0,17,0.0588,0.0588,0.0017,0.0087,69.0,False
leg:562b46414f09,"PRIETO, Hugo Nelson",diputados,DE LA CONCERTACION,2007,2011,379,66.0,0.1741,0.2084,300,0.0333,0.7089,28,0.1429,0.0,104,0.2596,0.0,0.1689,0.0,4.0,False
leg:373417dac9f7,"Monzo, Emilio",diputados,ENCUENTRO FEDERAL,2022,2025,291,50.6,0.174,0.2337,223,0.0343,0.6324,49,0.0219,0.0223,274,0.1684,0.0331,0.0,0.0344,7.0,False
leg:24bb0ea9fb10,FRANCO Jorge Daniel,diputados,FRENTE DE LA CONCORDIA MISIONERO; FRENTE PARA LA VICTORIA,2016,2019,520,90.5,0.174,0.1923,420,0.1202,0.4,24,0.1667,0.1053,174,0.1264,0.0504,0.0,0.0019,5.0,False
leg:9c0a2c1da99a,"PARENTELLA, Irma Fidela",diputados,FRENTE GRANDE; FREPASO,2001,2003,106,18.4,0.174,0.1321,92,0.1325,0.4474,21,0.1706,0.0,82,0.1738,0.1238,0.0,0.1981,8.0,False
leg:438db9da580f,BIDEGAIN Gloria Mercedes,diputados,FRENTE PARA LA VICTORIA,2007,2015,855,148.8,0.174,0.1661,713,0.0102,0.9967,106,0.1496,0.0202,204,0.1078,0.0,0.0,0.0047,113.0,False
leg:37c9b9d5816e,"Vega, Yolanda",diputados,INNOVACION FEDERAL,2024,2026,410,71.2,0.1737,0.1585,345,0.1862,0.1077,69,0.095,0.0975,233,0.1927,0.207,0.0,0.078,9.0,False
leg:c0fd0a8e8b0e,"DE NARVAEZ, Francisco",diputados,FRENTE PERONISTA; JUSTICIALISTA NACIONAL; PERONISMO FEDERAL; PERONISTA FEDERAL,2005,2015,1529,265.2,0.1735,0.6285,568,0.1735,0.1734,210,0.0435,0.0053,204,0.0,0.0,0.0137,0.0517,11.0,True
leg:82a129ace4a5,"ALONSO, Gumersindo Federico",diputados,FRENTE CIVICO - CORDOBA; PARTIDO NUEVO CONTRA LA CORRUPCION,2003,2013,1269,219.8,0.1732,0.3869,778,0.0614,0.3503,262,0.0519,0.0197,254,0.1543,0.0188,0.0,0.0229,5.0,False
leg:35e1230d791b,CALIVA Lia Veronica,diputados,FRENTE DE TODOS,2019,2023,52,9.0,0.1731,0.1538,44,0.0227,1.0,8,0.0,0.0,17,0.3529,0.0833,0.0,0.0,118.0,False
leg:6ea3e107cbea,SCHIAVONI Alfredo Oscar,diputados,PRO,2019,2023,52,9.0,0.1731,0.2115,41,0.0244,0.7273,8,0.0,0.0,17,0.2941,0.1,0.0,0.0,50.0,False
leg:cb170833dfbb,JETTER Ingrid,diputados,PRO,2019,2023,52,9.0,0.1731,0.25,39,0.0,0.6923,8,0.0,0.0,17,0.2941,0.0,0.0,0.0,50.0,False
leg:0c63b90bc57d,"CANEVAROLO, Dante Omar",diputados,FRENTE PARA LA VICTORIA; JUSTICIALISTA,2002,2007,559,96.6,0.1728,0.1395,481,0.0458,0.9561,19,0.35,0.1767,477,0.153,0.0133,0.0018,0.0286,114.0,False
leg:3d797667a2c2,"GENEM, Amanda Susana",diputados,FRENTE PARA LA VICTORIA; JUSTICIALISTA,2005,2009,842,145.5,0.1728,0.1651,703,0.0146,0.9729,11,0.0,0.0,251,0.1256,0.0045,0.0,0.0131,114.0,False
leg:8d9a67753218,MENDOZA Mayra Soledad,diputados,FRENTE PARA LA VICTORIA,2011,2019,996,172.0,0.1727,0.1998,797,0.0119,0.8164,102,0.0451,0.0,174,0.4515,0.0118,0.001,0.007,78.0,False
leg:d4e1078d1e8e,GRANA Adrián Eduardo,diputados,FRENTE PARA LA VICTORIA,2016,2019,520,89.7,0.1726,0.2096,411,0.0346,0.6927,24,0.0,0.0,174,0.2168,0.0251,0.0019,0.0096,69.0,False
leg:7bb611480467,CAROL Analuz Ailén,diputados,FRENTE PARA LA VICTORIA,2016,2019,520,89.8,0.1726,0.2115,410,0.0323,0.6956,24,0.25,0.0,174,0.1478,0.0389,0.0019,0.0096,69.0,False
leg:a35a02514f3c,"Lombardi, Hernan",diputados,PRO,2022,2025,211,36.4,0.1725,0.1943,170,0.0118,0.839,31,0.0,0.0,194,0.1773,0.0064,0.0,0.0095,25.0,False
leg:f3a5c4fb9112,"SACNUN, MARÍA DE LOS ÁNGELES",senado,FRENTE DE TODOS; FRENTE PARA LA VICTORIA,2016,2021,601,103.6,0.1724,0.0699,559,0.1675,0.2381,6,0.0,0.0,177,0.0,0.0,0.0,0.0266,36.0,False
leg:0b7b095959a3,"Tetaz, Martin Alberto",diputados,UCR,2022,2025,291,50.1,0.172,0.1478,248,0.1017,0.5775,49,0.2007,0.1556,274,0.177,0.1063,0.0,0.0687,12.0,False
leg:af93975cd2b3,LINARES María Virginia,diputados,BLOQUE GEN; COALICION CIVICA; GEN,2007,2015,855,147.0,0.1719,0.2608,632,0.0723,0.454,106,0.1038,0.0549,204,0.1409,0.003,0.0339,0.0152,5.0,False
leg:b218b7b18a22,"FERREYRA, Mario Felix",diputados,JUSTICIALISTA,2001,2001,24,4.1,0.1717,0.4167,14,0.1871,0.15,4,0.0,0.0,24,0.1717,0.1871,0.0,0.0833,100.0,False
leg:35586215a165,"ROMAN, Carmen",diputados,FRENTE PARA LA VICTORIA,2006,2009,731,125.5,0.1717,0.1395,629,0.0374,1.0,7,0.0,0.0,251,0.1096,0.0067,0.0,0.015,114.0,False
leg:c7caee289bff,"ROSSI, Cipriana Lorena",diputados,COALICION CIVICA; FRENTE PARA LA VICTORIA; PERONISMO FEDERAL; UNION PERONISTA,2007,2011,379,65.1,0.1717,0.3061,263,0.1237,0.2805,28,0.1786,0.15,104,0.1978,0.0709,0.0343,0.0106,28.0,False
leg:08bacbb3068e,"QUINTERO, Marta Beatriz",diputados,FRENTE PARA LA VICTORIA,2009,2011,117,20.1,0.1717,0.1453,100,0.0609,0.8235,14,0.1429,0.1667,104,0.1883,0.0642,0.0,0.0171,85.0,False
leg:5b6c7f6e8aa3,"SYLVESTRE BEGNIS, Juan Héctor",diputados,FRENTE PARA LA VICTORIA; JUSTICIALISTA,2005,2009,842,144.5,0.1716,0.152,714,0.0269,0.9783,11,0.0,0.0,251,0.0817,0.0191,0.0,0.0131,114.0,False
leg:7015a6eff717,ACERENZA Samanta María Celeste,diputados,PRO,2016,2019,520,89.1,0.1714,0.1654,434,0.0146,0.9628,24,0.0833,0.0435,174,0.1763,0.0323,0.0,0.0135,41.0,False
leg:401e5a8d63bb,"ROSSO, Graciela Zulema",diputados,FRENTE PARA LA VICTORIA; JUSTICIALISTA,2005,2007,576,98.5,0.171,0.1545,487,0.0233,0.9792,6,0.1667,0.0,520,0.1875,0.0241,0.0,0.0174,114.0,False
leg:57ca14bc6330,"TREJO, Luis Alberto",diputados,UCR,2001,2003,106,18.1,0.1709,0.2547,79,0.0805,0.4357,21,0.0747,0.0285,82,0.2134,0.1043,0.0,0.066,65.0,False
leg:d55961ce5457,"SANZ, Ernesto Ricardo",senado,UCR,2004,2015,2063,352.0,0.1706,0.207,1636,0.0409,0.6678,35,0.1286,0.0781,150,0.4294,0.0094,0.0,0.0339,14.0,False
leg:cbcb83fef0e8,"MONGELO, José Ricardo",diputados,FRENTE PARA LA VICTORIA; JUSTICIALISTA,2003,2015,1369,233.5,0.1706,0.1497,1164,0.0315,0.9599,271,0.1382,0.0274,204,0.1078,0.0,0.0007,0.011,113.0,False
leg:1c66240af245,VALINOTTO Jorge Anselmo,diputados,FRENTE CIVICO - CORDOBA,2011,2015,476,81.2,0.1706,0.3445,312,0.1176,0.2713,78,0.1744,0.1183,204,0.1324,0.0767,0.0,0.1176,5.0,False
leg:d1153089af2e,VILLAR MOLINA María Inés,diputados,MOV POP NEUQUINO; MOVIMIENTO POPULAR NEUQUINO,2014,2017,511,87.2,0.1706,0.1526,433,0.1355,0.3654,32,0.2396,0.1111,307,0.1873,0.2007,0.0,0.227,2.0,False
leg:9412e2c95358,SCHWINDT María Liliana,diputados,FRENTE DE TODOS; FRENTE RENOVADOR; UNIDOS POR UNA NUEVA ARGENTINA,2014,2021,515,87.7,0.1703,0.2058,409,0.0836,0.5047,32,0.1562,0.125,4,0.0,0.0,0.0019,0.0117,29.0,False
leg:3f52f6dff89d,NANNI Miguel,diputados,UCR,2016,2023,572,97.2,0.17,0.1556,483,0.017,1.0,32,0.2665,0.0611,17,0.2689,0.044,0.0,0.007,36.0,False
leg:3ad1f3c963e5,"Marziotta, Gisela",diputados,FRENTE DE TODOS; UNION POR LA PATRIA,2020,2025,299,50.7,0.1695,0.1739,247,0.0028,0.9615,49,0.0408,0.0,274,0.1521,0.003,0.0,0.0033,93.0,False
leg:e0086aa73178,"COLAZO, Mario Jorge",senado,JUSTICIALISTA; JUSTICIALISTA-FRENTE PARA LA VICTORIA,2007,2013,898,152.2,0.1695,0.1693,746,0.007,0.9671,21,0.0,0.0,257,0.2957,0.0,0.0078,0.0022,32.0,False
leg:b449008ab50b,"Santilli, Diego",diputados+senado,JUSTICIALISTA; PRO; PRO Y UNION POR ENTRE RIOS,2002,2025,515,87.1,0.1691,0.2272,398,0.0195,0.678,60,0.0167,0.0,274,0.1114,0.0089,0.0,0.0194,25.0,False
leg:627c5930421d,RISTA Olga María,diputados,UCR,2016,2019,520,87.7,0.1687,0.1635,435,0.0093,0.9843,24,0.1053,0.024,174,0.2905,0.0124,0.0,0.0058,36.0,False
leg:8fc1c26eea3e,"YAREGUI, Alberto",diputados,UCR,2001,2001,10,1.7,0.1684,0.2,8,0.0,0.8421,1,0.0,0.0,10,0.1684,0.0,0.0,0.1,76.0,False
leg:e01210d4b52f,"CORCHUELO BLASCO, José Manuel",diputados,JUSTICIALISTA,2001,2001,24,4.0,0.1683,0.4167,14,0.1786,0.154,4,0.0,0.0,24,0.1683,0.1786,0.0,0.0833,100.0,False
leg:b2a4969cf634,"ESPINOLA, Barbara Ines",diputados,FREPASO,2001,2001,24,4.0,0.1683,0.0417,23,0.1756,0.0,4,0.0,0.0,24,0.1683,0.1756,0.0,0.2917,29.0,False
leg:a7304ee83692,"DE LA BARRERA, Guillermo",diputados,FRENTE PARA LA VICTORIA; JUSTICIALISTA,2003,2007,711,119.6,0.1682,0.1505,604,0.0243,0.9808,11,0.0533,0.0533,520,0.2171,0.0287,0.0,0.0183,114.0,False
leg:bf8279dd5758,"GARDELLA, Patricia Susana",diputados,CORRIENTE DE PENSAMIENTO FEDERAL; CORRIENTE PERONISTA FEDERAL; UNION CELESTE Y BLANCA; UNION CELESTE Y BLANCO,2007,2011,379,63.8,0.1682,0.4169,221,0.2726,0.0222,28,0.1339,0.1447,104,0.1683,0.2431,0.0,0.2559,3.0,False
leg:f85f0a849177,PERALTA Fabián Francisco,diputados,BLOQUE GEN; COALICION CIVICA; GEN,2007,2015,855,143.8,0.1681,0.3099,590,0.0403,0.4528,106,0.217,0.0278,204,0.1262,0.0045,0.0339,0.0152,5.0,False
leg:0333afd6274d,"BISUTTI, Delia Beatriz",diputados,A.R.I; A.R.I AUTONOMO 8 +; SOLIDARIDAD E IGUALDAD (SI); SOLIDARIDAD E IGUALDAD (SI) - ARI (T.D.F),2005,2009,842,140.9,0.1673,0.2043,670,0.0782,0.5145,11,0.0,0.0,251,0.1594,0.0667,0.0083,0.0297,13.0,False
leg:9fb77ef44d9b,DURAND CORNEJO Guillermo Mario,diputados,CONSERVADOR POPULAR; PRO,2014,2017,511,85.5,0.1672,0.2231,397,0.0092,0.7175,32,0.2812,0.0435,307,0.2588,0.0115,0.0,0.0078,40.0,False
leg:2afcb53ee567,"DELLEPIANE, Carlos Francisco",diputados,BUENOS AIRES; FRENTE POPULAR BONAERENSE; JUSTICIALISTA NACIONAL; LA ARGENTINA DE LOS VALORES,2003,2007,711,118.8,0.1671,0.5345,331,0.2456,0.0987,11,0.0909,0.1111,520,0.1669,0.3114,0.0098,0.2461,2.0,False
leg:5a8e8ccf4218,DURÉ Lucila Beatriz,diputados,PARTIDO SOCIALISTA,2016,2017,307,51.2,0.1669,0.1205,270,0.087,0.75,9,0.2222,0.125,307,0.1669,0.087,0.114,0.0065,4.0,False
leg:645e68cd4332,"MARTÍNEZ, ERNESTO FÉLIX",diputados+senado,FRENTE CIVICO - CORDOBA; FRENTE PRO,2010,2021,977,163.1,0.1669,0.3337,651,0.0274,0.4454,75,0.2507,0.0286,177,0.1999,0.0578,0.0,0.0225,5.0,False
leg:38f5bb4b1045,"FILMUS, Daniel Fernando",diputados+senado,FRENTE DE TODOS; FRENTE PARA LA VICTORIA; JUSTICIALISTA; JUSTICIALISTA-FRENTE PARA LA VICTORIA,2007,2019,1138,189.9,0.1668,0.1608,955,0.017,0.9489,43,0.0698,0.0476,201,0.128,0.0382,0.007,0.0044,37.0,False
leg:88567b21746e,"GALLEGO, Raul Edgardo",diputados,MOVIMIENTO CIVICO Y SOCIAL,2001,2001,24,4.0,0.1667,0.8333,4,0.5,0.1,4,0.0,,24,0.1667,0.5,0.0,0.3333,2.0,True
leg:83b5e822b335,"ZAPATA MERCADER, Jorge",diputados,DEMOCRATA DE MENDOZA,2001,2001,24,4.0,0.1667,0.7917,5,0.2,0.1579,4,0.0,0.0,24,0.1667,0.2,0.0,0.0,3.0,True
leg:caca65f3e40a,MERCADO Verónica Elizabeth,diputados,FRENTE PARA LA VICTORIA,2016,2019,520,86.6,0.1665,0.2019,415,0.0326,0.6958,24,0.1667,0.0,174,0.1929,0.0528,0.0019,0.0096,69.0,False
leg:bcd98bed2e62,"MARINO, Juliana Isabel",diputados,ENCUENTRO; FRENTE PARA LA VICTORIA; FUERZA PORTENA,2003,2007,711,118.2,0.1663,0.0985,641,0.0831,0.9286,11,0.0909,0.0909,520,0.1606,0.0407,0.0,0.0886,113.0,False
leg:c9937817178a,"PINCHETTI de SIERRA MORALES, Delia Norma",diputados+senado,FUERZA REPUBLICANA; TUCUMAN,2001,2009,1421,236.2,0.1662,0.3209,965,0.1727,0.1524,20,0.05,0.0357,350,0.1029,0.0504,0.0,0.3279,2.0,False
leg:545130287582,"Gutierrez, Carlos",diputados,CORDOBA FEDERAL; PROVINCIAS UNIDAS,2019,2026,462,76.7,0.1661,0.0823,424,0.1367,0.4934,77,0.1721,0.1565,233,0.1894,0.1642,0.0065,0.2165,12.0,False
leg:00acb8c24f4e,ITURRASPE Nora Graciela,diputados,SI POR LA UNIDAD POPULAR; UNIDAD POPULAR,2010,2013,376,62.0,0.1649,0.3218,255,0.0353,0.438,69,0.2029,0.0556,254,0.1969,0.0486,0.008,0.0,5.0,False
leg:0f050a26a62a,"BORSANI, Luis Gustavo",diputados,UCR,2003,2019,1413,232.8,0.1648,0.2696,1032,0.0826,0.3875,217,0.2135,0.1208,174,0.0261,0.0032,0.0,0.0347,39.0,False
leg:9081ecd105c1,"MARTINEZ, Alfredo Anselmo",diputados+senado,ALIANZA; UCR,2002,2017,1921,316.6,0.1648,0.1265,1678,0.0924,0.665,50,0.0814,0.0667,280,0.1488,0.0198,0.0,0.039,13.0,False
leg:c2cf5a671498,"ROMERO, Juan Carlos",senado,CAMBIO FEDERAL; CAMBIO FEDERAL [ 17 ]; JUSTICIALISTA; JUSTICIALISTA 8 DE OCTUBRE,2007,2025,1845,303.8,0.1647,0.4726,973,0.0536,0.2886,44,0.0909,0.0625,122,0.0,0.0,0.1079,0.0136,2.0,False
leg:9065055558c6,MENDOZA Josefina,diputados,UCR,2017,2021,248,40.8,0.1644,0.1573,209,0.0085,1.0,22,0.0455,0.0,8,0.5,0.0,0.0,0.004,40.0,False
leg:3a2c8d69031d,"MERA, DALMACIO",diputados+senado,FRENTE DE TODOS; FRENTE PARA LA VICTORIA; JUSTICIALISTA,2010,2021,705,115.8,0.1643,0.1518,598,0.0324,0.9014,20,0.1,0.0714,177,0.1186,0.0127,0.0,0.0241,36.0,False
leg:02dd61fed0ff,"ALCUAZ, Horacio Alberto",diputados,BLOQUE GEN; COALICION CIVICA; GEN,2007,2011,379,62.2,0.1642,0.2348,290,0.0862,0.4182,28,0.1071,0.087,104,0.0865,0.0345,0.0053,0.0264,18.0,False
leg:709962b55bd7,"DI POLLINA, Eduardo Alfredo",diputados,PARTIDO SOCIALISTA,2003,2007,711,116.6,0.164,0.2321,546,0.0899,0.4091,11,0.0909,0.0,520,0.1896,0.0989,0.0098,0.0253,5.0,False
leg:e224f157fa1b,"RODRIGUEZ SAA, Adolfo",diputados+senado,FRENTE DE TODOS; FRENTE DEL MOVIMIENTO POPULAR; FRENTE NACIONAL Y POPULAR; JUSTICIALISTA SAN LUIS,2003,2023,2229,365.0,0.1638,0.3589,1429,0.071,0.3294,44,0.0341,0.0156,62,0.3387,0.0238,0.1498,0.1301,2.0,False
leg:af434f6e5dd7,"PEROTTI, OMAR ÁNGEL",diputados+senado,FRENTE PARA LA VICTORIA; JUSTICIALISTA,2011,2019,897,146.6,0.1635,0.1505,762,0.0297,0.9186,84,0.0905,0.0082,124,0.3439,0.0617,0.0,0.0201,105.0,False
leg:eba439e38d13,ALUME SBODIO Karim Augusto,diputados,COMPROMISO FEDERAL; FRENTE DE TODOS; UNIDAD JUSTICIALISTA,2017,2021,248,40.5,0.1633,0.246,187,0.1471,0.2131,22,0.0682,0.0,8,0.0,0.0,0.0806,0.1169,4.0,False
leg:d3e9584b3617,"D'alessandro, Carlos",diputados,COHERENCIA,2024,2025,274,44.5,0.1624,0.1533,232,0.1573,0.1905,48,0.0833,0.0465,274,0.1624,0.1573,0.0,0.3248,2.0,False
leg:80c8968e89be,"MONLLAU, Blanca María del Valle",senado,FRENTE CIVICO Y SOCIAL DE CATAMARCA,2010,2015,666,108.0,0.1622,0.2207,519,0.1985,0.034,19,0.2105,0.2353,150,0.0,0.0,0.0,0.3243,2.0,False
leg:4835f05e5a60,"PUIG de STUBRIN, Lilia",diputados,UCR,2002,2005,217,35.2,0.1622,0.1014,195,0.1138,0.5909,22,0.1245,0.0369,132,0.0985,0.05,0.0,0.0276,44.0,False
leg:0932694a4303,SIMONCINI Silvia Rosa,diputados,FRENTE PARA LA VICTORIA,2011,2015,476,77.2,0.1622,0.1597,400,0.003,1.0,78,0.1615,0.0091,204,0.2696,0.0,0.0,0.0042,113.0,False
leg:46f0fb83a569,"PERSICO, Daniel Raúl",senado,FRENTE PARA LA VICTORIA; JUSTICIALISTA; JUSTICIALISTA-FRENTE PARA LA VICTORIA,2005,2017,1701,275.3,0.1618,0.1464,1452,0.0232,0.9701,28,0.0714,0.0769,280,0.2823,0.0841,0.0041,0.01,36.0,False
leg:0951b6bc9141,"JEREZ, Eusebia Antonia",diputados,FUERZA REPUBLICANA,2003,2007,711,115.0,0.1617,0.4543,388,0.1637,0.1594,11,0.0909,0.0,520,0.1952,0.2175,0.0,0.2982,2.0,False
leg:e6dde792b929,"BARBAGELATA, María Elena",diputados,FREPASO; PARTIDO SOCIALISTA,2001,2005,191,30.8,0.1614,0.2042,152,0.0692,0.5206,17,0.0588,0.0,132,0.1591,0.0529,0.0419,0.1257,6.0,False
leg:a2857ef781cb,LASPINA Luciano Andrés,diputados,PRO,2015,2025,909,146.7,0.1614,0.165,759,0.0242,0.8555,84,0.1071,0.0263,274,0.2209,0.0191,0.0,0.0132,40.0,False
leg:7bb4c975b2d8,RICCARDO José Luis,diputados,UCR,2014,2021,759,122.3,0.1611,0.1594,638,0.0261,0.8733,54,0.232,0.0588,8,0.0,0.0,0.0,0.0079,36.0,False
leg:e4d7e929922b,"Juri, Mariana",diputados+senado,UCR,2010,2026,685,110.1,0.1608,0.2365,523,0.06,0.4859,93,0.2415,0.1271,200,0.0935,0.0168,0.0,0.0234,35.0,False
leg:5bdb27d48c2f,HORNE Silvia Renee,diputados,FRENTE PARA LA VICTORIA; MOVIMIENTO EVITA; PERONISMO PARA LA VICTORIA,2016,2019,520,83.5,0.1606,0.2596,385,0.1,0.3334,24,0.2083,0.125,174,0.2155,0.1562,0.0654,0.0635,5.0,False
leg:a4732f09930d,"GARCÍA LARRABURU, SILVINA MARCELA",diputados+senado,FRENTE DE TODOS; FRENTE PARA LA VICTORIA; UNIDAD CIUDADANA,2011,2025,1143,183.2,0.1602,0.1514,970,0.0368,0.8523,77,0.0857,0.0239,122,0.3033,0.0357,0.0009,0.0157,36.0,False
leg:c1011ec99fcf,"HEREDIA, Arturo Miguel",diputados,FRENTE PARA LA VICTORIA; JUSTICIALISTA; PERONISMO FEDERAL,2005,2009,842,134.4,0.1596,0.1437,721,0.0636,0.7317,11,0.2727,0.1111,251,0.2032,0.1158,0.0119,0.0119,114.0,False
leg:ba518bb58898,"GODOY, Juan Carlos",diputados,CONCERTACION ENTRERRIANA; NUEVO ESPACIO ENTRERRIANO,2003,2007,711,113.5,0.1596,0.4219,411,0.219,0.0783,11,0.0909,0.0909,520,0.199,0.3084,0.0,0.3193,2.0,False
leg:d8b27729f192,HERRERA José Alberto,diputados,FRENTE CIVICO POR SANTIAGO,2007,2017,1122,178.8,0.1594,0.2398,853,0.0225,0.5936,114,0.1213,0.0287,267,0.2222,0.0319,0.0,0.0535,7.0,False
leg:30bcc8a59153,"Outes, Pablo",diputados,INNOVACION FEDERAL,2024,2026,410,65.2,0.1591,0.2073,325,0.1576,0.1647,69,0.1095,0.0828,233,0.1669,0.1527,0.0,0.078,9.0,False
leg:84fb9dd83e8f,"Bachey, Karina Ethel",diputados,PRO,2022,2025,291,46.3,0.159,0.1615,244,0.038,0.7872,49,0.102,0.0227,274,0.158,0.0397,0.0,0.0137,25.0,False
leg:457a26c7f3ec,"LEDESMA ABDALA DE ZAMORA, CLAUDIA",diputados+senado,FRENTE CIVICO POR SANTIAGO; FRENTE DE TODOS; FRENTE NACIONAL Y POPULAR,2017,2023,457,72.7,0.159,0.2166,358,0.0684,0.4865,21,0.119,0.0385,62,0.0161,0.0,0.0,0.1072,19.0,False
leg:61caaf7f3421,"PETCOFF NAIDENOFF, Luis Carlos",senado,UCR,2005,2023,2089,332.1,0.159,0.1752,1723,0.0628,0.6117,38,0.0395,0.0161,62,0.1613,0.0114,0.0,0.0397,13.0,False
leg:6d65af1bc68e,BARDEGGIA Luis María,diputados,FRENTE PARA LA VICTORIA,2014,2017,511,81.0,0.1586,0.1389,440,0.0455,0.8592,32,0.0625,0.0,307,0.2574,0.0842,0.0,0.0039,78.0,False
leg:5f7a6bf59378,"BERTOLYOTTI, Delma Noemí",diputados,JUSTICIALISTA,2003,2005,135,21.4,0.1586,0.1556,114,0.0071,0.9814,5,0.1609,0.0,132,0.1395,0.0071,0.0,0.0222,128.0,False
leg:5ddc74892aad,FLORES Danilo Adrián,diputados,FRENTE DE TODOS; JUSTICIALISTA,2017,2021,248,39.3,0.1584,0.2702,181,0.09,0.3433,22,0.0694,0.0251,8,0.0,0.0,0.0565,0.0363,18.0,False
leg:01d3537d1cc1,"LIX KLETT, Roberto Ignacio",diputados,FUERZA REPUBLICANA,2001,2007,817,129.2,0.1581,0.5067,403,0.153,0.163,32,0.125,0.125,520,0.1952,0.1901,0.0,0.2791,2.0,False
leg:36fdffeb9571,"Lanesan Sancho, Moira",diputados,UNION POR LA PATRIA,2025,2026,136,21.5,0.1581,0.1544,115,0.0043,1.0,21,0.0,0.0,136,0.1581,0.0043,0.0,0.0074,92.0,False
leg:2233ae67e89b,RIVARA Raúl Alberto,diputados,COALICION CIVICA; FRENTE RENOVADOR; PERONISMO FEDERAL; UNION PERONISTA,2010,2013,376,59.3,0.1578,0.391,229,0.0839,0.2728,69,0.2236,0.2292,254,0.1792,0.1191,0.008,0.0319,3.0,False
leg:5d0400fef0bb,"POLINO, Hector Teodoro",diputados,A.R.I; PARTIDO SOCIALISTA,2001,2005,241,38.0,0.1577,0.1535,204,0.098,0.4865,26,0.0769,0.0769,132,0.1742,0.0888,0.0332,0.0747,6.0,False
leg:21f46bfde3d5,"COLOMBO DE ACEVEDO, María Teresa",senado,FRENTE CIVICO Y SOCIAL DE CATAMARCA,2004,2009,1397,220.0,0.1575,0.5276,660,0.2394,0.0841,16,0.1875,0.2727,350,0.1414,0.2266,0.0,0.315,2.0,False
leg:f932f9618646,"PINEDO, Federico",diputados+senado,COMPROMISO PARA EL CAMBIO; FRENTE PRO; PARTIDO BLOQUISTA DE SAN JUAN; PRO,2003,2019,2169,341.2,0.1573,0.326,1462,0.1137,0.2474,305,0.0283,0.0339,124,0.0376,0.0306,0.0,0.0438,9.0,False
leg:94db2a266465,GONZÁLEZ Gladys Esther,diputados+senado,FRENTE PRO; PARTIDO BLOQUISTA DE SAN JUAN; PRO,2010,2023,1155,181.6,0.1573,0.2658,848,0.0752,0.384,108,0.2012,0.1283,62,0.276,0.2222,0.0,0.0286,11.0,False
leg:56be929a91ca,"Giorgi, Melina",diputados,DEMOCRACIA PARA SIEMPRE,2024,2025,274,43.1,0.1573,0.062,257,0.1306,0.5621,48,0.2338,0.2338,274,0.1573,0.1306,0.0,0.0365,9.0,False
leg:102dc6e77c89,"RIOFRIO, Marina Raquel",senado,FRENTE PARA LA VICTORIA; JUSTICIALISTA; JUSTICIALISTA-FRENTE PARA LA VICTORIA,2005,2017,1704,268.0,0.1573,0.1303,1482,0.0365,0.9635,28,0.0714,0.0,280,0.2597,0.1728,0.0041,0.01,36.0,False
leg:99f485e21e63,CÁCERES Eduardo Augusto,diputados,PRO,2014,2021,759,119.3,0.1572,0.1397,653,0.0418,0.8679,54,0.0741,0.0,8,0.25,0.0,0.0,0.0224,41.0,False
leg:2bd24cc47a12,JUÁREZ Myrian del Valle,diputados,FRENTE CIVICO Y SOCIAL DE CATAMARCA; FTE. CIVICO Y SOCIAL DE CATAMARCA,2014,2017,511,80.2,0.1569,0.1096,455,0.1322,0.3571,32,0.25,0.2419,307,0.1129,0.0571,0.0,0.274,2.0,False
leg:3409e7c7413a,"JOHNSON, Guillermo",diputados,ACCION POR LA REPUBLICA; JUSTICIALISTA,2002,2005,217,34.0,0.1565,0.0783,200,0.0948,0.8824,22,0.1471,0.0618,132,0.1191,0.031,0.0,0.0461,128.0,False
leg:6e96f1c8f49e,"PORCEL DE RICCOBELLI, BLANCA",senado,FRENTE CIVICO POR SANTIAGO,2017,2019,141,22.0,0.156,0.4965,71,0.0211,0.2929,4,0.0,,124,0.1774,0.0278,0.0,0.3121,2.0,False
leg:306df8c28773,"CONTI, Diana Beatriz",diputados+senado,FRENTE PARA LA VICTORIA; FREPASO; JUSTICIALISTA; PARTIDO DE LA VICTORIA,2004,2017,2475,383.5,0.1549,0.1964,1989,0.0186,0.7129,228,0.1164,0.0178,307,0.4404,0.066,0.0,0.0149,105.0,False
leg:bc3ec3fc0e82,"URLICH, Carlos",diputados,UCR,2007,2011,379,58.6,0.1547,0.2744,275,0.1039,0.289,28,0.0556,0.05,104,0.2019,0.0482,0.0,0.0396,24.0,False
leg:844e937b2775,"BALESTRA, René Helvecio",diputados,UCR,2001,2001,24,3.7,0.1541,0.125,21,0.0332,1.0,4,0.0,0.0,24,0.1541,0.0332,0.0,0.0417,78.0,False
leg:0dc58de59adc,"MENDEZ de FERREYRA, Araceli Estela",diputados,ALIANZA; CONVERGENCIA; FRENTE PARA LA VICTORIA; FREPASO,2002,2007,793,122.2,0.1541,0.0971,716,0.0959,0.6957,28,0.1607,0.087,520,0.1288,0.0482,0.0139,0.0921,112.0,False
leg:5138cd461085,"MAESTRO, Carlos",diputados,UCR,2001,2001,24,3.7,0.1535,0.2083,19,0.0,0.7368,4,0.0,0.0,24,0.1535,0.0,0.0,0.0417,78.0,False
leg:630aa96e542e,"ITÚRREZ DE CAPPELLINI, ADA ROSA DEL VALLE",senado,FRENTE CIVICO POR SANTIAGO,2015,2019,505,77.5,0.1535,0.1525,428,0.1554,0.1429,6,0.0,,124,0.1774,0.2228,0.0,0.3069,2.0,False
leg:b2098570bb97,DAS NEVES Mario,diputados,JUSTICIALISTA; TRABAJO Y DIGNIDAD,1997,2015,258,39.5,0.1533,0.5116,126,0.131,0.1745,56,0.1161,0.12,204,0.1544,0.1386,0.0,0.2519,2.0,False
leg:c489b8c6d08c,"RICHTER, Ana",diputados,FRENTE PARA LA VICTORIA; JUSTICIALISTA; PARTIDO NUEVO CONTRA LA CORRUPCION,2003,2007,711,108.9,0.1532,0.1435,609,0.0294,0.8922,11,0.1442,0.0586,520,0.1331,0.0326,0.0,0.0183,113.0,False
leg:538093869f38,"PERCEVAL, María Cristina",senado,JUSTICIALISTA; JUSTICIALISTA-FRENTE PARA LA VICTORIA,2004,2009,1397,214.1,0.1532,0.1389,1203,0.0195,0.9827,16,0.0,0.0,350,0.0604,0.0045,0.0,0.0093,41.0,False
leg:3b952a145f6e,TUNDIS Mirta,diputados,FRENTE DE TODOS; FRENTE RENOVADOR; UNIDOS POR UNA NUEVA ARGENTINA,2014,2021,759,116.2,0.1531,0.1054,679,0.1064,0.55,54,0.2407,0.1364,8,0.0,0.0,0.0013,0.0224,17.0,False
leg:1b00d98fe97d,"Vidal, Maria Eugenia",diputados,PRO,2022,2025,291,44.5,0.1529,0.1168,257,0.0697,0.7812,49,0.102,0.0444,274,0.1404,0.0647,0.0,0.0137,25.0,False
leg:d3ddc36d42a7,"Tortoriello, Anibal",diputados,LA LIBERTAD AVANZA,2022,2026,427,65.2,0.1527,0.1616,358,0.0084,0.9013,70,0.0429,0.0149,233,0.0172,0.0044,0.0,0.0047,48.0,False
leg:18134a1596df,MOUILLERON Roberto Mario,diputados,COALICION CIVICA; FRENTE RENOVADOR; PERONISMO FEDERAL; UNION PERONISTA,2010,2013,376,57.4,0.1526,0.1862,306,0.181,0.0286,69,0.2961,0.3405,254,0.1596,0.21,0.008,0.0319,3.0,False
leg:5d46ba19c083,GUZMÁN Sandro Adrián,diputados,FRENTE NORTE; FRENTE RENOVADOR; JUNTOS POR ARGENTINA; NO INTEGRA BLOQUE,2014,2017,511,77.8,0.1523,0.4344,289,0.0519,0.2831,32,0.0859,0.0667,307,0.066,0.0248,0.0626,0.0137,4.0,False
leg:ddc62e0f824e,"Quiroz, Marilu",diputados,PRO,2022,2025,291,44.3,0.1522,0.1821,238,0.0156,0.7653,49,0.0816,0.0,274,0.1434,0.0162,0.0,0.0137,25.0,False
leg:d1c8ddc09658,BARLETTA Mario Domingo,diputados,UCR; UNIDOS,2014,2025,802,121.9,0.152,0.303,559,0.0091,0.4807,81,0.0449,0.0,274,0.0,0.0,0.0,0.0062,36.0,False
leg:f75e2caf7163,BALBO Elva Susana,diputados,PRO,2016,2018,386,58.7,0.1519,0.1477,329,0.0078,0.9838,21,0.0952,0.0,196,0.1972,0.0037,0.0,0.0104,41.0,False
leg:c12cd8356123,"Avico, Belen",diputados,LA LIBERTAD AVANZA,2024,2026,410,62.2,0.1517,0.1463,350,0.02,0.9198,69,0.0435,0.0,233,0.0558,0.0092,0.0,0.0049,48.0,False
leg:750044b07882,SAHAD Julio Enrique,diputados,PRO,2017,2021,248,37.6,0.1517,0.125,217,0.0305,1.0,22,0.3182,0.0,8,0.125,0.125,0.0,0.0121,54.0,False
leg:552af866d562,REGIDOR BELLEDONE Estela Mercedes,diputados,UCR,2017,2021,248,37.5,0.1514,0.1411,213,0.0119,1.0,22,0.0455,0.0455,8,0.0,0.0,0.0,0.004,40.0,False
leg:022fbc8e4e10,"GIMENEZ, Sandra Daniela",senado,FRENTE PARA LA VICTORIA; JUSTICIALISTA-FRENTE PARA LA VICTORIA,2011,2017,730,110.3,0.1511,0.1,657,0.0613,0.9589,4,0.0,0.0,280,0.2654,0.1483,0.0,0.0205,32.0,False
leg:7a14f821f369,"AGUNDEZ, Jorge Alfredo",senado,UCR,2004,2005,639,96.5,0.151,0.1487,544,0.0145,0.9326,9,0.2222,0.125,639,0.151,0.0145,0.0,0.0031,15.0,False
leg:63fe04b4dc1c,"OSCOS, María Ilse",diputados,MOVIMIENTO POPULAR NEUQUINO,2005,2006,197,29.8,0.151,0.7208,55,0.0955,0.1725,4,0.0,0.0,197,0.151,0.0955,0.0,0.2792,4.0,True
leg:7c30561d0469,"MARELLI, Mabel",diputados,UCR,2001,2001,24,3.6,0.1508,0.125,21,0.0294,1.0,4,0.0,0.0,24,0.1508,0.0294,0.0,0.0417,78.0,False
leg:aabadfb0d1f4,"OROZCO, Jorge Alberto",diputados,UCR,2001,2001,24,3.6,0.1508,0.0833,22,0.0736,1.0,4,0.0,0.0,24,0.1508,0.0736,0.0,0.0417,78.0,False
leg:7aa140f923f0,"UBALDINI, Saul Edolver",diputados,JUSTICIALISTA,2001,2005,241,36.2,0.1504,0.0415,231,0.1151,0.9656,26,0.2395,0.1761,132,0.1051,0.0501,0.0041,0.0456,128.0,False
leg:70f67c47372e,GAMBARO Natalia,diputados,FRENTE PERONISTA; PERONISMO FEDERAL,2010,2013,376,56.5,0.1503,0.5426,172,0.0929,0.1987,69,0.1983,0.1188,254,0.1417,0.1205,0.0239,0.0106,21.0,False
leg:8e13670cc852,"BUSTI, Jorge Pedro",diputados,FUERZA REPUBLICANA; JUSTICIALISTA,2001,2003,64,9.6,0.1503,0.5156,31,0.2297,0.0758,12,0.0,0.0,40,0.0875,0.1429,0.0,0.1406,2.0,False
leg:f0d54fe55ab6,"MACALUSE, Eduardo Gabriel",diputados,A.R.I; A.R.I AUTONOMO 8 +; FREPASO; SI POR LA UNIDAD POPULAR,2001,2011,1404,210.6,0.15,0.1239,1230,0.1118,0.42,268,0.1704,0.1563,104,0.0577,0.0297,0.0349,0.047,11.0,False
leg:4433c7cf47d1,"VITALE, Domingo",diputados,JUSTICIALISTA,2002,2005,217,32.5,0.1499,0.0783,200,0.0777,1.0,22,0.061,0.061,132,0.1744,0.0764,0.0046,0.0415,128.0,False
leg:48a46f799600,"TULIO, Rosa Ester",diputados,JUSTICIALISTA; PERONISTA FEDERAL,2001,2007,817,122.3,0.1497,0.0624,766,0.1342,0.383,32,0.1956,0.142,520,0.1801,0.1645,0.0379,0.0196,20.0,False
leg:181961ef3046,"MORGADO, Claudio Marcelo",diputados,FRENTE PARA LA VICTORIA; PARTIDO DE LA CONCERTACION - FORJA,2007,2009,334,50.0,0.1497,0.0808,307,0.114,0.5556,5,0.0,0.0,251,0.1673,0.1244,0.0,0.1497,109.0,False
leg:aec17d97342c,"PEREZ, Jorge Raúl",diputados,FRENTE CIVICO POR SANTIAGO,2007,2011,370,55.3,0.1495,0.1135,328,0.1169,0.4048,27,0.0556,0.0435,95,0.1053,0.0989,0.0,0.0838,6.0,False
leg:0fbb3d6090e9,MESTRE Diego Matías,diputados,UCR,2014,2021,759,113.5,0.1495,0.1436,650,0.0215,0.9128,54,0.2191,0.0833,8,0.125,0.0,0.0,0.0079,36.0,False
leg:a97b406bf103,"COMELLI, Alicia Marcela",diputados,MOV POP NEUQUINO; MOVIMIENTO POPULAR NEUQUINO,2003,2015,1748,260.3,0.1489,0.2843,1251,0.1527,0.1393,299,0.0842,0.1009,204,0.0964,0.0795,0.0,0.1447,3.0,False
leg:eca8c9ab6863,ROMA Carlos Gastón,diputados,PRO,2016,2019,520,77.3,0.1487,0.1385,448,0.0229,0.9316,24,0.1667,0.0909,174,0.245,0.0565,0.0,0.0135,41.0,False
leg:cd068471a4f9,"GIL LOZANO, Claudia Fernanda",diputados,COALICION CIVICA,2007,2011,379,56.0,0.1477,0.219,296,0.0827,0.3795,28,0.0357,0.0,104,0.1389,0.1055,0.0,0.0369,18.0,False
leg:fbb09a7731fb,"GUTIERREZ, Alicia Veronica",diputados,A.R.I; FREPASO,2001,2003,89,13.1,0.1476,0.3146,61,0.0514,0.3571,17,0.1176,0.0,82,0.128,0.0439,0.0,0.0225,11.0,False
leg:1c1d65e201b4,CABANDIÉ Juan,diputados,FRENTE PARA LA VICTORIA,2014,2019,724,106.8,0.1476,0.1768,596,0.0257,0.7148,47,0.0213,0.0,174,0.2216,0.0386,0.0014,0.0069,69.0,False
leg:c965dfd887e7,"LESCANO, Marcela Fabiana",senado,UCR,2004,2005,639,94.1,0.1473,0.1518,542,0.0047,0.9443,9,0.1111,0.1111,639,0.1473,0.0047,0.0,0.0031,15.0,False
leg:bfabaf4a771d,VILLAVICENCIO María Teresita,diputados,DEL BICENTENARIO; EVOLUCION RADICAL; UCR,2016,2019,520,76.5,0.1471,0.1115,462,0.1591,0.0517,24,0.1458,0.1591,174,0.0805,0.0892,0.0,0.2404,2.0,False
leg:3a26fa2a39bc,SCIUTTO Rubén Darío,diputados,FRENTE PARA LA VICTORIA; PERONISMO MAS AL SUR,2007,2015,855,125.6,0.1469,0.2643,629,0.0185,0.5044,106,0.0472,0.0225,204,0.0,0.0,0.0,0.0035,105.0,False
leg:51edb1a5e8a1,BREZZO María Eugenia,diputados,UNIDOS POR UNA NUEVA ARGENTINA,2016,2017,307,45.1,0.1469,0.1107,273,0.0479,0.9412,9,0.3333,0.25,307,0.1469,0.0479,0.0,0.0065,29.0,False
leg:9580dfed322f,"GARCIA, María Teresa",diputados,FRENTE PARA LA VICTORIA; JUSTICIALISTA; UNION POR LA PATRIA,2005,2026,1972,289.2,0.1467,0.1354,1705,0.0259,0.9176,240,0.1502,0.0076,136,0.0999,0.0207,0.0015,0.0091,112.0,False
leg:e5aecbc5be60,"Bertoldi, Tanya",diputados,UNION POR LA PATRIA,2022,2025,291,42.7,0.1467,0.1546,246,0.0,0.9486,49,0.1429,0.0,274,0.1558,0.0,0.0,0.0034,93.0,False
leg:5d5c636a5bda,"VIALE, Lisandro Alfredo",diputados,PARTIDO SOCIALISTA,2007,2011,379,55.6,0.1467,0.1557,320,0.0331,0.7627,28,0.1429,0.1111,104,0.1731,0.0345,0.0264,0.0237,10.0,False
leg:f5be5d488b30,"MINGUEZ, Juan Jesús",diputados,ALIANZA; UCR,2002,2005,217,31.7,0.1463,0.0507,206,0.1249,0.5455,22,0.0259,0.0259,132,0.0909,0.0709,0.0,0.0276,44.0,False
leg:a3fe20a55edc,"GUASTAVINO, Pedro Guillermo Ángel",senado,FRENTE PARA LA VICTORIA; JUSTICIALISTA; JUSTICIALISTA-FRENTE PARA LA VICTORIA,2007,2019,1479,216.2,0.1462,0.1454,1264,0.014,0.923,28,0.0,0.0,124,0.102,0.0153,0.0047,0.0122,32.0,False
leg:ed8a34686d4d,"FUENTES, Marcelo Jorge",senado,FRENTE PARA LA VICTORIA; JUSTICIALISTA; JUSTICIALISTA-FRENTE PARA LA VICTORIA,2007,2019,1479,215.8,0.1459,0.1217,1299,0.057,0.7877,28,0.0,0.0,124,0.0206,0.0261,0.0047,0.0122,32.0,False
leg:24b1b1471c01,"ZAVALLO, Gustavo",diputados,FRENTE PARA LA VICTORIA; PERONISMO FEDERAL,2007,2011,379,55.3,0.1458,0.2164,297,0.0826,0.3746,28,0.0942,0.0435,104,0.2813,0.1837,0.0396,0.0106,28.0,False
leg:6c0f76d4c867,VARA Jorge Alberto,diputados,UCR,2019,2023,52,7.6,0.1456,0.1154,46,0.0342,1.0,8,0.0,0.0,17,0.3866,0.0519,0.0,0.0192,47.0,False
leg:3432d3077086,"Figueroa Casas, Germana",diputados,PRO,2022,2025,291,42.4,0.1456,0.1237,255,0.0593,0.7567,49,0.1633,0.0244,274,0.14,0.0542,0.0,0.0137,25.0,False
leg:c10f6edefdc8,"CARLOTTO, Remo Gerardo",diputados,FRENTE PARA LA VICTORIA; JUSTICIALISTA; PERONISMO PARA LA VICTORIA,2005,2017,1836,266.4,0.1451,0.1917,1484,0.013,0.7021,219,0.0313,0.0047,307,0.2443,0.0186,0.0093,0.0087,113.0,False
leg:6d981f0bf299,MOREAU Cecilia,diputados,FRENTE DE TODOS; UNIDOS POR UNA NUEVA ARGENTINA; UNION POR LA PATRIA,2016,2026,967,140.2,0.145,0.1603,812,0.0254,0.7713,100,0.12,0.0227,233,0.0268,0.0141,0.0,0.0155,29.0,False
leg:922a731bedc9,VOLNOVICH Luana,diputados,FRENTE PARA LA VICTORIA; UNION POR LA PATRIA,2016,2026,930,134.9,0.145,0.172,770,0.0187,0.7531,93,0.0753,0.0,233,0.0736,0.0144,0.0011,0.0075,76.5,False
leg:7ec91ceca179,"MARTINEZ, Carlos Alberto",diputados,JUSTICIALISTA,2002,2005,207,30.0,0.145,0.0821,190,0.0738,0.9412,19,0.1172,0.0681,132,0.1042,0.0762,0.0,0.0435,128.0,False
leg:86e9070b564b,DE FERRARI RUEDA Patricia,diputados,UCR,2011,2015,476,69.0,0.1449,0.2059,378,0.0873,0.3673,78,0.1484,0.0819,204,0.1437,0.0472,0.0,0.0294,37.0,False
leg:ddd43b74ac05,"LOPEZ, Juan Carlos",diputados,ENCUENTRO POPULAR; F.F.J. AZUL Y BLANCO; JUSTICIALISTA,2002,2005,214,30.9,0.1445,0.3084,148,0.0799,0.2895,22,0.3008,0.0771,132,0.0,0.0,0.0047,0.0234,1.0,False
leg:481e52a4500e,"Ibañez, Maria Cecilia",diputados,LA LIBERTAD AVANZA,2024,2026,410,59.2,0.1444,0.1268,358,0.0307,0.9267,69,0.029,0.0294,233,0.0429,0.0393,0.0,0.0049,48.0,False
leg:413653cbecde,"Ponce, Maria Celeste",diputados,LA LIBERTAD AVANZA,2024,2026,410,59.2,0.1444,0.1512,348,0.0057,0.9224,69,0.0725,0.0,233,0.0601,0.0092,0.0,0.0049,48.0,False
leg:bcbd1c81ba0d,LLANOS MASSA Ana María,diputados,FRENTE PARA LA VICTORIA,2016,2019,520,75.0,0.1442,0.1288,453,0.0717,0.6343,24,0.1667,0.0909,174,0.1938,0.0785,0.0019,0.0096,69.0,False
leg:61d4858c1a5e,AMAYA Domingo,diputados,ENCUENTRO FEDERAL; PRO,2019,2023,52,7.5,0.1442,0.1923,42,0.0595,0.5,8,0.0625,0.0625,17,0.2059,0.2083,0.0,0.0577,50.0,False
leg:f55c58c254f7,MANZI Ruben,diputados,COALICION CIVICA,2019,2023,52,7.5,0.1442,0.1538,44,0.0114,0.875,8,0.0,0.0,17,0.3824,0.05,0.0,0.0192,15.0,False
leg:fea86f1974a8,GRANDE Martín,diputados,PRO,2017,2021,248,35.7,0.1439,0.1331,215,0.0172,0.9697,22,0.0,0.0,8,0.25,0.0,0.0,0.0121,54.0,False
leg:31b9bbd95f46,"AUGSBURGER, Silvia",diputados,FRENTE PROG. CIVICO Y SOCIAL; PARTIDO SOCIALISTA,2005,2009,842,121.1,0.1438,0.1781,692,0.0796,0.44,11,0.0,0.0,251,0.0876,0.0158,0.0,0.0119,5.0,False
leg:e65b49a36ce9,"BAIGORRIA, Miguel Angel",diputados,JUSTICIALISTA,2002,2005,217,31.2,0.1437,0.0737,201,0.0756,1.0,22,0.2464,0.2464,132,0.1207,0.0487,0.0046,0.0415,128.0,False
leg:17c79731a836,MASSOT Nicolás María,diputados,ENCUENTRO FEDERAL; PRO,2016,2026,930,133.6,0.1436,0.1011,836,0.074,0.7629,93,0.1029,0.0887,233,0.2305,0.1966,0.0,0.0925,40.0,False
leg:a70e2f895314,PICCOLOMINI María Carla,diputados,PRO,2017,2021,248,35.6,0.1436,0.1492,211,0.0124,0.8919,22,0.0455,0.0,8,0.125,0.0,0.0,0.0121,54.0,False
leg:bcd2e453602e,"Michel, Guillermo",diputados,UNION POR LA PATRIA,2025,2026,136,19.5,0.1434,0.125,119,0.021,1.0,21,0.0,0.0,136,0.1434,0.021,0.0,0.0074,92.0,False
leg:aa6f21d55754,"Propato, Agustina Lucrecia",diputados,UNION POR LA PATRIA,2022,2026,427,61.1,0.1432,0.1382,368,0.0085,0.9831,70,0.0429,0.0147,233,0.1036,0.0102,0.0,0.0047,93.0,False
leg:01d2133a4362,"BANICEVICH, Jorge Esteban",senado,JUSTICIALISTA-FRENTE PARA LA VICTORIA,2009,2011,322,46.0,0.1429,0.1398,277,0.0181,0.9111,17,0.0,0.0,216,0.1713,0.0278,0.0217,0.0,30.0,False
leg:a100a87085b3,YARADE Rodolfo Fernando,diputados,FRENTE PARA LA VICTORIA,2010,2013,323,46.1,0.1428,0.1269,282,0.0217,0.9756,16,0.0625,0.0625,210,0.0788,0.008,0.0,0.0062,114.0,False
leg:f789b602c96a,"Salino, Fernando Aldo",diputados+senado,COMPROMISO FEDERAL; CONVICCION FEDERAL; JUSTICIA SOCIAL FEDERAL,2014,2026,449,64.0,0.1425,0.1648,375,0.0827,0.4459,41,0.0976,0.0,200,0.005,0.0051,0.0,0.0111,3.0,False
leg:a54a8405986c,D'AGOSTINO Jorge Marcelo,diputados,UCR,2014,2017,511,72.8,0.1425,0.1389,440,0.0243,0.8752,32,0.1137,0.0,307,0.1573,0.014,0.0,0.0098,36.0,False
leg:2a87f78031d2,"LOZANO, Encarnación",diputados,MOVIMIENTO POPULAR NEUQUINO,2002,2005,217,30.9,0.1425,0.5576,96,0.2856,0.0289,22,0.1364,0.1875,132,0.1383,0.3214,0.0,0.1198,4.0,False
leg:eb65e59656cd,"COSCIA, Jorge Edmundo",diputados,FRENTE PARA LA VICTORIA; JUSTICIALISTA,2005,2009,742,105.7,0.1424,0.1294,646,0.0175,0.9832,10,0.0,0.0,151,0.1921,0.0161,0.0,0.0135,114.0,False
leg:4a6576cec5b4,"DI TULLIO, Juliana",diputados+senado,FRENTE DE TODOS; FRENTE PARA LA VICTORIA; JUSTICIALISTA; UNIDAD CIUDADANA,2005,2026,2179,310.2,0.1424,0.145,1863,0.0138,0.9003,243,0.0765,0.0028,200,0.04,0.0256,0.0005,0.0073,109.0,False
leg:5cffebd20fba,"CALCAGNO Y MAILLMAN, Eric",senado,JUSTICIALISTA; JUSTICIALISTA-FRENTE PARA LA VICTORIA,2007,2011,608,86.2,0.1418,0.1332,527,0.0156,0.963,20,0.0,0.0,216,0.0694,0.0341,0.0115,0.0033,38.0,False
leg:4c2dbdca78f6,FERREYRA Araceli Susana Del Rosario,diputados,FRENTE PARA LA VICTORIA; MOVIMIENTO EVITA; PERONISMO PARA LA VICTORIA,2011,2019,927,131.4,0.1417,0.2276,716,0.0382,0.493,33,0.0303,0.0,174,0.2845,0.1436,0.0367,0.0367,75.0,False
leg:bcf2bc7f4939,FORTE Ulises Umberto,diputados,UCR,2010,2013,323,45.7,0.1414,0.2322,248,0.0973,0.287,16,0.1875,0.1333,210,0.1365,0.1351,0.0,0.031,38.0,False
leg:9ff7db28db0c,"Nieri, Lisandro",diputados,UCR,2022,2026,427,60.4,0.1414,0.1124,379,0.0751,0.6649,70,0.1429,0.1212,233,0.2089,0.1133,0.0,0.0492,12.0,False
leg:ee79a40bb391,"RODRIGUEZ, Marcela Virginia",diputados,A.R.I; COALICION CIVICA; DEMOCRACIA IGUALITARIA Y PARTICIPATIVA; DEMOCRACIA IGUALITARIA Y PARTICIPATIVA (D.I.P.),2002,2013,1637,231.3,0.1413,0.2847,1171,0.0631,0.3377,304,0.0066,0.0044,254,0.0,0.0,0.0,0.0244,13.0,False
leg:e131017cc473,LARROQUE Andrés,diputados,FRENTE DE TODOS; FRENTE PARA LA VICTORIA,2011,2020,1027,144.9,0.1411,0.1743,848,0.0095,0.7642,109,0.0509,0.0052,100,0.2406,0.0,0.001,0.0068,78.0,False
leg:29e615183a91,CAMPOS Javier,diputados,COALICION CIVICA,2017,2021,248,35.0,0.1411,0.1895,201,0.0846,0.383,22,0.0455,0.0,8,0.125,0.0,0.0,0.0242,10.0,False
leg:f2c3cc0b0ded,SAADI Gustavo Arturo,diputados,ELIJO CATAMARCA,2017,2019,213,30.0,0.1408,0.2441,161,0.0342,0.4712,15,0.1333,0.0769,174,0.1494,0.024,0.0,0.2817,2.0,False
leg:bc9b613f959b,VERA GONZALEZ Orieta Cecilia,diputados,COALICION CIVICA,2016,2019,334,47.0,0.1407,0.1347,289,0.0865,0.4889,18,0.0556,0.0,174,0.1322,0.0851,0.0,0.018,10.0,False
leg:51da6d55bdc3,"GARCIA de MORENO, Eva",diputados,FRENTE PARA LA VICTORIA; JUSTICIALISTA; TRABAJO Y DIGNIDAD,2005,2009,842,118.5,0.1407,0.1627,705,0.0176,0.7741,11,0.0909,0.0,251,0.2271,0.0266,0.0,0.0356,114.0,False
leg:7942cc844e1d,"Razzini, Veronica",diputados,LA LIBERTAD AVANZA,2024,2026,410,57.5,0.1401,0.0951,371,0.0578,0.9231,69,0.029,0.0149,233,0.1545,0.0251,0.0,0.0049,48.0,False
leg:acd7932a7695,"PILATTI VERGARA, MARÍA INÉS",diputados+senado,FRENTE DE TODOS; FRENTE NACIONAL Y POPULAR; FRENTE PARA LA VICTORIA; JUSTICIALISTA-FRENTE PARA LA VICTORIA,2010,2025,1323,184.2,0.1392,0.096,1196,0.081,0.687,92,0.0276,0.0065,122,0.0462,0.0147,0.0,0.0151,36.0,False
leg:a988f605eb5c,"CARMONA, María Araceli",diputados,FRENTE PARA LA VICTORIA; JUSTICIALISTA,2005,2009,842,117.2,0.1392,0.1021,756,0.0444,0.9729,11,0.0,0.0,251,0.1694,0.0326,0.0,0.0131,114.0,False
leg:9fe263c7921e,BULLRICH Patricia,diputados+senado,COALICION CIVICA; LA LIBERTAD AVANZA; PRO; UNION POR TODOS,1994,2026,1002,139.4,0.1391,0.2565,745,0.0756,0.3233,140,0.1964,0.1857,121,0.0083,0.0083,0.0,0.025,18.0,False
leg:67f00bb8ca3e,"Domingo, Agustin",diputados,INNOVACION FEDERAL,2022,2025,291,40.4,0.139,0.3024,203,0.1598,0.0909,49,0.1338,0.1543,274,0.1403,0.1699,0.0,0.0997,9.0,False
leg:00f21075dd64,AMADEO Eduardo Pablo,diputados,FRENTE PERONISTA; FRENTE RENOVADOR; PERONISMO FEDERAL; PRO,1994,2019,898,124.8,0.139,0.2405,682,0.0656,0.3705,95,0.0861,0.0604,174,0.0786,0.0285,0.0045,0.0156,40.0,False
leg:69d47c3fc0dc,ROMERO Oscar Alberto,diputados,FRENTE PARA LA VICTORIA; JUSTICIALISTA,2014,2017,511,70.9,0.1388,0.1683,425,0.023,0.7114,32,0.0699,0.0548,307,0.179,0.0412,0.0039,0.0137,17.0,False
leg:09d195a72b1d,"Goerling Lara, Enrique Martín",senado,FRENTE PRO,2024,2026,245,33.8,0.138,0.0776,226,0.0973,0.6211,18,0.0,0.0,200,0.123,0.0854,0.0,0.0367,3.0,False
leg:2dcaf2e9c2a5,"Brambilla, Sofia",diputados,PRO,2017,2025,539,74.2,0.1376,0.0928,489,0.0749,0.7512,71,0.169,0.1594,274,0.2353,0.1295,0.0,0.013,26.0,False
leg:3687d85bb436,"Monti, Francisco",diputados,LIGA DEL INTERIOR ELI,2022,2025,291,40.0,0.1375,0.1065,260,0.1051,0.4086,49,0.1088,0.0593,274,0.1277,0.1058,0.0,0.0206,3.0,False
leg:7a0b51a0ec65,"LOPEZ, Ernesto Segundo",diputados,FRENTE PARA LA VICTORIA,2007,2009,266,36.5,0.1373,0.1391,229,0.0,0.9873,5,0.0,0.0,251,0.1415,0.0,0.0,0.0038,117.0,False
leg:a8416be62df4,"Milman, Gerardo",diputados,GEN; PRO,2010,2025,667,91.5,0.1372,0.2534,498,0.028,0.4589,118,0.0763,0.0291,274,0.093,0.012,0.024,0.006,5.0,False
leg:7bfb11104af8,PASTORIZA Mirta Ameliana,diputados,FRENTE CIVICO POR SANTIAGO,2007,2019,1375,187.7,0.1365,0.1796,1128,0.0694,0.4426,130,0.1885,0.125,174,0.2356,0.1129,0.0,0.08,6.0,False
leg:653711f95523,FRANCIONI Fabián Marcelo,diputados,FRENTE PARA LA VICTORIA,2011,2015,476,64.7,0.136,0.1282,415,0.009,1.0,78,0.1777,0.0281,204,0.0882,0.0106,0.0,0.0042,113.0,False
leg:5954673c399b,"RODAS, ANTONIO JOSÉ",senado,FRENTE DE TODOS; FRENTE NACIONAL Y POPULAR,2019,2025,366,49.6,0.1356,0.1421,314,0.018,0.8462,16,0.0,0.0,122,0.2593,0.0418,0.0,0.0027,23.0,False
leg:20ec17cca17b,PIEMONTE Héctor Horacio,diputados,COALICION CIVICA; DIALOGO Y TRABAJO,2010,2013,376,50.9,0.1353,0.3564,242,0.1874,0.041,69,0.1691,0.2177,254,0.1726,0.3067,0.0,0.0691,6.0,False
leg:1e5401fb3e8d,"BIANCHI SILVESTRE, Marcela",diputados,FRENTE PARA LA VICTORIA; JUSTICIALISTA,2002,2009,1059,143.0,0.135,0.1171,935,0.0218,0.989,33,0.1274,0.0401,251,0.1414,0.0205,0.0009,0.0189,115.0,False
leg:677a6e882c56,"MARTINEZ GARBINO, Emilio",diputados,CONCERTACION ENTRERRIANA; NUEVO ESPACIO ENTRERRIANO,2005,2009,842,113.5,0.1348,0.6746,274,0.1223,0.1408,11,0.0909,0.0625,251,0.0,0.0,0.0,0.2696,2.0,True
leg:c49018adb13b,HEIN Gustavo Rene,diputados,PRO,2019,2023,52,7.0,0.1346,0.1731,43,0.0233,0.6667,8,0.0,0.0,17,0.2353,0.0909,0.0,0.0,50.0,False
leg:68e367d45721,REY Maria Lujan,diputados,PRO,2019,2023,52,7.0,0.1346,0.2115,41,0.0,0.6364,8,0.0,0.0,17,0.3529,0.0,0.0,0.0,50.0,False
leg:9ee22667f2f8,CORNEJO Virginia Maria,diputados,PARTIDO PROPUESTA SALTENA; PRO,2019,2023,52,7.0,0.1346,0.3846,32,0.0,0.35,8,0.0,0.0,17,0.2941,0.0,0.0,0.0,1.0,False
leg:90c5770c178c,CACACE Alejandro,diputados,EVOLUCION RADICAL; UCR,2019,2023,52,7.0,0.1346,0.1154,46,0.0217,1.0,8,0.0,0.0,17,0.4118,0.0909,0.0,0.0,47.0,False
leg:5a975a2cb652,EL SUKARIA Soher,diputados,PRO,2019,2023,52,7.0,0.1346,0.1538,44,0.0455,0.625,8,0.0,0.0,17,0.3529,0.1111,0.0,0.0,50.0,False
leg:db6564eec766,"Lopez Rodriguez, Dante",diputados,FRENTE DE TODOS; UNION POR LA PATRIA,2019,2025,326,43.8,0.1342,0.0859,298,0.0596,0.9286,56,0.1964,0.102,274,0.1597,0.0722,0.0,0.0031,93.0,False
leg:1bfdc8cc9376,"Ferraro, Maximiliano",diputados,COALICION CIVICA,2019,2026,462,62.0,0.1342,0.0736,428,0.104,0.5147,77,0.0584,0.0411,233,0.1631,0.1607,0.0,0.1926,6.0,False
leg:db01609f5553,"UÑAC, José Rubén",diputados+senado,FRENTE DE TODOS; FRENTE NACIONAL Y POPULAR; FRENTE PARA LA VICTORIA; JUSTICIALISTA,2006,2023,1427,190.8,0.1337,0.1338,1236,0.0103,0.9323,188,0.1109,0.0053,62,0.0161,0.0161,0.0,0.0091,112.0,False
leg:ef985d00b32d,"IGLESIAS, Fernando Adolfo",diputados,COALICION CIVICA; PRO,2007,2025,918,122.7,0.1337,0.1819,751,0.0392,0.5583,99,0.0505,0.0326,274,0.0307,0.0066,0.0,0.0229,25.0,False
leg:21c44a68dfa1,"Bianchetti, Emmanuel",diputados,PRO,2024,2026,410,54.6,0.1332,0.139,353,0.018,0.8463,69,0.087,0.0159,233,0.1131,0.0282,0.0,0.0098,25.0,False
leg:8359958e4143,"PAROLI, Raúl Omar",diputados,DEL BICENTENARIO; FRENTE CIVICO Y SOCIAL; FRENTE CIVICO Y SOCIAL DE CATAMARCA,2007,2011,379,50.5,0.1332,0.3008,265,0.1434,0.1096,28,0.0179,0.0,104,0.0,0.0,0.0,0.2665,2.0,False
leg:9411284ad141,"Sanchez, Roberto Antonio",diputados,UCR,2022,2025,291,38.7,0.1331,0.0515,276,0.1162,0.4444,49,0.1122,0.1122,274,0.1356,0.1212,0.0,0.0687,12.0,False
leg:ce253e844bbe,ORSOLINI Pablo Eduardo,diputados,UCR,2010,2013,376,49.9,0.1327,0.25,282,0.0782,0.2962,69,0.14,0.1017,254,0.1256,0.0933,0.0,0.0293,38.0,False
leg:0fc6daa7fbbe,"Fernandez Patri, Ramiro",diputados,FRENTE DE TODOS; FRENTE PARA LA VICTORIA; UNION POR LA PATRIA,2017,2025,539,71.3,0.1322,0.1373,465,0.0198,0.8387,71,0.0141,0.0143,274,0.0135,0.0063,0.0019,0.0074,93.0,False
leg:eca5becc6769,"ERRO, Norberto Pedro",diputados,BUENOS AIRES POR EL CAMBIO; DE LA CONCERTACION; UCR,2007,2011,379,50.0,0.1319,0.2164,297,0.0976,0.2561,28,0.0536,0.0714,104,0.1058,0.0112,0.0317,0.0053,10.0,False
leg:cfb06f2dfbdc,"TORFE, Mónica Liliana",diputados,RENOVADOR DE SALTA,2007,2011,379,50.0,0.1319,0.2348,290,0.1069,0.2135,28,0.0,0.0,104,0.0,0.0,0.0,0.2639,2.0,False
leg:87eb70b10518,"SCHIAVONI, HUMBERTO LUIS ARTURO",senado,FRENTE PRO,2017,2023,385,50.8,0.1319,0.2078,305,0.0532,0.4319,10,0.0,0.0,62,0.2276,0.0988,0.0,0.0571,9.0,False
leg:fc8f64854c6a,MARTIN Juan,diputados,UCR,2019,2023,52,6.9,0.1319,0.1346,45,0.0,0.9796,8,0.0,0.0,17,0.4034,0.0,0.0,0.0192,47.0,False
leg:ae3f9eacca8f,"MIRKIN, BEATRIZ GRACIELA",diputados+senado,FRENTE DE TODOS; FRENTE PARA LA VICTORIA; PERONISMO TUCUMAN,2011,2021,757,99.7,0.1317,0.0832,694,0.1045,0.4316,44,0.0818,0.0,177,0.0621,0.006,0.0,0.2048,2.0,False
leg:eac0af63c0bc,GARCIA DE LUCA Sebastian,diputados,ENCUENTRO FEDERAL; PRO,2019,2023,52,6.8,0.1314,0.2308,40,0.025,0.4861,8,0.1042,0.0,17,0.3431,0.1429,0.0,0.0577,50.0,False
leg:86890ff29d6e,"LOPEZ, Amelia de los Milagros",diputados,FRENTE PARA LA VICTORIA,2006,2007,472,62.0,0.1313,0.125,413,0.0157,0.9409,2,0.0,0.0,472,0.1313,0.0157,0.0,0.0212,114.0,False
leg:cfe8212f1e26,TAILHADE Luis Rodolfo,diputados,FRENTE DE TODOS; FRENTE PARA LA VICTORIA; UNION POR LA PATRIA,2016,2026,982,129.0,0.1313,0.1314,853,0.034,0.7752,101,0.0891,0.0,233,0.1251,0.0246,0.001,0.0071,78.0,False
leg:dba1206135a4,"GARCIA, Susana Rosa",diputados,A.R.I; COALICION CIVICA,2003,2011,1272,166.8,0.1312,0.1785,1045,0.0681,0.4217,221,0.095,0.0323,104,0.1156,0.0912,0.0,0.0314,14.0,False
leg:aafedc91513b,ROSSO Victoria,diputados,COMPROMISO FEDERAL; FRENTE DE TODOS; UNIDAD JUSTICIALISTA,2017,2021,248,32.5,0.131,0.1855,202,0.151,0.0435,22,0.0227,0.0227,8,0.0,0.0,0.0806,0.1169,4.0,False
leg:03331517e0be,PÉREZ Martín Alejandro,diputados,FRENTE PARA LA VICTORIA,2014,2019,724,94.6,0.1307,0.1547,612,0.0229,0.7194,47,0.0851,0.0,174,0.1756,0.0252,0.0014,0.0069,69.0,False
leg:16b8aaa922e8,RIOS Liliana María,diputados,FRENTE PARA LA VICTORIA,2011,2015,476,62.2,0.1306,0.1324,413,0.0,0.9871,78,0.2641,0.0,204,0.0147,0.0,0.0,0.0042,113.0,False
leg:e1eab02c1225,CALLERI Agustín Santiago,diputados,UNIDOS POR UNA NUEVA ARGENTINA,2016,2017,307,40.1,0.1305,0.1368,265,0.0245,0.7989,9,0.1111,0.0,307,0.1305,0.0245,0.0,0.0065,29.0,False
leg:75a6e3d01ab7,"FRANCO, Hugo Alberto",diputados,FRENTE POPULAR BONAERENSE,2003,2007,711,92.8,0.1305,0.7595,171,0.1184,0.1343,11,0.0909,0.0,520,0.1048,0.1275,0.0,0.2096,2.0,True
leg:c12e4d4fcaaa,GARRIDO Manuel,diputados,UCR,2011,2015,476,62.0,0.1303,0.1954,383,0.086,0.3127,78,0.1099,0.0888,204,0.1535,0.0261,0.0,0.0294,37.0,False
leg:83d1271eccca,RIESTRA Antonio Sabino,diputados,UNIDAD POPULAR,2011,2015,476,62.0,0.1303,0.1891,386,0.1347,0.1111,78,0.1026,0.0959,204,0.2157,0.2135,0.0063,0.0,5.0,False
leg:59025a137533,"SNOPEK, Carlos Daniel",diputados,FRENTE PARA LA VICTORIA; JUSTICIALISTA,2001,2009,1083,141.1,0.1303,0.0739,1003,0.0628,0.9768,37,0.1685,0.1454,251,0.1653,0.0563,0.0009,0.0203,114.0,False
leg:fc7bd61a18f1,CICILIANI Alicia Mabel,diputados,PARTIDO SOCIALISTA,2010,2017,887,115.5,0.1302,0.1905,718,0.0717,0.3787,101,0.1436,0.0802,307,0.1107,0.0652,0.0924,0.0056,6.0,False
leg:5b42eab92533,"GODOY, Ruperto Eduardo",diputados+senado,FRENTE PARA LA VICTORIA; JUSTICIALISTA; JUSTICIALISTA-FRENTE PARA LA VICTORIA,2003,2017,2002,260.4,0.1301,0.1039,1794,0.0333,0.9645,225,0.0737,0.0354,280,0.2424,0.1614,0.0005,0.015,85.0,False
leg:f06969850acf,"Yasky, Hugo",diputados,FRENTE DE TODOS; FRENTE PARA LA VICTORIA; UNION POR LA PATRIA,2017,2026,675,87.7,0.1299,0.1407,580,0.0106,0.8586,92,0.0435,0.0112,233,0.1208,0.0151,0.0015,0.0074,92.0,False
leg:654974b35538,"LOFRANO, Elsa Gladi",diputados,JUSTICIALISTA,2002,2003,79,10.3,0.1298,0.038,76,0.0954,1.0,15,0.0411,0.0411,79,0.1298,0.0954,0.0127,0.0759,114.0,False
leg:60ea1952b0ca,TUNESSI Juan Pedro,diputados,UCR,2010,2013,376,48.7,0.1295,0.1755,310,0.128,0.1368,69,0.1967,0.2026,254,0.1524,0.1711,0.0,0.0293,38.0,False
leg:6a5921c43432,CREMER DE BUSTI María Cristina,diputados,FRENTE PARA LA VICTORIA; FRENTE PERONISTA; PERONISMO FEDERAL; UNION POR ENTRE RIOS,2007,2017,1162,150.3,0.1293,0.2332,891,0.1075,0.2012,115,0.2233,0.2259,307,0.0,0.0,0.0164,0.0034,4.0,False
leg:b6e1a0196e3f,"Fama, Flavio Sergio",senado,UCR,2021,2026,309,39.9,0.1292,0.1489,263,0.0323,0.6829,24,0.3622,0.0833,200,0.1735,0.0471,0.0,0.0162,13.0,False
leg:cfb39b72164a,"ZAMORA, Luis Fernando",diputados,AUTODETERMINACION Y LIBERTAD,2002,2005,217,28.0,0.129,0.4101,128,0.1328,0.1236,22,0.0,0.0,132,0.1439,0.1294,0.106,0.0,2.0,False
leg:d2c738106cc4,"Tournier, Jose Federico",diputados,LA LIBERTAD AVANZA,2024,2026,330,42.6,0.129,0.1,297,0.0469,0.8674,45,0.0667,0.0465,233,0.0987,0.0144,0.0,0.0061,48.0,False
leg:df9b73dc88b2,"FERNÁNDEZ SAGASTI, ANABEL",diputados+senado,FRENTE DE TODOS; FRENTE PARA LA VICTORIA; JUSTICIALISTA; UNIDAD CIUDADANA,2011,2026,1386,177.4,0.128,0.0859,1267,0.0771,0.6706,108,0.0796,0.0,200,0.125,0.017,0.0007,0.013,36.0,False
leg:5792d9e558cb,CARRIZO Soledad,diputados,UCR,2014,2025,1050,134.3,0.1279,0.1371,906,0.0209,0.8007,103,0.1195,0.0603,274,0.0964,0.0487,0.0,0.0248,36.0,False
leg:2d319d09e710,ARENA Celia Isabel,diputados,FRENTE PARA LA VICTORIA; NO INTEGRA BLOQUE; PERONISMO FEDERAL,2010,2013,376,48.1,0.1279,0.0745,348,0.0672,0.8827,69,0.1047,0.078,254,0.0712,0.0088,0.008,0.0239,109.0,False
leg:5de4df8de5f1,"CAFIERO, Mario Alejandro",diputados,A.R.I; JUSTICIALISTA; SOBERANIA POPULAR,2001,2005,241,30.6,0.1271,0.3195,164,0.0922,0.2013,26,0.1538,0.0556,132,0.0,0.0,0.0,0.0124,1.0,False
leg:f7b233f19577,ZABALZA Juan Carlos,diputados,PARTIDO SOCIALISTA,2011,2015,476,60.5,0.1271,0.3235,322,0.0388,0.3117,78,0.2115,0.0755,204,0.098,0.0,0.0819,0.0063,6.0,False
leg:b538a076d24d,"FERNANDEZ, Horacio Anibal",diputados,JUSTICIALISTA,2002,2003,64,8.1,0.1271,0.0,64,0.1271,,10,0.0,0.0,64,0.1271,0.1271,0.0,0.0625,114.0,False
leg:18cdfd3e9dea,"CALCHAQUI, Mariel",diputados,FRENTE PARA LA VICTORIA,2007,2011,379,48.1,0.127,0.1187,334,0.012,0.9803,28,0.1071,0.0741,104,0.1306,0.011,0.0,0.0053,107.0,False
leg:4007c56ed09a,"MORENO, Carlos Julio",diputados,FRENTE PARA LA VICTORIA; JUSTICIALISTA,2005,2017,1836,232.8,0.1268,0.1318,1594,0.0159,0.8576,219,0.1166,0.0081,307,0.2085,0.036,0.0,0.0087,113.0,False
leg:d346101f1f8f,"FELLNER, Liliana Beatriz",diputados+senado,FRENTE PARA LA VICTORIA; JUSTICIALISTA; JUSTICIALISTA-FRENTE PARA LA VICTORIA,2003,2017,1844,233.8,0.1268,0.109,1643,0.0275,0.9384,34,0.1062,0.021,280,0.2316,0.1172,0.0038,0.0108,36.0,False
leg:763c9e622556,"BARTOLUCCI, Gilda Liliana",diputados,FRENTE JUSTICIA UNION Y LIBERTAD,2009,2009,100,12.7,0.1267,0.49,51,0.0621,0.1939,1,0.0,0.0,100,0.1267,0.0621,0.0,0.17,6.0,False
leg:3ab0f5939336,"ASEF, Daniel Edgardo",diputados,NO INTEGRA BLOQUE; NUCLEO UNIDAD PERONISTA; PERONISTA CORDOBA CIUDADANA,2010,2011,100,12.7,0.1267,0.28,72,0.1343,0.1071,13,0.0513,0.0667,100,0.1267,0.1343,0.0,0.01,1.0,False
leg:220786c9055d,"NICOTRA, Norberto Reynaldo",diputados,JUSTICIALISTA,2001,2001,24,3.0,0.1267,0.4167,14,0.1814,0.05,4,0.0,0.0,24,0.1267,0.1814,0.0,0.0833,100.0,False
leg:e49955aaeafc,BENEDETTI Atilio Francisco Salvador,diputados,UCR,2010,2025,903,114.3,0.1265,0.1539,764,0.0635,0.473,139,0.1444,0.0893,274,0.0998,0.0503,0.0,0.0354,38.0,False
leg:a84fc3e1b3b3,"Corpacci, Lucia Benigna",diputados+senado,FRENTE DE TODOS; FRENTE NACIONAL Y POPULAR; JUSTICIALISTA; UNION POR LA PATRIA,2020,2026,313,39.6,0.1265,0.099,282,0.0411,0.9032,24,0.1667,0.0,200,0.098,0.0561,0.0032,0.0032,21.0,False
leg:79fab381ae7f,GARCIA Ximena,diputados,UCR,2019,2023,52,6.6,0.1264,0.1154,46,0.0124,1.0,8,0.0,0.0,17,0.3866,0.0519,0.0,0.0192,47.0,False
leg:3dce9b8007b1,ASENCIO Fernando,diputados,RED POR ARGENTINA; UNIDOS POR UNA NUEVA ARGENTINA,2018,2019,128,16.2,0.1263,0.2109,101,0.0462,0.4259,3,0.5,0.5,128,0.1263,0.0462,0.0,0.2031,4.0,False
leg:719538576d2b,"BRAILLARD POCCARD, NÉSTOR PEDRO",senado,FRENTE PRO,2016,2021,601,75.7,0.1259,0.1681,500,0.0363,0.5698,6,0.0,0.0,177,0.1886,0.0566,0.0,0.0333,8.0,False
leg:bd4834b45431,"TORRES, Francisco",diputados,FUERZA REPUBLICANA,2003,2005,135,17.0,0.1259,0.3333,90,0.1222,0.1333,5,0.0,0.0,132,0.1061,0.1222,0.0,0.0,3.0,False
leg:0009ced1e733,"Prades, C. Facundo",diputados,POR SANTA CRUZ,2025,2025,16,2.0,0.125,0.125,14,0.1429,0.0,6,0.0833,0.0833,16,0.125,0.1429,0.0,0.25,2.0,False
leg:3f4346980b1a,ORREGO Humberto Marcelo,diputados,PRODUCCION Y TRABAJO,2019,2023,52,6.5,0.125,0.1154,46,0.1196,0.1667,8,0.0,0.0,17,0.0588,0.0,0.0385,0.25,2.0,False
leg:b76cd48d687c,"Arricau, Carolina Natalia",diputados,FRENTE DE TODOS,2023,2023,8,1.0,0.125,0.0,8,0.125,,0,,,8,0.125,0.125,0.0,0.0,66.0,False
leg:70620a636df1,"Emma, Nicolas",diputados,LA LIBERTAD AVANZA,2024,2026,410,51.2,0.1248,0.1341,355,0.0028,0.9125,69,0.0,0.0,233,0.0386,0.0,0.0,0.0049,48.0,False
leg:69e46dbc3aca,CARDELLI Jorge Justo,diputados,MOVIMIENTO PROYECTO SUR; PROYECTO SUR,2010,2013,376,46.7,0.1241,0.391,229,0.1252,0.1224,69,0.1304,0.125,254,0.1601,0.1869,0.0,0.0027,3.0,False
leg:59922470b572,"MARTINEZ, José Carlos",senado,AFIRMACION PARA UNA REPUBLICA IGUALITARIA; NUEVO ENCUENTRO; POR TIERRA DEL FUEGO,2007,2011,577,71.5,0.1239,0.2877,411,0.017,0.3886,20,0.1,0.0,185,0.1027,0.0068,0.026,0.1993,2.0,False
leg:de6757f021d3,FELIX Omar,diputados,FRENTE DE TODOS; FRENTE PARA LA VICTORIA; SOMOS MENDOZA,2010,2020,567,70.1,0.1237,0.2928,401,0.0114,0.3951,38,0.0526,0.027,100,0.01,0.0,0.0,0.0035,85.0,False
leg:8765d17d2db0,"De Loredo, Rodrigo",diputados,UCR,2022,2025,291,36.0,0.1236,0.1271,254,0.0491,0.6351,49,0.051,0.0109,274,0.1146,0.0494,0.0,0.0687,12.0,False
leg:5ce030bb92f8,ENRIQUEZ Jorge Ricardo,diputados,PRO,2017,2021,248,30.6,0.1235,0.0927,225,0.0339,1.0,22,0.0455,0.0,8,0.5,0.0,0.0,0.0121,54.0,False
leg:ba6249008eeb,"MORANTE, Antonio Arnaldo María",diputados,FRENTE PARA LA VICTORIA,2007,2011,379,46.5,0.1228,0.1161,335,0.0135,0.9545,28,0.1071,0.0769,104,0.2265,0.0434,0.0,0.0053,107.0,False
leg:919e40152470,"JOBE, Miguel Antonio",diputados,PARTIDO UNIDAD FEDERALISTA; UNIDAD BONAERENSE; UNIDAD FEDERALISTA,2001,2003,106,13.0,0.1226,0.1321,92,0.1359,0.0357,21,0.2143,0.2143,82,0.1585,0.1712,0.0,0.2453,2.0,False
leg:f2f540dbf7e1,"Diez, Romina",diputados,LA LIBERTAD AVANZA,2024,2026,410,50.2,0.1224,0.1317,356,0.0028,0.9109,69,0.029,0.0,233,0.0129,0.0,0.0,0.0049,48.0,False
leg:fe128801715e,MASSETANI Vanesa Laura,diputados,FRENTE DE TODOS; UNIDOS POR UNA NUEVA ARGENTINA,2016,2023,572,69.9,0.1223,0.0962,517,0.0487,0.8141,32,0.0312,0.0,17,0.0,0.0,0.0,0.0227,29.0,False
leg:d7472254e20c,"Huala, María Victória",senado,FRENTE PRO,2021,2026,309,37.7,0.122,0.0712,287,0.0965,0.4545,24,0.0,0.0,200,0.061,0.0373,0.0,0.0518,5.0,False
leg:8b160fad64d3,"Picon Martinez, Nancy Viviana",diputados,PRODUCCION Y TRABAJO,2024,2026,410,50.0,0.122,0.0561,387,0.1227,0.1087,69,0.0435,0.0435,233,0.0622,0.0531,0.0,0.2439,2.0,False
leg:6acb955ee9b1,"FERRERO, Fernanda",diputados,ACCION POR LA REPUBLICA; FEDERAL; RECREAR PARA EL CRECIMIENTO,2001,2003,106,12.9,0.122,0.3302,71,0.0966,0.1735,21,0.1905,0.2308,82,0.0331,0.0476,0.0,0.066,1.0,False
leg:c4ebcc6a2296,LÓPEZ KOENIG Leandro Gastón,diputados,PRO,2016,2019,520,63.4,0.1219,0.1135,461,0.016,0.9492,24,0.0833,0.0435,174,0.1707,0.0253,0.0,0.0135,41.0,False
leg:40a0d727251a,PEDRINI Juan Manuel,diputados,FRENTE PARA LA VICTORIA; UNION POR LA PATRIA,2014,2025,802,97.7,0.1218,0.1135,711,0.0319,0.8242,81,0.0741,0.0132,274,0.2069,0.0123,0.0,0.0037,93.0,False
leg:77a36f7eb2d3,"LOVERA, DANIEL ANÍBAL",senado,FRENTE DE TODOS; PARTIDO JUSTICIALISTA LA PAMPA,2016,2021,601,73.0,0.1215,0.1032,539,0.0742,0.5323,6,0.0,0.0,177,0.1073,0.0063,0.0,0.1797,2.0,False
leg:3b3ba623a993,"MONAYAR, Ana María Cármen",diputados,FRENTE PARA LA VICTORIA; JUSTICIALISTA,2005,2007,603,72.9,0.121,0.1111,536,0.0174,0.9496,8,0.1982,0.0837,520,0.1178,0.0143,0.0,0.0216,114.0,False
leg:07dd609e6b27,"ALIZEGUI, Antonio Anibal",diputados,FRENTE PARA LA VICTORIA,2010,2011,104,12.6,0.121,0.1154,92,0.0109,0.9654,14,0.2143,0.0833,104,0.121,0.0109,0.0,0.0096,85.0,False
leg:b65a31c843d3,SCHMIDT LIERMANN Cornelia,diputados,PARTIDO BLOQUISTA DE SAN JUAN; PRO,2011,2019,996,120.2,0.1207,0.1165,880,0.1076,0.2198,102,0.2353,0.2418,174,0.0326,0.0216,0.0,0.0171,40.0,False
leg:4819f762c5e3,"RUIZ DIAZ, Elsa Beatriz",senado,JUSTICIALISTA-FRENTE PARA LA VICTORIA,2011,2013,290,35.0,0.1207,0.1172,256,0.0039,1.0,1,0.0,0.0,257,0.1362,0.0045,0.0,0.0,32.0,False
leg:4dc62d6072a5,"CITTADINI, Stella",diputados,FRENTE PARA LA VICTORIA; JUSTICIALISTA,2003,2007,711,85.7,0.1206,0.1111,632,0.0159,0.9581,11,0.0533,0.0533,520,0.1347,0.0161,0.0,0.0183,114.0,False
leg:0e5c1a1d2b67,"URTUBEY, RODOLFO JULIO",senado,FRENTE PARA LA VICTORIA; JUSTICIALISTA; JUSTICIALISTA-FRENTE PARA LA VICTORIA,2013,2019,581,69.9,0.1203,0.0964,525,0.0404,0.8687,7,0.0,0.0,124,0.1988,0.0303,0.0,0.0275,32.0,False
leg:f4871baa5d0b,MADERA Teresita,diputados,FRENTE PARA LA VICTORIA; JUSTICIALISTA,2014,2017,511,61.4,0.1201,0.1018,459,0.0519,0.7217,32,0.1324,0.0798,307,0.1542,0.0817,0.0039,0.0137,17.0,False
leg:01bb4035d026,"Arabia, Damian",diputados,LA LIBERTAD AVANZA,2024,2026,410,49.2,0.12,0.1195,361,0.0139,0.9018,69,0.0145,0.0,233,0.0258,0.0089,0.0,0.0049,48.0,False
leg:f756845d8280,"LEDESMA, Julio Rubén",diputados,CORRIENTE DE PENSAMIENTO FEDERAL; CORRIENTE PERONISTA FEDERAL; FRENTE RENOVADOR; NO INTEGRA BLOQUE,2007,2013,651,78.0,0.1199,0.6052,257,0.083,0.1439,83,0.2866,0.2054,254,0.072,0.0313,0.0,0.172,2.0,True
leg:7ab1fe1e8012,GARCIA Alejandro,diputados,PRO,2017,2021,248,29.7,0.1197,0.1089,221,0.0166,0.963,22,0.0909,0.0476,8,0.125,0.0,0.0,0.0121,54.0,False
leg:d754e1f1275e,"BARRIONUEVO, Walter Basilio",senado,FRENTE PARA LA VICTORIA; JUSTICIALISTA-FRENTE PARA LA VICTORIA,2011,2017,730,87.4,0.1197,0.1082,651,0.0193,0.9473,4,0.0,0.0,280,0.2122,0.0508,0.0,0.0205,32.0,False
leg:485609c6ca41,"Losada, Carolina",senado,UCR,2021,2026,309,37.0,0.1196,0.1327,268,0.0439,0.6144,24,0.0705,0.05,200,0.1185,0.0598,0.0,0.0162,13.0,False
leg:8d080d1b5058,"QUIROZ, Elsa Siria",diputados,A.R.I; COALICION CIVICA; FREPASO,2001,2011,1185,141.6,0.1195,0.1688,985,0.072,0.3535,179,0.0503,0.0437,104,0.0676,0.071,0.0,0.0456,14.0,False
leg:2041a2857b81,DE PEDRO Eduardo Enrique,diputados+senado,FRENTE PARA LA VICTORIA; JUSTICIALISTA; UNION POR LA PATRIA,2011,2026,1184,141.3,0.1193,0.1377,1021,0.0174,0.7577,117,0.0645,0.005,200,0.043,0.0187,0.0017,0.0068,69.0,False
leg:a6ac83d7f835,SPINOZZI Ricardo Adrián,diputados,PRO,2014,2017,511,60.8,0.1189,0.1194,450,0.0372,0.7213,32,0.1562,0.1034,307,0.035,0.0125,0.0,0.0274,40.0,False
leg:e0434f518638,"FADEL, Patricia Susana",diputados,FRENTE PARA LA VICTORIA; JUSTICIALISTA,2003,2011,1271,151.0,0.1188,0.1039,1139,0.0213,0.96,221,0.1168,0.0398,103,0.3067,0.0141,0.0008,0.0118,113.0,False
leg:24f204ef333e,"Chaher, Leila",diputados,UNION POR LA PATRIA,2022,2025,291,34.6,0.1188,0.1203,256,0.0061,0.9429,49,0.0816,0.0,274,0.1261,0.0065,0.0,0.0034,93.0,False
leg:12c30a8f4c54,"HOTTON, Cynthia Liliana",diputados,PRO; VALORES PARA MI PAIS,2007,2011,379,45.0,0.1188,0.3298,254,0.0885,0.1804,28,0.0,0.0,104,0.0,0.0,0.0,0.0185,1.0,False
leg:002628569985,"BERTONE, Rosana Andrea",diputados+senado,FRENTE DE TODOS; FRENTE PARA LA VICTORIA; JUSTICIALISTA; JUSTICIALISTA-FRENTE PARA LA VICTORIA,2002,2023,1849,219.0,0.1185,0.1017,1661,0.0276,0.9211,313,0.1142,0.0427,17,0.2353,0.0714,0.026,0.0124,113.0,False
leg:81de01cf201a,"ZAMORA, GERARDO",senado,FRENTE CIVICO POR SANTIAGO,2013,2026,561,66.5,0.1185,0.2335,430,0.0349,0.3931,11,0.0455,0.0,121,0.0289,0.0086,0.0,0.2371,2.0,False
leg:2cc757a77260,IGON Santiago Nicolás,diputados,FRENTE DE TODOS; FRENTE PARA LA VICTORIA,2016,2023,572,67.7,0.1184,0.1503,486,0.0324,0.6047,32,0.0,0.0,17,0.0588,0.0,0.0017,0.0087,69.0,False
leg:21941ccf9d35,"RATTIN, Antonio Ubaldo",diputados,PARTIDO UNIDAD FEDERALISTA; UNIDAD FEDERALISTA,2002,2005,217,25.7,0.1183,0.6313,80,0.0063,0.1837,22,0.2045,0.0,132,0.096,0.0,0.0,0.1244,3.0,True
leg:ce7e0f49a60b,VILLATA Graciela Susana,diputados,FRENTE CIVICO - CORDOBA,2011,2015,476,56.2,0.1181,0.2353,364,0.1255,0.0938,78,0.1615,0.1609,204,0.1324,0.1012,0.0,0.1176,5.0,False
leg:c933c2f2cf55,GERMANO Daniel,diputados,FRENTE PERONISTA; PERONISMO FEDERAL,2010,2013,376,44.3,0.1179,0.4681,200,0.1089,0.1281,69,0.0823,0.1089,254,0.1063,0.1696,0.0239,0.0106,21.0,False
leg:d5c15ac4485a,"Yapor, Lucio",diputados,FRENTE DE TODOS,2022,2023,17,2.0,0.1176,0.1765,14,0.0,0.6667,1,0.0,0.0,17,0.1176,0.0,0.0,0.0,66.0,False
leg:790072968c9a,"ITURRIETA, Miguel Angel",diputados,FRENTE PARA LA VICTORIA; JUSTICIALISTA,2005,2009,842,98.7,0.1173,0.0772,777,0.0434,1.0,11,0.0,0.0,251,0.0697,0.0189,0.0,0.0131,114.0,False
leg:c3ee40a1fa99,"Tavela, Danya",diputados,DEMOCRACIA PARA SIEMPRE,2022,2025,291,34.1,0.117,0.0962,263,0.0678,0.5794,49,0.1111,0.078,274,0.1188,0.0664,0.0,0.0378,9.0,False
leg:fe9da26ab17d,LITZA Mónica Edith,diputados,UNIDOS POR UNA NUEVA ARGENTINA; UNION POR LA PATRIA,2016,2025,598,69.8,0.1168,0.1221,525,0.014,0.8562,58,0.0172,0.0,274,0.0721,0.0108,0.0,0.005,30.0,False
leg:a0316f90435b,"SAREDI, Roberto Miguel",diputados,JUSTICIALISTA,2002,2003,82,9.6,0.1166,0.0244,80,0.0945,1.0,17,0.0951,0.0951,82,0.1166,0.0945,0.0122,0.0732,114.0,False
leg:1d92e3b0a42c,SÁNCHEZ Fernando,diputados,A.R.I; COALICION CIVICA,2007,2017,967,111.8,0.1156,0.211,763,0.0631,0.3121,68,0.0699,0.0482,307,0.0537,0.0092,0.0,0.0765,5.0,False
leg:8dc494b6077c,BERHONGARAY Martin Antonio,diputados,EVOLUCION RADICAL; UCR,2019,2023,52,6.0,0.1154,0.1154,46,0.0217,0.8333,8,0.0,0.0,17,0.0,0.0,0.0,0.0,47.0,False
leg:0cfa8901a8f9,JOURY Mercedes,diputados,PRO,2019,2023,52,6.0,0.1154,0.1538,44,0.0227,0.625,8,0.0,0.0,17,0.2941,0.1,0.0,0.0,50.0,False
leg:518c3be3bfc8,FRIGERIO Federico,diputados,PRO,2019,2023,52,6.0,0.1154,0.1731,43,0.0233,0.5556,8,0.0,0.0,17,0.1765,0.0,0.0,0.0,50.0,False
leg:f7207f6ec360,"BENAS, Verónica Claudia",diputados,A.R.I AUTONOMO 8 +; SI POR LA UNIDAD POPULAR; SOLIDARIDAD E IGUALDAD (SI); SOLIDARIDAD E IGUALDAD (SI) - ARI (T.D.F),2007,2011,379,43.7,0.1152,0.066,354,0.1036,0.28,28,0.0595,0.0617,104,0.0192,0.0098,0.0185,0.0026,7.0,False
leg:55b04115c8a5,LACOSTE Jorge Enrique,diputados,UCR,2017,2021,248,28.5,0.1151,0.0968,224,0.0203,1.0,22,0.0,0.0,8,0.125,0.125,0.0,0.004,40.0,False
leg:ad388f35ad1d,"DIAZ BANCALARI, José María",diputados,FRENTE PARA LA VICTORIA; JUSTICIALISTA; PERONISTA FEDERAL,2001,2015,1880,216.4,0.1151,0.0931,1705,0.0552,0.6988,346,0.1321,0.0325,204,0.0098,0.0,0.0176,0.0112,100.0,False
leg:31a1f7c65338,"Benegas Lynch, Bertie",diputados,LA LIBERTAD AVANZA,2024,2026,410,47.2,0.1151,0.1244,359,0.0028,0.9056,69,0.0,0.0,233,0.0172,0.0,0.0,0.0049,48.0,False
leg:c72f88f20abd,MARTÍNEZ Silvia Alejandra,diputados,UCR,2016,2019,520,59.8,0.115,0.1058,465,0.0103,1.0,24,0.1053,0.024,174,0.1821,0.0186,0.0,0.0058,36.0,False
leg:942cc9f91f3e,"Ajmechet, Sabrina",diputados,LA LIBERTAD AVANZA,2022,2026,427,49.1,0.1149,0.0937,387,0.0416,0.825,70,0.0286,0.0,233,0.0472,0.0091,0.0,0.0047,48.0,False
leg:5d2e85a42ec3,MARTÍNEZ Soledad,diputados,PARTIDO BLOQUISTA DE SAN JUAN; PRO,2010,2017,887,101.3,0.1142,0.2458,669,0.058,0.2867,101,0.225,0.19,307,0.0182,0.0118,0.0,0.0169,18.0,False
leg:3fdfd5e72f7d,"Ruiz, Yamila",diputados,INNOVACION FEDERAL,2024,2026,410,46.8,0.1141,0.3171,280,0.0417,0.2701,69,0.0515,0.0412,233,0.0629,0.0512,0.0,0.078,9.0,False
leg:e9909b6bd9fd,FERRARI Gustavo Alfredo,diputados,FRENTE PERONISTA; PERONISMO FEDERAL,2010,2013,323,36.9,0.1141,0.5077,159,0.0649,0.1619,16,0.0426,0.0426,210,0.0905,0.0423,0.0124,0.0124,21.0,False
leg:b96cd4f160b8,"DE ANGELI, ALFREDO LUIS",senado,FRENTE PRO; PRO Y UNION POR ENTRE RIOS,2013,2025,947,107.9,0.1139,0.1478,807,0.0645,0.3987,23,0.087,0.0,122,0.1262,0.0815,0.0,0.0348,5.0,False
leg:ae2a6dda342a,"RECALDE, Héctor Pedro",diputados,FRENTE PARA LA VICTORIA; JUSTICIALISTA,2005,2017,1836,209.1,0.1139,0.1046,1644,0.0219,0.9015,219,0.0984,0.0321,307,0.2124,0.0646,0.0,0.0087,113.0,False
leg:6731cb0bd6b6,CARRIZO Ana Carla,diputados,DEMOCRACIA PARA SIEMPRE; EVOLUCION RADICAL; SUMA + UNEN; UCR,2014,2025,1050,119.4,0.1138,0.0971,948,0.0711,0.5103,103,0.0688,0.0266,274,0.1229,0.0761,0.0,0.0676,9.0,False
leg:2573522c8b65,"MARCONATO, Gustavo Angel",diputados,FRENTE PARA LA VICTORIA; JUSTICIALISTA,2003,2011,1272,144.5,0.1136,0.1061,1137,0.0135,0.9565,221,0.0615,0.0263,104,0.1979,0.0122,0.0008,0.0118,113.0,False
leg:3afb32f0526a,"OSUNA, Blanca Inés",diputados+senado,FRENTE DE TODOS; FRENTE PARA LA VICTORIA; JUSTICIALISTA; JUSTICIALISTA-FRENTE PARA LA VICTORIA,2002,2026,2056,232.2,0.113,0.0944,1862,0.0299,0.9097,318,0.1218,0.0378,233,0.0307,0.0137,0.0088,0.0117,93.0,False
leg:15038c1d7d4d,"Arrua, Alberto",diputados,INNOVACION FEDERAL,2024,2026,410,46.2,0.1127,0.3146,281,0.0423,0.2661,69,0.037,0.0406,233,0.0672,0.0515,0.0,0.078,9.0,False
leg:55c125d79fe2,"MERCHAN, Paula Cecilia",diputados,ENCUENTRO POPULAR Y SOCIAL; LIBRES DEL SUR; NO INTEGRA BLOQUE,2007,2011,379,42.5,0.1123,0.2612,280,0.0654,0.2449,28,0.0357,0.0385,104,0.1587,0.0467,0.0607,0.0871,4.0,False
leg:1bb4b3f42c0e,"LINARES, María del Carmen",diputados,UCR,2001,2001,24,2.7,0.1118,0.0833,22,0.0311,1.0,4,0.0,0.0,24,0.1118,0.0311,0.0,0.0417,78.0,False
leg:126bc32aeea8,"ITURREZ de CAPELLINI, Ada Rosa",senado,FRENTE CIVICO POR SANTIAGO,2007,2014,974,108.5,0.1114,0.1283,849,0.0978,0.204,22,0.0909,0.1111,198,0.0379,0.025,0.0,0.2228,1.0,False
leg:1f7fab0b7640,"LUNA, Mirtha María Teresita",senado,FRENTE PARA LA VICTORIA; JUSTICIALISTA-FRENTE PARA LA VICTORIA,2011,2017,730,81.2,0.1113,0.0904,664,0.03,0.9285,4,0.0,0.0,280,0.2115,0.0806,0.0,0.0205,32.0,False
leg:c699c9ae0a69,CIAMPINI José Alberto,diputados,FRENTE PARA LA VICTORIA,2011,2019,996,110.7,0.1111,0.1215,875,0.0258,0.7279,102,0.0249,0.0054,174,0.1642,0.0217,0.001,0.007,78.0,False
leg:cd393abd7976,ALONSO Laura Valeria,diputados,FRENTE PARA LA VICTORIA,2017,2019,213,23.6,0.1106,0.1455,182,0.0192,0.6472,15,0.0,0.0,174,0.1354,0.0245,0.0047,0.0141,64.0,False
leg:914237c1cb8f,"LUNA de MARCOS, Ana Zulema",diputados,FRENTE CIVICO POR SANTIAGO,2007,2011,379,41.8,0.1104,0.095,343,0.0952,0.2546,28,0.131,0.1358,104,0.0962,0.0244,0.0,0.0818,6.0,False
leg:f37706f108c4,"Llano, Mercedes",diputados,LA LIBERTAD AVANZA,2024,2026,410,45.2,0.1102,0.1195,361,0.0028,0.9018,69,0.0,0.0,233,0.03,0.0,0.0,0.0049,48.0,False
leg:e71d2b84e76b,"Peluc, Jose",diputados,LA LIBERTAD AVANZA,2024,2026,410,45.2,0.1102,0.122,360,0.0,0.9038,69,0.0,0.0,233,0.0,0.0,0.0,0.0049,48.0,False
leg:bf15623e8e64,"GORBACZ, Leonardo Ariel",diputados,A.R.I; A.R.I AUTONOMO 8 +; PROYECTO PROGRESISTA; SOLIDARIDAD E IGUALDAD (SI) - ARI (T.D.F),2005,2009,842,92.6,0.11,0.0831,772,0.0947,0.2786,11,0.0909,0.0909,251,0.1036,0.1037,0.0059,0.0511,13.0,False
leg:29dbe1b531e1,STEFANI Héctor Antonio,diputados,PRO,2017,2024,393,43.2,0.11,0.0916,357,0.0342,0.8611,53,0.0755,0.02,136,0.1956,0.0407,0.0,0.0102,53.0,False
leg:a5e0c0d5753b,"PEREZ SUAREZ, Inés",diputados,EVA PERON; F.F.J. AZUL Y BLANCO; JUSTICIALISTA,2002,2005,204,22.4,0.1099,0.2255,158,0.1001,0.1432,17,0.0588,0.0,132,0.0,0.0,0.0,0.0196,1.0,False
leg:bef6b06c2511,"DURANGO, NORMA HAYDÉE",senado,FRENTE DE TODOS; PARTIDO JUSTICIALISTA LA PAMPA,2016,2021,601,66.0,0.1098,0.1498,511,0.044,0.4833,6,0.0,0.0,177,0.0678,0.0061,0.0,0.1797,2.0,False
leg:b9a8b53e22b2,"POGGI, Claudio Javier",diputados+senado,AVANZAR SAN LUIS; FRENTE DEL MOVIMIENTO POPULAR; FRENTE JUSTICIA UNION Y LIBERTAD; JUSTICIALISTA NACIONAL,2003,2023,1693,185.7,0.1097,0.4123,995,0.1104,0.1086,213,0.0141,0.0085,16,0.0,0.0,0.0467,0.0402,4.0,False
leg:e879c9460cbf,MASIN María Lucila,diputados,FRENTE DE TODOS; FRENTE PARA LA VICTORIA,2016,2023,572,62.7,0.1097,0.1469,488,0.0261,0.5952,32,0.0625,0.0,17,0.0,0.0,0.0017,0.0087,69.0,False
leg:c676ac2265f6,"MARCONETTO, Aldo Juan",diputados,FRENTE PARA LA VICTORIA; JUSTICIALISTA,2005,2006,219,24.0,0.1096,0.1096,195,0.0,1.0,4,0.0,0.0,219,0.1096,0.0,0.0,0.0,116.0,False
leg:4dd5342198f7,GROSSO Leonardo,diputados,FRENTE DE TODOS; FRENTE PARA LA VICTORIA; MOVIMIENTO EVITA; PERONISMO PARA LA VICTORIA,2011,2023,1048,114.2,0.109,0.1794,860,0.0363,0.4416,110,0.0623,0.0277,17,0.1765,0.0,0.0324,0.0334,78.0,False
leg:df1dc746d3d4,"VELARDE, Marta Sylvia",diputados,FRENTE PARA LA VICTORIA; JUSTICIALISMO REPUBLICANO; JUSTICIALISTA,2005,2009,842,91.6,0.1088,0.2114,664,0.0149,0.4594,11,0.2727,0.2,251,0.0677,0.021,0.0,0.0119,113.0,False
leg:5d1d689350b5,CARMONA Guillermo Ramón,diputados,FRENTE PARA LA VICTORIA,2011,2019,996,108.2,0.1086,0.1084,888,0.0261,0.787,102,0.0549,0.0062,174,0.2053,0.048,0.001,0.007,78.0,False
leg:f6b8056c9a48,"Pagano, Marcela Marina",diputados,COHERENCIA; PAIS FEDERAL,2024,2026,410,44.5,0.1085,0.3927,249,0.0422,0.2112,69,0.058,0.0469,233,0.073,0.0458,0.0,0.2171,2.0,False
leg:afd1402bacbb,"SALAZAR, Carlos Eduardo",senado,FUERZA REPUBLICANA,2007,2009,470,51.0,0.1085,0.2426,356,0.0843,0.1842,4,0.0,0.0,350,0.1029,0.0961,0.0,0.217,2.0,False
leg:d2ba10b14e80,BRIZUELA DEL MORAL Eduardo Segundo,diputados,FRENTE CIVICO Y SOCIAL DE CATAMARCA; FTE. CIVICO Y SOCIAL DE CATAMARCA; UCR,2014,2021,759,82.2,0.1083,0.2754,550,0.053,0.2536,54,0.1111,0.0244,8,0.5,0.0,0.0,0.1845,2.0,False
leg:4df3a35de9bf,"LÓPEZ VALVERDE, CRISTINA DEL CARMEN",senado,FRENTE DE TODOS; FRENTE NACIONAL Y POPULAR; JUSTICIALISTA,2017,2023,385,41.6,0.1082,0.1039,345,0.0174,0.8912,10,0.0,0.0,62,0.1774,0.0192,0.0,0.0026,23.0,False
leg:2274f266094e,"BELOUS, Nélida",diputados,A.R.I AUTONOMO 8 +; BLOQUE SOCIAL PATAGONICO; PROYECTO PROGRESISTA; SOCIAL PATAGONICO,2007,2011,379,41.0,0.1082,0.1979,304,0.0757,0.24,28,0.0357,0.0,104,0.0,0.0,0.0132,0.0475,2.0,False
leg:8c68239755f5,FERNANDEZ BLANCO María Cristina,diputados,UCR,2015,2015,37,4.0,0.1081,0.3514,24,0.0,0.3077,3,0.0,0.0,37,0.1081,0.0,0.0,0.0,35.0,False
leg:cea6fd02f068,TERADA Alicia,diputados,COALICION CIVICA; DIALOGO Y TRABAJO,2010,2021,1087,117.1,0.1078,0.2199,848,0.0887,0.1755,117,0.0463,0.0432,8,0.0,0.0,0.0,0.0791,6.0,False
leg:213cbecd9b37,GUTIERREZ Mónica Edith,diputados,FRENTE PARA LA VICTORIA,2011,2015,476,51.2,0.1075,0.0924,432,0.0166,1.0,78,0.1487,0.0377,204,0.1471,0.0114,0.0,0.0042,113.0,False
leg:e82d40c915ec,"TROADELLO, Mónica",senado,JUSTICIALISTA; JUSTICIALISTA-FRENTE PARA LA VICTORIA,2007,2009,392,42.1,0.1074,0.102,352,0.006,1.0,3,0.0,0.0,350,0.1175,0.0068,0.0,0.0051,42.0,False
leg:f0bb055f0392,"Lopez, Juan Manuel",diputados,COALICION CIVICA,2017,2025,539,57.8,0.1072,0.1187,475,0.0592,0.4635,71,0.0563,0.0294,274,0.0845,0.0269,0.0,0.0538,6.0,False
leg:488945f5f694,LENA Gabriela Mabel,diputados,UCR,2019,2023,52,5.6,0.1071,0.0962,47,0.0122,1.0,8,0.0,0.0,17,0.0924,0.0357,0.0,0.0192,47.0,False
leg:47be8bb6ebc5,RAMOS Alejandro Ariel,diputados,FRENTE PARA LA VICTORIA; PRIMERO ARGENTINA,2016,2019,520,55.3,0.1063,0.3115,358,0.0399,0.2531,24,0.125,0.0,174,0.0,0.0,0.0,0.0038,69.0,False
leg:7133225a3206,"GALLEGO, Silvia Ester",senado,JUSTICIALISTA; JUSTICIALISTA-FRENTE PARA LA VICTORIA,2004,2009,1397,148.2,0.1061,0.0859,1277,0.0252,0.9667,16,0.375,0.375,350,0.0807,0.0038,0.0,0.0093,41.0,False
leg:1ef9715cebc1,KOSINER Pablo Francisco Juan,diputados,FRENTE PARA LA VICTORIA; JUSTICIALISTA,2011,2019,996,105.4,0.1058,0.0211,975,0.0927,0.7143,102,0.1055,0.1065,174,0.3084,0.2854,0.0161,0.0181,19.0,False
leg:82ca3558c322,ZUVIC Mariana,diputados,COALICION CIVICA,2019,2023,52,5.5,0.1058,0.1154,46,0.0109,0.8333,8,0.125,0.0,17,0.3235,0.0455,0.0,0.0192,15.0,False
leg:fc45374c281a,"OSORIO, Marta Lucía",diputados,FRENTE PARA LA VICTORIA; JUSTICIALISTA,2002,2009,1059,111.9,0.1056,0.0538,1002,0.0551,0.994,33,0.1594,0.1331,251,0.1135,0.0198,0.0009,0.0189,115.0,False
leg:7101dec0f4ec,"Oliveto Lago, Paula",diputados,COALICION CIVICA,2017,2025,539,56.9,0.1056,0.0668,503,0.0804,0.4583,71,0.0892,0.049,274,0.0961,0.0466,0.0,0.0538,6.0,False
leg:9e0c952fe65c,ALVAREZ Jorge Mario,diputados,UCR,2010,2013,376,39.7,0.1056,0.1995,301,0.0854,0.1867,69,0.1097,0.0899,254,0.1288,0.1125,0.0,0.0293,38.0,False
leg:e80337cfa0df,"FORSTMANN, Selva Judit",senado,JUSTICIALISTA; JUSTICIALISTA-FRENTE PARA LA VICTORIA,2007,2009,286,30.1,0.1053,0.1014,257,0.0063,0.9828,3,0.0,0.0,244,0.1234,0.0075,0.0,0.007,42.0,False
leg:31f6f546d2c0,GALLARDO Miriam Graciela del Valle,diputados,FRENTE PARA LA VICTORIA,2010,2017,813,85.5,0.1051,0.0898,740,0.0471,0.693,27,0.1481,0.0417,307,0.1736,0.1151,0.0,0.0049,109.0,False
leg:d85c03e611ce,LOSPENNATO Silvia Gabriela,diputados,PRO,2016,2025,846,88.0,0.1041,0.0875,772,0.0317,0.8589,80,0.1875,0.0588,274,0.2609,0.0576,0.0,0.013,41.0,False
leg:89831a2a335e,ALVAREZ Elsa María,diputados,UCR,2010,2013,376,39.1,0.104,0.133,326,0.1138,0.04,69,0.1561,0.1608,254,0.1224,0.1502,0.0,0.0293,38.0,False
leg:d7e3b88dcfba,"LARREGUY, Carlos Alberto",diputados,F.F.J. AZUL Y BLANCO; JUSTICIALISTA,2002,2005,217,22.6,0.1039,0.0876,198,0.0726,0.4303,22,0.1466,0.0943,132,0.0436,0.0363,0.0046,0.0369,128.0,False
leg:203139bb84f4,"CASTRO, Alicia Amalia",diputados,FRENTE PARA EL CAMBIO,2001,2005,241,25.0,0.1037,0.4606,130,0.0269,0.1937,26,0.1923,0.0417,132,0.0,0.0,0.0,0.1743,1.0,False
leg:15bda45dc08f,LAVAGNA Marco,diputados,CONSENSO FEDERAL; UNIDOS POR UNA NUEVA ARGENTINA,2016,2019,520,53.8,0.1034,0.0538,492,0.0635,0.8036,24,0.0417,0.0,174,0.1248,0.1043,0.0,0.0173,29.0,False
leg:39c3ba6409a6,FRIZZA Gabriel Alberto,diputados,PRO,2017,2021,248,25.6,0.1033,0.0806,228,0.0247,1.0,22,0.0,0.0,8,0.625,0.25,0.0,0.0121,54.0,False
leg:1d9aa7efda8b,"BIANCO, Lía Fabiola",diputados,FRENTE PARA LA VICTORIA; JUSTICIALISTA,2005,2009,842,86.7,0.103,0.0701,783,0.0354,1.0,11,0.0909,0.0,251,0.0139,0.01,0.0,0.0131,114.0,False
leg:98c8447f1199,"PILATI, Norma Raquel",diputados,JUSTICIALISTA,2002,2005,217,22.4,0.103,0.0599,204,0.0475,0.9741,22,0.191,0.1101,132,0.0661,0.0216,0.0046,0.0415,128.0,False
leg:3621813e35e1,"Ledesma, Claudia Alejandra",senado,FRENTE NACIONAL Y POPULAR,2024,2025,122,12.5,0.1028,0.082,112,0.0584,0.6,10,0.0,0.0,122,0.1028,0.0584,0.0,0.0082,11.0,False
leg:16434c16a423,"Borrego, Victoria",diputados,COALICION CIVICA,2022,2025,291,29.8,0.1025,0.0893,265,0.0597,0.5385,49,0.0646,0.066,274,0.1071,0.0633,0.0,0.079,6.0,False
leg:92466d70d3bb,"Yedlin, Pablo Raul",diputados+senado,FRENTE DE TODOS; FRENTE NACIONAL Y POPULAR; JUSTICIALISTA POR TUCUMAN; UNION POR LA PATRIA,2017,2026,722,73.8,0.1022,0.0596,679,0.0689,0.6279,97,0.079,0.0609,233,0.0783,0.0194,0.0,0.0388,92.0,False
leg:3bdaf4f153a5,"WEST, Mariano Federíco",diputados,FRENTE PARA LA VICTORIA; JUSTICIALISTA,2005,2011,1053,107.6,0.1022,0.0969,951,0.0122,0.9412,132,0.0758,0.0168,104,0.1785,0.0179,0.0,0.0114,113.0,False
leg:e5ea96543df6,DUCLOS Omar Arnaldo,diputados,GEN,2011,2015,476,48.5,0.1019,0.2626,351,0.0242,0.32,78,0.141,0.0169,204,0.0466,0.0238,0.0567,0.0063,4.0,False
leg:7ce0e00db3fe,FORCONI Juan Carlos,diputados,FRENTE PARA LA VICTORIA; NO INTEGRA BLOQUE; PERONISMO FEDERAL; SANTA FE EN MOVIMIENTO,2010,2013,376,38.3,0.1019,0.0559,355,0.0664,0.7008,69,0.104,0.0545,254,0.0139,0.0022,0.008,0.0213,28.0,False
leg:7f9fe3074fd6,"Fernandez, Carlos Alberto",diputados,INNOVACION FEDERAL; UCR,2017,2025,539,54.9,0.1018,0.2319,414,0.0287,0.344,71,0.0501,0.0399,274,0.1354,0.0549,0.0,0.0557,9.0,False
leg:6de6eac2355b,"COBOS, JULIO CÉSAR CLETO",diputados+senado,UCR,2014,2025,1096,111.6,0.1018,0.0712,1018,0.0681,0.5421,78,0.1111,0.081,274,0.195,0.1719,0.0,0.031,12.0,False
leg:b02a99cfba74,MAZZARELLA Susana del Valle,diputados,FRENTE CIVICO - CORDOBA,2010,2013,376,38.2,0.1016,0.359,241,0.0838,0.1333,69,0.1101,0.0679,254,0.0795,0.0927,0.0,0.0053,5.0,False
leg:89a10d2d3f8d,"BLANCO, PABLO DANIEL",senado,UCR,2019,2025,366,37.2,0.1016,0.1421,314,0.0518,0.4025,16,0.1058,0.1302,122,0.0794,0.0587,0.0,0.0301,14.0,False
leg:a365c0492d7a,"Rauschenberger, Ariel",diputados,FRENTE DE TODOS; JUSTICIALISTA; UNION POR LA PATRIA,2017,2026,658,66.8,0.1015,0.0699,612,0.0656,0.5785,91,0.0168,0.017,233,0.0437,0.0141,0.0213,0.0167,92.0,False
leg:c22269b0ad3a,"Campagnoli, Marcela",diputados,COALICION CIVICA,2017,2025,539,54.6,0.1013,0.167,449,0.0359,0.4278,71,0.0423,0.029,274,0.0803,0.0369,0.0,0.0538,6.0,False
leg:8db44c340d4f,"Manrique, Mario",diputados,UNION POR LA PATRIA,2024,2026,410,41.5,0.1012,0.1,369,0.0069,0.9491,69,0.0145,0.0,233,0.1007,0.0074,0.0,0.0049,93.0,False
leg:edbc9113c8ae,"COTO, Alberto Agustín",diputados,JUSTICIALISTA,2002,2005,217,22.0,0.1012,0.0599,204,0.044,1.0,22,0.1456,0.0601,132,0.0888,0.0221,0.0046,0.0415,128.0,False
leg:2b7b194572c1,RAVERTA María Fernanda,diputados,FRENTE PARA LA VICTORIA,2016,2019,520,52.6,0.1011,0.125,455,0.0364,0.5538,24,0.0417,0.0,174,0.0894,0.0413,0.0019,0.0096,69.0,False
leg:6c25c5f844af,LOTTO Inés Beatriz,diputados,FRENTE PARA LA VICTORIA,2011,2019,996,99.9,0.1003,0.1245,872,0.0148,0.7021,102,0.0445,0.0156,174,0.2044,0.0117,0.001,0.007,78.0,False
leg:9be940741b69,"Luque, Juan Pablo",diputados,UNION POR LA PATRIA,2025,2026,136,13.5,0.0993,0.0956,123,0.0041,1.0,21,0.0476,0.0,136,0.0993,0.0041,0.0,0.0074,92.0,False
leg:87680334291f,"Palladino, Claudia Maria",diputados,UNION POR LA PATRIA,2025,2026,136,13.5,0.0993,0.0956,123,0.0041,1.0,21,0.0,0.0,136,0.0993,0.0041,0.0,0.0074,92.0,False
leg:4040ef441656,CANTARD Albor Angel,diputados,UCR,2017,2021,248,24.5,0.0989,0.0927,225,0.0068,1.0,22,0.0,0.0,8,0.0,0.0,0.0,0.004,40.0,False
leg:0299bd800667,"SOLANAS, FERNANDO EZEQUIEL",diputados+senado,MOVIMIENTO PROYECTO SUR; PROYECTO SUR; PROYECTO SUR - UNEN,1994,2019,907,89.7,0.0989,0.4465,502,0.008,0.2115,101,0.1683,0.0,124,0.0,0.0,0.0,0.0011,1.0,False
leg:9218ed2ed719,"MARTINEZ RAYMONDA, Rafael",diputados,DEMOCRATA PROGRESISTA,2002,2007,200,19.8,0.0988,0.16,168,0.1027,0.0781,17,0.2794,0.2656,118,0.0,0.0,0.0,0.085,1.0,False
leg:7f6b12f26249,"Cristina, Andrea Marcela",senado,FRENTE PRO; FRENTE PRO [ 10 ],2024,2026,245,24.0,0.098,0.1224,215,0.0,0.8,18,0.1111,0.0,200,0.12,0.0,0.0,0.0,1.0,False
leg:98f8dc3655d7,"Bongiovanni, Alejandro",diputados,LA LIBERTAD AVANZA,2024,2026,410,40.2,0.098,0.078,378,0.0344,0.8496,69,0.0145,0.0,233,0.03,0.0089,0.0,0.0049,48.0,False
leg:c27e54fe8879,"Uñac, Sergio Mauricio",senado,JUSTICIALISTA,2024,2026,245,24.0,0.098,0.0857,224,0.0491,0.619,18,0.0,0.0,200,0.11,0.0588,0.0,0.0,3.0,False
leg:a185a33a3161,"Lemoine, Lilia",diputados,LA LIBERTAD AVANZA,2024,2026,410,40.2,0.098,0.1098,365,0.0,0.8931,69,0.0,0.0,233,0.0,0.0,0.0,0.0049,48.0,False
leg:2c5587a339c0,TROIANO Gabriela Alejandra,diputados,PARTIDO SOCIALISTA,2014,2017,511,50.0,0.0978,0.1448,437,0.0423,0.4257,32,0.1094,0.1167,307,0.0782,0.0137,0.0861,0.0078,4.0,False
leg:53da8c074689,COUSINET Graciela,diputados,LIBRES DEL SUR,2016,2017,307,30.0,0.0977,0.1629,257,0.0272,0.46,9,0.1111,0.0,307,0.0977,0.0272,0.0,0.0,3.0,False
leg:364ceb043c08,"CAMAÑO, Dante",diputados,NACIONAL SINDICAL; PARTIDO UNIDAD FEDERALISTA,2006,2009,732,71.5,0.0977,0.8402,117,0.1667,0.0846,7,0.0714,0.0,251,0.0139,0.1579,0.0806,0.0178,1.0,True
leg:165f16d13eb7,"ARETA, María Josefa",diputados,FRENTE DE TODOS,2007,2011,379,37.0,0.0976,0.3562,244,0.082,0.1259,28,0.25,0.1905,104,0.0,0.0,0.2586,0.0,2.0,False
leg:6a80142330dd,"Vancsik, Daniel",diputados,INNOVACION FEDERAL,2024,2026,410,39.8,0.097,0.3024,286,0.0338,0.2428,69,0.0225,0.0247,233,0.0544,0.0447,0.0,0.078,9.0,False
leg:1498ce50e4d2,"PINTO, Sergio Damián",diputados,UCR,2009,2011,114,11.0,0.0965,0.114,101,0.0297,0.6154,14,0.0714,0.0833,104,0.0962,0.022,0.0,0.0,43.0,False
leg:5591f3e6fd1c,CLERI Marcos,diputados,FRENTE DE TODOS; FRENTE PARA LA VICTORIA,2011,2023,1048,101.1,0.0965,0.1183,924,0.0152,0.7017,110,0.0231,0.005,17,0.1176,0.0,0.001,0.0067,78.0,False
leg:5c7b30b1418e,CHIENO María Elena,diputados,FRENTE PARA LA VICTORIA,2010,2013,323,31.1,0.0964,0.0836,296,0.014,1.0,16,0.0,0.0,210,0.0171,0.0124,0.0,0.0062,114.0,False
leg:4be1f29b2dfd,BAZZE Miguel Ángel,diputados,UCR,2011,2023,1048,100.9,0.0963,0.1355,906,0.037,0.4743,110,0.1474,0.0606,17,0.0924,0.0357,0.0,0.0172,36.0,False
leg:10ebfc0f5fcf,"Espert, Jose Luis",diputados,LA LIBERTAD AVANZA,2022,2025,291,28.0,0.0963,0.0962,263,0.0191,0.8214,49,0.102,0.0,274,0.084,0.0041,0.0,0.0069,48.0,False
leg:f50820804225,WOLFF Waldo Ezequiel,diputados,PRO,2016,2022,564,54.2,0.0961,0.094,511,0.0131,0.8962,32,0.0938,0.0333,10,0.2,0.0,0.0,0.0124,41.0,False
leg:9d0fbaf84ec8,"Terenzi, Edith Elizabeth",senado,CAMBIO FEDERAL; DESPIERTA CHUBUT,2021,2026,309,29.7,0.096,0.1942,249,0.1191,0.0,24,0.0,0.0,200,0.0,0.0,0.0,0.0032,1.0,False
leg:dcce9285e00b,"FIORE VIÑUALES, MARÍA CRISTINA DEL VALLE",diputados+senado,FRENTE PARA LA VICTORIA; JUSTICIALISTA-FRENTE PARA LA VICTORIA; PARES; RENOVADOR DE SALTA,2011,2019,853,81.5,0.0956,0.1501,725,0.0246,0.4978,62,0.0,0.0,124,0.0,0.0,0.0,0.0176,32.0,False
leg:2efe92fb5bef,CORREA Walter,diputados,FRENTE DE TODOS; FRENTE PARA LA VICTORIA,2017,2021,248,23.7,0.0956,0.0847,227,0.045,0.6429,22,0.0,0.0,8,0.0,0.0,0.004,0.0121,64.0,False
leg:2a21772fceab,TOLEDO Susana María,diputados,UCR,2014,2017,511,48.7,0.0953,0.0978,461,0.0164,0.8233,32,0.204,0.0566,307,0.0984,0.0055,0.0,0.0098,36.0,False
leg:a3840e007215,"Medina, Gladys",diputados,FRENTE DE TODOS; INDEPENDENCIA; JUSTICIALISTA POR TUCUMAN,2017,2026,658,62.5,0.095,0.2508,493,0.0277,0.296,91,0.0183,0.0214,233,0.0086,0.0112,0.0,0.0395,3.0,False
leg:2c030df43b0f,ORTIZ CORREA Marcia Sara María,diputados,FRENTE PARA LA VICTORIA,2011,2015,476,45.2,0.0949,0.0903,433,0.0069,0.9811,78,0.1744,0.0,204,0.0294,0.0149,0.0,0.0042,113.0,False
leg:0cc78a549245,"CACERES, Gladys Antonia",diputados,JUSTICIALISTA,2003,2005,135,12.7,0.0942,0.0741,125,0.0217,1.0,5,0.1172,0.1172,132,0.0736,0.0217,0.0,0.0222,128.0,False
leg:eadd18dc46f1,"Ginocchio, Silvana Micaela",diputados,ELIJO CATAMARCA; FRENTE DE TODOS; UNION POR LA PATRIA,2017,2025,539,50.8,0.0942,0.0186,529,0.0884,0.4,71,0.1127,0.1014,274,0.0757,0.066,0.0,0.1132,93.0,False
leg:3f991f60ff29,LAGORIA Elia Nelly,diputados,TRABAJO Y DIGNIDAD,2014,2017,511,48.0,0.0939,0.2329,392,0.0638,0.1933,32,0.1875,0.125,307,0.0537,0.0247,0.0,0.1879,2.0,False
leg:08bd9918075d,"CARDESA, Enrique Gustavo",diputados,FRENTE PARA EL CAMBIO,2001,2001,24,2.2,0.0938,0.0,24,0.0938,,4,0.0,0.0,24,0.0938,0.0938,0.0,0.1667,4.0,False
leg:63e2cc41c868,SOLANAS Julio Rodolfo,diputados,FRENTE PARA LA VICTORIA; JUSTICIALISTA,2002,2019,1089,101.6,0.0933,0.0799,1002,0.0415,0.6897,130,0.0596,0.0343,174,0.1018,0.0697,0.0028,0.0129,101.0,False
leg:21e6983f18ce,"CORPACCI de MERCADO, Lucia B .",diputados+senado,FRENTE DE TODOS; JUSTICIALISTA-FRENTE PARA LA VICTORIA,2010,2020,247,23.0,0.0931,0.1053,221,0.0136,0.7692,24,0.0,0.0,31,0.0,0.0,0.0283,0.0,30.0,False
leg:6715df39150a,WISKY Sergio Javier,diputados,PRO,2016,2019,520,48.4,0.0931,0.0808,478,0.0153,0.978,24,0.0833,0.0435,174,0.1592,0.0438,0.0,0.0135,41.0,False
leg:8475d88be1c2,"LOSADA, Mario Aníbal",senado,UCR,2004,2005,639,59.1,0.0924,0.0845,585,0.0104,0.9815,9,0.0,0.0,639,0.0924,0.0104,0.0,0.0031,15.0,False
leg:78ee78d9cc8e,LIPOVETZKY Daniel Andrés,diputados,PRO,2016,2019,520,48.0,0.0923,0.0635,487,0.0307,1.0,24,0.0833,0.0435,174,0.1477,0.0614,0.0,0.0135,41.0,False
leg:5d7bb091524d,MONFORT Marcelo Alejandro,diputados,UCR,2016,2019,520,47.9,0.0921,0.0769,480,0.0192,0.9673,24,0.1933,0.078,174,0.1419,0.039,0.0,0.0058,36.0,False
leg:db10448b95f2,BRIZUELA Y DORIA DE CARA Olga Inés,diputados+senado,UCR,2011,2019,413,38.0,0.092,0.1889,335,0.0761,0.1603,59,0.1114,0.124,124,0.0242,0.0169,0.0,0.0363,38.0,False
leg:e8cd0d903581,"Salzmann, Marina Dorotea",diputados,UNION POR LA PATRIA,2025,2026,136,12.5,0.0919,0.0882,124,0.004,1.0,21,0.0,0.0,136,0.0919,0.004,0.0,0.0074,92.0,False
leg:267ec74ea4fc,"Agost Carreño, Oscar",diputados,ENCUENTRO FEDERAL,2023,2025,276,25.3,0.0916,0.0254,269,0.0903,0.1429,48,0.0536,0.0536,274,0.085,0.0869,0.0,0.0254,7.0,False
leg:721dcff19a43,MARTÍNEZ VILLADA Leonor María,diputados,COALICION CIVICA,2016,2023,572,52.0,0.0909,0.1101,509,0.0472,0.4444,32,0.0312,0.0,17,0.2059,0.0,0.0,0.0455,5.0,False
leg:7f75e0b422c2,"Bahl, Adán Humberto",senado,JUSTICIALISTA,2025,2026,121,11.0,0.0909,0.0744,112,0.0179,1.0,8,0.0,0.0,121,0.0909,0.0179,0.0,0.0,21.0,False
leg:4e52d037c227,"BERMEJO, Rolando Adolfo",diputados+senado,FRENTE PARA LA VICTORIA; JUSTICIALISTA-FRENTE PARA LA VICTORIA; UNION POR LA PATRIA,2010,2025,957,86.8,0.0907,0.0773,883,0.0167,0.973,68,0.2206,0.1017,274,0.0757,0.0108,0.0073,0.001,32.0,False
leg:1f986dee686d,"Allende, Walberto",diputados,FRENTE DE TODOS; TODOS JUNTOS POR SAN JUAN; UNION POR LA PATRIA,2017,2025,539,48.7,0.0903,0.128,470,0.0291,0.5072,71,0.0986,0.0615,274,0.1704,0.057,0.0,0.0019,93.0,False
leg:2266072f22e6,"RODRÍGUEZ MACHADO, LAURA ELENA",diputados+senado,FRENTE PRO; LA LIBERTAD AVANZA,2016,2026,737,66.4,0.09,0.0991,664,0.0374,0.5685,27,0.0,0.0,136,0.0,0.0,0.0,0.0271,8.0,False
leg:73e251329b4d,"Finocchiaro, Alejandro",diputados,PRO,2022,2026,427,38.4,0.0899,0.1124,379,0.0072,0.7433,70,0.0286,0.0,233,0.1421,0.0057,0.0,0.0094,25.0,False
leg:2003a78e0538,PRETTO Pedro Javier,diputados,PRO,2016,2019,520,46.4,0.0892,0.0731,482,0.0206,0.96,24,0.0833,0.0435,174,0.1763,0.0405,0.0,0.0135,41.0,False
leg:aac099a70367,PUIGGROS Adriana Victoria,diputados,FRENTE PARA LA VICTORIA,2007,2015,855,76.2,0.0892,0.0795,787,0.013,0.9706,106,0.0906,0.0364,204,0.098,0.0108,0.0,0.0047,113.0,False
leg:133f921fc25b,CASTAGNETO Carlos Daniel,diputados,FRENTE PARA LA VICTORIA; UNION POR LA PATRIA,2016,2026,930,82.7,0.089,0.0989,838,0.0265,0.6583,93,0.0215,0.0109,233,0.1208,0.0198,0.0011,0.0075,76.5,False
leg:2a002a8c2f32,OLIVARES Héctor Enrique,diputados,UCR,2014,2019,679,60.1,0.0884,0.0943,615,0.0104,0.8381,46,0.1008,0.0238,129,0.0698,0.0083,0.0,0.0074,36.0,False
leg:14a1670e2af2,ALONSO Horacio Fernando,diputados,UNIDOS POR UNA NUEVA ARGENTINA,2016,2017,307,27.1,0.0882,0.0456,293,0.0549,0.7857,9,0.3333,0.3333,307,0.0882,0.0549,0.0,0.0065,29.0,False
leg:58a23c1fd378,FIAD Mario Raymundo,diputados+senado,UCR,2010,2023,965,85.0,0.0881,0.1285,841,0.0606,0.2742,102,0.1448,0.0883,62,0.0645,0.0545,0.0,0.029,35.0,False
leg:7792cbc6be65,"Romero, Jorge Antonio",diputados,FRENTE DE TODOS; FRENTE PARA LA VICTORIA; UNION POR LA PATRIA,2017,2025,539,47.4,0.088,0.0853,493,0.0231,0.7826,71,0.0282,0.0145,274,0.0098,0.0025,0.0019,0.0074,93.0,False
leg:70afcf36698b,"BERNAZZA, Claudia Alicia",diputados,FRENTE DE TODOS; FRENTE PARA LA VICTORIA,2007,2021,279,24.5,0.0878,0.0717,259,0.0174,1.0,14,0.1429,0.1429,4,0.0,0.0,0.0072,0.0036,117.0,False
leg:b4ba9351cf8a,ROQUEL Héctor Alberto,diputados,UCR,2016,2017,346,30.4,0.0878,0.0751,320,0.0148,0.9861,18,0.1466,0.0625,346,0.0878,0.0148,0.0,0.0058,36.0,False
leg:161df1ceeabf,"LLANO, Gabriel Joaquín",diputados,DEMOCRATA DE MENDOZA,2002,2005,217,19.0,0.0876,0.47,115,0.1478,0.0196,22,0.1136,0.1429,132,0.0,0.0,0.0,0.1751,1.0,False
leg:2afebebfae1d,TORROBA Francisco Javier,diputados,UCR,2014,2017,511,44.8,0.0876,0.0861,467,0.0217,0.7872,32,0.1137,0.0,307,0.0398,0.012,0.0,0.0098,36.0,False
leg:f8bc26353dad,"PARRILLI, OSCAR ISIDRO",senado,FRENTE DE TODOS; UNIDAD CIUDADANA,2019,2025,366,32.0,0.0874,0.0929,332,0.009,0.8529,16,0.0,0.0,122,0.0492,0.0261,0.0027,0.0,12.0,False
leg:75dbc424a522,"MENEM, Carlos Saúl",senado,FEDERALISMO Y LIBERACION; FRENTE DE TODOS; JUSTICIALISTA,2005,2021,1943,169.6,0.0873,0.8513,289,0.0069,0.1014,32,0.0,0.0,95,0.6526,0.0,0.0,0.0005,1.0,True
leg:9bf150a56678,SCHLERETH David Pablo,diputados,PRO,2017,2021,248,21.6,0.0872,0.0565,234,0.0326,1.0,22,0.0455,0.0,8,0.375,0.1667,0.0,0.0121,54.0,False
leg:d906a42e3360,"DAMILANO GRIVARELLO, Viviana Mónica",diputados,FRENTE PARA LA VICTORIA,2007,2011,379,33.1,0.0872,0.0765,350,0.0173,0.931,28,0.0714,0.0385,104,0.1977,0.0305,0.0,0.0053,107.0,False
leg:afe5334b6eb7,CURRILEN Oscar Rubén,diputados,FRENTE PARA LA VICTORIA; PERONISTA,2010,2013,376,32.8,0.0871,0.0612,353,0.0763,0.2536,69,0.1141,0.0941,254,0.0122,0.0122,0.0,0.0984,113.0,False
leg:7d77bec30410,"ALVARO, Héctor Jorge",diputados,DE LA CONCERTACION,2007,2011,379,33.0,0.0871,0.1055,339,0.0413,0.475,28,0.0714,0.0714,104,0.0577,0.0208,0.1689,0.0,4.0,False
leg:cdb1b7bdc16b,"COLOMBI, Ricardo",diputados,FRENTE DE TODOS; UCR,2001,2007,578,50.3,0.087,0.6176,221,0.0,0.1408,10,0.5,0.0,498,0.0,0.0,0.0,0.0069,1.0,True
leg:92a5cae58d8f,"TAFFAREL, Ricardo Cesar",senado,UCR,2004,2007,1005,87.1,0.0866,0.0905,914,0.0176,0.7802,13,0.0769,0.0,348,0.1466,0.0314,0.0,0.002,15.0,False
leg:11ed984967bb,PERIE Julia Argentina,diputados,FRENTE PARA LA VICTORIA,2007,2015,855,73.8,0.0863,0.0772,789,0.0143,0.9474,106,0.027,0.0275,204,0.0343,0.0,0.0,0.0047,113.0,False
leg:e0198c8fa4b4,"Mendoza, Sandra Mariela",senado,CONVICCION FEDERAL; FRENTE NACIONAL Y POPULAR,2021,2026,309,26.5,0.0859,0.0615,290,0.0571,0.5263,24,0.0,0.0,200,0.1277,0.084,0.0,0.0032,11.0,False
leg:f339c88edef0,NEBREDA Carmen Rosa,diputados,FRENTE PARA LA VICTORIA,2010,2013,376,32.3,0.0858,0.0798,346,0.0066,1.0,69,0.0269,0.0126,254,0.1131,0.0076,0.0,0.008,113.0,False
leg:2ccee1401a72,"IBARRA, Vilma Lidia",diputados+senado,ENCUENTRO POPULAR Y SOCIAL; FRENTE GRANDE; FRENTE PARA LA VICTORIA; NUEVO ENCUENTRO POPULAR Y SOLIDARIO,2004,2011,1384,118.2,0.0854,0.4675,737,0.0303,0.1481,41,0.0732,0.0294,104,0.1788,0.0962,0.0,0.0419,1.0,False
leg:abaa50ccb109,ORELLANA José Fernando,diputados,JUSTICIALISTA POR TUCUMAN; PRIMERO TUCUMAN,2016,2019,494,42.0,0.085,0.3725,310,0.0108,0.2101,24,0.2778,0.0,148,0.2185,0.037,0.0,0.0061,1.0,False
leg:d31b0e81c14c,"Casas, Sergio Guillermo",diputados,FRENTE DE TODOS; UNION POR LA PATRIA,2019,2026,462,39.2,0.0848,0.0866,422,0.0052,0.925,77,0.1688,0.0,233,0.1381,0.0059,0.0,0.0043,93.0,False
leg:16be98c87112,"ARGUL, Marta del Carmen",diputados,FREPASO; MO.RE.CI,2001,2003,106,8.9,0.0841,0.2358,81,0.0942,0.0514,21,0.0238,0.0357,82,0.0203,0.0282,0.0,0.0943,1.0,False
leg:6febda5739ce,"Paoltroni, Francisco Manuel",senado,LA LIBERTAD AVANZA,2024,2026,245,20.5,0.0837,0.0816,225,0.0467,0.5,18,0.1111,0.0667,200,0.0875,0.0467,0.0,0.0041,8.0,False
leg:c7c1df3ec70a,MARTÍNEZ Ana Laura,diputados,PRO,2016,2017,307,25.7,0.0836,0.0847,281,0.002,0.9644,9,0.2222,0.0,307,0.0836,0.002,0.0,0.013,41.0,False
leg:693da6846b03,"Giuliano, Diego A.",diputados,UNION POR LA PATRIA,2024,2026,410,34.3,0.0835,0.0829,376,0.006,0.9412,69,0.0,0.0,233,0.0783,0.0104,0.0,0.0049,93.0,False
leg:c841c84135ec,"Besana, Gabriela",diputados,PRO,2022,2025,291,24.3,0.0834,0.0825,267,0.0364,0.6067,49,0.0612,0.0217,274,0.0813,0.038,0.0,0.0137,25.0,False
leg:a7ff092523ca,"CANTINI, Guillermo Marcelo",diputados,ACCION POR LA REPUBLICA; UNION POR ARGENTINA,2002,2005,217,18.1,0.0833,0.2304,167,0.0928,0.0514,22,0.2273,0.25,132,0.0,0.0,0.0,0.1382,1.0,False
leg:2b3631fc14fd,"Bouhid, Gustavo",diputados,UCR,2022,2023,12,1.0,0.0833,0.0833,11,0.0,1.0,1,0.0,0.0,12,0.0833,0.0,0.0,0.0,27.0,False
leg:844b694eea93,"MENDEZ de MEDINA LAREU, Catalina",diputados,FRENTE PARTIDO NUEVO,2001,2001,24,2.0,0.0833,0.5417,11,0.1818,0.0,4,0.0,0.0,24,0.0833,0.1818,0.0,0.0,3.0,False
leg:4a70d48f6231,"ZBAR, Agustín",diputados,UCR,2005,2005,12,1.0,0.0833,0.0833,11,0.0909,0.0,1,0.0,0.0,12,0.0833,0.0909,0.0,0.0,45.0,False
leg:60aacd7b4838,BROWN Carlos Ramón,diputados,FE; FRENTE PERONISTA; JUSTICIALISTA,2002,2015,788,65.4,0.083,0.3236,533,0.0605,0.1301,195,0.0116,0.0081,204,0.0,0.0,0.0025,0.0114,20.0,False
leg:b427e44f0dd3,"Klipauka Lewtak, Florencia",diputados,LA LIBERTAD AVANZA,2022,2025,291,24.1,0.0828,0.0893,265,0.0208,0.7139,49,0.1429,0.0,274,0.0842,0.0219,0.0,0.0069,48.0,False
leg:adb806646c87,"Gutierrez, Ramiro",diputados,FRENTE DE TODOS; UNION POR LA PATRIA,2019,2026,462,38.3,0.0828,0.0801,425,0.0077,0.9459,77,0.026,0.0,233,0.1127,0.0108,0.0,0.0043,93.0,False
leg:a2a7444a3e52,"VACA NARVAJA, Patricia",diputados,FRENTE PARA LA VICTORIA; JUSTICIALISTA,2005,2009,636,52.7,0.0828,0.0755,588,0.0079,1.0,11,0.0,0.0,239,0.0377,0.0043,0.0,0.0047,115.0,False
leg:c4dcf73b4976,"ROLDAN, José María",diputados+senado,FRENTE DE TODOS; FRENTE DE TODOS (CORRIENTES),2007,2015,954,79.0,0.0828,0.2799,687,0.0277,0.2247,24,0.0417,0.0,150,0.0,0.0,0.0975,0.0,1.0,False
leg:d2a384ebfd8b,"Alvarez Rivero, Carmen Silvia",senado,FRENTE PRO; LA LIBERTAD AVANZA,2021,2026,309,25.5,0.0825,0.0971,279,0.0735,0.1667,24,0.0833,0.0,200,0.0375,0.0291,0.0,0.0259,9.0,False
leg:21135c665073,GUZMAN Olga Elizabeth,diputados,MOV POP NEUQUINO; MOVIMIENTO POPULAR NEUQUINO,2010,2013,376,31.0,0.0824,0.1356,325,0.0308,0.4118,69,0.1594,0.0508,254,0.0866,0.0087,0.0,0.0,3.0,False
leg:e7f654b18197,"BLAS, INÉS IMELDA",senado,FRENTE DE TODOS; FRENTE PARA LA VICTORIA; JUSTICIALISTA; JUSTICIALISTA-FRENTE PARA LA VICTORIA,2011,2021,1051,86.4,0.0822,0.0666,981,0.0252,0.8802,8,0.0,0.0,177,0.0734,0.0061,0.0,0.0152,32.0,False
leg:73fc2a54ae31,"LLERA, Timoteo",diputados,FRENTE PARA LA VICTORIA,2007,2011,379,31.1,0.082,0.0686,353,0.0172,0.9615,28,0.1071,0.04,104,0.1592,0.0177,0.0,0.0053,107.0,False
leg:c7cc0074881b,PRADINES Roberto Arturo,diputados,DEMOCRATA DE MENDOZA,2011,2015,476,39.0,0.0819,0.2857,340,0.0912,0.0588,78,0.1346,0.1475,204,0.0,0.0,0.0,0.1639,2.0,False
leg:5129668140f7,DONDA PÉREZ Victoria Analía,diputados,ENCUENTRO POPULAR Y SOCIAL; FRENTE DE TODOS; FRENTE PARA LA VICTORIA; LIBRES DEL SUR,2007,2019,1375,112.5,0.0819,0.3782,855,0.0389,0.1524,130,0.0692,0.0333,174,0.0,0.0,0.0182,0.024,1.0,False
leg:5c2b63481f33,TORRES DEL SEL Miguel Ignacio,diputados,PRO,2014,2014,141,11.5,0.0816,0.0284,137,0.0766,0.25,19,0.0526,0.0526,141,0.0816,0.0766,0.0,0.0638,18.0,False
leg:a3c9a98b54f8,CONTRERA Mónica Graciela,diputados,FRENTE PARA LA VICTORIA,2013,2015,320,26.0,0.0813,0.0813,294,0.0,1.0,40,0.075,0.0,204,0.1275,0.0,0.0,0.0,113.0,False
leg:c57053a056c8,"CANTERO GUTIERREZ, Alberto",diputados,FRENTE PARA LA VICTORIA; JUSTICIALISTA,2005,2009,842,68.2,0.0811,0.0701,783,0.0131,0.9831,11,0.0,0.0,251,0.0498,0.0021,0.0,0.0131,114.0,False
leg:2f44d128420d,"ROY, Irma",diputados,JUSTICIALISTA,2002,2005,217,17.6,0.0811,0.0184,213,0.0639,1.0,22,0.1012,0.1012,132,0.0531,0.0386,0.0046,0.0415,128.0,False
leg:2c86ef28322d,"Vasquez, Patricia",diputados,LA LIBERTAD AVANZA,2024,2026,410,33.2,0.0809,0.0537,388,0.0401,0.8011,69,0.029,0.0,233,0.0472,0.0136,0.0,0.0049,48.0,False
leg:b8bbc58c17c4,"ELÍAS DE PÉREZ, SILVIA BEATRIZ",senado,UCR,2013,2021,761,61.4,0.0807,0.1012,684,0.0444,0.4037,7,0.2857,,177,0.0609,0.0408,0.0,0.0355,12.0,False
leg:8a953f2391a2,FERREYRA Daniel Julio,diputados,FRENTE DE TODOS,2019,2023,50,4.0,0.08,0.08,46,0.0,1.0,8,0.0,0.0,15,0.2667,0.0,0.0,0.0,118.0,False
leg:12fcb10f04ed,VILARIÑO José Antonio,diputados,FRENTE PARA LA VICTORIA,2007,2015,855,68.2,0.0797,0.0702,795,0.0128,0.9667,106,0.0429,0.0247,204,0.0343,0.0,0.0,0.0047,113.0,False
leg:b0db718799cb,"Ballejos, Nancy",diputados,PRO,2024,2025,161,12.8,0.0795,0.1118,143,0.0148,0.5933,20,0.0,0.0,161,0.0795,0.0148,0.0,0.0186,25.0,False
leg:97543e70517f,CERRUTI Gabriela,diputados,FRENTE DE TODOS; FRENTE PARA LA VICTORIA,2017,2021,248,19.7,0.0795,0.0565,234,0.0479,0.6071,22,0.0,0.0,8,0.0,0.0,0.004,0.0121,64.0,False
leg:8d51ab36eac9,FERNANDEZ LANGAN Ezequiel,diputados,PRO,2017,2021,248,19.7,0.0794,0.0887,226,0.0088,0.8036,22,0.0,0.0,8,0.0,0.0,0.0,0.0121,54.0,False
leg:32079742764a,"LLAMBI, Susana Beatriz",diputados,JUSTICIALISTA,2003,2005,135,10.7,0.0794,0.0593,127,0.0214,1.0,5,0.1172,0.1172,132,0.0736,0.0217,0.0,0.0222,128.0,False
leg:5945e36914ce,BERISSO Hernán,diputados,PRO,2017,2021,248,19.7,0.0794,0.0685,231,0.0203,0.8824,22,0.0,0.0,8,0.0,0.0,0.0,0.0121,54.0,False
leg:c3ab7959193e,"GIMÉNEZ, NORA DEL VALLE",senado,FRENTE DE TODOS; UNIDAD CIUDADANA,2019,2025,366,29.0,0.0792,0.0984,330,0.0,0.8056,16,0.0,0.0,122,0.041,0.0,0.0027,0.0,12.0,False
leg:8ad273407518,"VARELA, MARTA",senado,FRENTE PRO,2016,2019,421,33.2,0.0788,0.1093,375,0.0032,0.6952,6,0.0,0.0,124,0.0869,0.0,0.0,0.019,5.0,False
leg:0bcefbd4429a,URROZ Paula,diputados,PRO,2016,2019,520,41.0,0.0788,0.0692,484,0.0164,0.9167,24,0.0833,0.0435,174,0.0729,0.0287,0.0,0.0135,41.0,False
leg:c59ac0e92de9,SALVAREZZA Roberto,diputados,FRENTE PARA LA VICTORIA,2017,2019,213,16.7,0.0785,0.0892,194,0.0295,0.5789,15,0.0,0.0,174,0.0788,0.0301,0.0047,0.0141,64.0,False
leg:9977c12234f3,ROBLEDO Roberto Ricardo,diputados,PARTIDO JUSTICIALISTA LA PAMPA,2010,2013,376,29.5,0.0785,0.1436,322,0.0109,0.4815,69,0.1014,0.0179,254,0.0886,0.0024,0.0,0.1569,2.0,False
leg:420ea19c25d8,REGAZZOLI María Cristina,diputados,PARTIDO JUSTICIALISTA LA PAMPA,2010,2013,376,29.5,0.0785,0.0053,374,0.0789,0.0,69,0.1014,0.1029,254,0.0886,0.0886,0.0,0.1569,2.0,False
leg:a4710603e46f,LEVERBERG Stella Maris,diputados,BG JUAN B. BUSTOS; FRENTE PARA LA VICTORIA; FTE. RENOV. DE LA CONC. MISIONES - FPV-PJ,2007,2015,855,66.7,0.0781,0.0643,800,0.0159,0.9818,106,0.034,0.025,204,0.0515,0.0227,0.0,0.0129,107.0,False
leg:0c3b7508803f,SEGARRA Adela Rosa,diputados,FRENTE PARA LA VICTORIA,2007,2015,855,66.8,0.0781,0.0725,793,0.0073,0.9839,106,0.0364,0.0084,204,0.0147,0.0,0.0,0.0047,113.0,False
leg:3237c69d09fc,BALCEDO María Ester,diputados,FRENTE PARA LA VICTORIA,2011,2015,476,37.1,0.0779,0.0756,440,0.0025,1.0,78,0.0967,0.0076,204,0.0931,0.0,0.0,0.0042,113.0,False
leg:485bbb69682e,"Andrade, Javier",diputados,UNION POR LA PATRIA,2025,2026,136,10.6,0.0778,0.0662,127,0.0125,1.0,21,0.0,0.0,136,0.0778,0.0125,0.0,0.0074,92.0,False
leg:fde1bf847c2b,"MASSEI, Oscar Ermelindo",diputados,FRENTE PARA LA VICTORIA; JUSTICIALISTA,2005,2008,719,55.9,0.0777,0.0515,682,0.0306,0.9459,10,0.0,0.0,334,0.0606,0.0523,0.0,0.0139,114.0,False
leg:d1e9045618fa,"Pedrali, Gabriela",diputados,UNION POR LA PATRIA,2022,2026,427,33.2,0.0777,0.0773,394,0.0056,0.9394,70,0.0286,0.0,233,0.1081,0.0057,0.0,0.0047,93.0,False
leg:12345a5928bf,RE Hilma Leonor,diputados,COALICION CIVICA; DIALOGO Y TRABAJO,2010,2013,376,28.9,0.077,0.4947,190,0.0681,0.086,69,0.0531,0.0721,254,0.0682,0.0439,0.0,0.0691,6.0,False
leg:8fb1bf7cc13a,MORALES GORLERI Victoria,diputados,PRO,2019,2023,52,4.0,0.0769,0.1154,46,0.0217,0.5,8,0.0,0.0,17,0.1765,0.0833,0.0,0.0,50.0,False
leg:97cfe3c6cd18,MARTÍNEZ Maria Dolores,diputados,EVOLUCION RADICAL; UCR,2019,2023,52,4.0,0.0769,0.0385,50,0.04,1.0,8,0.0,0.0,17,0.1765,0.0667,0.0,0.0,47.0,False
leg:3933ecc107f9,GODOY Lucas Javier,diputados,FRENTE DE TODOS,2019,2023,52,4.0,0.0769,0.0962,47,0.0,0.8,8,0.0,0.0,17,0.0,0.0,0.0,0.0,118.0,False
leg:548ec1a428a3,CRESCIMBENI Camila,diputados,PRO,2019,2023,52,4.0,0.0769,0.1154,46,0.0217,0.5,8,0.0,0.0,17,0.2353,0.0909,0.0,0.0,50.0,False
leg:1c28d8068a4c,"Avila, Fernanda",diputados,ELIJO CATAMARCA,2024,2026,410,31.5,0.0768,0.1976,329,0.0198,0.3086,69,0.0725,0.0333,233,0.1052,0.0,0.0,0.0805,2.0,False
leg:92e93db3ad23,"GONZALEZ DE DUHALDE, Hilda Beatriz",diputados+senado,JUSTICIALISTA; JUSTICIALISTA PARA EL DIALOGO DE LOS ARGENTINOS; PERONISTA,2001,2011,1138,86.9,0.0764,0.7039,337,0.0095,0.1045,34,0.1062,0.0277,216,0.0,0.0,0.0,0.0044,1.0,True
leg:18925d30a424,"DIAZ, María Rosa",senado,AFIRMACION PARA UNA REPUBLICA IGUALITARIA; NUEVO ENCUENTRO; POR TIERRA DEL FUEGO,2007,2013,898,68.5,0.0763,0.1002,808,0.0637,0.1889,21,0.0476,0.0,257,0.0389,0.0,0.049,0.1281,2.0,False
leg:85a5313106f4,PETRI Luis Alfonso,diputados,LA LIBERTAD AVANZA; UCR,2014,2026,891,67.9,0.0762,0.0606,837,0.0254,0.8642,75,0.0911,0.0399,136,0.0368,0.015,0.0,0.0067,36.0,False
leg:02979ad1835a,"Vallejos, Alfredo",diputados,UCR,2024,2024,80,6.1,0.0759,0.075,74,0.0145,0.8333,24,0.0,0.0,80,0.0759,0.0145,0.0,0.025,14.0,False
leg:ef698c5ab707,"PRUYAS, Tomás Rubén",diputados,JUSTICIALISTA,2002,2005,217,16.4,0.0758,0.0507,206,0.0301,0.9313,22,0.1001,0.0573,132,0.0518,0.0172,0.0046,0.0415,128.0,False
leg:6f9ce606dee5,CASTRO Sandra Daniela,diputados,FRENTE PARA LA VICTORIA,2014,2019,724,54.7,0.0756,0.0331,700,0.0668,0.3333,47,0.0213,0.0213,174,0.0903,0.065,0.0014,0.0069,69.0,False
leg:a32c034a8191,DATO Alfredo Carlos,diputados,FRENTE PARA LA VICTORIA,2007,2015,855,64.4,0.0754,0.0725,793,0.0056,0.9677,106,0.0806,0.0257,204,0.0833,0.0,0.0,0.0047,113.0,False
leg:4304180973d3,"SALIM, Juan Arturo",diputados,FRENTE PARA LA VICTORIA; JUSTICIALISTA,2005,2013,1325,99.7,0.0753,0.0664,1237,0.0138,0.9395,187,0.0831,0.0317,254,0.0122,0.0043,0.0,0.0106,113.0,False
leg:b741279cfd6e,"FIOL, Paulina Esther",diputados,FRENTE PARA LA VICTORIA; JUSTICIALISTA,2003,2011,1272,95.3,0.0749,0.059,1197,0.0193,0.9624,221,0.0841,0.0363,104,0.0246,0.0056,0.0008,0.0118,113.0,False
leg:33b0940597a0,"MARTIN, María Elena",diputados,PARTIDO SOCIALISTA,2007,2009,266,19.9,0.0748,0.0526,252,0.0552,0.4286,5,0.0,0.0,251,0.0773,0.0563,0.0,0.0338,10.0,False
leg:6cc18005c983,GIANNETTASIO Graciela María,diputados,FRENTE PARA LA VICTORIA; JUSTICIALISTA,2001,2015,894,66.7,0.0747,0.057,843,0.0199,0.9804,125,0.0923,0.0385,204,0.0343,0.0,0.0,0.0067,113.0,False
leg:aa1c2a248c28,"LAURITTO, José Eduardo",diputados,FRENTE PARA LA VICTORIA; JUSTICIALISTA,2005,2007,576,42.8,0.0744,0.0625,540,0.0139,0.9808,6,0.1667,0.0,520,0.0824,0.0155,0.0,0.0174,114.0,False
leg:4308a3cc269d,GIMÉNEZ Patricia Viviana,diputados,UCR,2014,2017,511,37.9,0.0743,0.0587,481,0.029,0.8,32,0.0165,0.0165,307,0.0661,0.0147,0.0,0.0098,36.0,False
leg:f4ffd997b1a4,BURGOS María Gabriela,diputados,UCR,2014,2021,759,56.3,0.0742,0.0646,710,0.0188,0.8776,54,0.1579,0.0527,8,0.375,0.1667,0.0,0.0079,36.0,False
leg:f367970a0d78,TOMAS Héctor Daniel,diputados,FRENTE PARA LA VICTORIA,2010,2016,731,54.2,0.0741,0.0711,679,0.0186,0.7997,97,0.0468,0.0166,214,0.0444,0.0368,0.0,0.0055,113.0,False
leg:597de5e93d56,BASTERRA Luis Eugenio,diputados,FRENTE PARA LA VICTORIA; UNION POR LA PATRIA,2011,2026,1406,104.0,0.074,0.0626,1318,0.0258,0.7955,171,0.0617,0.0034,233,0.0394,0.0053,0.0007,0.0064,93.0,False
leg:da3d571bda48,"Yeza, Martin",diputados,PRO,2024,2026,410,30.3,0.074,0.0878,374,0.0089,0.75,69,0.0145,0.0,233,0.022,0.005,0.0,0.0098,25.0,False
leg:a676aae4aa1a,"Valdes, Eduardo Felix",diputados,FRENTE DE TODOS; UNION POR LA PATRIA,2019,2026,462,34.1,0.0739,0.0649,432,0.0119,0.9667,77,0.039,0.0133,233,0.0822,0.0145,0.0,0.0043,93.0,False
leg:fd82204ddbab,"VERASAY, PAMELA FERNANDA",diputados+senado,UCR,2016,2026,1028,75.0,0.073,0.072,954,0.0441,0.4448,76,0.1316,0.1176,233,0.1191,0.0727,0.0,0.0311,12.0,False
leg:762105ffa855,"Zaracho, Natalia",diputados,FRENTE DE TODOS; UNION POR LA PATRIA,2022,2026,427,31.1,0.0729,0.0679,398,0.0129,0.8966,70,0.0143,0.0145,233,0.0908,0.0192,0.0,0.0047,93.0,False
leg:64be11e9c258,"López, María Florencia",senado,FRENTE NACIONAL Y POPULAR; JUSTICIALISTA,2024,2026,245,17.8,0.0727,0.0694,228,0.0211,0.7647,18,0.0,0.0,200,0.0741,0.0152,0.0,0.0041,11.0,False
leg:f6d4f3251d54,"BONGIORNO, María José",senado,ENCUENTRO DE LOS RIONEGRINOS; JUSTICIALISTA; JUSTICIALISTA-FRENTE PARA LA VICTORIA,2007,2013,898,65.1,0.0725,0.2071,712,0.0021,0.3422,21,0.0,0.0,257,0.0739,0.0042,0.0,0.0022,32.0,False
leg:ffca5e407953,"Piparo, Carolina",diputados,LA LIBERTAD AVANZA,2022,2025,291,21.0,0.0722,0.0584,274,0.0329,0.7059,49,0.0612,0.0426,274,0.0585,0.0232,0.0,0.0069,48.0,False
leg:72239ba7e06b,"MARCO DEL PONT, Mercedes",diputados,FRENTE PARA LA VICTORIA; JUSTICIALISTA,2005,2007,591,42.5,0.0719,0.0491,562,0.0258,0.9655,7,0.0,0.0,535,0.0775,0.0285,0.0,0.0169,114.0,False
leg:d123ab8f4c9b,RUBÍN Carlos Gustavo,diputados,FRENTE PARA LA VICTORIA; JUSTICIALISTA,2014,2017,511,36.8,0.0719,0.0607,480,0.0512,0.3928,32,0.1415,0.1294,307,0.1067,0.0779,0.0039,0.0137,17.0,False
leg:d0b3c5f7c9e2,ZAMARBIDE Federico Raúl,diputados,UCR,2017,2021,248,17.8,0.0717,0.0484,236,0.0244,1.0,22,0.0455,0.0455,8,0.125,0.125,0.0,0.004,40.0,False
leg:135ca59c0ecd,IBARRA Eduardo Mauricio,diputados,PERONISMO FEDERAL; UNION POR SAN JUAN,2010,2013,376,26.9,0.0715,0.5665,163,0.0378,0.0973,69,0.0099,0.0207,254,0.0,0.0,0.008,0.0106,1.0,False
leg:e34ac50c7629,"Pokoik, Lorena",diputados,UNION POR LA PATRIA,2024,2026,410,29.3,0.0714,0.0707,381,0.0068,0.9203,69,0.0,0.0,233,0.0784,0.0119,0.0,0.0049,93.0,False
leg:7e5d50e8754c,"Aveiro, Martin",diputados,UNION POR LA PATRIA,2024,2026,410,29.3,0.0713,0.0659,383,0.0085,0.963,69,0.1014,0.0159,233,0.0998,0.0106,0.0,0.0049,93.0,False
leg:d1ea7cc471fd,"Gonzalez, Gustavo Carlos Miguel",diputados,UNION POR LA PATRIA,2022,2025,291,20.7,0.0711,0.0756,269,0.0026,0.9091,49,0.0,0.0,274,0.0682,0.0027,0.0,0.0034,93.0,False
leg:3e95a6ac7135,MARCUCCI Hugo María,diputados,UCR,2016,2019,520,37.0,0.0711,0.0596,489,0.0149,0.9578,24,0.1053,0.1053,174,0.1706,0.0069,0.0,0.0058,36.0,False
leg:21beccf339ae,"Carro, Pablo",diputados,FRENTE DE TODOS; FRENTE PARA LA VICTORIA; UNION POR LA PATRIA,2017,2025,539,38.3,0.071,0.0724,500,0.0186,0.7436,71,0.0141,0.0141,274,0.0239,0.0095,0.0019,0.0074,93.0,False
leg:499bd0e6d2fa,LEHMANN María Lucila,diputados,COALICION CIVICA,2017,2021,248,17.4,0.0702,0.1694,206,0.0335,0.25,22,0.0,0.0,8,0.375,0.0,0.0,0.0242,10.0,False
leg:c1f6a619c8b9,"Sotolano, Maria",diputados,PRO,2022,2025,291,20.3,0.0698,0.0653,272,0.0343,0.5789,49,0.0,0.0,274,0.0559,0.0318,0.0,0.0137,25.0,False
leg:22152a6ba10a,ECHEGARAY Alejandro Carlos Augusto,diputados,UCR,2016,2019,520,35.8,0.0689,0.0538,492,0.0159,1.0,24,0.1053,0.0664,174,0.1008,0.016,0.0,0.0058,36.0,False
leg:90ef07ff83db,"RODRIGUEZ, Evaristo Arturo",diputados,FRENTE PARA LA VICTORIA,2007,2011,379,26.1,0.0688,0.0607,356,0.0086,1.0,28,0.0,0.0,104,0.0631,0.0057,0.0,0.0053,107.0,False
leg:8584a77eb06f,REYES Roxana Nahir,diputados,UCR,2017,2020,244,16.8,0.0687,0.0492,232,0.0206,1.0,22,0.0455,0.0,100,0.1577,0.0536,0.0,0.0041,40.0,False
leg:6e00ca50ec9d,"GUERRA, RICARDO ANTONIO",senado,FRENTE DE TODOS; FRENTE NACIONAL Y POPULAR,2021,2023,146,10.0,0.0685,0.0753,135,0.0,0.9091,6,0.0,0.0,62,0.0,0.0,0.0,0.0,41.0,False
leg:d3c4fbf07ce5,MASSO Federico Augusto,diputados,LIBRES DEL SUR,2016,2017,307,21.0,0.0684,0.0717,285,0.0561,0.2273,9,0.1111,0.1111,307,0.0684,0.0561,0.0,0.0,3.0,False
leg:db327a2328c1,"LOZANO, Claudio Raúl",diputados,BS. AS. PARA TODOS EN PROYECTO SUR; EMANCIPACION Y JUSTICIA; MOVIMIENTO PROYECTO SUR; PROYECTO SUR,2003,2015,1748,118.7,0.0679,0.3192,1190,0.0375,0.1326,299,0.1695,0.102,204,0.201,0.0873,0.0257,0.0189,1.0,False
leg:3bc043bd16a7,"Pereyra, Julio",diputados,UNION POR LA PATRIA,2022,2025,291,19.7,0.0677,0.0756,269,0.0,0.8949,49,0.0204,0.0,274,0.0719,0.0,0.0,0.0034,93.0,False
leg:3c3d2be2eb7f,"Santoro, Leandro",diputados,UNION POR LA PATRIA,2022,2025,291,19.7,0.0677,0.0653,272,0.0099,0.8947,49,0.0,0.0,274,0.0646,0.0105,0.0,0.0034,93.0,False
leg:bf17f322a27a,"BLANCO, Jesus Abel",diputados,JUSTICIALISTA,2002,2005,217,14.6,0.0674,0.0276,211,0.0408,1.0,22,0.1065,0.0639,132,0.0531,0.0311,0.0046,0.0415,128.0,False
leg:f11782d8cfe8,"INDA, Graciela Ester",diputados,UCR,2001,2001,24,1.6,0.0674,0.0417,23,0.0269,1.0,4,0.0,0.0,24,0.0674,0.0269,0.0,0.0417,78.0,False
leg:c505bb36901b,CEJAS Jorge Alberto,diputados,FRENTE PARA LA VICTORIA,2007,2015,855,57.4,0.0672,0.0585,805,0.0105,0.98,106,0.0712,0.0156,204,0.0196,0.0,0.0,0.0047,113.0,False
leg:c50a2257bc00,"Arancibia Rodriguez, Alberto Gustavo",diputados,LA LIBERTAD AVANZA,2023,2025,275,18.4,0.0667,0.0618,258,0.0208,0.7647,48,0.0625,0.0,274,0.0633,0.0169,0.0,0.0073,48.0,False
leg:cb838b8e4f8d,"DE MARCHI, Omar Bruno",diputados,DEMOCRATA; DEMOCRATA DE MENDOZA; PRO,2005,2023,1377,91.6,0.0665,0.4757,722,0.0285,0.1084,195,0.2621,0.1156,17,0.3529,0.1111,0.0,0.0683,1.0,False
leg:0b274795a92c,"Neder, Estela Mary",diputados,FRENTE CIVICO POR SANTIAGO; FRENTE DE TODOS; UNION POR LA PATRIA,2017,2026,715,47.3,0.0661,0.0727,663,0.0577,0.1731,93,0.0161,0.0059,233,0.014,0.014,0.0,0.0727,92.0,False
leg:566285a9b986,JUÁREZ Manuel Humberto,diputados,FRENTE CIVICO POR SANTIAGO,2014,2017,511,33.7,0.0659,0.0861,467,0.0603,0.125,32,0.1667,0.172,307,0.0706,0.0612,0.0,0.0587,6.0,False
leg:f9749397be70,"Tolosa Paz, Victoria",diputados,FRENTE DE TODOS; UNION POR LA PATRIA,2022,2026,413,27.2,0.0658,0.063,387,0.0057,0.9615,70,0.0429,0.0147,233,0.1038,0.0057,0.0,0.0048,93.0,False
leg:80e2a75366be,"CANELA, Susana Mercedes",diputados,FRENTE PARA LA VICTORIA; JUSTICIALISTA,2005,2015,1025,67.3,0.0656,0.039,985,0.0277,1.0,13,0.0,0.0,183,0.0055,0.0055,0.0,0.0107,113.0,False
leg:b4636ff7f44f,"López, Cándida Cristina",senado,JUSTICIALISTA; UNIDAD CIUDADANA [ 19 ],2024,2026,245,16.0,0.0653,0.0367,236,0.0508,0.4444,18,0.0,0.0,200,0.08,0.0619,0.0,0.0,1.0,False
leg:7cc98de653f3,HERNÁNDEZ Martín Osvaldo,diputados,UCR,2016,2019,520,33.8,0.065,0.0481,495,0.0178,1.0,24,0.0637,0.0637,174,0.1649,0.044,0.0,0.0058,36.0,False
leg:f92f3c73a21d,SEMINARA Eduardo Jorge,diputados,FRENTE PARA LA VICTORIA,2014,2017,511,33.0,0.0646,0.0783,471,0.0298,0.475,32,0.0312,0.0,307,0.0815,0.051,0.0,0.0039,78.0,False
leg:31ce08e2a160,BRAGAGNOLO Sebastián,diputados,PRO,2018,2019,134,8.6,0.0643,0.0299,130,0.0356,1.0,3,0.0,0.0,134,0.0643,0.0356,0.0,0.0224,54.0,False
leg:1fd510ce6f5f,"Aubone, Ana Fabiola",diputados,UNION POR LA PATRIA,2022,2025,291,18.7,0.0642,0.0172,286,0.0514,0.8,49,0.102,0.0833,274,0.0682,0.0546,0.0,0.0034,93.0,False
leg:652903d3149f,"Campitelli, Celia",diputados,UNION POR LA PATRIA,2024,2026,410,26.3,0.064,0.0634,384,0.0059,0.9231,69,0.0725,0.0,233,0.0783,0.0058,0.0,0.0049,93.0,False
leg:d2c7f1f651dd,HUMMEL Astrid,diputados,PRO,2017,2019,213,13.6,0.064,0.0282,207,0.0368,1.0,15,0.0,0.0,174,0.0725,0.0451,0.0,0.0141,54.0,False
leg:7b1337a70d73,"ACOSTA de AHUMADA, María Julia",diputados,FRENTE PARA LA VICTORIA,2007,2011,379,24.1,0.0636,0.066,354,0.0044,0.9012,28,0.0,0.0,104,0.0727,0.0059,0.0,0.0053,107.0,False
leg:85caace6065d,"Linares, Carlos Alberto",senado,JUSTICIALISTA; UNIDAD CIUDADANA; UNION POR LA PATRIA,2021,2026,309,19.6,0.0634,0.068,288,0.0125,0.7619,24,0.0417,0.0,200,0.063,0.0138,0.0032,0.0032,12.0,False
leg:7647e5396cdc,BARRANDEGUY Raúl Enrique,diputados,FRENTE PARA LA VICTORIA,2010,2013,376,23.7,0.063,0.0559,355,0.0076,1.0,69,0.0658,0.0234,254,0.0712,0.0046,0.0,0.008,113.0,False
leg:ce68255712d5,"OLALLA, STELLA MARIS",senado,UCR,2019,2025,366,23.1,0.063,0.0956,331,0.0494,0.1921,16,0.1683,0.2071,122,0.0712,0.0327,0.0,0.0301,14.0,False
leg:28cab26e4c95,CONESA Eduardo Raúl,diputados,PRO,2016,2017,307,19.3,0.0628,0.0358,296,0.028,1.0,9,0.0,0.0,307,0.0628,0.028,0.0,0.013,41.0,False
leg:18c04f95cba5,ABRAHAM Alejandro,diputados,FRENTE PARA LA VICTORIA,2014,2017,511,32.0,0.0627,0.0626,479,0.0334,0.5,32,0.0,0.0,307,0.0945,0.0542,0.0,0.0039,78.0,False
leg:9aa8192c6c25,"Brouwer de Koning, Gabriela",diputados,UCR,2022,2025,291,18.2,0.0624,0.0412,279,0.0651,0.0,49,0.0306,0.0312,274,0.0642,0.0671,0.0,0.0687,12.0,False
leg:279cd31e6a8d,"PASINI, Ariel Osvaldo",diputados,FRENTE PARA LA VICTORIA,2007,2015,419,26.1,0.0622,0.0501,398,0.0127,1.0,14,0.0,0.0,54,0.0,0.0,0.0,0.0048,113.0,False
leg:7a412f98ea14,"ABAL MEDINA, JUAN MANUEL",senado,FRENTE PARA LA VICTORIA,2015,2017,364,22.6,0.062,0.022,356,0.0512,0.5417,2,0.0,,280,0.0806,0.067,0.0,0.0412,36.0,False
leg:4dadbcaa74b5,"Ansaloni, Pablo",diputados,LA LIBERTAD AVANZA; PRO; UNIDAD Y EQUIDAD FEDERAL,2017,2026,658,40.7,0.0619,0.0623,617,0.01,0.843,91,0.033,0.0,233,0.0086,0.0044,0.0,0.0076,53.0,False
leg:342cfdb2a7d0,"Fernandez Molero, Daiana",diputados,PRO,2024,2026,410,25.3,0.0618,0.0732,380,0.0106,0.7093,69,0.0435,0.0,233,0.0647,0.0117,0.0,0.0098,25.0,False
leg:2c6742cce1df,"DE LA ROSA, Maria Graciela",diputados+senado,FRENTE PARA LA VICTORIA; JUSTICIALISTA; JUSTICIALISTA-FRENTE PARA LA VICTORIA; UNION POR LA PATRIA,2003,2026,2053,125.9,0.0613,0.0419,1967,0.023,0.9374,244,0.0249,0.0088,136,0.0919,0.004,0.0049,0.0136,92.0,False
leg:f8985c8a3a0b,"Carignano, Florencia",diputados,UNION POR LA PATRIA,2024,2026,410,25.1,0.0613,0.0585,386,0.0082,0.9167,69,0.029,0.0,233,0.0908,0.0146,0.0,0.0049,93.0,False
leg:e84ad8a564f7,"Gollan, Daniel",diputados,UNION POR LA PATRIA,2022,2025,291,17.7,0.0608,0.0653,272,0.0037,0.8783,49,0.0,0.0,274,0.0646,0.0039,0.0,0.0034,93.0,False
leg:9450b0ea2e7a,BUIL Sergio Omar,diputados,PRO,2016,2019,520,31.2,0.06,0.0404,499,0.0211,0.9847,24,0.125,0.087,174,0.1303,0.0443,0.0,0.0135,41.0,False
leg:e3a7d7fea4ba,TORELLO Pablo,diputados,PRO,2016,2023,572,34.3,0.06,0.0385,550,0.026,0.9091,32,0.0,0.0,17,0.2353,0.1538,0.0,0.0122,41.0,False
leg:84f12b2fe2d0,PIETRAGALLA CORTI Horacio,diputados,FRENTE PARA LA VICTORIA; UNION POR LA PATRIA,2011,2026,825,49.3,0.0598,0.063,773,0.0118,0.7728,114,0.014,0.0,136,0.0411,0.034,0.0012,0.0073,105.0,False
leg:89df147cc24c,"CATALÁN MAGNI, JULIO CÉSAR",diputados+senado,FRENTE PARA LA VICTORIA; JUSTICIALISTA; JUSTICIALISTA-FRENTE PARA LA VICTORIA,2011,2019,853,50.9,0.0597,0.0445,815,0.0244,0.8158,62,0.0249,0.0095,124,0.1105,0.0337,0.0,0.0211,36.0,False
leg:5f82400ff3de,VILLALONGA Juan Carlos,diputados,PRO,2016,2019,520,30.9,0.0595,0.0423,498,0.0179,1.0,24,0.0833,0.0435,174,0.073,0.0399,0.0,0.0135,41.0,False
leg:30dcf2f9e994,ARGUMEDO Alcira Susana,diputados,"LIBERTAD, VALORES Y CAMBIOS; MOVIMIENTO PROYECTO SUR; PROYECTO SUR; PROYECTO SUR - UNEN",2010,2017,887,52.7,0.0594,0.1984,711,0.0699,0.017,101,0.1287,0.1395,307,0.0,0.0,0.0,0.0011,1.0,False
leg:d38293dda3b4,"LÓPEZ, Osvaldo Ramón",senado,NUEVO ENCUENTRO,2011,2013,321,19.0,0.0592,0.1121,285,0.0,0.5278,1,0.0,0.0,257,0.07,0.0,0.0903,0.0,2.0,False
leg:c478c2143540,"Leiva, Aldo",diputados,FRENTE DE TODOS; UNION POR LA PATRIA,2019,2026,462,27.2,0.0588,0.0498,439,0.0118,0.9565,77,0.026,0.0132,233,0.0695,0.0055,0.0,0.0043,93.0,False
leg:fd609ae15046,"Laciar, Susana Alicia",diputados,PRODUCCION Y TRABAJO,2022,2023,17,1.0,0.0588,0.2353,13,0.0769,0.0,1,0.0,0.0,17,0.0588,0.0769,0.0,0.1176,2.0,False
leg:bf08c3b06f15,"Perez Plaza, Eber Albano",diputados,FRENTE DE TODOS,2022,2023,17,1.0,0.0588,0.0,17,0.0588,,1,0.0,0.0,17,0.0588,0.0588,0.0,0.0,66.0,False
leg:6988a92f1935,"Dantas, Pedro Cristian",diputados,FRENTE DE TODOS,2022,2023,17,1.0,0.0588,0.1176,15,0.0,0.5,1,0.0,0.0,17,0.0588,0.0,0.0,0.0,66.0,False
leg:f450e3fbd612,LEITO Mario,diputados,FRENTE DE TODOS,2019,2023,51,3.0,0.0588,0.0588,48,0.0,1.0,8,0.0,0.0,16,0.1875,0.0,0.0,0.0,118.0,False
leg:a4543a11cad6,"DUMON, José Gabriel",diputados,UCR,2001,2001,17,1.0,0.0588,0.0588,16,0.0,1.0,4,0.0,0.0,17,0.0588,0.0,0.0,0.0,78.0,False
leg:9d3d61108ad3,ALBRIEU Oscar Edmundo Nicolas,diputados,FRENTE PARA LA VICTORIA,2010,2013,376,21.9,0.0584,0.0505,357,0.0083,1.0,69,0.0513,0.023,254,0.0161,0.0044,0.0,0.008,113.0,False
leg:f5f2b54d00c9,"NEDER, JOSÉ EMILIO",senado,FRENTE DE TODOS; FRENTE NACIONAL Y POPULAR; JUSTICIALISTA,2019,2026,489,28.5,0.0584,0.0695,455,0.0122,0.6765,24,0.0,0.0,200,0.0527,0.0241,0.0,0.002,21.0,False
leg:1b428014bab3,BIANCHI María del Carmen,diputados,FRENTE PARA LA VICTORIA,2011,2015,476,27.7,0.0582,0.0504,452,0.0082,1.0,78,0.011,0.011,204,0.098,0.0,0.0,0.0042,113.0,False
leg:83269a4ef00b,"GONZÁLEZ, MARÍA TERESA MARGARITA",senado,FRENTE DE TODOS; FRENTE NACIONAL Y POPULAR; FRENTE PARA LA VICTORIA; JUSTICIALISTA,2017,2026,699,40.6,0.0581,0.0415,670,0.0322,0.6552,30,0.1,0.0455,200,0.0377,0.0381,0.0,0.0086,21.0,False
leg:7089705d9cef,"VARIZAT, Daniel Alberto",diputados,JUSTICIALISTA,2003,2005,159,9.2,0.058,0.0377,153,0.021,1.0,7,0.0837,0.0837,132,0.0282,0.0208,0.0,0.0252,128.0,False
leg:5cfb66a4dc46,Del PLÁ Romina,diputados,FRENTE DE IZQUIERDA; FRENTE DE IZQUIERDA Y DE TRABAJADORES UNIDAD; PARTIDO OBRERO EN EL FRENTE DE IZQUIERDA Y DE TRABAJADORES-U,2017,2026,475,27.5,0.0579,0.2337,364,0.011,0.2117,67,0.0,0.0,136,0.0,0.0,0.0421,0.0021,2.0,False
leg:1eb35c172072,"CORREA, Juan Carlos",diputados,JUSTICIALISTA,2002,2005,217,12.5,0.0578,0.023,212,0.0355,1.0,22,0.0572,0.0572,132,0.0607,0.0237,0.0046,0.0415,128.0,False
leg:ff70c5f09b20,PÉREZ ARAUJO Hernán,diputados,FRENTE DE TODOS,2019,2023,52,3.0,0.0577,0.0769,48,0.0,0.75,8,0.0,0.0,17,0.1765,0.0,0.0,0.0,118.0,False
leg:a8948564dda2,ANGELINI Federico,diputados,PRO,2019,2023,52,3.0,0.0577,0.0962,47,0.0213,0.4,8,0.0,0.0,17,0.1176,0.0769,0.0,0.0,50.0,False
leg:16598fe960e1,HERNÁNDEZ Estela Beatriz,diputados,FRENTE DE TODOS,2019,2023,52,3.0,0.0577,0.0769,48,0.0,0.75,8,0.0,0.0,17,0.1176,0.0,0.0,0.0,118.0,False
leg:fbdb0fdedec8,ORTIZ Mariela,diputados,FRENTE PARA LA VICTORIA,2011,2015,476,27.2,0.0571,0.0483,453,0.0092,1.0,78,0.0462,0.008,204,0.0392,0.0151,0.0,0.0042,113.0,False
leg:bb2369c9dfc2,BERMEJO Alejandro Daniel,diputados,FRENTE DE TODOS,2019,2021,35,2.0,0.0571,0.0571,33,0.0,1.0,7,0.0,0.0,8,0.25,0.0,0.0,0.0,118.0,False
leg:469ec9645a18,BOGDANICH Esteban Mateo,diputados,FRENTE DE TODOS,2019,2021,35,2.0,0.0571,0.0286,34,0.0294,1.0,7,0.1429,0.1429,8,0.0,0.0,0.0,0.0,118.0,False
leg:ba4c6561e5e4,"Valenzuela, Mercedes Gabriela",senado,UCR,2021,2026,309,17.6,0.057,0.0453,295,0.0462,0.2857,24,0.109,0.1245,200,0.0581,0.0391,0.0,0.0162,13.0,False
leg:11127a15ffa6,"CAPITANICH, Jorge Milton",senado,JUSTICIALISTA,2004,2026,1126,64.1,0.0569,0.0417,1079,0.0167,0.9787,21,0.0,0.0,121,0.0,0.0,0.0,0.0098,41.0,False
leg:7d492c3a963e,"CIGOGNA, Luis Francisco Jorge",diputados,FRENTE PARA LA VICTORIA; JUSTICIALISTA,2002,2017,2032,113.5,0.0559,0.0507,1929,0.0208,0.7116,317,0.0363,0.0272,307,0.2222,0.0298,0.0015,0.0128,113.0,False
leg:8c2693d27237,"Veron, Jorge Guillermo",diputados,FRENTE DE TODOS,2021,2023,18,1.0,0.0556,0.1111,16,0.0,0.5,1,0.0,0.0,17,0.0588,0.0,0.0,0.0,66.0,False
leg:2569ce855012,ESTEVEZ Gabriela Beatriz,diputados,FRENTE DE TODOS; FRENTE PARA LA VICTORIA; UNION POR LA PATRIA,2016,2026,750,41.3,0.0551,0.0773,692,0.0221,0.4483,67,0.0,0.0,199,0.018,0.0131,0.0013,0.008,69.0,False
leg:e4212563a09b,ASCARATE Lidia,diputados,UCR,2019,2023,52,2.9,0.0549,0.0577,49,0.0,0.9524,8,0.0,0.0,17,0.1681,0.0,0.0,0.0192,47.0,False
leg:e0a87f5f810e,VEGA María Clara del Valle,diputados+senado,MEDIAR ARGENTINA; UCR,2016,2023,551,30.1,0.0546,0.1307,479,0.0065,0.375,15,0.1685,0.044,62,0.0,0.0,0.0,0.0036,36.0,False
leg:427430067a9b,"Paponet, Liliana",diputados,UNION POR LA PATRIA,2022,2025,291,15.8,0.0541,0.0378,280,0.0205,0.9091,49,0.0816,0.0426,274,0.0575,0.0219,0.0,0.0034,93.0,False
leg:6701da892019,"Molle, Matias",diputados,UNION POR LA PATRIA,2024,2026,410,22.1,0.054,0.0463,391,0.0132,0.8947,69,0.0,0.0,233,0.0865,0.0236,0.0,0.0049,93.0,False
leg:c2ebd5d14b72,BERMEJO Sixto Osvaldo,diputados,TRABAJO Y DIGNIDAD,2016,2017,307,16.5,0.0537,0.0423,294,0.0442,0.2692,9,0.1667,0.1667,307,0.0537,0.0442,0.0,0.1075,2.0,False
leg:62b367357604,"Lewandowski, Marcelo Néstor",senado,FRENTE NACIONAL Y POPULAR; JUSTICIALISTA; UNION POR LA PATRIA,2021,2026,309,16.6,0.0537,0.055,292,0.0089,0.8235,24,0.0,0.0,200,0.078,0.014,0.0032,0.0032,21.0,False
leg:231c9b58f76a,"Cervi, Pablo",diputados+senado,LA LIBERTAD AVANZA; LIGA DEL INTERIOR ELI,2022,2026,412,22.0,0.0534,0.0704,383,0.0453,0.1609,57,0.076,0.0595,218,0.0474,0.0442,0.0,0.0146,3.0,False
leg:b697f7b93549,"BAIGORRI, Guillermo Francisco",diputados,JUSTICIALISTA; VIDA Y COMPROMISO,2003,2007,711,37.9,0.0533,0.2264,550,0.0058,0.2153,11,0.0554,0.0554,520,0.0,0.0,0.0,0.0042,1.0,False
leg:18fcfde61814,"SOLARI QUINTANA, MAGDALENA",senado,MISIONES,2017,2023,385,20.5,0.0532,0.2442,291,0.0464,0.0745,10,0.1,0.2,62,0.0,0.0,0.0,0.1065,1.0,False
leg:32c9c929053d,"Siley, Vanesa Raquel",diputados,FRENTE DE TODOS; FRENTE PARA LA VICTORIA; UNION POR LA PATRIA,2017,2026,675,35.9,0.0531,0.0563,637,0.0139,0.7105,92,0.0,0.0,233,0.035,0.0138,0.0015,0.0074,92.0,False
leg:bda689b86763,"Muñoz, Gabriela Luciana",diputados,LA LIBERTAD AVANZA,2025,2026,136,7.0,0.0515,0.0368,131,0.0153,1.0,21,0.0,0.0,136,0.0515,0.0153,0.0,0.0,94.0,False
leg:a4ec29bfef8d,"Benedit, Beltran",diputados,LA LIBERTAD AVANZA,2024,2026,410,21.0,0.0513,0.0561,387,0.0052,0.8261,69,0.0145,0.0,233,0.0644,0.0,0.0,0.0049,48.0,False
leg:4a35b877c3f8,"Bensusán, Daniel Pablo",senado,FRENTE NACIONAL Y POPULAR; JUSTICIALISTA,2021,2026,309,15.8,0.0512,0.068,288,0.0133,0.5714,24,0.0417,0.0,200,0.0541,0.0151,0.0,0.0032,21.0,False
leg:7c476f4cb369,"GULLO, Juan Carlos Dante",diputados,FRENTE PARA LA VICTORIA,2007,2011,379,19.1,0.0503,0.0475,361,0.0029,1.0,28,0.0,0.0,104,0.0727,0.0058,0.0,0.0053,107.0,False
leg:f4be8a0ed700,"Parola, Maria Graciela",diputados,FRENTE DE TODOS; UNION POR LA PATRIA,2019,2026,462,23.2,0.0502,0.0433,442,0.0117,0.9,77,0.013,0.0,233,0.0824,0.0147,0.0,0.0043,93.0,False
leg:f38adc9f56b6,SALVADOR Sebastian Nicolás,diputados,UCR,2019,2023,52,2.6,0.0495,0.0385,50,0.0114,1.0,8,0.0,0.0,17,0.1513,0.0381,0.0,0.0192,47.0,False
leg:aa8af5c1943f,ROMERO Victor Hugo,diputados,UCR,2019,2023,52,2.6,0.0495,0.0385,50,0.0114,1.0,8,0.0,0.0,17,0.1513,0.0381,0.0,0.0192,47.0,False
leg:012a9388f988,"Ferreyra, Alida",diputados,LA LIBERTAD AVANZA,2024,2026,410,20.0,0.0488,0.0561,387,0.0026,0.8261,69,0.029,0.0,233,0.0386,0.0,0.0,0.0049,48.0,False
leg:4ccd2ed86f5c,ARREGUI Andrés Roberto,diputados,FRENTE PARA LA VICTORIA,2011,2015,476,23.2,0.0487,0.0441,455,0.0048,1.0,78,0.0077,0.0077,204,0.0784,0.0,0.0,0.0042,113.0,False
leg:3d308cfdce20,BETTANIN Juan Carlos,diputados,FRENTE NUEVO ENCUENTRO; JUNTOS POR ARGENTINA; NUEVO ENCUENTRO,2013,2013,62,3.0,0.0484,0.0484,59,0.0,1.0,4,0.0,0.0,62,0.0484,0.0,0.0323,0.0,6.0,False
leg:2bc7582bd7dc,"CARBONETTO, Daniel",diputados,FRENTE POLO SOCIAL; M.M.T.A.; POLO SOCIAL,2002,2005,217,10.5,0.0484,0.341,143,0.014,0.1149,22,0.0227,0.0,132,0.0,0.0,0.0,0.0968,1.0,False
leg:26ba6fa74256,STILMAN Mariana,diputados,COALICION CIVICA,2019,2023,52,2.5,0.0481,0.0577,49,0.0102,0.6667,8,0.0,0.0,17,0.1471,0.0357,0.0,0.0192,15.0,False
leg:8af20b801899,"KUNATH, SIGRID ELISABETH",senado,FRENTE PARA LA VICTORIA; JUSTICIALISTA; JUSTICIALISTA-FRENTE PARA LA VICTORIA,2013,2019,581,27.9,0.048,0.031,563,0.0282,0.6667,7,0.0,0.0,124,0.0536,0.0391,0.0,0.0275,32.0,False
leg:35fed2b7126a,"TINNIRELLO, Carlos Alberto",diputados,AUTODETERMINACION Y LIBERTAD; RED DE ENCUENTRO SOCIAL,2003,2007,711,34.0,0.0478,0.6217,269,0.0409,0.052,11,0.0,0.0,520,0.0,0.0,0.0155,0.0,1.0,True
leg:b4f56c24f356,"Bormioli, Lisandro",diputados,FRENTE DE TODOS,2020,2023,21,1.0,0.0476,0.0,21,0.0476,,1,0.0,0.0,17,0.0588,0.0588,0.0,0.0,66.0,False
leg:4d01d457a063,"Macha, Monica",diputados,FRENTE DE TODOS; FRENTE PARA LA VICTORIA; UNION POR LA PATRIA,2017,2025,539,25.3,0.0469,0.0538,510,0.0123,0.6552,71,0.0,0.0,274,0.0057,0.0057,0.0019,0.0074,93.0,False
leg:ac611d4e2a73,CARRILLO María del Carmen,diputados,FRENTE PARA LA VICTORIA,2013,2015,320,15.0,0.0469,0.0469,305,0.0,1.0,40,0.05,0.0,204,0.0245,0.0,0.0,0.0,113.0,False
leg:18a1b7b907b2,"Bregman, Myriam",diputados,FRENTE DE IZQUIERDA; FRENTE DE IZQUIERDA Y DE TRABAJADORES UNIDAD; PTS-FRENTE DE IZQUIERDA Y DE TRABAJADORES UNIDAD,2015,2026,459,21.5,0.0468,0.1024,412,0.0303,0.1915,54,0.0556,0.02,136,0.0,0.0,0.0022,0.0022,3.0,False
leg:d21e1cbd7bd5,"NATALE, Alberto Adolfo",diputados,DEMOCRATA PROGRESISTA,2001,2005,239,11.2,0.0467,0.2971,168,0.0486,0.0423,24,0.0625,0.0556,132,0.0,0.0,0.0,0.0753,1.0,False
leg:4212a530affb,GAYOL Yanina Celeste,diputados,PRO,2016,2019,520,24.2,0.0465,0.0231,508,0.024,1.0,24,0.0417,0.0417,174,0.096,0.0467,0.0,0.0135,41.0,False
leg:f39984289965,"Arroyo, Daniel",diputados,RED POR ARGENTINA; UNIDOS POR UNA NUEVA ARGENTINA; UNION POR LA PATRIA,2017,2025,504,23.4,0.0464,0.0258,491,0.0354,0.4615,64,0.0234,0.0238,274,0.0137,0.0065,0.0,0.0536,93.0,False
leg:be0cb4edbb19,"BONASSO, Miguel",diputados,CONVERGENCIA; DIALOGO POR BUENOS AIRES; PARTIDO DE LA REVOLUCION DEMOCRATICA,2003,2011,1272,59.0,0.0464,0.6195,484,0.0124,0.0673,221,0.0181,0.0088,104,0.0,0.0,0.0,0.081,1.0,True
leg:4c20476afc49,BESADA Alicia Irma,diputados,PRO,2016,2017,307,14.2,0.0463,0.0358,296,0.0109,1.0,9,0.2222,0.0,307,0.0463,0.0109,0.0,0.013,41.0,False
leg:7ad0e9ab2d6d,"ROMERO, José Antonio",diputados,JUSTICIALISTA,2004,2005,130,6.0,0.0463,0.0077,129,0.0389,1.0,5,0.1219,0.1219,130,0.0463,0.0389,0.0,0.0231,128.0,False
leg:c52e5d79c2de,CARRIZO Nilda Mabel,diputados,FRENTE DE TODOS; FRENTE PARA LA VICTORIA,2014,2023,563,26.0,0.0462,0.0639,527,0.0209,0.4167,40,0.05,0.0,17,0.0588,0.0,0.0,0.0036,78.0,False
leg:0c037003da02,SOSA Soledad,diputados,FRENTE DE IZQUIERDA,2016,2017,307,14.2,0.0461,0.0684,286,0.0052,0.6032,9,0.0,0.0,307,0.0461,0.0052,0.0,0.0065,4.0,False
leg:1545a462cf79,GOICOECHEA Horacio,diputados,UCR,2016,2019,520,24.0,0.0461,0.0192,510,0.0274,1.0,24,0.1053,0.1053,174,0.0729,0.0511,0.0,0.0058,36.0,False
leg:b0e7718b28c0,"PARRILLI, Nanci María Agustina",diputados+senado,FRENTE PARA LA VICTORIA; JUSTICIALISTA; JUSTICIALISTA-FRENTE PARA LA VICTORIA,2007,2015,1102,50.1,0.0455,0.0345,1064,0.0127,0.9643,44,0.0,0.0,204,0.0,0.0,0.0064,0.0018,37.0,False
leg:4ce94d51b22a,"GONZALEZ, Pablo Gerardo",diputados+senado,FRENTE DE TODOS; FRENTE PARA LA VICTORIA; JUSTICIALISTA-FRENTE PARA LA VICTORIA,2011,2020,484,22.0,0.0455,0.0455,462,0.0,1.0,9,0.0,0.0,34,0.0294,0.0,0.0,0.0,32.0,False
leg:13fc4d0a475c,"PIUMATO, Julio Juán",diputados,FRENTE PARA LA VICTORIA,2009,2009,100,4.5,0.0453,0.04,96,0.0104,0.8822,1,0.0,0.0,100,0.0453,0.0104,0.0,0.01,107.0,False
leg:33c061946694,"Monzon, Roxana",diputados,UNION POR LA PATRIA,2024,2026,410,18.5,0.0451,0.0415,393,0.0091,0.8772,69,0.0,0.0,233,0.0449,0.0157,0.0,0.0049,93.0,False
leg:8df29f330284,ZIEBART Cristina Isabel,diputados,FRENTE PARA LA VICTORIA,2011,2015,476,21.1,0.0443,0.0378,458,0.0068,1.0,78,0.0326,0.02,204,0.0196,0.0,0.0,0.0042,113.0,False
leg:325c373bfcf2,GDANSKY Carlos Enrique,diputados,FRENTE PARA LA VICTORIA,2011,2015,476,21.1,0.0443,0.042,456,0.0024,1.0,78,0.007,0.007,204,0.0147,0.0,0.0,0.0042,113.0,False
leg:d34913416883,MARCOPULOS Juan Fernando,diputados,FRENTE PARA LA VICTORIA,2014,2015,204,9.0,0.0441,0.0294,198,0.0152,1.0,23,0.0435,0.0,204,0.0441,0.0152,0.0,0.0,113.0,False
leg:22a78a68d2b7,"BOSSA, Mauricio",diputados,U. CE. DE.,2003,2005,159,7.0,0.044,0.2453,120,0.0583,0.0,7,0.0,0.0,132,0.0,0.0,0.0,0.0,1.0,False
leg:b16bb91fb2a9,"BARRIOS, Miguel Angel",diputados,PARTIDO SOCIALISTA,2007,2011,379,16.6,0.0438,0.0501,360,0.0267,0.3684,28,0.0357,0.037,104,0.0288,0.02,0.0264,0.0237,10.0,False
leg:3a2b2c5d721f,PASTORI Luis Mario,diputados,UCR,2014,2021,759,32.9,0.0434,0.0303,736,0.023,0.6957,54,0.071,0.0353,8,0.5,0.0,0.0,0.0079,36.0,False
leg:71621f07e5b4,VILLA Natalia Soledad,diputados,PRO,2017,2021,248,10.7,0.0431,0.0202,243,0.0234,1.0,22,0.0909,0.0476,8,0.0,0.0,0.0,0.0121,54.0,False
leg:b03e38d791d9,AICEGA Juan,diputados,PRO,2017,2021,248,10.6,0.0428,0.0403,238,0.0152,0.7,22,0.0,0.0,8,0.125,0.0,0.0,0.0121,54.0,False
leg:08731cf1b5a5,"Noblega, Sebastian",diputados,ELIJO CATAMARCA,2024,2026,410,17.5,0.0427,0.1146,363,0.0441,0.0319,69,0.058,0.0615,233,0.0451,0.0457,0.0,0.0805,2.0,False
leg:8665582464af,"CASTELLANI, Carlos Alberto",diputados,U. CE. DE.,2001,2003,106,4.5,0.0425,0.3868,65,0.0538,0.0244,21,0.119,0.1562,82,0.0549,0.07,0.0,0.0849,1.0,False
leg:ee7367f09a96,"GONZALEZ, Rafael Alfredo",diputados,JUSTICIALISTA,2002,2005,217,9.2,0.0425,0.0138,214,0.0313,0.8389,22,0.0547,0.0547,132,0.0433,0.0286,0.0046,0.0415,128.0,False
leg:33d0c5a839ad,ARCE Mario Horacio,diputados,UCR,2017,2021,248,10.5,0.0425,0.0282,241,0.0147,1.0,22,0.0455,0.0455,8,0.0,0.0,0.0,0.004,40.0,False
leg:692d3ff8efb4,"LYNCH, Juan Carlos",diputados,DEMOCRATA DE CAPITAL FEDERAL; PARTIDO DEMOCRATA POR LA CAPITAL FEDERAL,2001,2003,106,4.5,0.0425,0.3302,71,0.0634,0.0,21,0.0,0.0,82,0.0,0.0,0.0,0.0849,1.0,False
leg:6dea386b7e00,"MARTIARENA, Mario Humberto",diputados,FRENTE PARA LA VICTORIA; PERONISMO JUJENO,2007,2011,379,16.0,0.0422,0.124,332,0.006,0.2979,28,0.0357,0.0,104,0.0,0.0,0.0,0.0,1.0,False
leg:c9f8b7c61fab,"Chica, Jorge",diputados,UNION POR LA PATRIA,2024,2026,410,17.2,0.0419,0.0049,408,0.0397,0.5,69,0.058,0.058,233,0.0137,0.0137,0.0,0.0049,93.0,False
leg:835ecc69ec75,"Cafiero, Santiago",diputados,UNION POR LA PATRIA,2024,2026,410,17.1,0.0418,0.0317,397,0.013,0.9231,69,0.0145,0.0145,233,0.0564,0.0185,0.0,0.0049,93.0,False
leg:3cbd8362f5c6,DEL CAÑO Nicolás,diputados,FRENTE DE IZQUIERDA; FRENTE DE IZQUIERDA Y DE TRABAJADORES UNIDAD; PTS-FRENTE DE IZQUIERDA UNIDAD; PTS-FRENTE DE IZQUIERDA Y DE TRABAJADORES UNIDAD,2014,2026,829,34.5,0.0416,0.1689,689,0.0167,0.1643,101,0.0396,0.023,183,0.0055,0.0,0.0253,0.0012,3.0,False
leg:e2fdd9565ac4,"CATALFAMO, MARÍA EUGENIA",senado,FRENTE DE TODOS; FRENTE NACIONAL Y POPULAR; JUSTICIALISMO SAN LUIS; UNIDAD FEDERAL,2017,2023,385,16.0,0.0416,0.1221,338,0.0089,0.2766,10,0.1,0.125,62,0.0806,0.05,0.0,0.0,23.0,False
leg:8eb0a3fe422f,"Villaverde, Lorena",diputados,LA LIBERTAD AVANZA,2024,2026,410,17.0,0.0415,0.0463,391,0.0052,0.7895,69,0.0145,0.0,233,0.0215,0.0,0.0,0.0049,48.0,False
leg:16c0a1a7dab8,"Araujo, Maria Fernanda",diputados,LA LIBERTAD AVANZA,2024,2025,274,11.4,0.0414,0.0328,265,0.0202,0.6667,48,0.0625,0.0222,274,0.0414,0.0202,0.0,0.0073,48.0,False
leg:fc6d2cfed439,"ESTENSSORO, María Eugenia",senado,COALICION CIVICA,2007,2013,898,37.0,0.0412,0.5367,416,0.0397,0.0425,21,0.0,0.0,257,0.0,0.0,0.0,0.0824,1.0,False
leg:ed88b2d344ac,"CABANCHIK, Samuel Manuel",senado,COALICION CIVICA; PROYECTO BUENOS AIRES FEDERAL,2007,2013,898,37.0,0.0412,0.4621,483,0.0424,0.0398,21,0.0,0.0,257,0.0,0.0,0.0,0.0824,1.0,False
leg:cc5184ce6e89,CASELLES Graciela María,diputados,FRENTE DE TODOS; FRENTE PARA LA VICTORIA; FRENTE PARA LA VICTORIA - PARTIDO BLOQUI; PARTIDO BLOQUISTA DE SAN JUAN,2007,2023,1427,58.6,0.0411,0.1997,1142,0.0018,0.1986,138,0.0913,0.0087,17,0.1765,0.0,0.0,0.0007,1.0,False
leg:1fb501acd9d5,"Roberto, Santiago Luis",diputados,UNION POR LA PATRIA,2025,2026,136,5.6,0.0411,0.0294,132,0.012,1.0,21,0.0,0.0,136,0.0411,0.012,0.0,0.0074,92.0,False
leg:89f048287571,"Serquis, Adriana Cristina",diputados,UNION POR LA PATRIA,2025,2026,136,5.6,0.0411,0.0221,133,0.0195,1.0,21,0.0,0.0,136,0.0411,0.0195,0.0,0.0074,92.0,False
leg:0376ba3f7311,"Grabois, Juan",diputados,UNION POR LA PATRIA,2025,2026,136,5.6,0.0411,0.0221,133,0.0195,1.0,21,0.0,0.0,136,0.0411,0.0195,0.0,0.0074,92.0,False
leg:04cbdf4e5d75,"Ianni, Ana Maria",diputados+senado,FRENTE DE TODOS; FRENTE PARA LA VICTORIA; UNIDAD CIUDADANA; UNION POR LA PATRIA,2011,2026,1271,52.2,0.0411,0.0425,1217,0.0142,0.6481,157,0.042,0.0041,233,0.0141,0.0098,0.0,0.0039,93.0,False
leg:4e01233d484a,"Vischi, Eduardo Alejandro",senado,UCR,2021,2026,309,12.6,0.0408,0.0421,296,0.0359,0.1538,24,0.109,0.1245,200,0.0281,0.0282,0.0,0.0162,13.0,False
leg:2cf38209a96f,"ESTEBAN, Silvia Graciela",diputados,FRENTE PARA LA VICTORIA; JUSTICIALISTA,2003,2006,214,8.7,0.0407,0.0187,210,0.0225,1.0,9,0.0651,0.0651,106,0.0445,0.0354,0.0,0.014,128.0,False
leg:1b3cbe8e59c8,ZIEGLER Alex Roberto,diputados,BG JUAN B. BUSTOS; FRENTE PARA LA VICTORIA; FTE. RENOV. DE LA CONC. MISIONES - FPV-PJ; LIBERTAD VALORES Y CAMBIO,2010,2017,887,35.9,0.0405,0.1026,796,0.0037,0.3626,101,0.0648,0.0164,307,0.0,0.0,0.0,0.0034,5.0,False
leg:00481a4d3150,"Andino, Cristian",diputados,UNION POR LA PATRIA,2025,2026,136,5.5,0.0404,0.0221,133,0.0188,1.0,21,0.0476,0.0,136,0.0404,0.0188,0.0,0.0074,92.0,False
leg:76973db0067e,"Strada, Julia",diputados,UNION POR LA PATRIA,2024,2026,410,16.5,0.0402,0.0366,395,0.0088,0.8667,69,0.0,0.0,233,0.0149,0.0149,0.0,0.0049,93.0,False
leg:3cc84340cad1,"ROSSI, Agustín Oscar",diputados,FRENTE PARA LA VICTORIA; JUSTICIALISTA; UNION POR LA PATRIA,2005,2026,1612,64.5,0.04,0.0304,1563,0.0138,0.8776,219,0.0279,0.0098,136,0.0037,0.0037,0.0025,0.0118,111.0,False
leg:9d187e7a7140,"MONTENEGRO, GERARDO ANTENOR",senado,FRENTE DE TODOS; FRENTE NACIONAL Y POPULAR; FRENTE POPULAR,2013,2025,947,37.5,0.0396,0.2418,718,0.0049,0.1485,23,0.1739,0.0,122,0.275,0.0314,0.0,0.0011,1.0,False
leg:388c45663c2c,AUSTIN Brenda Lis,diputados,UCR,2016,2021,550,21.6,0.0394,0.0309,533,0.0087,1.0,31,0.0493,0.0493,8,0.0,0.0,0.0,0.0055,36.0,False
leg:cdec0121633b,"Penacca, Paula Andrea",diputados,FRENTE DE TODOS; UNION POR LA PATRIA,2019,2026,462,18.1,0.0393,0.0303,448,0.0137,0.8571,77,0.013,0.0,233,0.0435,0.0226,0.0,0.0043,93.0,False
leg:35c683aa03e6,MAQUIEYRA Martín,diputados,PRO,2016,2025,846,33.3,0.0393,0.0272,823,0.0216,0.6748,80,0.0375,0.013,274,0.0483,0.0219,0.0,0.013,41.0,False
leg:73a355d85889,SUAREZ LASTRA Facundo,diputados,UCR,2017,2021,248,9.7,0.0391,0.0403,238,0.0,0.9692,22,0.0,0.0,8,0.0,0.0,0.0,0.004,40.0,False
leg:d566d697de01,NAJUL Claudia Inés,diputados,UCR,2017,2020,244,9.5,0.0391,0.0205,239,0.019,1.0,22,0.0455,0.0,100,0.0454,0.0357,0.0,0.0041,40.0,False
leg:537862c5fe3f,CASARETTO Marcelo Pablo,diputados,FRENTE DE TODOS,2019,2023,52,2.0,0.0385,0.0192,51,0.0196,1.0,8,0.0,0.0,17,0.0588,0.0588,0.0,0.0,118.0,False
leg:0453d03d35e6,OBEID Alejandra del Huerto,diputados,FRENTE DE TODOS,2019,2023,52,2.0,0.0385,0.0577,49,0.0,0.6667,8,0.0,0.0,17,0.1176,0.0,0.0,0.0,118.0,False
leg:100701856e2c,VESSVESSIAN Marcela Paola,diputados,FRENTE DE TODOS,2019,2023,52,2.0,0.0385,0.0192,51,0.0196,1.0,8,0.0,0.0,17,0.1176,0.0625,0.0,0.0,118.0,False
leg:294f555c2bc5,GIORDANO Juan Carlos,diputados,IZQUIERDA SOCIALISTA - FRENTE DE IZQUIERDA; IZQUIERDA SOCIALISTA FIT-UNIDAD,2016,2026,209,8.0,0.0383,0.1244,183,0.0,0.3077,17,0.1176,0.0,81,0.0988,0.0,0.0383,0.0,1.0,False
leg:ea15b4b826ff,"Andrada, Guillermo Eduardo",senado,CONVICCION FEDERAL; FRENTE NACIONAL Y POPULAR; UNION POR LA PATRIA,2021,2026,309,11.8,0.0382,0.0291,300,0.0193,0.6667,24,0.0,0.0,200,0.044,0.0247,0.0032,0.0032,5.0,False
leg:5ad083fe9289,"RECALDE, MARIANO",senado,FRENTE DE TODOS; FRENTE NACIONAL Y POPULAR; JUSTICIALISTA,2019,2026,489,18.6,0.0381,0.0532,463,0.0057,0.6154,24,0.0,0.0,200,0.0632,0.0035,0.0,0.002,21.0,False
leg:9f75280e50bc,"BERRAUTE, Ana",diputados,FRENTE PARA LA VICTORIA; JUSTICIALISTA,2005,2009,842,32.1,0.0381,0.0226,823,0.0171,0.9474,11,0.0,0.0,251,0.022,0.0142,0.0,0.0131,114.0,False
leg:7c6ab1a90b80,RUIZ Aida Delia,diputados,FRENTE CIVICO POR SANTIAGO,2011,2015,476,18.0,0.0378,0.0294,462,0.0216,0.5714,78,0.0513,0.039,204,0.0686,0.0462,0.0,0.0,7.0,False
leg:3a7e897e159e,"BONACINA, Mario Hector",diputados,MOVIMIENTO CIVICO Y SOCIAL,2001,2003,106,4.0,0.0377,0.4528,58,0.0345,0.0417,21,0.0,0.0,82,0.0,0.0,0.0,0.0755,1.0,False
leg:b0e008868ad5,DERNA Verónica,diputados,FRENTE DE LA CONCORDIA MISIONERO,2017,2019,213,8.0,0.0376,0.0657,199,0.0402,0.0,15,0.0,0.0,174,0.046,0.05,0.0,0.0,5.0,False
leg:d0877293f2e8,INCICCO Lucas Ciriaco,diputados,PRO,2016,2019,520,19.3,0.0372,0.0212,509,0.0164,1.0,24,0.0417,0.0,174,0.0441,0.0216,0.0,0.0135,41.0,False
leg:7467455deef6,AVOSCAN Herman Horacio,diputados,FRENTE PARA LA VICTORIA,2011,2015,476,17.7,0.0372,0.0273,463,0.0102,1.0,78,0.0495,0.0244,204,0.0147,0.005,0.0,0.0042,113.0,False
leg:484a3493feb7,BERNABEY Ramón Ernesto,diputados,BG JUAN B. BUSTOS; BRIGADIER GENERAL JUAN BAUTISTA BUSTOS; FRENTE PARA LA VICTORIA,2014,2017,483,17.5,0.0362,0.1325,419,0.0191,0.1484,29,0.0172,0.0,307,0.0375,0.0279,0.0,0.0435,2.0,False
leg:91b1653b961c,ALBORNOZ Gabriela Romina,diputados,UCR,2016,2017,307,11.1,0.0362,0.0326,297,0.0037,1.0,9,0.0586,0.0586,307,0.0362,0.0037,0.0,0.0065,36.0,False
leg:f5061c9e1d84,SANTILLÁN Walter Marcelo,diputados,FRENTE PARA LA VICTORIA,2011,2019,996,35.8,0.0359,0.0512,945,0.0154,0.4167,102,0.0059,0.0,174,0.0722,0.0223,0.001,0.007,78.0,False
leg:6269cd2a58ef,GONZÁLEZ SELIGRA Nathalia,diputados,FRENTE DE IZQUIERDA,2017,2018,242,8.7,0.0358,0.0909,220,0.0121,0.2727,17,0.0,0.0,242,0.0358,0.0121,0.0,0.0041,3.0,False
leg:891c937dd9a8,SCOTTO Silvia Carolina,diputados,FRENTE PARA LA VICTORIA,2014,2014,28,1.0,0.0357,0.0357,27,0.0,1.0,3,0.0,0.0,28,0.0357,0.0,0.0,0.0,118.0,False
leg:d8a80345b425,"Ardohain, Martin",diputados,PRO,2024,2026,410,14.6,0.0355,0.0415,393,0.0141,0.5294,69,0.0,0.0,233,0.0273,0.0194,0.0,0.0098,25.0,False
leg:e11d653e503b,GUCCIONE José Daniel,diputados,BG JUAN B. BUSTOS; FRENTE PARA LA VICTORIA; FTE. RENOV. DE LA CONC. MISIONES - FPV-PJ,2011,2015,476,16.7,0.0351,0.0378,458,0.007,0.75,78,0.0718,0.0216,204,0.0515,0.0,0.0,0.0189,109.0,False
leg:fc7bb540c5b3,"FERNANDEZ BASUALDO, Luis María",diputados,FRENTE PARA LA VICTORIA,2007,2010,329,11.5,0.035,0.0304,319,0.0063,0.9529,23,0.0435,0.0435,182,0.0249,0.0112,0.0,0.003,114.0,False
leg:1cc767abd565,"Herrera Ahuad, Oscar A.",diputados,INNOVACION FEDERAL,2025,2026,136,4.7,0.0343,0.125,119,0.0047,0.2418,21,0.0,0.0,136,0.0343,0.0047,0.0,0.0221,9.0,False
leg:4a4a1671d165,"Quintar, Manuel",diputados,LA LIBERTAD AVANZA,2024,2026,410,14.0,0.0342,0.0366,395,0.0076,0.7333,69,0.0,0.0,233,0.0086,0.0087,0.0,0.0049,48.0,False
leg:6d291c9584ee,"Macyszyn, Lorena",diputados,LA LIBERTAD AVANZA,2024,2026,410,14.0,0.0342,0.0293,398,0.0151,0.6667,69,0.029,0.0294,233,0.0043,0.0,0.0,0.0049,48.0,False
leg:4fb3844de1bf,"ALCHOURON, Guillermo Eduardo",diputados,ACCION POR LA REPUBLICA,2001,2007,817,27.9,0.0342,0.4835,422,0.0435,0.0242,32,0.0938,0.069,520,0.0,0.0,0.0,0.0514,1.0,False
leg:c67d1b111897,"LLANOS, Edith",diputados,FRENTE PARA LA VICTORIA,2008,2009,251,8.5,0.034,0.0319,243,0.0041,0.9411,4,0.0,0.0,251,0.034,0.0041,0.0,0.004,117.0,False
leg:94e25257c0cd,"Moyano, Nilda",diputados,UNION POR LA PATRIA,2022,2025,291,9.8,0.0335,0.0344,281,0.0062,0.8,49,0.0408,0.0,274,0.0356,0.0066,0.0,0.0034,93.0,False
leg:00b9a5d896d5,"Alianiello, Eugenia",diputados,UNION POR LA PATRIA,2022,2025,291,9.8,0.0335,0.0241,284,0.0132,0.8571,49,0.0204,0.0204,274,0.0356,0.0141,0.0,0.0034,93.0,False
leg:e3438c5f3d6f,"De Sensi, Maria Florencia",diputados,PRO,2024,2026,410,13.3,0.0325,0.0439,392,0.0085,0.5556,69,0.029,0.0,233,0.0263,0.005,0.0,0.0098,25.0,False
leg:1b399b374935,RODRIGUEZ SAA Nicolás Marcelo,diputados,FRENTE DE TODOS,2019,2020,31,1.0,0.0323,0.0323,30,0.0,1.0,7,0.0,0.0,31,0.0323,0.0,0.0,0.0,118.0,False
leg:e89e518ff321,"Freites, Andrea",diputados,UNION POR LA PATRIA,2024,2026,410,13.1,0.0321,0.0293,398,0.0079,0.8333,69,0.0435,0.0,233,0.035,0.0138,0.0,0.0049,93.0,False
leg:a6f33ebbf3f3,"Soria, Martin",diputados+senado,FRENTE DE TODOS; JUSTICIALISTA; UNION POR LA PATRIA,2019,2026,430,13.6,0.0315,0.0302,417,0.0037,0.9231,63,0.0159,0.0159,218,0.0117,0.0026,0.0,0.0023,93.0,False
leg:f90a3b650e92,MENNA Gustavo,diputados,UCR,2017,2021,248,7.8,0.0313,0.0202,243,0.0114,1.0,22,0.0,0.0,8,0.0,0.0,0.0,0.004,40.0,False
leg:ff3f05c5fbde,PITROLA Néstor Antonio,diputados,FRENTE DE IZQUIERDA; FRENTE DE IZQUIERDA Y DE TRABAJADORES UNIDAD; PARTIDO OBRERO EN EL FRENTE DE IZQUIERDA Y DE TRABAJADORES,2014,2026,469,14.5,0.0309,0.064,439,0.0011,0.4667,47,0.0426,0.0,105,0.0,0.0,0.0,0.0021,3.0,False
leg:3310694c39b2,"Arrascaeta, Ivanna Marcela",senado,LA LIBERTAD AVANZA,2024,2026,245,7.5,0.0306,0.0776,226,0.0066,0.3158,18,0.1111,0.0,200,0.0175,0.008,0.0,0.0041,8.0,False
leg:fbcf3dd63889,"Chomiak, Maria Luisa",diputados,UNION POR LA PATRIA,2022,2025,291,8.7,0.0299,0.0241,284,0.0095,0.8571,49,0.0612,0.0213,274,0.0317,0.0101,0.0,0.0034,93.0,False
leg:5ebc1a1ce47b,"Mastaler, Magali",diputados,UNION POR LA PATRIA,2022,2025,291,8.6,0.0294,0.0309,282,0.0055,0.7778,49,0.0204,0.0,274,0.0312,0.0059,0.0,0.0034,93.0,False
leg:6eab8870377d,"Iparraguirre, Rogelio",diputados,UNION POR LA PATRIA,2022,2025,291,8.6,0.0294,0.0309,282,0.0055,0.7778,49,0.0612,0.0,274,0.0312,0.0059,0.0,0.0034,93.0,False
leg:3e3162f9e4dd,"Santillan Juarez Brahim, Juliana",diputados,LA LIBERTAD AVANZA,2024,2026,410,12.0,0.0293,0.0366,395,0.0026,0.7333,69,0.0,0.0,233,0.0043,0.0,0.0,0.0049,48.0,False
leg:01b22a551f11,"Moreno, Elia Esther Del Carmen",senado,FRENTE CIVICO POR SANTIAGO,2025,2026,121,3.5,0.0289,0.0083,120,0.025,0.5,8,0.0,0.0,121,0.0289,0.025,0.0,0.0579,2.0,False
leg:8d9f8464b3d0,xx BORRAR Manuel Isauro,diputados,FRENTE PARA LA VICTORIA,2011,2015,407,11.6,0.0284,0.027,396,0.0014,1.0,9,0.0,0.0,183,0.0437,0.0,0.0,0.0025,113.0,False
leg:37d835196414,"Gonzalez, Diogenes Ignacio",diputados,UCR,2025,2026,136,3.8,0.0282,0.0441,130,0.0064,0.5,21,0.0397,0.0397,136,0.0282,0.0064,0.0,0.0074,6.0,False
leg:f0f42ef452cf,ELORRIAGA Osvaldo Enrique,diputados,FRENTE PARA LA VICTORIA,2011,2015,476,13.1,0.0275,0.0252,464,0.0024,1.0,78,0.007,0.007,204,0.0049,0.0,0.0,0.0042,113.0,False
leg:59a42ce5f8b2,"Galaretto, Eduardo Horacio",senado,UCR,2024,2026,245,6.6,0.027,0.0327,237,0.0153,0.375,18,0.0897,0.1077,200,0.0331,0.0187,0.0,0.0041,10.0,False
leg:a77764b7f43c,POLLEDO Carmen,diputados,PRO,2017,2021,248,6.7,0.0269,0.0161,244,0.011,1.0,22,0.0,0.0,8,0.5,0.0,0.0,0.0121,54.0,False
leg:643a95a681f7,"BASUALDO, Roberto Gustavo",diputados+senado,FRENTE DEL MOVIMIENTO POPULAR; JUSTICIALISTA; PRODUCCION Y TRABAJO,2002,2023,2306,61.4,0.0266,0.1401,1983,0.0193,0.0718,60,0.1272,0.1127,62,0.0,0.0,0.0004,0.0069,1.0,False
leg:c86b981cae5c,"Molina, Juan Carlos",diputados,UNION POR LA PATRIA,2025,2026,136,3.6,0.0264,0.0147,134,0.0118,1.0,21,0.0,0.0,136,0.0264,0.0118,0.0,0.0074,92.0,False
leg:7b7511f27f72,"Moyano, Hugo Antonio",diputados,UNION POR LA PATRIA,2025,2026,136,3.6,0.0264,0.0,136,0.0264,,21,0.0,0.0,136,0.0264,0.0264,0.0,0.0074,92.0,False
leg:7e7d740bfbac,"Miño, Fernanda",diputados,UNION POR LA PATRIA,2025,2026,136,3.6,0.0264,0.0074,135,0.0192,1.0,21,0.0,0.0,136,0.0264,0.0192,0.0,0.0074,92.0,False
leg:3048121e81aa,"GARCIA LARRABURU, Silvia Marcela",senado,JUSTICIALISTA-FRENTE PARA LA VICTORIA,2013,2014,76,2.0,0.0263,0.0263,74,0.0,1.0,1,0.0,0.0,76,0.0263,0.0,0.0,0.0,32.0,False
leg:1393c1f905cc,DONKIN Carlos Guillermo,diputados,FRENTE PARA LA VICTORIA,2010,2015,526,13.7,0.026,0.019,516,0.0071,1.0,83,0.0306,0.0306,204,0.0049,0.0,0.0,0.0057,113.0,False
leg:e1bf0f491428,"Ledesma, Tomas",diputados,UNION POR LA PATRIA,2022,2025,291,7.6,0.026,0.0275,283,0.0055,0.75,49,0.0,0.0,274,0.0276,0.0059,0.0,0.0034,93.0,False
leg:5d61a176098f,"GUEVARA, Cristina Rosalía",diputados,UCR,2001,2001,24,0.6,0.0258,0.0,24,0.0258,,4,0.0,0.0,24,0.0258,0.0258,0.0,0.0417,78.0,False
leg:dcb37ce82c27,"Olmos, Kelly",diputados,UNION POR LA PATRIA,2025,2026,136,3.5,0.0257,0.0074,135,0.0185,1.0,21,0.0,0.0,136,0.0257,0.0185,0.0,0.0074,92.0,False
leg:bfb647c78970,ALONSO María Luz,diputados,FRENTE PARA LA VICTORIA,2011,2015,476,12.1,0.0254,0.0231,465,0.0024,1.0,78,0.0454,0.0072,204,0.0,0.0,0.0,0.0042,113.0,False
leg:5b41e3f21b08,"Moreno Ovalle, Julio",diputados,LA LIBERTAD AVANZA,2024,2026,410,10.4,0.0253,0.0244,400,0.0109,0.6,69,0.0,0.0,233,0.0129,0.0088,0.0,0.0049,48.0,False
leg:93ccbf6caf49,"Pauli, Santiago",diputados,LA LIBERTAD AVANZA,2024,2026,410,10.4,0.0253,0.0244,400,0.0109,0.6,69,0.029,0.0,233,0.0,0.0,0.0,0.0049,48.0,False
leg:ae9fada7d473,HUCZAK Stella Maris,diputados,PRO,2016,2019,520,12.9,0.0248,0.0096,515,0.0153,1.0,24,0.0,0.0,174,0.0384,0.0215,0.0,0.0135,41.0,False
leg:a7e660917af1,GILL Martín Rodrigo,diputados,FRENTE PARA LA VICTORIA,2014,2015,204,5.0,0.0245,0.0,204,0.0245,,23,0.0435,0.0435,204,0.0245,0.0245,0.0,0.0,113.0,False
leg:af994a1b790f,"Todero, Pablo",diputados,UNION POR LA PATRIA,2024,2026,410,10.1,0.0245,0.0244,400,0.0051,0.8,69,0.0,0.0,233,0.0432,0.0092,0.0,0.0049,93.0,False
leg:15f4525b4ac5,"Giménez Navarro, María Celeste",senado,JUSTICIALISTA; UNIDAD CIUDADANA,2024,2026,245,6.0,0.0245,0.0286,238,0.0126,0.4286,18,0.0,0.0,200,0.025,0.0153,0.0041,0.0,11.0,False
leg:cade3324e9ca,"Hagman, Itai",diputados,FRENTE DE TODOS; UNION POR LA PATRIA,2019,2026,462,11.1,0.0241,0.0173,454,0.0113,0.75,77,0.0,0.0,233,0.0307,0.018,0.0,0.0043,93.0,False
leg:f4e2e2daa7b7,WECHSLER Marcelo Germán,diputados,PRO,2016,2019,520,12.2,0.0234,0.0096,515,0.0139,1.0,24,0.0417,0.0417,174,0.0327,0.0215,0.0,0.0135,41.0,False
leg:dd24a32b2b67,"Herrera, Bernardo Jose",diputados,FRENTE CIVICO POR SANTIAGO; FRENTE DE TODOS; UNION POR LA PATRIA,2019,2025,395,9.3,0.0234,0.0278,384,0.0111,0.4545,57,0.0,0.0,274,0.01,0.0065,0.0,0.0051,93.0,False
leg:453aeb6620c1,"AMENTA, Marcelo Eduardo",diputados,CONVERGENCIA FEDERAL; PRO; RECREAR PARA EL CRECIMIENTO,2007,2009,266,6.2,0.0233,0.4586,144,0.0243,0.0221,5,0.0,0.0,251,0.0139,0.0115,0.0,0.0451,1.0,False
leg:85f731da936a,BERNAL María Eugenia,diputados,FRENTE PARA LA VICTORIA,2010,2013,376,8.8,0.0233,0.0213,368,0.0032,0.9482,69,0.0087,0.0087,254,0.0047,0.0047,0.0,0.008,113.0,False
leg:03888728833c,JUNIO Juan Carlos Isaac,diputados,JUNTOS POR ARGENTINA; NUEVO ENCUENTRO; SOLIDARIO SI,2011,2015,476,11.0,0.0231,0.0252,464,0.0054,0.7083,78,0.0128,0.0065,204,0.0368,0.0,0.0042,0.0042,3.0,False
leg:6dd32666a0b9,"Toniolli, Eduardo",diputados,UNION POR LA PATRIA,2022,2025,291,6.6,0.0225,0.0172,286,0.0124,0.6,49,0.0204,0.0,274,0.0239,0.0132,0.0,0.0034,93.0,False
leg:9f0898a52e9a,YAZBEK Rubén David,diputados,FRENTE PARA LA VICTORIA,2011,2013,272,6.1,0.0224,0.011,269,0.0115,1.0,55,0.0281,0.0281,254,0.024,0.0123,0.0,0.0074,114.0,False
leg:25d3a78b8a4b,"Bedia, Vilma Facunda",senado,LA LIBERTAD AVANZA,2024,2026,245,5.5,0.0224,0.0653,229,0.0022,0.3125,18,0.0,0.0,200,0.0275,0.0027,0.0,0.0041,8.0,False
leg:5f32f1bc81b5,HELLER Carlos Salomón,diputados,FRENTE DE TODOS; FRENTE NUEVO ENCUENTRO; JUNTOS POR ARGENTINA; NUEVO ENCUENTRO,2010,2025,1213,26.4,0.0217,0.1789,996,0.0074,0.0876,157,0.0127,0.0,274,0.002,0.0021,0.0016,0.0016,5.0,False
leg:3c6edd337462,BIELLA CALVET Bernardo José,diputados,INNOVACION FEDERAL; U.DE.SO. SALTA,2011,2026,612,12.9,0.0211,0.3464,400,0.0222,0.0189,99,0.0505,0.0429,136,0.0948,0.0729,0.0,0.0049,1.0,False
leg:66ae7b4c4fac,PATIÑO José Luis,diputados,PRO,2016,2021,311,6.5,0.021,0.0064,309,0.0146,1.0,9,0.0,0.0,4,0.5,0.0,0.0,0.0129,41.0,False
leg:2514ba3db1a3,"Falcone, Eduardo",diputados,MID - MOVIMIENTO DE INTEGRACION Y DESARROLLO,2024,2026,410,8.5,0.0207,0.2366,313,0.0272,0.0,69,0.0145,0.0154,233,0.0193,0.0242,0.0,0.0415,2.0,False
leg:e2b4b98325f5,"Zago, Oscar",diputados,MID - MOVIMIENTO DE INTEGRACION Y DESARROLLO,2024,2026,410,8.5,0.0207,0.2756,297,0.0017,0.0708,69,0.0145,0.0,233,0.0193,0.0028,0.0,0.0415,2.0,False
leg:63f7ffca151b,"Gadano, Natalia Elena",senado,MOVERE SANTA CRUZ; POR SANTA CRUZ,2024,2026,245,5.0,0.0204,0.049,233,0.0193,0.0417,18,0.0,0.0,200,0.0225,0.023,0.0,0.0408,2.0,False
leg:d6b4e15fa94c,GARCIA Andrea Fabiana,diputados,FRENTE PARA LA VICTORIA,2011,2015,476,9.7,0.0204,0.0147,469,0.0058,1.0,78,0.0238,0.0111,204,0.0098,0.0,0.0,0.0042,113.0,False
leg:d3ec8dfa762b,"Carambia, José María",senado,MOVERE SANTA CRUZ; POR SANTA CRUZ,2024,2026,245,5.0,0.0204,0.0816,225,0.0022,0.225,18,0.0,0.0,200,0.0225,0.0,0.0,0.0408,2.0,False
leg:a3b959595db4,HARISPE Gastón,diputados,FRENTE PARA LA VICTORIA; JUNTOS POR ARGENTINA; NUEVO ENCUENTRO,2011,2015,476,9.6,0.0202,0.0147,469,0.0055,1.0,78,0.0462,0.008,204,0.0098,0.0,0.0042,0.0021,102.0,False
leg:b018f50fe89f,"Sanchez Wrba, Javier",diputados,PRO,2025,2026,216,4.4,0.0202,0.0417,207,0.0066,0.3333,39,0.0256,0.0,216,0.0202,0.0066,0.0,0.0093,12.0,False
leg:21a80398dc1b,FREGONESE Alicia,diputados,PRO,2017,2026,384,7.6,0.0199,0.0104,380,0.0122,0.75,43,0.0,0.0,136,0.0074,0.0,0.0,0.0078,53.0,False
leg:b199734760a6,"Zapata, Carlos Raul",diputados,LA LIBERTAD AVANZA,2022,2026,427,8.4,0.0196,0.0234,417,0.0104,0.4,70,0.0,0.0,233,0.0043,0.0,0.0,0.0047,48.0,False
leg:0ea00afb1367,"SAPAG, SILVIA ESTELA",diputados+senado,FRENTE DE TODOS; FRENTE PARA LA VICTORIA; UNIDAD CIUDADANA,2008,2025,489,9.5,0.0194,0.0307,474,0.0032,0.5333,17,0.0,0.0,122,0.0164,0.0,0.002,0.002,41.0,False
leg:256c9687e6e4,APARICIO Alicia Noemi,diputados,FRENTE DE TODOS,2019,2023,52,1.0,0.0192,0.0385,50,0.0,0.5,8,0.0,0.0,17,0.0588,0.0,0.0,0.0,118.0,False
leg:94bf3644554b,LAMPREABE Florencia,diputados,FRENTE DE TODOS,2019,2023,52,1.0,0.0192,0.0385,50,0.0,0.5,8,0.0,0.0,17,0.0588,0.0,0.0,0.0,118.0,False
leg:9af01f0886ff,REZINOVSKY Dina Esther,diputados,PRO,2019,2023,52,1.0,0.0192,0.0577,49,0.0204,0.0,8,0.0,0.0,17,0.0588,0.0714,0.0,0.0,50.0,False
leg:6bc24b44b4be,PONCE Carlos Ybrhain,diputados,FRENTE DE TODOS,2019,2023,52,1.0,0.0192,0.0385,50,0.0,0.5,8,0.0,0.0,17,0.0588,0.0,0.0,0.0,118.0,False
leg:fc68188d51b6,FERNANDEZ Eduardo Gabriel,diputados,FRENTE DE TODOS,2019,2023,52,1.0,0.0192,0.0,52,0.0192,,8,0.0,0.0,17,0.0588,0.0588,0.0,0.0,118.0,False
leg:aec451054183,METAZA Mario Alfredo,diputados,FRENTE PARA LA VICTORIA,2011,2015,476,9.1,0.0191,0.0168,468,0.0023,1.0,78,0.007,0.007,204,0.0343,0.0,0.0,0.0042,113.0,False
leg:07f4624195ea,"Campora, Lucia",diputados,UNION POR LA PATRIA,2025,2026,136,2.6,0.019,0.0074,135,0.0118,1.0,21,0.0,0.0,136,0.019,0.0118,0.0,0.0074,92.0,False
leg:58e7d78a402d,"Diaz, Fernanda",diputados,UNION POR LA PATRIA,2025,2026,136,2.6,0.019,0.0074,135,0.0118,1.0,21,0.0,0.0,136,0.019,0.0118,0.0,0.0074,92.0,False
leg:1c7f02fe5766,"Martinez, Alvaro",diputados,LA LIBERTAD AVANZA,2022,2026,427,8.0,0.0188,0.0258,416,0.0073,0.4545,70,0.0286,0.0147,233,0.0129,0.0044,0.0,0.0047,48.0,False
leg:e4bcae243e71,"Atauche, Ezequiel",senado,LA LIBERTAD AVANZA,2024,2026,245,4.5,0.0184,0.0531,232,0.0065,0.2308,18,0.0,0.0,200,0.0175,0.0079,0.0,0.0041,8.0,False
leg:ccd51bf6d0f9,"Garcia, Carlos",diputados,LA LIBERTAD AVANZA,2024,2026,410,7.4,0.0179,0.022,401,0.0059,0.5556,69,0.0,0.0,233,0.0172,0.0,0.0,0.0049,48.0,False
leg:08ed9838f7f9,"Potenza, Luciana",diputados,UNION POR LA PATRIA,2024,2026,410,7.1,0.0174,0.0098,406,0.0127,0.5,69,0.0,0.0,233,0.0221,0.0221,0.0,0.0049,93.0,False
leg:9618b6a4c8ff,"PAIS, JUAN MARIO",diputados+senado,FRENTE DE TODOS; FRENTE PARA LA VICTORIA; JUSTICIALISTA CHUBUT,2007,2021,1456,25.2,0.0173,0.0467,1388,0.0041,0.2872,112,0.0316,0.0052,177,0.0,0.0,0.0,0.0027,102.0,False
leg:4a50266b5e7f,"Mayoraz, Nicolas",diputados,LA LIBERTAD AVANZA,2024,2026,410,7.0,0.0171,0.0171,403,0.0075,0.5714,69,0.0145,0.0,233,0.0043,0.0043,0.0,0.0049,48.0,False
leg:eb99ab6057c7,"Palazzo, Sergio Omar",diputados,UNION POR LA PATRIA,2022,2026,427,7.1,0.0167,0.0141,421,0.0075,0.6667,70,0.0143,0.0,233,0.0178,0.0136,0.0,0.0047,93.0,False
leg:f50c5f651ddf,"SPATOLA, Paola Rosana",diputados,GUARDIA PERONISTA; PRO,2005,2009,842,13.9,0.0165,0.31,581,0.024,0.0,11,0.1818,0.1818,251,0.0,0.0,0.0,0.0059,1.0,False
leg:2bdada86d143,"Marks, Ana Inés",senado,JUSTICIALISTA,2025,2026,121,2.0,0.0165,0.0083,120,0.0083,1.0,8,0.0,0.0,121,0.0165,0.0083,0.0,0.0,21.0,False
leg:c59cc4e92905,"TAIANA, JORGE ENRIQUE",diputados+senado,FRENTE DE TODOS; UNION POR LA PATRIA,2019,2026,282,4.6,0.0163,0.0071,280,0.0092,1.0,21,0.0,0.0,136,0.019,0.019,0.0,0.0035,41.0,False
leg:6018b03bfdd2,LÓPEZ Pablo Sebastián,diputados,FRENTE DE IZQUIERDA,2014,2017,511,8.2,0.016,0.0372,492,0.0166,0.0,32,0.0,0.0,307,0.0038,0.0038,0.0,0.0039,3.0,False
leg:cf2221c8a98d,"Martinez, German Pedro",diputados,FRENTE DE TODOS; UNION POR LA PATRIA,2019,2026,462,7.2,0.0156,0.0152,455,0.0048,0.7143,77,0.013,0.0,233,0.0051,0.0051,0.0,0.0043,93.0,False
leg:6e818766fec9,"Selva, Sabrina",diputados,UNION POR LA PATRIA,2024,2026,410,6.3,0.0153,0.0146,404,0.0056,0.6667,69,0.0,0.0,233,0.0097,0.0097,0.0,0.0049,93.0,False
leg:738748d84d2e,"Glinski, Jose",diputados,UNION POR LA PATRIA,2024,2026,410,6.1,0.0148,0.0122,405,0.0076,0.6,69,0.0,0.0,233,0.0217,0.0132,0.0,0.0049,93.0,False
leg:a52e81f16b06,"Pellegrini, Agustin",diputados,LA LIBERTAD AVANZA,2025,2026,136,2.0,0.0147,0.0,136,0.0147,,21,0.0,0.0,136,0.0147,0.0147,0.0,0.0,94.0,False
leg:87af06dac9fc,"Molinuevo, Soledad",diputados,LA LIBERTAD AVANZA,2025,2026,136,2.0,0.0147,0.0,136,0.0147,,21,0.0,0.0,136,0.0147,0.0147,0.0,0.0,94.0,False
leg:c542ed431d82,"Pareja, Sebastian",diputados,LA LIBERTAD AVANZA,2025,2026,136,2.0,0.0147,0.0147,134,0.0,1.0,21,0.0,0.0,136,0.0147,0.0,0.0,0.0,94.0,False
leg:ab2a2860e486,"Mondaca, Soledad",diputados,LA LIBERTAD AVANZA,2025,2026,136,2.0,0.0147,0.0,136,0.0147,,21,0.0,0.0,136,0.0147,0.0147,0.0,0.0,94.0,False
leg:8dedd7695add,"Metral Asensio, Julieta",diputados,LA LIBERTAD AVANZA,2025,2026,136,2.0,0.0147,0.0147,134,0.0,1.0,21,0.0,0.0,136,0.0147,0.0,0.0,0.0,94.0,False
leg:5e43f81d80d2,"Ravera, Valentina",diputados,LA LIBERTAD AVANZA,2025,2026,136,2.0,0.0147,0.0,136,0.0147,,21,0.0,0.0,136,0.0147,0.0147,0.0,0.0,94.0,False
leg:57425377142e,MAGARIO Verónica María,diputados,FRENTE PARA LA VICTORIA,2014,2015,204,3.0,0.0147,0.0147,201,0.0,1.0,23,0.0435,0.0,204,0.0147,0.0,0.0,0.0,113.0,False
leg:0ae7821bc09a,"Patiño Brizuela, Marcos",diputados,LA LIBERTAD AVANZA,2025,2026,136,2.0,0.0147,0.0,136,0.0147,,21,0.0,0.0,136,0.0147,0.0147,0.0,0.0,94.0,False
leg:ab2944357f86,MARQUEZ Claudia Gabriela,diputados,CORDOBA FEDERAL,2019,2021,35,0.5,0.0143,0.0,35,0.0143,,7,0.0,0.0,8,0.0625,0.0625,0.0857,0.0286,4.0,False
leg:36271e7001d2,"Abdala, Bartolomé Esteban",senado,LA LIBERTAD AVANZA,2024,2026,245,3.5,0.0143,0.049,233,0.015,0.0,18,0.0,0.0,200,0.0175,0.0184,0.0,0.0041,8.0,False
leg:3f415df39c7d,"Pagotto, Juan Carlos",senado,LA LIBERTAD AVANZA,2024,2026,245,3.5,0.0143,0.0531,232,0.0108,0.0769,18,0.0556,0.0,200,0.0075,0.0079,0.0,0.0041,8.0,False
leg:f3921145ae39,"Olivera Lucero, Bruno Antonio",senado,LA LIBERTAD AVANZA,2024,2026,245,3.5,0.0143,0.0612,230,0.0022,0.2,18,0.0,0.0,200,0.0175,0.0027,0.0,0.0041,8.0,False
leg:9e82c7518590,"Hadad, Raul",diputados,UNION POR LA PATRIA,2025,2026,136,1.9,0.0141,0.0,136,0.0141,,21,0.0,0.0,136,0.0141,0.0141,0.0,0.0074,92.0,False
leg:0339a1626cd3,"Lopez, Jimena",diputados,FRENTE DE TODOS; UNION POR LA PATRIA,2019,2026,180,2.5,0.0139,0.0111,178,0.0028,1.0,29,0.0,0.0,136,0.011,0.0037,0.0,0.0056,92.0,False
leg:a0d13fc16fc3,"PATTI, Luis Abelardo",diputados,UNIDAD FEDERALISTA,2005,2006,110,1.5,0.0136,1.0,0,,0.0136,4,0.125,,110,0.0136,,0.0,0.0091,1.0,True
leg:74a91fdb1402,BRAWER Mara,diputados,FRENTE DE TODOS; FRENTE PARA LA VICTORIA,2011,2023,528,7.2,0.0136,0.0152,520,0.0019,0.7735,86,0.0186,0.0,17,0.0,0.0,0.0,0.0038,113.0,False
leg:fe50f9db7c38,"Zulli, Christian Alejandro",diputados,UNION POR LA PATRIA,2024,2026,410,5.5,0.0133,0.0098,406,0.0086,0.5,69,0.0,0.0,233,0.0235,0.015,0.0,0.0049,93.0,False
leg:d53ab23e0c9a,"Moran, Micaela",diputados,UNION POR LA PATRIA,2022,2025,288,3.8,0.013,0.0139,284,0.0062,0.5,48,0.0,0.0,274,0.0137,0.0065,0.0,0.0035,93.0,False
leg:f479e489c9d1,BANFI Karina Verónica,diputados,ADELANTE BUENOS AIRES; UCR,2016,2026,982,12.5,0.0128,0.0346,948,0.0069,0.1765,101,0.0182,0.0189,233,0.0,0.0,0.0,0.0041,36.0,False
leg:b1601639ddd3,"Araujo Hernandez, Jorge Neri",diputados,UNION POR LA PATRIA,2024,2026,410,5.3,0.0128,0.0098,406,0.008,0.5,69,0.0,0.0,233,0.014,0.014,0.0,0.0049,93.0,False
leg:d40abe5165a1,"Marquez, Nadia",diputados+senado,LA LIBERTAD AVANZA,2024,2026,395,5.0,0.0127,0.0177,388,0.0052,0.4286,56,0.0,0.0,218,0.0092,0.0047,0.0,0.0051,47.0,False
leg:0b564ea8d63d,"VIUDES, Isabel Josefa",senado,JUSTICIALISTA-FRENTE PARA LA VICTORIA; PARTIDO NUEVO,2006,2009,715,9.0,0.0126,0.0993,644,0.0,0.1268,5,0.0,0.0,350,0.0257,0.0,0.0,0.0,1.0,False
leg:e44db7a2d7dc,"Alonso, Constanza Maria",diputados,UNION POR LA PATRIA,2022,2025,291,3.6,0.0122,0.0137,287,0.0054,0.5,49,0.0,0.0,274,0.0093,0.0058,0.0,0.0034,93.0,False
leg:04ca1c3ebaf3,"Manzur, Juan Luis",senado,JUSTICIALISTA,2024,2026,245,3.0,0.0122,0.0367,236,0.0085,0.1111,18,0.0,0.0,200,0.015,0.0102,0.0,0.0,3.0,False
leg:64dd69a0ff4d,"Almiron, Lisandro",diputados,LA LIBERTAD AVANZA,2024,2026,410,5.0,0.0122,0.0195,402,0.0025,0.5,69,0.0145,0.0,233,0.0129,0.0,0.0,0.0049,48.0,False
leg:24c1d56ef333,"Marino, Juan",diputados,FRENTE DE TODOS; UNION POR LA PATRIA,2022,2026,425,5.1,0.0121,0.0047,423,0.0122,0.0,70,0.0,0.0,233,0.0178,0.0178,0.0,0.0047,93.0,False
leg:f4a7818acac0,PERRONI Ana María,diputados,FRENTE PARA LA VICTORIA,2011,2015,487,5.7,0.0118,0.0041,485,0.0077,1.0,79,0.0203,0.0077,204,0.0098,0.0098,0.0,0.0062,113.0,False
leg:7d771e519824,"Mango, Marcelo",diputados,UNION POR LA PATRIA,2025,2026,136,1.6,0.0117,0.0,136,0.0117,,21,0.0,0.0,136,0.0117,0.0117,0.0,0.0074,92.0,False
leg:c1183e1e7285,"Trotta, Nicolas Alfredo",diputados,UNION POR LA PATRIA,2025,2026,136,1.6,0.0117,0.0,136,0.0117,,21,0.0,0.0,136,0.0117,0.0117,0.0,0.0074,92.0,False
leg:e0ad07926aac,"Campo, Julieta Marisol",diputados,UNION POR LA PATRIA,2025,2026,136,1.6,0.0117,0.0,136,0.0117,,21,0.0,0.0,136,0.0117,0.0117,0.0,0.0074,92.0,False
leg:b00097a8dde2,"Borgatta, Alejandrina",diputados,UNION POR LA PATRIA,2025,2026,136,1.6,0.0117,0.0,136,0.0117,,21,0.0,0.0,136,0.0117,0.0117,0.0,0.0074,92.0,False
leg:383987f085d3,"Montoto, Maria Luisa",diputados,FRENTE DE TODOS; UNION POR LA PATRIA,2019,2025,326,3.8,0.0115,0.0123,322,0.0054,0.5,56,0.0,0.0,274,0.0137,0.0065,0.0,0.0031,93.0,False
leg:97518caaac55,"Orozco, Emilia",diputados+senado,LA LIBERTAD AVANZA,2024,2026,395,4.4,0.011,0.0177,388,0.0035,0.4286,56,0.0,0.0,218,0.0046,0.0,0.0,0.0051,47.0,False
leg:931aaf92627a,"Mukdise, Jorge",diputados,UNION POR LA PATRIA,2025,2026,136,1.5,0.011,0.0074,135,0.0037,1.0,21,0.0,0.0,136,0.011,0.0037,0.0,0.0074,92.0,False
leg:5e69569e4df7,"Lopez Pasquali, Cecilia",diputados,UNION POR LA PATRIA,2025,2026,136,1.5,0.011,0.0074,135,0.0037,1.0,21,0.0,0.0,136,0.011,0.0037,0.0,0.0074,92.0,False
leg:ccb526e387e3,"Tepp, Caren",diputados,UNION POR LA PATRIA,2025,2026,136,1.5,0.011,0.0074,135,0.0037,1.0,21,0.0,0.0,136,0.011,0.0037,0.0,0.0074,92.0,False
leg:1018f1953e71,"Jaime Quiroga, Carlos Gustavo",diputados,PRODUCCION Y TRABAJO,2025,2026,136,1.5,0.011,0.0074,135,0.0074,0.5,21,0.0238,0.0,136,0.011,0.0074,0.0,0.0221,2.0,False
leg:9a4d728beab7,"Yutrovic, Carolina",diputados,FRENTE DE TODOS; UNION POR LA PATRIA,2019,2025,326,3.6,0.0109,0.0092,323,0.0079,0.3333,56,0.0179,0.0,274,0.013,0.0094,0.0,0.0031,93.0,False
leg:d188885813e7,GIACCONE Claudia Alejandra,diputados,FRENTE PARA LA VICTORIA,2011,2015,476,5.1,0.0107,0.0084,472,0.0023,1.0,78,0.007,0.007,204,0.0,0.0,0.0,0.0042,113.0,False
leg:1d4e242ba5e0,"LUENZO, ALFREDO HÉCTOR",senado,CHUBUT SOMOS TODOS; FRENTE DE TODOS,2016,2021,601,6.0,0.01,0.0582,566,0.0,0.1714,6,0.0,0.0,177,0.0339,0.0,0.0,0.0,1.0,False
leg:dbe5b66e3a3d,GAGLIARDI Josué,diputados,FRENTE PARA LA VICTORIA,2014,2015,204,2.0,0.0098,0.0098,202,0.0,1.0,23,0.0,0.0,204,0.0098,0.0,0.0,0.0,113.0,False
leg:d1a64d7ba702,"Huesen, Gerardo",diputados,LA LIBERTAD AVANZA,2024,2026,410,4.0,0.0098,0.0171,403,0.0025,0.4286,69,0.0,0.0,233,0.0086,0.0,0.0,0.0049,48.0,False
leg:bc66a74f02a7,"Herrera, Ricardo",diputados,UNION POR LA PATRIA,2022,2025,291,2.7,0.0092,0.0103,288,0.0059,0.3333,49,0.0,0.0,274,0.0098,0.0062,0.0,0.0034,93.0,False
leg:e083cb97099d,CALCAGNO Y MAILLMANN Eric,diputados,FRENTE PARA LA VICTORIA,2011,2015,476,4.2,0.0088,0.0063,473,0.0025,1.0,78,0.0077,0.0077,204,0.0049,0.0,0.0,0.0042,113.0,False
leg:80c28382f5ce,"Vargas Matyi, Brenda",diputados,UNION POR LA PATRIA,2022,2025,291,2.6,0.0088,0.0103,288,0.0054,0.3333,49,0.0,0.0,274,0.0093,0.0058,0.0,0.0034,93.0,False
leg:3fb963db3449,"GIUSTINIANI, Rubén Héctor",diputados+senado,FREPASO; PARTIDO SOCIALISTA; PARTIDO SOCIALISTA POPULAR; SOCIALISTA,2001,2015,2169,18.9,0.0087,0.2347,1660,0.003,0.0273,56,0.0283,0.0,150,0.0,0.0,0.0005,0.0065,1.0,False
leg:2d740e1e4ba0,"Schneider, Silvana Lorena",senado,UCR,2025,2026,121,1.0,0.0083,0.0,121,0.0083,,8,0.0,0.0,121,0.0083,0.0083,0.0,0.0,10.0,False
leg:b8c98aec9190,"Monteverde, Agustín Aníbal",senado,LA LIBERTAD AVANZA,2025,2026,121,1.0,0.0083,0.0,121,0.0083,,8,0.0,0.0,121,0.0083,0.0083,0.0,0.0,21.0,False
leg:6609d7d519f4,"Benegas Lynch, Joaquín Alberto",senado,LA LIBERTAD AVANZA,2025,2026,121,1.0,0.0083,0.0083,120,0.0,1.0,8,0.0,0.0,121,0.0083,0.0,0.0,0.0,21.0,False
leg:80de47b87b87,"DURÉ, MARÍA EUGENIA",senado,FRENTE DE TODOS; UNIDAD CIUDADANA,2019,2025,366,3.0,0.0082,0.0219,358,0.0028,0.25,16,0.0,0.0,122,0.0164,0.0086,0.0027,0.0,12.0,False
leg:294195a88442,"Sand, Nancy",diputados,FRENTE DE TODOS; UNION POR LA PATRIA,2019,2026,462,3.6,0.0078,0.0043,460,0.0078,0.0,77,0.0,0.0,233,0.0112,0.0112,0.0,0.0043,93.0,False
leg:d1cbfee8e8ce,"Ojeda, Joaquin",diputados,LA LIBERTAD AVANZA,2025,2026,136,1.0,0.0074,0.0,136,0.0074,,21,0.0,0.0,136,0.0074,0.0074,0.0,0.0,94.0,False
leg:392f6a7b54c3,"Vera, Andrea Fernanda",diputados,LA LIBERTAD AVANZA,2025,2026,136,1.0,0.0074,0.0074,135,0.0,1.0,21,0.0,0.0,136,0.0074,0.0,0.0,0.0,94.0,False
leg:5d1881a38e01,"Guzman, Jairo",diputados,LA LIBERTAD AVANZA,2025,2026,136,1.0,0.0074,0.0074,135,0.0,1.0,21,0.0,0.0,136,0.0074,0.0,0.0,0.0,94.0,False
leg:0aaa5d56d460,"De Andreis, Fernando",diputados,PRO,2025,2026,136,1.0,0.0074,0.0147,134,0.0,0.5,21,0.0,0.0,136,0.0074,0.0,0.0,0.0,12.0,False
leg:fafc45129d7f,"Bruno, Eliana",diputados,LA LIBERTAD AVANZA,2025,2026,136,1.0,0.0074,0.0074,135,0.0,1.0,21,0.0,0.0,136,0.0074,0.0,0.0,0.0,94.0,False
leg:304d82161f94,"Santurio, Santiago",diputados,LA LIBERTAD AVANZA,2024,2026,410,3.0,0.0074,0.0146,404,0.0025,0.3333,69,0.0145,0.0,233,0.0043,0.0,0.0,0.0049,48.0,False
leg:5ef9d201d546,"Flores, Maria Gabriela",diputados,LA LIBERTAD AVANZA,2025,2026,136,1.0,0.0074,0.0074,135,0.0,1.0,21,0.0,0.0,136,0.0074,0.0,0.0,0.0,94.0,False
leg:f7854d54e0c2,LOPARDO María Paula,diputados,PRO,2016,2017,307,2.2,0.0072,0.0,307,0.0072,,9,0.0,0.0,307,0.0072,0.0072,0.0,0.013,41.0,False
leg:b46ac31ef7bd,"Mirabella, Roberto",diputados+senado,DEFENDAMOS SANTA FE; FRENTE DE TODOS,2019,2025,471,3.0,0.0064,0.1805,386,0.0,0.0353,49,0.0,0.0,274,0.0,0.0,0.0,0.0,1.0,False
leg:aad3d74645f0,"FERNANDEZ, Aníbal Domingo",senado,JUSTICIALISTA-FRENTE PARA LA VICTORIA,2011,2014,366,2.0,0.0055,0.0055,364,0.0,1.0,2,0.0,0.0,198,0.0101,0.0,0.0,0.0,32.0,False
leg:ddd755a946f3,"Marin, Varinia Lis",diputados,UNION POR LA PATRIA,2022,2026,427,2.2,0.0051,0.007,424,0.0028,0.3333,70,0.0,0.0,233,0.0094,0.0051,0.0,0.0047,93.0,False
leg:b04725384a84,"Garrido, Jose Luis",diputados,POR SANTA CRUZ,2024,2026,410,2.0,0.0049,0.2488,308,0.0049,0.0049,69,0.0072,0.0083,233,0.0086,0.007,0.0,0.0098,1.0,False
leg:c95dd25596cf,"Schneider, Dario",diputados,UCR,2025,2026,136,0.7,0.0049,0.0221,133,0.005,0.0,21,0.0317,0.0317,136,0.0049,0.005,0.0,0.0074,6.0,False
leg:10ffeee1d07e,"Bornoroni, Gabriel",diputados,LA LIBERTAD AVANZA,2024,2026,410,2.0,0.0049,0.0122,405,0.0025,0.2,69,0.0,0.0,233,0.0,0.0,0.0,0.0049,48.0,False
leg:c153bddf0291,"Fernandez, Elia Marina",diputados,INDEPENDENCIA,2023,2026,411,2.0,0.0049,0.1752,339,0.0,0.0278,69,0.0,0.0,233,0.0086,0.0,0.0,0.0,3.0,False
leg:51d817ff89f2,"Treffinger, Cesar",diputados,LA LIBERTAD AVANZA,2024,2026,410,2.0,0.0049,0.0122,405,0.0025,0.2,69,0.0,0.0,233,0.0,0.0,0.0,0.0049,48.0,False
leg:432468eed3c5,"Correa Llano, Facundo",diputados,LA LIBERTAD AVANZA,2024,2026,410,2.0,0.0049,0.0122,405,0.0025,0.2,69,0.0,0.0,233,0.0043,0.0,0.0,0.0049,48.0,False
leg:bcd89a87b4ff,ZAMARREÑO María Eugenia,diputados,FRENTE PARA LA VICTORIA,2012,2015,458,2.2,0.0048,0.0022,457,0.0026,1.0,74,0.0081,0.0081,204,0.0,0.0,0.0,0.0044,113.0,False
leg:b307802620e3,"LORENZO BOROCOTO, Eduardo",diputados,BLOQUE UNIPERSONAL; MOVIMIENTO INDEPENDIENTE; PRO,2005,2009,842,4.0,0.0048,0.4537,460,0.0043,0.0052,11,0.0909,0.1,251,0.0,0.0,0.0,0.0,1.0,False
leg:dd7d4b639f12,"MACCHI, Carlos Guillermo",diputados,PARTIDO NUEVO,2003,2007,711,3.2,0.0046,0.647,251,0.003,0.0054,11,0.0682,0.0833,520,0.0,0.0,0.0,0.0028,1.0,True
leg:c0086d643399,OPORTO Mario Néstor,diputados,FRENTE PARA LA VICTORIA,2011,2015,476,2.2,0.0046,0.0021,475,0.0025,1.0,78,0.0077,0.0077,204,0.0049,0.0,0.0,0.0042,113.0,False
leg:7e29395a7404,"GOMEZ DIEZ, Ricardo",diputados+senado,RENOVADOR DE SALTA,2001,2007,1029,4.5,0.0044,0.4295,587,0.0077,0.0,17,0.0294,0.0385,348,0.0,0.0,0.0,0.0087,1.0,False
leg:760fffa002fa,"Aguero, Guillermo Cesar",diputados,UCR,2025,2026,136,0.5,0.0037,0.0221,133,0.0038,0.0,21,0.0238,0.0238,136,0.0037,0.0038,0.0,0.0074,6.0,False
leg:3589f0c49a66,"Ferran, Abelardo",diputados,UNION POR LA PATRIA,2025,2026,136,0.5,0.0037,0.0,136,0.0037,,21,0.0,0.0,136,0.0037,0.0037,0.0,0.0074,92.0,False
leg:3dfcdd3225b5,"Dolce, Sergio",diputados,UNION POR LA PATRIA,2025,2026,136,0.5,0.0037,0.0,136,0.0037,,21,0.0,0.0,136,0.0037,0.0037,0.0,0.0074,92.0,False
leg:0746d21011ab,"Barbur, Marcelo",diputados,UNION POR LA PATRIA,2025,2026,136,0.5,0.0037,0.0,136,0.0037,,21,0.0,0.0,136,0.0037,0.0037,0.0,0.0074,92.0,False
leg:c1ea3121fa7b,"Fernandez, Agustin",diputados,INDEPENDENCIA,2022,2025,291,1.0,0.0034,0.2337,223,0.0045,0.0,49,0.0,0.0,274,0.0036,0.0049,0.0,0.0,3.0,False
leg:19ef0be5bc97,FELETTI Roberto José,diputados,FRENTE PARA LA VICTORIA,2011,2015,476,1.1,0.0023,0.0,476,0.0023,,78,0.007,0.007,204,0.0,0.0,0.0,0.0042,113.0,False
leg:be087a3eb6fb,PUCHETA Ramona,diputados,COMPROMISO FEDERAL; FRENTE POR LA INCLUSION SOCIAL; SOCIALISTA DEL MIJD,2011,2015,476,1.0,0.0021,0.2227,370,0.0027,0.0,78,0.0128,0.0149,204,0.0,0.0,0.0,0.0,1.0,False
leg:a3741ef50998,"Arce, Carlos Omar",senado,ENCUENTRO MISIONERO; FRENTE RENOVADOR DE LA CONCORDIA SOCIAL,2024,2026,245,0.5,0.002,0.0449,234,0.0,0.0455,18,0.0,0.0,200,0.0025,0.0,0.0,0.0041,2.0,False
leg:05e9c478c149,"Rojas Decut, Sonia Elizabeth",senado,ENCUENTRO MISIONERO; FRENTE RENOVADOR DE LA CONCORDIA SOCIAL,2024,2026,245,0.5,0.002,0.0408,235,0.0021,0.0,18,0.0,0.0,200,0.0025,0.0026,0.0,0.0041,2.0,False
leg:5bbadda594e8,"Monte de Oca, Belén",senado,LA LIBERTAD AVANZA,2025,2026,121,0.0,0.0,0.0,121,0.0,,8,0.0,0.0,121,0.0,0.0,0.0,0.0,21.0,False
leg:b4d4c6997552,"WALSH, Patricia",diputados,IZQUIERDA UNIDA; LZQUIERDA UNIDA,2002,2005,217,0.0,0.0,0.2304,167,0.0,0.0,22,0.0,0.0,132,0.0,0.0,0.0,0.0,1.0,False
leg:5d0555cd39ff,"Frias, Maira",diputados,LA LIBERTAD AVANZA,2025,2026,136,0.0,0.0,0.0,136,0.0,,21,0.0,0.0,136,0.0,0.0,0.0,0.0,94.0,False
leg:b1218fe3ed82,"Visconti, Gino",diputados,LA LIBERTAD AVANZA,2025,2026,136,0.0,0.0,0.0,136,0.0,,21,0.0,0.0,136,0.0,0.0,0.0,0.0,94.0,False
leg:dd06e899d3db,CASTRO MOLINA Enrique Roberto,diputados,COMPROMISO CON SAN JUAN,2016,2016,11,0.0,0.0,0.0909,10,0.0,0.0,0,,,11,0.0,0.0,0.0,0.0,1.0,False
leg:e0874a2391d1,"De la Sota, Natalia",diputados,DEFENDAMOS CORDOBA,2022,2026,427,0.0,0.0,0.281,307,0.0,0.0,70,0.0,0.0,233,0.0,0.0,0.0,0.0,1.0,False
leg:df31a8a5f6db,SAPAG Alma Liliana,diputados,MOV POP NEUQUINO; MOVIMIENTO POPULAR NEUQUINO,2017,2021,248,0.0,0.0,0.0605,233,0.0,0.0,22,0.0,0.0,8,0.0,0.0,0.0,0.0,1.0,False
leg:d2c90e6c463f,"LÖFFLER, Ernesto Adrian",diputados,MOVIMIENTO POPULAR FUEGUINO,2001,2001,24,0.0,0.0,0.8333,4,0.0,0.0,4,0.0,,24,0.0,0.0,0.0,0.0,1.0,True
leg:5b958791b34e,"Tejeda, Maria Victoria",diputados,EVOLUCION RADICAL,2022,2023,17,0.0,0.0,0.0588,16,0.0,0.0,1,0.0,0.0,17,0.0,0.0,0.0,0.0,5.0,False
leg:01bf087bd2b8,"Corroza, Julieta",senado,LA NEUQUINIDAD,2025,2026,121,0.0,0.0,0.0826,111,0.0,0.0,8,0.0,0.0,121,0.0,0.0,0.0,0.0,1.0,False
leg:fbca188a0f1d,"ODARDA, MARÍA MAGDALENA",senado,FRENTE PROGRESISTA-CC-ARI; RIO-FRENTE PROGRESISTA,2013,2019,581,0.0,0.0,0.1429,498,0.0,0.0,7,0.0,0.0,124,0.0,0.0,0.0,0.0,1.0,False
leg:caf278359baf,"Leone, Andres",diputados,LA LIBERTAD AVANZA,2025,2026,136,0.0,0.0,0.0,136,0.0,,21,0.0,0.0,136,0.0,0.0,0.0,0.0,94.0,False
leg:50c7d6f6ccc5,"ARBO, José Ameghino",diputados,LIBERAL DE CORRIENTES; PARTIDO LIBERAL DE CORRIENTES,2007,2011,379,0.0,0.0,0.4644,203,0.0,0.0,28,0.0,0.0,104,0.0,0.0,0.0,0.0,1.0,False
leg:030a4c110b96,"Llancafilo, Osvaldo",diputados,MOVIMIENTO POPULAR NEUQUINO,2024,2025,274,0.0,0.0,0.1934,221,0.0,0.0,48,0.0,0.0,274,0.0,0.0,0.0,0.0,1.0,False
leg:fbfe0edcf70b,"Riesco, Gaston",diputados,LA LIBERTAD AVANZA,2025,2026,136,0.0,0.0,0.0,136,0.0,,21,0.0,0.0,136,0.0,0.0,0.0,0.0,94.0,False
leg:75d3f20c8037,"Lluch, Enrique",diputados,LA LIBERTAD AVANZA,2025,2026,136,0.0,0.0,0.0,136,0.0,,21,0.0,0.0,136,0.0,0.0,0.0,0.0,94.0,False
leg:cc2ece4a64cb,"Omodeo, Paula",diputados,CREO,2022,2025,291,0.0,0.0,0.0893,265,0.0,0.0,49,0.0,0.0,274,0.0,0.0,0.0,0.0,1.0,False
leg:cd249d0a4801,"NARDELLI, Santiago",diputados,NO INTEGRA BLOQUE,2007,2007,8,0.0,0.0,1.0,0,,0.0,0,,,8,0.0,,0.0,0.0,6.0,True
leg:4ddf567b1f07,YAMBRUN Liliana,diputados,FRENTE DE TODOS,2019,2023,52,0.0,0.0,0.0192,51,0.0,0.0,8,0.0,0.0,17,0.0,0.0,0.0,0.0,118.0,False
leg:7ef47133bddf,"Holzman, Patricia",diputados,LA LIBERTAD AVANZA,2025,2026,136,0.0,0.0,0.0,136,0.0,,21,0.0,0.0,136,0.0,0.0,0.0,0.0,94.0,False
leg:2f39422dead0,"Andreussi, Barbara",diputados,LA LIBERTAD AVANZA,2025,2026,136,0.0,0.0,0.0,136,0.0,,21,0.0,0.0,136,0.0,0.0,0.0,0.0,94.0,False
leg:c733d1396bd1,"Figliuolo, Sergio",diputados,LA LIBERTAD AVANZA,2025,2026,136,0.0,0.0,0.0,136,0.0,,21,0.0,0.0,136,0.0,0.0,0.0,0.0,94.0,False
leg:2dd4728fe4ec,"Biasi, Vanina",diputados,PARTIDO OBRERO -FRENTE DE IZQUIERDA Y DE TRABAJADORES -UNIDA,2024,2025,148,0.0,0.0,0.0676,138,0.0,0.0,11,0.0,0.0,148,0.0,0.0,0.0,0.0,1.0,False
leg:12af1d4bc073,"CANTEROS, Gustavo Jesús Adolfo",diputados,FRENTE PROYECTO CORRIENTES; PROYECTO CORRIENTES,2003,2007,689,0.0,0.0,0.4456,382,0.0,0.0,11,0.0,0.0,498,0.0,0.0,0.0,0.0,1.0,False
leg:12e0f71fca92,"Chahla, Rossana",diputados,FRENTE DE TODOS,2022,2023,16,0.0,0.0,0.0,16,0.0,,1,0.0,0.0,16,0.0,0.0,0.0,0.0,66.0,False
leg:7f34819ff781,CASTETS Laura Carolina,diputados,COALICION CIVICA; VALORES REPUBLICANOS,2019,2023,52,0.0,0.0,0.1538,44,0.0,0.0,8,0.0,0.0,17,0.0,0.0,0.0,0.0,15.0,False
leg:749c38d0a1c2,"Laumann, Andres Ariel",diputados,LA LIBERTAD AVANZA,2025,2026,136,0.0,0.0,0.0,136,0.0,,21,0.0,0.0,136,0.0,0.0,0.0,0.0,94.0,False
leg:292b7f2008a7,LANDRISCINI Susana Graciela,diputados,FRENTE DE TODOS,2019,2023,52,0.0,0.0,0.0192,51,0.0,0.0,8,0.0,0.0,17,0.0,0.0,0.0,0.0,118.0,False
leg:263969649f81,BELLOCQ Gerardo Alberto,diputados,UCR,2016,2016,5,0.0,0.0,0.0,5,0.0,,0,,,5,0.0,0.0,0.0,0.0,38.0,False
leg:71ff78b207f3,SPOSITO Ayelén,diputados,FRENTE DE TODOS,2019,2021,35,0.0,0.0,0.0,35,0.0,,7,0.0,0.0,8,0.0,0.0,0.0,0.0,118.0,False
leg:747d807f8943,"LORES, Horacio",senado,MOVIMIENTO POPULAR NEUQUINO,2007,2013,898,0.0,0.0,0.1024,806,0.0,0.0,21,0.0,0.0,257,0.0,0.0,0.0,0.0,1.0,False
leg:093f26a304c8,"Longo, Johanna Sabrina",diputados,LA LIBERTAD AVANZA,2025,2026,136,0.0,0.0,0.0,136,0.0,,21,0.0,0.0,136,0.0,0.0,0.0,0.0,94.0,False
leg:0ac6f6bd7f2d,"MEABE de MATHO, Josefina Angélica",senado,LIBERAL DE CORRIENTES,2010,2015,666,0.0,0.0,0.6396,240,0.0,0.0,19,0.0,0.0,150,0.0,0.0,0.0,0.0,1.0,True
leg:cab64ec6793f,"Basualdo, Atilio",diputados,LA LIBERTAD AVANZA,2025,2026,136,0.0,0.0,0.0,136,0.0,,21,0.0,0.0,136,0.0,0.0,0.0,0.0,94.0,False
leg:517dfdb19a3b,"Giampieri, Antonela",diputados,PRO,2025,2026,136,0.0,0.0,0.0074,135,0.0,0.0,21,0.0,0.0,136,0.0,0.0,0.0,0.0,12.0,False
leg:4913bbbf80fe,"FONTANETTO, Beatriz Zulema",diputados,UCR,2001,2001,2,0.0,0.0,0.0,2,0.0,,0,,,2,0.0,0.0,0.0,0.0,79.0,False
leg:1153598d5d7b,"Carrancio, Alejandro",diputados,LA LIBERTAD AVANZA,2025,2026,136,0.0,0.0,0.0,136,0.0,,21,0.0,0.0,136,0.0,0.0,0.0,0.0,94.0,False
leg:4a4660a93e40,"Silva, Mónica Esther",senado,JUNTOS SOMOS RIO NEGRO,2024,2025,122,0.0,0.0,0.0984,110,0.0,0.0,10,0.0,0.0,122,0.0,0.0,0.0,0.0,1.0,False
leg:4a430e3f550c,MUÑOZ Rosa Rosario,diputados,FRENTE DE TODOS; TRABAJO Y DIGNIDAD,2017,2021,248,0.0,0.0,0.1048,222,0.0,0.0,22,0.0,0.0,8,0.0,0.0,0.0,0.0,1.0,False
leg:a98be2af6c49,"Chiconi, Abel",diputados,LA LIBERTAD AVANZA,2025,2026,136,0.0,0.0,0.0,136,0.0,,21,0.0,0.0,136,0.0,0.0,0.0,0.0,94.0,False
leg:d9420a046e86,"Godoy, Juan Cruz",senado,LA LIBERTAD AVANZA,2025,2026,121,0.0,0.0,0.0,121,0.0,,8,0.0,0.0,121,0.0,0.0,0.0,0.0,21.0,False
leg:be2b1d2a1f5b,"Almena, Carlos Alberto",diputados,LA LIBERTAD AVANZA,2025,2026,136,0.0,0.0,0.0,136,0.0,,21,0.0,0.0,136,0.0,0.0,0.0,0.0,94.0,False
leg:0cb36175d439,"PEREZ ALSINA, Juan Agustín",senado,RENOVADOR DE SALTA,2007,2013,898,0.0,0.0,0.2996,629,0.0,0.0,21,0.0,0.0,257,0.0,0.0,0.0,0.0,1.0,False
leg:2d12c7562d04,"Schlotthauer, Monica Leticia",diputados,IZQUIERDA SOCIALISTA - FIT; IZQUIERDA SOCIALISTA FIT-UNIDAD; NO INTEGRA BLOQUE,2019,2025,204,0.0,0.0,0.4363,115,0.0,0.0,11,0.0,0.0,135,0.0,0.0,0.0,0.0,1.0,False
leg:2d0f49e39a14,DE LAMADRID Alvaro Héctor,diputados,UCR,2019,2020,31,0.0,0.0,0.0,31,0.0,,7,0.0,0.0,31,0.0,0.0,0.0,0.0,47.0,False
leg:abf95f32c616,"Urien, Hernan",diputados,LA LIBERTAD AVANZA,2025,2026,136,0.0,0.0,0.0,136,0.0,,21,0.0,0.0,136,0.0,0.0,0.0,0.0,94.0,False
leg:a9dca751022a,ÁVILA Beatriz Luisa,diputados+senado,INDEPENDENCIA; PARTIDO POR LA JUSTICIA SOCIAL,2017,2026,557,0.0,0.0,0.2442,421,0.0,0.0,46,0.0,0.0,200,0.0,0.0,0.0,0.0,1.0,False
leg:ae39723db676,"Fargosi, Alejandro",diputados,LA LIBERTAD AVANZA,2025,2026,136,0.0,0.0,0.0,136,0.0,,21,0.0,0.0,136,0.0,0.0,0.0,0.0,94.0,False
leg:439460c59d52,"Carnaghi, Guillermo Oscar",diputados,FRENTE DE TODOS,2020,2023,21,0.0,0.0,0.0476,20,0.0,0.0,1,0.0,0.0,17,0.0,0.0,0.0,0.0,66.0,False
leg:5ddc0121e19d,"Gonzales, Alfredo",diputados,LA LIBERTAD AVANZA,2025,2026,136,0.0,0.0,0.0,136,0.0,,21,0.0,0.0,136,0.0,0.0,0.0,0.0,94.0,False
leg:1a311c91723b,OLMEDO Alfredo Horacio,diputados,SALTA SOMOS TODOS,2010,2019,896,0.0,0.0,0.3761,559,0.0,0.0,93,0.0,0.0,174,0.0,0.0,0.0,0.0,1.0,False
leg:18c2373072fd,"ESAIN, Daniel Martín",diputados,F.I.S.CA.L; PARTICIPACION CIUDADANA,2002,2005,217,0.0,0.0,0.0783,200,0.0,0.0,22,0.0,0.0,132,0.0,0.0,0.0,0.0,1.0,False
leg:e15836f86eac,UCEDA Marisa Lourdes,diputados,FRENTE DE TODOS,2019,2023,52,0.0,0.0,0.0192,51,0.0,0.0,8,0.0,0.0,17,0.0,0.0,0.0,0.0,118.0,False
leg:25fa88a3c677,PEREYRA Juan Manuel,diputados,CONCERTACION FORJA,2016,2019,520,0.0,0.0,0.4154,304,0.0,0.0,24,0.0,0.0,174,0.0,0.0,0.0,0.0,1.0,False
leg:e87a35f4120e,"MAZZEI, Hector Santiago",diputados,ALIANZA,2001,2001,7,0.0,0.0,0.1429,6,0.0,0.0,0,,,7,0.0,0.0,0.0,0.0,1.0,False
leg:652807ca7bf1,GONZALEZ Verónica Evangelina,diputados,FRENTE PARA LA VICTORIA,2014,2015,183,0.0,0.0,0.0,183,0.0,,2,0.0,0.0,183,0.0,0.0,0.0,0.0,113.0,False
leg:6358adaef5c0,"Gonzalez Estevarena, Maria Luisa",diputados,LA LIBERTAD AVANZA,2025,2026,136,0.0,0.0,0.0,136,0.0,,21,0.0,0.0,136,0.0,0.0,0.0,0.0,94.0,False
leg:41bae6e3ab2e,"DI PERNA, Graciela Agustina",senado,TRABAJO Y DIGNIDAD,2010,2015,666,0.0,0.0,0.2297,513,0.0,0.0,19,0.0,0.0,150,0.0,0.0,0.0,0.0,1.0,False
leg:1dfa19ff0bab,"Soldano, Laura",diputados,LA LIBERTAD AVANZA,2025,2026,136,0.0,0.0,0.0,136,0.0,,21,0.0,0.0,136,0.0,0.0,0.0,0.0,94.0,False
leg:a5ad013bc1a8,"SOLANAS, Fernado Ezequiel",senado,PROYECTO SUR-UNEN,2013,2014,76,0.0,0.0,0.5263,36,0.0,0.0,1,0.0,,76,0.0,0.0,0.0,0.0,1.0,False
leg:a4e8fb1fc9f1,"Rodriguez, Miguel",diputados,LA LIBERTAD AVANZA,2025,2026,136,0.0,0.0,0.0,136,0.0,,21,0.0,0.0,136,0.0,0.0,0.0,0.0,94.0,False
leg:6205630ccb27,"TERRAGNO, Rodolfo",senado,RADICAL INDEPENDIENTE,2004,2007,1005,0.0,0.0,0.6209,381,0.0,0.0,13,0.0,0.0,348,0.0,0.0,0.0,0.0,1.0,True
leg:e286d29fc041,GUEVARA OLIVERA Alejandro Francisco,diputados,FRENTE DE TODOS,2019,2020,31,0.0,0.0,0.0,31,0.0,,7,0.0,0.0,31,0.0,0.0,0.0,0.0,118.0,False
leg:0bd68f4e0cf4,"Fernandez, Jorge",diputados,PRIMERO SAN LUIS,2025,2026,136,0.0,0.0,0.0074,135,0.0,0.0,21,0.0,0.0,136,0.0,0.0,0.0,0.0,1.0,False
leg:5534af781037,FAVARIO Carlos Alberto,diputados,DEMOCRATA PROGRESISTA,2010,2013,376,0.0,0.0,0.2074,298,0.0,0.0,69,0.0,0.0,254,0.0,0.0,0.0,0.0,1.0,False
leg:55750a118fb7,"VERA, Pedro Ramón Ademar",diputados,PERONISTA,2007,2007,22,0.0,0.0,0.0909,20,0.0,0.0,0,,,22,0.0,0.0,0.0,0.0,1.0,False
leg:9e8781eee5e7,ARAGON Santiago,diputados,FRENTE PARA LA VICTORIA,2011,2011,14,0.0,0.0,0.0,14,0.0,,0,,,14,0.0,0.0,0.0,0.0,113.0,False
leg:9f6a58dff78f,AMERI Juan Emilio,diputados,FRENTE DE TODOS,2019,2020,31,0.0,0.0,0.0,31,0.0,,7,0.0,0.0,31,0.0,0.0,0.0,0.0,118.0,False
leg:9ffe8642424c,"ABRAMETO, Jacobo Alberto",senado,RADICAL RIONEGRINO,2007,2007,100,0.0,0.0,0.18,82,0.0,0.0,1,0.0,0.0,100,0.0,0.0,0.0,0.0,1.0,False
leg:a0256bbec882,"Alí, Ernesto Pipi""""",diputados,UNION POR LA PATRIA,2026,2026,10,0.0,0.0,0.0,10,0.0,,2,0.0,0.0,10,0.0,0.0,0.0,0.0,93.0,False
leg:dc648d8311ff,"Garramuño, Ricardo",diputados,SOMOS FUEGUINOS,2025,2025,97,0.0,0.0,0.0619,91,0.0,0.0,18,0.0,0.0,97,0.0,0.0,0.0,0.0,1.0,False
leg:b8fa201ccf62,"WILDER, Ricardo",diputados,FRENTE DE UNIDAD PROVINCIAL,2003,2007,711,0.0,0.0,0.3755,444,0.0,0.0,11,0.0,0.0,520,0.0,0.0,0.0,0.0,1.0,False
leg:ba3555e689c4,CONTIGIANI Luis Gustavo,diputados,FRENTE PROGRESISTA CIVICO Y SOCIAL; PARTIDO SOCIALISTA,2017,2021,248,0.0,0.0,0.0806,228,0.0,0.0,22,0.0,0.0,8,0.0,0.0,0.0,0.0,1.0,False
leg:b4f13ab57dac,KOENIG Marcelo Christian,diputados,FRENTE DE TODOS,2019,2020,31,0.0,0.0,0.0,31,0.0,,7,0.0,0.0,31,0.0,0.0,0.0,0.0,118.0,False
leg:b6b68fda0cbf,"Montenegro, Juan Pablo",diputados,LA LIBERTAD AVANZA,2025,2026,136,0.0,0.0,0.0,136,0.0,,21,0.0,0.0,136,0.0,0.0,0.0,0.0,94.0,False
leg:bd147c1d6a94,"Becerra, Monica",diputados,LA LIBERTAD AVANZA,2025,2026,136,0.0,0.0,0.0,136,0.0,,21,0.0,0.0,136,0.0,0.0,0.0,0.0,94.0,False
leg:47888e328e22,"Costa, Anahi",diputados,FRENTE DE TODOS,2022,2023,17,0.0,0.0,0.0588,16,0.0,0.0,1,0.0,0.0,17,0.0,0.0,0.0,0.0,66.0,False
leg:d8237500bc74,MOUNIER Patricia Monica,diputados,FRENTE DE TODOS,2019,2020,31,0.0,0.0,0.0,31,0.0,,7,0.0,0.0,31,0.0,0.0,0.0,0.0,118.0,False
leg:0bc4f138245e,COPES Ana Isabel,diputados,PARTIDO DEMOCRATA PROGRESISTA,2016,2017,307,0.0,0.0,0.0033,306,0.0,0.0,9,0.0,0.0,307,0.0,0.0,0.0,0.0,1.0,False
leg:0785033540e5,"VARESE, Luis Segundo",diputados,CRUZADA RENOVADORA,2001,2001,24,0.0,0.0,0.5,12,0.0,0.0,4,0.0,0.0,24,0.0,0.0,0.0,0.0,1.0,False
leg:9e58e3cb2d90,"LEGUIZAMON, Anibal Ernesto",diputados,PERONISMO PERONISTA,2007,2007,92,0.0,0.0,0.5217,44,0.0,0.0,0,,,92,0.0,0.0,0.0,0.0,1.0,False
leg:9e5dbbee2601,"Cantero, Carlos",diputados,FRENTE DE TODOS,2023,2023,2,0.0,0.0,0.5,1,0.0,0.0,0,,,2,0.0,0.0,0.0,0.0,65.5,False
leg:e881e3ffa748,"Monguillot, Fernando",diputados,ELIJO CATAMARCA,2025,2026,136,0.0,0.0,0.0074,135,0.0,0.0,21,0.0,0.0,136,0.0,0.0,0.0,0.0,3.0,False
leg:e703f70e5982,"CONCA, Julio Cesar",diputados,BLOQUISTA DE SAN JUAN,2001,2003,106,0.0,0.0,0.0755,98,0.0,0.0,21,0.0,0.0,82,0.0,0.0,0.0,0.0,1.0,False
leg:a3fe69f0c24a,"Souto, Natalia Marcela",diputados,FRENTE DE TODOS,2022,2023,17,0.0,0.0,0.0588,16,0.0,0.0,1,0.0,0.0,17,0.0,0.0,0.0,0.0,66.0,False
leg:a3d1994d125a,"CORTINAS, Ismael Ramón",diputados,AUTONOMISTA DE CORRIENTES,2001,2003,106,0.0,0.0,0.5566,47,0.0,0.0,21,0.0,0.0,82,0.0,0.0,0.0,0.0,1.0,False
leg:2c9004a9261d,"WERETILNECK, ALBERTO EDGARDO",senado,JUNTOS SOMOS RIO NEGRO,2019,2023,244,0.0,0.0,0.1311,212,0.0,0.0,6,0.0,0.0,62,0.0,0.0,0.0,0.0,1.0,False
leg:2b8d61a1db2e,"Borda, Fabian Antonio",diputados,FRENTE DE TODOS,2022,2023,17,0.0,0.0,0.0588,16,0.0,0.0,1,0.0,0.0,17,0.0,0.0,0.0,0.0,66.0,False
leg:416c0a8839ef,RAMÓN José Luis,diputados,PARTIDO INTRANSIGENTE DE MENDOZA; PROTECTORA; UNIDAD Y EQUIDAD FEDERAL,2017,2021,248,0.0,0.0,0.0242,242,0.0,0.0,22,0.0,0.0,8,0.0,0.0,0.0,0.0,1.0,False
leg:e3fd1e481959,"PAROLA, Carlos",diputados,NO INTEGRA BLOQUE,2005,2005,5,0.0,0.0,1.0,0,,0.0,1,0.0,,5,0.0,,0.0,0.0,2.0,True
leg:e404c02ebda3,"Fullone, Enzo Paolo",senado,LA LIBERTAD AVANZA,2025,2026,121,0.0,0.0,0.0,121,0.0,,8,0.0,0.0,121,0.0,0.0,0.0,0.0,21.0,False
leg:a7e351754c06,DALDOVO Nelly Ramona,diputados,FRENTE DE TODOS,2019,2023,52,0.0,0.0,0.0192,51,0.0,0.0,8,0.0,0.0,17,0.0,0.0,0.0,0.0,118.0,False
leg:a63e015888d8,"De Mendieta, Mercedes",diputados,IZQUIERDA SOCIALISTA FIT-UNIDAD,2025,2025,50,0.0,0.0,0.0,50,0.0,,14,0.0,0.0,50,0.0,0.0,0.16,0.0,2.0,False
leg:3e5a7cb7e857,BOYADJIAN Graciela Eunice,diputados,MOV POP FUEGUINO; MOVIMIENTO POPULAR FUEGUINO,2014,2015,204,0.0,0.0,0.402,122,0.0,0.0,23,0.0,0.0,204,0.0,0.0,0.0,0.0,1.0,False
leg:1d2bb445b52d,"AVELÍN, Nancy Barbarita",senado,CRUZADA RENOVADORA,2004,2005,639,0.0,0.0,0.385,393,0.0,0.0,9,0.0,0.0,639,0.0,0.0,0.0,0.0,1.0,False
leg:929d25cfb09f,"Coto, Agustín",senado,LA LIBERTAD AVANZA,2025,2026,121,0.0,0.0,0.0,121,0.0,,8,0.0,0.0,121,0.0,0.0,0.0,0.0,21.0,False
leg:22ce6d2c48a7,"Figueroa, Rolando",diputados,MOVIMIENTO POPULAR NEUQUINO,2022,2023,17,0.0,0.0,0.7059,5,0.0,0.0,1,0.0,0.0,17,0.0,0.0,0.0,0.0,1.0,True
leg:236f29695a54,"Guzmán Coraita, Gonzalo",senado,LA LIBERTAD AVANZA,2025,2026,121,0.0,0.0,0.0,121,0.0,,8,0.0,0.0,121,0.0,0.0,0.0,0.0,21.0,False
leg:e9b587863160,TABOADA Jorge,diputados,"CHUBUT SOMOS TODOS; CULTURA, EDUCACION Y TRABAJO",2016,2019,520,0.0,0.0,0.425,299,0.0,0.0,24,0.0,0.0,174,0.0,0.0,0.0,0.0,1.0,False
leg:3c3697057e54,"Brizuela, Adrian",diputados,LA LIBERTAD AVANZA,2025,2026,136,0.0,0.0,0.0,136,0.0,,21,0.0,0.0,136,0.0,0.0,0.0,0.0,94.0,False
leg:99b6b72790ec,RAFFO Julio César,diputados,DIALOGO Y TRABAJO; NO INTEGRA BLOQUE,2016,2017,307,0.0,0.0,0.3127,211,0.0,0.0,9,0.0,0.0,307,0.0,0.0,0.0,0.0,1.0,False
leg:99bb6984b41e,"MARINO, Adriana del Carmen",diputados,FRENTE PRODUCCION Y TRABAJO,2005,2009,842,0.0,0.0,0.6354,307,0.0,0.0,11,0.0,0.0,251,0.0,0.0,0.0,0.0,1.0,True
leg:9c0610c77cf8,"Chumpitaz, Gabriel Felipe",diputados,FUTURO Y LIBERTAD,2022,2025,291,0.0,0.0,0.1753,240,0.0,0.0,49,0.0,0.0,274,0.0,0.0,0.0,0.0,1.0,False
leg:95f3eb988343,BÁRBARO Hector Orlando,diputados,FRENTE DE TODOS,2019,2020,31,0.0,0.0,0.0,31,0.0,,7,0.0,0.0,31,0.0,0.0,0.0,0.0,118.0,False
leg:97bbbf7cc358,"Royón, Flavia",senado,PRIMERO LOS SALTENOS,2025,2026,121,0.0,0.0,0.0083,120,0.0,0.0,8,0.0,0.0,121,0.0,0.0,0.0,0.0,1.0,False
leg:994a64e1dbf9,FAGIOLI Federico,diputados,FRENTE DE TODOS,2019,2023,52,0.0,0.0,0.0192,51,0.0,0.0,8,0.0,0.0,17,0.0,0.0,0.0,0.0,118.0,False
leg:69d90e711fce,"GONZÁLEZ RIOLLO, GABRIELA",senado,AVANZAR SAN LUIS,2021,2023,76,0.0,0.0,0.1711,63,0.0,0.0,6,0.0,0.0,62,0.0,0.0,0.0,0.0,1.0,False
leg:69ee6b189fd7,UHRIG Romina Maricel,diputados,FRENTE DE TODOS,2019,2020,31,0.0,0.0,0.0,31,0.0,,7,0.0,0.0,31,0.0,0.0,0.0,0.0,118.0,False
leg:29d93c2fb01d,"Pelli, Federico Agustin",diputados,LA LIBERTAD AVANZA,2025,2026,136,0.0,0.0,0.0,136,0.0,,21,0.0,0.0,136,0.0,0.0,0.0,0.0,94.0,False
leg:6d00c5888165,"Lopez Murphy, Ricardo Hipolito",diputados,REPUBLICANOS UNIDOS,2022,2025,291,0.0,0.0,0.5189,140,0.0,0.0,49,0.0,0.0,274,0.0,0.0,0.0,0.0,1.0,False
leg:927027ba212e,VIVERO Carlos Alberto,diputados,FRENTE DE TODOS,2019,2021,35,0.0,0.0,0.0,35,0.0,,7,0.0,0.0,8,0.0,0.0,0.0,0.0,118.0,False
leg:5682530bff68,FERNANDEZ Hector,diputados,FRENTE DE TODOS,2019,2021,35,0.0,0.0,0.0,35,0.0,,7,0.0,0.0,8,0.0,0.0,0.0,0.0,118.0,False
leg:56e9e13104d7,DI GIACOMO Luis,diputados,JUNTOS SOMOS RIO NEGRO,2019,2023,52,0.0,0.0,0.0577,49,0.0,0.0,8,0.0,0.0,17,0.0,0.0,0.0,0.0,1.0,False
leg:ed630d68f189,"ANAUATE, Carlos Alfredo",diputados,MOV. DE BASES INDEPENDIENTES; NO INTEGRA BLOQUE,2007,2007,118,0.0,0.0,0.9661,4,0.0,0.0,0,,,118,0.0,0.0,0.0,0.0,1.0,True
leg:ee35b04b19c8,"VUCASOVICH, MARIA ALEJANDRA",senado,SANTA FE FEDERAL,2021,2021,45,0.0,0.0,0.4222,26,0.0,0.0,0,,,45,0.0,0.0,0.0,0.0,1.0,False
leg:04b5318075da,"DIAZ COLODRERO, Agustín",diputados,FRENTE PARTIDO NUEVO,2001,2003,74,0.0,0.0,0.7432,19,0.0,0.0,13,0.0,0.0,50,0.0,0.0,0.0,0.0,1.0,True
leg:03d6c455994e,"Castelnuovo, Giselle",diputados,LA LIBERTAD AVANZA,2025,2026,136,0.0,0.0,0.0,136,0.0,,21,0.0,0.0,136,0.0,0.0,0.0,0.0,94.0,False
leg:8a79231478d0,VILAR Daniela,diputados,FRENTE DE TODOS,2019,2021,35,0.0,0.0,0.0,35,0.0,,7,0.0,0.0,8,0.0,0.0,0.0,0.0,118.0,False
leg:057ea4f4ae79,"MORENO RAMIREZ, Arturo Jorge",diputados,DESARROLLO Y JUSTICIA,2001,2001,24,0.0,0.0,0.5417,11,0.0,0.0,4,0.0,0.0,24,0.0,0.0,0.0,0.0,1.0,False
leg:8d3d6a481d9d,"Maureira, Karina",diputados,LA NEUQUINIDAD,2025,2026,136,0.0,0.0,0.0,136,0.0,,21,0.0,0.0,136,0.0,0.0,0.0,0.0,1.0,False
leg:7b82f983f4ab,"ROSSI, Carlos Alberto",senado,VECINALISTA - PARTIDO NUEVO,2004,2009,1397,0.0,0.0,0.2305,1075,0.0,0.0,16,0.0,0.0,350,0.0,0.0,0.0,0.0,1.0,False
leg:771cd485729c,"MARTINELLI, Guillermo Jesús",diputados,FRENTE PARA LA VICTORIA,2007,2007,68,0.0,0.0,0.0,68,0.0,,0,,,68,0.0,0.0,0.0,0.0,108.0,False
leg:c0ff25e45a10,PEÑALOZA MARIANETTI María Florencia,diputados,COMPROMISO CON SAN JUAN; SOMOS SAN JUAN,2016,2019,509,0.0,0.0,0.2259,394,0.0,0.0,24,0.0,0.0,174,0.0,0.0,0.0,0.0,1.0,False
leg:158492ff8163,"MORAY, Hector Luis",diputados,FRENTE PARTIDO NUEVO,2003,2003,32,0.0,0.0,0.5625,14,0.0,0.0,8,0.0,0.0,32,0.0,0.0,0.0,0.0,1.0,False
leg:14a4c375cab7,"Espil, Santiago Eugenio",diputados,COALICION CIVICA,2023,2023,5,0.0,0.0,0.0,5,0.0,,0,,,5,0.0,0.0,0.0,0.0,11.0,False
leg:6d0c4771b7bd,"DIAZ COLODRERO, Luis María",diputados,LIBERAL DE CORRIENTES,2001,2001,24,0.0,0.0,0.5833,10,0.0,0.0,4,0.0,,24,0.0,0.0,0.0,0.0,1.0,True
leg:6e5910de411c,"Gruber, Maura",diputados,LA LIBERTAD AVANZA,2025,2026,136,0.0,0.0,0.0,136,0.0,,21,0.0,0.0,136,0.0,0.0,0.0,0.0,94.0,False
leg:9010e2995814,"FALCO, Luis Alberto",senado,RADICAL RIONEGRINO,2004,2007,905,0.0,0.0,0.5967,365,0.0,0.0,12,0.0,0.0,248,0.0,0.0,0.0,0.0,1.0,True
leg:34333b2bf3c9,"Vilca, Alejandro",diputados,PTS-FRENTE DE IZQUIERDA UNIDAD,2022,2025,291,0.0,0.0,0.0653,272,0.0,0.0,49,0.0,0.0,274,0.0,0.0,0.0,0.0,3.0,False
leg:8dba8c707e88,ESTEVEZ Enrique Eloy,diputados,SOCIALISTA,2019,2023,52,0.0,0.0,0.1346,45,0.0,0.0,8,0.0,0.0,17,0.0,0.0,0.0,0.0,1.0,False
leg:8ea0841afbb1,RODENAS Alejandra,diputados,NUEVO ESPACIO SANTAFESINO,2017,2019,213,0.0,0.0,0.4178,124,0.0,0.0,15,0.0,0.0,174,0.0,0.0,0.0,0.0,1.0,False
leg:8bed8fa8f0bc,"Cora, Stefanía",senado,UNIDAD CIUDADANA,2025,2025,77,0.0,0.0,0.0649,72,0.0,0.0,5,0.0,0.0,77,0.0,0.0,0.0,0.0,11.0,False
leg:8b22bcb95c00,"BORRELLI, Osvaldo Martín",diputados,PARTIDO FEDERAL,2001,2001,24,0.0,0.0,0.1667,20,0.0,0.0,4,0.0,0.0,24,0.0,0.0,0.0,0.0,1.0,False
leg:8d1c50ec300e,"Ripoll, Vilma",diputados,MST - FRENTE DE IZQUIERDA Y TRABAJADORES UNIDAD,2025,2025,63,0.0,0.0,0.0,63,0.0,,15,0.0,0.0,63,0.0,0.0,0.0,0.0,1.0,False
leg:83d9d52db6c0,FADUL Liliana,diputados,PARTIDO FEDERAL FUEGUINO,2010,2013,376,0.0,0.0,0.2048,299,0.0,0.0,69,0.0,0.0,254,0.0,0.0,0.0,0.0,1.0,False
leg:2f976021807b,"Garcia, Alvaro",diputados,LA LIBERTAD AVANZA,2025,2026,136,0.0,0.0,0.0,136,0.0,,21,0.0,0.0,136,0.0,0.0,0.0,0.0,94.0,False
leg:2f4a251ea34c,ORMACHEA Claudia,diputados,FRENTE DE TODOS,2019,2023,52,0.0,0.0,0.0192,51,0.0,0.0,8,0.0,0.0,17,0.0,0.0,0.0,0.0,118.0,False
leg:2561c20859a3,"Torres, Ruben Dario",diputados,LA LIBERTAD AVANZA,2025,2026,136,0.0,0.0,0.0,136,0.0,,21,0.0,0.0,136,0.0,0.0,0.0,0.0,94.0,False
leg:83bc85d98dc8,"Hartfield, Diego",diputados,LA LIBERTAD AVANZA,2025,2026,136,0.0,0.0,0.0,136,0.0,,21,0.0,0.0,136,0.0,0.0,0.0,0.0,94.0,False
leg:1098a6634bb2,"LINARES, Jaime",senado,GEN,2011,2017,730,0.0,0.0,0.1603,613,0.0,0.0,4,0.0,0.0,280,0.0,0.0,0.0,0.0,1.0,False
leg:2fc02ea13d85,"Humenuk, Gladys",diputados,LA LIBERTAD AVANZA,2025,2026,136,0.0,0.0,0.0,136,0.0,,21,0.0,0.0,136,0.0,0.0,0.0,0.0,94.0,False
leg:2fa3774e7cce,GARRAMUÑO Jorge Alberto,diputados+senado,MOV POP FUEGUINO; MOVIMIENTO POPULAR FUEGUINO,2011,2015,400,0.0,0.0,0.28,288,0.0,0.0,56,0.0,0.0,118,0.0,0.0,0.0,0.0,1.0,False
leg:2526ab76d538,"Goitia, Rosario",diputados,LA LIBERTAD AVANZA,2025,2026,136,0.0,0.0,0.0,136,0.0,,21,0.0,0.0,136,0.0,0.0,0.0,0.0,94.0,False
leg:83af7ee34a58,MARTÍNEZ Maria Rosa,diputados,FRENTE DE TODOS,2019,2023,52,0.0,0.0,0.0192,51,0.0,0.0,8,0.0,0.0,17,0.0,0.0,0.0,0.0,118.0,False
leg:c4fc723fb188,"Niveyro, Miriam",diputados,LA LIBERTAD AVANZA,2025,2026,136,0.0,0.0,0.0,136,0.0,,21,0.0,0.0,136,0.0,0.0,0.0,0.0,94.0,False
leg:c551d7f27bfd,"Gallardo, Maria Virginia",diputados,LA LIBERTAD AVANZA,2025,2026,136,0.0,0.0,0.0,136,0.0,,21,0.0,0.0,136,0.0,0.0,0.0,0.0,94.0,False
leg:c6129b1c5170,"Frigerio, Rogelio",diputados,PRO,2022,2023,12,0.0,0.0,0.25,9,0.0,0.0,1,0.0,0.0,12,0.0,0.0,0.0,0.0,44.0,False
leg:d78450c584cb,"Almeida, Romina María",senado,LA LIBERTAD AVANZA,2025,2026,121,0.0,0.0,0.0,121,0.0,,8,0.0,0.0,121,0.0,0.0,0.0,0.0,21.0,False
leg:d6e5603bc8a7,"Roca, Gonzalo",diputados,LA LIBERTAD AVANZA,2025,2026,136,0.0,0.0,0.0,136,0.0,,21,0.0,0.0,136,0.0,0.0,0.0,0.0,94.0,False
leg:f13677c3c257,"Petrovich, Maria Lorena",diputados,LA LIBERTAD AVANZA,2025,2026,136,0.0,0.0,0.0,136,0.0,,21,0.0,0.0,136,0.0,0.0,0.0,0.0,94.0,False
leg:2a05e620799f,"Tomassoni, Yamile",diputados,LA LIBERTAD AVANZA,2025,2026,136,0.0,0.0,0.0,136,0.0,,21,0.0,0.0,136,0.0,0.0,0.0,0.0,94.0,False
leg:f6340e3ebeb9,"MONTEAGUDO, María Lucrecia",diputados,FRENTE POLO SOCIAL; PARTIDO INTRANSIGENTE,2002,2005,217,0.0,0.0,0.3041,151,0.0,0.0,22,0.0,0.0,132,0.0,0.0,0.0,0.0,1.0,False
leg:7c7a613d9e3c,MARTÍNEZ Oscar Anselmo,diputados,MOVIMIENTO SOLIDARIO POPULAR,2014,2017,511,0.0,0.0,0.272,372,0.0,0.0,32,0.0,0.0,307,0.0,0.0,0.0,0.0,1.0,False
leg:7dc6437f717a,"Reichardt, Karen",diputados,LA LIBERTAD AVANZA,2025,2026,136,0.0,0.0,0.0,136,0.0,,21,0.0,0.0,136,0.0,0.0,0.0,0.0,94.0,False
leg:06ff39ae3d52,"Castillo, Christian",diputados,PTS-FRENTE DE IZQUIERDA UNIDAD,2024,2025,274,0.0,0.0,0.0584,258,0.0,0.0,48,0.0,0.0,274,0.0,0.0,0.0,0.0,3.0,False
leg:8556608d1e45,"Ravier, Adrian",diputados,LA LIBERTAD AVANZA,2025,2026,92,0.0,0.0,0.0,92,0.0,,21,0.0,0.0,92,0.0,0.0,0.0,0.0,94.0,False
leg:d0748eae76d1,"ARANCIO DE BELLER, Mónica",senado,FRENTE CIVICO JUJENO,2004,2005,639,0.0,0.0,0.5712,274,0.0,0.0,9,0.0,0.0,639,0.0,0.0,0.0,0.0,1.0,False
leg:d03b1ff94009,"BOYADJIAN, MIRIAM RUTH",senado,MOVIMIENTO POPULAR FUEGUINO,2015,2019,453,0.0,0.0,0.1832,370,0.0,0.0,6,0.0,0.0,124,0.0,0.0,0.0,0.0,1.0,False
leg:fed6a2a2623d,WAYAR Walter Raúl,diputados,FRENTE PERONISTA FEDERAL,2010,2013,376,0.0,0.0,0.141,323,0.0,0.0,69,0.0,0.0,254,0.0,0.0,0.0,0.0,1.0,False
