camara,evidencia,acta_a,fuente_a,acta_b,fuente_b,n_votos,sobra
diputados,misma fecha + mismo recuento,argentinadatos:diputados:437,argentinadatos,ckan_diputados:437,ckan_diputados,257,argentinadatos:diputados:437
diputados,misma fecha + mismo recuento,argentinadatos:diputados:424,argentinadatos,ckan_diputados:424,ckan_diputados,257,argentinadatos:diputados:424
diputados,misma fecha + mismo recuento,argentinadatos:diputados:428,argentinadatos,ckan_diputados:428,ckan_diputados,257,argentinadatos:diputados:428
diputados,misma fecha + mismo recuento,argentinadatos:diputados:441,argentinadatos,ckan_diputados:441,ckan_diputados,257,argentinadatos:diputados:441
diputados,misma fecha + mismo recuento,argentinadatos:diputados:446,argentinadatos,ckan_diputados:446,ckan_diputados,257,argentinadatos:diputados:446
diputados,misma fecha + mismo recuento,argentinadatos:diputados:442,argentinadatos,ckan_diputados:442,ckan_diputados,257,argentinadatos:diputados:442
diputados,misma fecha + mismo recuento,argentinadatos:diputados:445,argentinadatos,ckan_diputados:445,ckan_diputados,257,argentinadatos:diputados:445
diputados,misma fecha + mismo recuento,argentinadatos:diputados:433,argentinadatos,ckan_diputados:433,ckan_diputados,257,argentinadatos:diputados:433
diputados,misma fecha + mismo recuento,argentinadatos:diputados:427,argentinadatos,ckan_diputados:427,ckan_diputados,257,argentinadatos:diputados:427
diputados,misma fecha + mismo recuento,argentinadatos:diputados:414,argentinadatos,ckan_diputados:414,ckan_diputados,257,argentinadatos:diputados:414
diputados,misma fecha + mismo recuento,argentinadatos:diputados:416,argentinadatos,ckan_diputados:416,ckan_diputados,257,argentinadatos:diputados:416
diputados,misma fecha + mismo recuento,argentinadatos:diputados:420,argentinadatos,ckan_diputados:420,ckan_diputados,257,argentinadatos:diputados:420
diputados,misma fecha + mismo recuento,argentinadatos:diputados:415,argentinadatos,ckan_diputados:415,ckan_diputados,257,argentinadatos:diputados:415
diputados,misma fecha + mismo recuento,argentinadatos:diputados:417,argentinadatos,ckan_diputados:417,ckan_diputados,257,argentinadatos:diputados:417
diputados,misma fecha + mismo recuento,argentinadatos:diputados:409,argentinadatos,ckan_diputados:409,ckan_diputados,257,argentinadatos:diputados:409
diputados,misma fecha + mismo recuento,argentinadatos:diputados:405,argentinadatos,ckan_diputados:405,ckan_diputados,257,argentinadatos:diputados:405
diputados,misma fecha + mismo recuento,argentinadatos:diputados:408,argentinadatos,ckan_diputados:408,ckan_diputados,257,argentinadatos:diputados:408
diputados,misma fecha + mismo recuento,argentinadatos:diputados:403,argentinadatos,ckan_diputados:403,ckan_diputados,257,argentinadatos:diputados:403
diputados,misma fecha + mismo recuento,argentinadatos:diputados:407,argentinadatos,ckan_diputados:407,ckan_diputados,257,argentinadatos:diputados:407
diputados,misma fecha + mismo recuento,argentinadatos:diputados:426,argentinadatos,ckan_diputados:426,ckan_diputados,257,argentinadatos:diputados:426
diputados,misma fecha + mismo recuento,argentinadatos:diputados:439,argentinadatos,ckan_diputados:439,ckan_diputados,257,argentinadatos:diputados:439
diputados,misma fecha + mismo recuento,argentinadatos:diputados:385,argentinadatos,ckan_diputados:385,ckan_diputados,257,argentinadatos:diputados:385
diputados,misma fecha + mismo recuento,argentinadatos:diputados:381,argentinadatos,ckan_diputados:381,ckan_diputados,257,argentinadatos:diputados:381
diputados,misma fecha + mismo recuento,argentinadatos:diputados:368,argentinadatos,ckan_diputados:368,ckan_diputados,257,argentinadatos:diputados:368
diputados,misma fecha + mismo recuento,argentinadatos:diputados:378,argentinadatos,ckan_diputados:378,ckan_diputados,257,argentinadatos:diputados:378
diputados,misma fecha + mismo recuento,argentinadatos:diputados:379,argentinadatos,ckan_diputados:379,ckan_diputados,257,argentinadatos:diputados:379
diputados,misma fecha + mismo recuento,argentinadatos:diputados:373,argentinadatos,ckan_diputados:373,ckan_diputados,257,argentinadatos:diputados:373
diputados,misma fecha + mismo recuento,argentinadatos:diputados:369,argentinadatos,ckan_diputados:369,ckan_diputados,257,argentinadatos:diputados:369
diputados,misma fecha + mismo recuento,argentinadatos:diputados:375,argentinadatos,ckan_diputados:375,ckan_diputados,257,argentinadatos:diputados:375
diputados,misma fecha + mismo recuento,argentinadatos:diputados:371,argentinadatos,ckan_diputados:371,ckan_diputados,257,argentinadatos:diputados:371
diputados,misma fecha + mismo recuento,argentinadatos:diputados:377,argentinadatos,ckan_diputados:377,ckan_diputados,257,argentinadatos:diputados:377
diputados,misma fecha + mismo recuento,argentinadatos:diputados:361,argentinadatos,ckan_diputados:361,ckan_diputados,257,argentinadatos:diputados:361
diputados,misma fecha + mismo recuento,argentinadatos:diputados:364,argentinadatos,ckan_diputados:364,ckan_diputados,257,argentinadatos:diputados:364
diputados,misma fecha + mismo recuento,argentinadatos:diputados:362,argentinadatos,ckan_diputados:362,ckan_diputados,257,argentinadatos:diputados:362
diputados,misma fecha + mismo recuento,argentinadatos:diputados:357,argentinadatos,ckan_diputados:357,ckan_diputados,257,argentinadatos:diputados:357
diputados,misma fecha + mismo recuento,argentinadatos:diputados:355,argentinadatos,ckan_diputados:355,ckan_diputados,257,argentinadatos:diputados:355
diputados,misma fecha + mismo recuento,argentinadatos:diputados:360,argentinadatos,ckan_diputados:360,ckan_diputados,257,argentinadatos:diputados:360
diputados,misma fecha + mismo recuento,argentinadatos:diputados:356,argentinadatos,ckan_diputados:356,ckan_diputados,257,argentinadatos:diputados:356
diputados,misma fecha + mismo recuento,argentinadatos:diputados:353,argentinadatos,ckan_diputados:353,ckan_diputados,257,argentinadatos:diputados:353
diputados,misma fecha + mismo recuento,argentinadatos:diputados:359,argentinadatos,ckan_diputados:359,ckan_diputados,257,argentinadatos:diputados:359
diputados,misma fecha + mismo recuento,argentinadatos:diputados:354,argentinadatos,ckan_diputados:354,ckan_diputados,257,argentinadatos:diputados:354
diputados,misma fecha + mismo recuento,argentinadatos:diputados:343,argentinadatos,ckan_diputados:343,ckan_diputados,257,argentinadatos:diputados:343
diputados,misma fecha + mismo recuento,argentinadatos:diputados:348,argentinadatos,ckan_diputados:348,ckan_diputados,257,argentinadatos:diputados:348
diputados,misma fecha + mismo recuento,argentinadatos:diputados:348,argentinadatos,ckan_diputados:350,ckan_diputados,257,argentinadatos:diputados:348
diputados,misma fecha + mismo recuento,argentinadatos:diputados:350,argentinadatos,ckan_diputados:348,ckan_diputados,257,argentinadatos:diputados:350
diputados,misma fecha + mismo recuento,argentinadatos:diputados:350,argentinadatos,ckan_diputados:350,ckan_diputados,257,argentinadatos:diputados:350
diputados,misma fecha + mismo recuento,argentinadatos:diputados:344,argentinadatos,ckan_diputados:344,ckan_diputados,257,argentinadatos:diputados:344
diputados,misma fecha + mismo recuento,argentinadatos:diputados:349,argentinadatos,ckan_diputados:349,ckan_diputados,257,argentinadatos:diputados:349
diputados,misma fecha + mismo recuento,argentinadatos:diputados:345,argentinadatos,ckan_diputados:345,ckan_diputados,257,argentinadatos:diputados:345
diputados,misma fecha + mismo recuento,argentinadatos:diputados:346,argentinadatos,ckan_diputados:346,ckan_diputados,257,argentinadatos:diputados:346
diputados,misma fecha + mismo recuento,argentinadatos:diputados:477,argentinadatos,ckan_diputados:477,ckan_diputados,257,argentinadatos:diputados:477
diputados,misma fecha + mismo recuento,argentinadatos:diputados:347,argentinadatos,ckan_diputados:347,ckan_diputados,257,argentinadatos:diputados:347
diputados,misma fecha + mismo recuento,argentinadatos:diputados:335,argentinadatos,ckan_diputados:335,ckan_diputados,257,argentinadatos:diputados:335
diputados,misma fecha + mismo recuento,argentinadatos:diputados:334,argentinadatos,ckan_diputados:334,ckan_diputados,257,argentinadatos:diputados:334
diputados,misma fecha + mismo recuento,argentinadatos:diputados:338,argentinadatos,ckan_diputados:338,ckan_diputados,257,argentinadatos:diputados:338
diputados,misma fecha + mismo recuento,argentinadatos:diputados:337,argentinadatos,ckan_diputados:337,ckan_diputados,257,argentinadatos:diputados:337
diputados,misma fecha + mismo recuento,argentinadatos:diputados:336,argentinadatos,ckan_diputados:336,ckan_diputados,257,argentinadatos:diputados:336
diputados,misma fecha + mismo recuento,argentinadatos:diputados:314,argentinadatos,ckan_diputados:314,ckan_diputados,257,argentinadatos:diputados:314
diputados,misma fecha + mismo recuento,argentinadatos:diputados:320,argentinadatos,ckan_diputados:320,ckan_diputados,257,argentinadatos:diputados:320
diputados,misma fecha + mismo recuento,argentinadatos:diputados:316,argentinadatos,ckan_diputados:316,ckan_diputados,257,argentinadatos:diputados:316
diputados,misma fecha + mismo recuento,argentinadatos:diputados:318,argentinadatos,ckan_diputados:318,ckan_diputados,257,argentinadatos:diputados:318
diputados,misma fecha + mismo recuento,argentinadatos:diputados:315,argentinadatos,ckan_diputados:315,ckan_diputados,257,argentinadatos:diputados:315
diputados,misma fecha + mismo recuento,argentinadatos:diputados:474,argentinadatos,ckan_diputados:474,ckan_diputados,257,argentinadatos:diputados:474
diputados,misma fecha + mismo recuento,argentinadatos:diputados:319,argentinadatos,ckan_diputados:319,ckan_diputados,257,argentinadatos:diputados:319
diputados,misma fecha + mismo recuento,argentinadatos:diputados:317,argentinadatos,ckan_diputados:317,ckan_diputados,257,argentinadatos:diputados:317
diputados,misma fecha + mismo recuento,argentinadatos:diputados:473,argentinadatos,ckan_diputados:473,ckan_diputados,257,argentinadatos:diputados:473
diputados,misma fecha + mismo recuento,argentinadatos:diputados:290,argentinadatos,ckan_diputados:290,ckan_diputados,257,argentinadatos:diputados:290
diputados,misma fecha + mismo recuento,argentinadatos:diputados:386,argentinadatos,ckan_diputados:386,ckan_diputados,257,argentinadatos:diputados:386
diputados,misma fecha + mismo recuento,argentinadatos:diputados:282,argentinadatos,ckan_diputados:282,ckan_diputados,257,argentinadatos:diputados:282
diputados,misma fecha + mismo recuento,argentinadatos:diputados:276,argentinadatos,ckan_diputados:276,ckan_diputados,257,argentinadatos:diputados:276
diputados,misma fecha + mismo recuento,argentinadatos:diputados:275,argentinadatos,ckan_diputados:275,ckan_diputados,257,argentinadatos:diputados:275
diputados,misma fecha + mismo recuento,argentinadatos:diputados:241,argentinadatos,ckan_diputados:241,ckan_diputados,257,argentinadatos:diputados:241
diputados,misma fecha + mismo recuento,argentinadatos:diputados:242,argentinadatos,ckan_diputados:242,ckan_diputados,257,argentinadatos:diputados:242
diputados,misma fecha + mismo recuento,argentinadatos:diputados:245,argentinadatos,ckan_diputados:245,ckan_diputados,257,argentinadatos:diputados:245
diputados,misma fecha + mismo recuento,argentinadatos:diputados:245,argentinadatos,ckan_diputados:246,ckan_diputados,257,argentinadatos:diputados:245
diputados,misma fecha + mismo recuento,argentinadatos:diputados:245,argentinadatos,ckan_diputados:247,ckan_diputados,257,argentinadatos:diputados:245
diputados,misma fecha + mismo recuento,argentinadatos:diputados:245,argentinadatos,ckan_diputados:249,ckan_diputados,257,argentinadatos:diputados:245
diputados,misma fecha + mismo recuento,argentinadatos:diputados:245,argentinadatos,ckan_diputados:250,ckan_diputados,257,argentinadatos:diputados:245
diputados,misma fecha + mismo recuento,argentinadatos:diputados:245,argentinadatos,ckan_diputados:251,ckan_diputados,257,argentinadatos:diputados:245
diputados,misma fecha + mismo recuento,argentinadatos:diputados:245,argentinadatos,ckan_diputados:252,ckan_diputados,257,argentinadatos:diputados:245
diputados,misma fecha + mismo recuento,argentinadatos:diputados:245,argentinadatos,ckan_diputados:253,ckan_diputados,257,argentinadatos:diputados:245
diputados,misma fecha + mismo recuento,argentinadatos:diputados:245,argentinadatos,ckan_diputados:254,ckan_diputados,257,argentinadatos:diputados:245
diputados,misma fecha + mismo recuento,argentinadatos:diputados:245,argentinadatos,ckan_diputados:255,ckan_diputados,257,argentinadatos:diputados:245
diputados,misma fecha + mismo recuento,argentinadatos:diputados:245,argentinadatos,ckan_diputados:256,ckan_diputados,257,argentinadatos:diputados:245
diputados,misma fecha + mismo recuento,argentinadatos:diputados:245,argentinadatos,ckan_diputados:257,ckan_diputados,257,argentinadatos:diputados:245
diputados,misma fecha + mismo recuento,argentinadatos:diputados:245,argentinadatos,ckan_diputados:258,ckan_diputados,257,argentinadatos:diputados:245
diputados,misma fecha + mismo recuento,argentinadatos:diputados:245,argentinadatos,ckan_diputados:259,ckan_diputados,257,argentinadatos:diputados:245
diputados,misma fecha + mismo recuento,argentinadatos:diputados:245,argentinadatos,ckan_diputados:260,ckan_diputados,257,argentinadatos:diputados:245
diputados,misma fecha + mismo recuento,argentinadatos:diputados:245,argentinadatos,ckan_diputados:261,ckan_diputados,257,argentinadatos:diputados:245
diputados,misma fecha + mismo recuento,argentinadatos:diputados:245,argentinadatos,ckan_diputados:262,ckan_diputados,257,argentinadatos:diputados:245
diputados,misma fecha + mismo recuento,argentinadatos:diputados:245,argentinadatos,ckan_diputados:263,ckan_diputados,257,argentinadatos:diputados:245
diputados,misma fecha + mismo recuento,argentinadatos:diputados:245,argentinadatos,ckan_diputados:264,ckan_diputados,257,argentinadatos:diputados:245
diputados,misma fecha + mismo recuento,argentinadatos:diputados:245,argentinadatos,ckan_diputados:265,ckan_diputados,257,argentinadatos:diputados:245
diputados,misma fecha + mismo recuento,argentinadatos:diputados:245,argentinadatos,ckan_diputados:266,ckan_diputados,257,argentinadatos:diputados:245
diputados,misma fecha + mismo recuento,argentinadatos:diputados:245,argentinadatos,ckan_diputados:267,ckan_diputados,257,argentinadatos:diputados:245
diputados,misma fecha + mismo recuento,argentinadatos:diputados:245,argentinadatos,ckan_diputados:268,ckan_diputados,257,argentinadatos:diputados:245
diputados,misma fecha + mismo recuento,argentinadatos:diputados:245,argentinadatos,ckan_diputados:269,ckan_diputados,257,argentinadatos:diputados:245
diputados,misma fecha + mismo recuento,argentinadatos:diputados:245,argentinadatos,ckan_diputados:270,ckan_diputados,257,argentinadatos:diputados:245
diputados,misma fecha + mismo recuento,argentinadatos:diputados:245,argentinadatos,ckan_diputados:271,ckan_diputados,257,argentinadatos:diputados:245
diputados,misma fecha + mismo recuento,argentinadatos:diputados:245,argentinadatos,ckan_diputados:272,ckan_diputados,257,argentinadatos:diputados:245
diputados,misma fecha + mismo recuento,argentinadatos:diputados:245,argentinadatos,ckan_diputados:273,ckan_diputados,257,argentinadatos:diputados:245
diputados,misma fecha + mismo recuento,argentinadatos:diputados:245,argentinadatos,ckan_diputados:274,ckan_diputados,257,argentinadatos:diputados:245
diputados,misma fecha + mismo recuento,argentinadatos:diputados:246,argentinadatos,ckan_diputados:245,ckan_diputados,257,argentinadatos:diputados:246
diputados,misma fecha + mismo recuento,argentinadatos:diputados:246,argentinadatos,ckan_diputados:246,ckan_diputados,257,argentinadatos:diputados:246
diputados,misma fecha + mismo recuento,argentinadatos:diputados:246,argentinadatos,ckan_diputados:247,ckan_diputados,257,argentinadatos:diputados:246
diputados,misma fecha + mismo recuento,argentinadatos:diputados:246,argentinadatos,ckan_diputados:249,ckan_diputados,257,argentinadatos:diputados:246
diputados,misma fecha + mismo recuento,argentinadatos:diputados:246,argentinadatos,ckan_diputados:250,ckan_diputados,257,argentinadatos:diputados:246
diputados,misma fecha + mismo recuento,argentinadatos:diputados:246,argentinadatos,ckan_diputados:251,ckan_diputados,257,argentinadatos:diputados:246
diputados,misma fecha + mismo recuento,argentinadatos:diputados:246,argentinadatos,ckan_diputados:252,ckan_diputados,257,argentinadatos:diputados:246
diputados,misma fecha + mismo recuento,argentinadatos:diputados:246,argentinadatos,ckan_diputados:253,ckan_diputados,257,argentinadatos:diputados:246
diputados,misma fecha + mismo recuento,argentinadatos:diputados:246,argentinadatos,ckan_diputados:254,ckan_diputados,257,argentinadatos:diputados:246
diputados,misma fecha + mismo recuento,argentinadatos:diputados:246,argentinadatos,ckan_diputados:255,ckan_diputados,257,argentinadatos:diputados:246
diputados,misma fecha + mismo recuento,argentinadatos:diputados:246,argentinadatos,ckan_diputados:256,ckan_diputados,257,argentinadatos:diputados:246
diputados,misma fecha + mismo recuento,argentinadatos:diputados:246,argentinadatos,ckan_diputados:257,ckan_diputados,257,argentinadatos:diputados:246
diputados,misma fecha + mismo recuento,argentinadatos:diputados:246,argentinadatos,ckan_diputados:258,ckan_diputados,257,argentinadatos:diputados:246
diputados,misma fecha + mismo recuento,argentinadatos:diputados:246,argentinadatos,ckan_diputados:259,ckan_diputados,257,argentinadatos:diputados:246
diputados,misma fecha + mismo recuento,argentinadatos:diputados:246,argentinadatos,ckan_diputados:260,ckan_diputados,257,argentinadatos:diputados:246
diputados,misma fecha + mismo recuento,argentinadatos:diputados:246,argentinadatos,ckan_diputados:261,ckan_diputados,257,argentinadatos:diputados:246
diputados,misma fecha + mismo recuento,argentinadatos:diputados:246,argentinadatos,ckan_diputados:262,ckan_diputados,257,argentinadatos:diputados:246
diputados,misma fecha + mismo recuento,argentinadatos:diputados:246,argentinadatos,ckan_diputados:263,ckan_diputados,257,argentinadatos:diputados:246
diputados,misma fecha + mismo recuento,argentinadatos:diputados:246,argentinadatos,ckan_diputados:264,ckan_diputados,257,argentinadatos:diputados:246
diputados,misma fecha + mismo recuento,argentinadatos:diputados:246,argentinadatos,ckan_diputados:265,ckan_diputados,257,argentinadatos:diputados:246
diputados,misma fecha + mismo recuento,argentinadatos:diputados:246,argentinadatos,ckan_diputados:266,ckan_diputados,257,argentinadatos:diputados:246
diputados,misma fecha + mismo recuento,argentinadatos:diputados:246,argentinadatos,ckan_diputados:267,ckan_diputados,257,argentinadatos:diputados:246
diputados,misma fecha + mismo recuento,argentinadatos:diputados:246,argentinadatos,ckan_diputados:268,ckan_diputados,257,argentinadatos:diputados:246
diputados,misma fecha + mismo recuento,argentinadatos:diputados:246,argentinadatos,ckan_diputados:269,ckan_diputados,257,argentinadatos:diputados:246
diputados,misma fecha + mismo recuento,argentinadatos:diputados:246,argentinadatos,ckan_diputados:270,ckan_diputados,257,argentinadatos:diputados:246
diputados,misma fecha + mismo recuento,argentinadatos:diputados:246,argentinadatos,ckan_diputados:271,ckan_diputados,257,argentinadatos:diputados:246
diputados,misma fecha + mismo recuento,argentinadatos:diputados:246,argentinadatos,ckan_diputados:272,ckan_diputados,257,argentinadatos:diputados:246
diputados,misma fecha + mismo recuento,argentinadatos:diputados:246,argentinadatos,ckan_diputados:273,ckan_diputados,257,argentinadatos:diputados:246
diputados,misma fecha + mismo recuento,argentinadatos:diputados:246,argentinadatos,ckan_diputados:274,ckan_diputados,257,argentinadatos:diputados:246
diputados,misma fecha + mismo recuento,argentinadatos:diputados:247,argentinadatos,ckan_diputados:245,ckan_diputados,257,argentinadatos:diputados:247
diputados,misma fecha + mismo recuento,argentinadatos:diputados:247,argentinadatos,ckan_diputados:246,ckan_diputados,257,argentinadatos:diputados:247
diputados,misma fecha + mismo recuento,argentinadatos:diputados:247,argentinadatos,ckan_diputados:247,ckan_diputados,257,argentinadatos:diputados:247
diputados,misma fecha + mismo recuento,argentinadatos:diputados:247,argentinadatos,ckan_diputados:249,ckan_diputados,257,argentinadatos:diputados:247
diputados,misma fecha + mismo recuento,argentinadatos:diputados:247,argentinadatos,ckan_diputados:250,ckan_diputados,257,argentinadatos:diputados:247
diputados,misma fecha + mismo recuento,argentinadatos:diputados:247,argentinadatos,ckan_diputados:251,ckan_diputados,257,argentinadatos:diputados:247
diputados,misma fecha + mismo recuento,argentinadatos:diputados:247,argentinadatos,ckan_diputados:252,ckan_diputados,257,argentinadatos:diputados:247
diputados,misma fecha + mismo recuento,argentinadatos:diputados:247,argentinadatos,ckan_diputados:253,ckan_diputados,257,argentinadatos:diputados:247
diputados,misma fecha + mismo recuento,argentinadatos:diputados:247,argentinadatos,ckan_diputados:254,ckan_diputados,257,argentinadatos:diputados:247
diputados,misma fecha + mismo recuento,argentinadatos:diputados:247,argentinadatos,ckan_diputados:255,ckan_diputados,257,argentinadatos:diputados:247
diputados,misma fecha + mismo recuento,argentinadatos:diputados:247,argentinadatos,ckan_diputados:256,ckan_diputados,257,argentinadatos:diputados:247
diputados,misma fecha + mismo recuento,argentinadatos:diputados:247,argentinadatos,ckan_diputados:257,ckan_diputados,257,argentinadatos:diputados:247
diputados,misma fecha + mismo recuento,argentinadatos:diputados:247,argentinadatos,ckan_diputados:258,ckan_diputados,257,argentinadatos:diputados:247
diputados,misma fecha + mismo recuento,argentinadatos:diputados:247,argentinadatos,ckan_diputados:259,ckan_diputados,257,argentinadatos:diputados:247
diputados,misma fecha + mismo recuento,argentinadatos:diputados:247,argentinadatos,ckan_diputados:260,ckan_diputados,257,argentinadatos:diputados:247
diputados,misma fecha + mismo recuento,argentinadatos:diputados:247,argentinadatos,ckan_diputados:261,ckan_diputados,257,argentinadatos:diputados:247
diputados,misma fecha + mismo recuento,argentinadatos:diputados:247,argentinadatos,ckan_diputados:262,ckan_diputados,257,argentinadatos:diputados:247
diputados,misma fecha + mismo recuento,argentinadatos:diputados:247,argentinadatos,ckan_diputados:263,ckan_diputados,257,argentinadatos:diputados:247
diputados,misma fecha + mismo recuento,argentinadatos:diputados:247,argentinadatos,ckan_diputados:264,ckan_diputados,257,argentinadatos:diputados:247
diputados,misma fecha + mismo recuento,argentinadatos:diputados:247,argentinadatos,ckan_diputados:265,ckan_diputados,257,argentinadatos:diputados:247
diputados,misma fecha + mismo recuento,argentinadatos:diputados:247,argentinadatos,ckan_diputados:266,ckan_diputados,257,argentinadatos:diputados:247
diputados,misma fecha + mismo recuento,argentinadatos:diputados:247,argentinadatos,ckan_diputados:267,ckan_diputados,257,argentinadatos:diputados:247
diputados,misma fecha + mismo recuento,argentinadatos:diputados:247,argentinadatos,ckan_diputados:268,ckan_diputados,257,argentinadatos:diputados:247
diputados,misma fecha + mismo recuento,argentinadatos:diputados:247,argentinadatos,ckan_diputados:269,ckan_diputados,257,argentinadatos:diputados:247
diputados,misma fecha + mismo recuento,argentinadatos:diputados:247,argentinadatos,ckan_diputados:270,ckan_diputados,257,argentinadatos:diputados:247
diputados,misma fecha + mismo recuento,argentinadatos:diputados:247,argentinadatos,ckan_diputados:271,ckan_diputados,257,argentinadatos:diputados:247
diputados,misma fecha + mismo recuento,argentinadatos:diputados:247,argentinadatos,ckan_diputados:272,ckan_diputados,257,argentinadatos:diputados:247
diputados,misma fecha + mismo recuento,argentinadatos:diputados:247,argentinadatos,ckan_diputados:273,ckan_diputados,257,argentinadatos:diputados:247
diputados,misma fecha + mismo recuento,argentinadatos:diputados:247,argentinadatos,ckan_diputados:274,ckan_diputados,257,argentinadatos:diputados:247
diputados,misma fecha + mismo recuento,argentinadatos:diputados:249,argentinadatos,ckan_diputados:245,ckan_diputados,257,argentinadatos:diputados:249
diputados,misma fecha + mismo recuento,argentinadatos:diputados:249,argentinadatos,ckan_diputados:246,ckan_diputados,257,argentinadatos:diputados:249
diputados,misma fecha + mismo recuento,argentinadatos:diputados:249,argentinadatos,ckan_diputados:247,ckan_diputados,257,argentinadatos:diputados:249
diputados,misma fecha + mismo recuento,argentinadatos:diputados:249,argentinadatos,ckan_diputados:249,ckan_diputados,257,argentinadatos:diputados:249
diputados,misma fecha + mismo recuento,argentinadatos:diputados:249,argentinadatos,ckan_diputados:250,ckan_diputados,257,argentinadatos:diputados:249
diputados,misma fecha + mismo recuento,argentinadatos:diputados:249,argentinadatos,ckan_diputados:251,ckan_diputados,257,argentinadatos:diputados:249
diputados,misma fecha + mismo recuento,argentinadatos:diputados:249,argentinadatos,ckan_diputados:252,ckan_diputados,257,argentinadatos:diputados:249
diputados,misma fecha + mismo recuento,argentinadatos:diputados:249,argentinadatos,ckan_diputados:253,ckan_diputados,257,argentinadatos:diputados:249
diputados,misma fecha + mismo recuento,argentinadatos:diputados:249,argentinadatos,ckan_diputados:254,ckan_diputados,257,argentinadatos:diputados:249
diputados,misma fecha + mismo recuento,argentinadatos:diputados:249,argentinadatos,ckan_diputados:255,ckan_diputados,257,argentinadatos:diputados:249
diputados,misma fecha + mismo recuento,argentinadatos:diputados:249,argentinadatos,ckan_diputados:256,ckan_diputados,257,argentinadatos:diputados:249
diputados,misma fecha + mismo recuento,argentinadatos:diputados:249,argentinadatos,ckan_diputados:257,ckan_diputados,257,argentinadatos:diputados:249
diputados,misma fecha + mismo recuento,argentinadatos:diputados:249,argentinadatos,ckan_diputados:258,ckan_diputados,257,argentinadatos:diputados:249
diputados,misma fecha + mismo recuento,argentinadatos:diputados:249,argentinadatos,ckan_diputados:259,ckan_diputados,257,argentinadatos:diputados:249
diputados,misma fecha + mismo recuento,argentinadatos:diputados:249,argentinadatos,ckan_diputados:260,ckan_diputados,257,argentinadatos:diputados:249
diputados,misma fecha + mismo recuento,argentinadatos:diputados:249,argentinadatos,ckan_diputados:261,ckan_diputados,257,argentinadatos:diputados:249
diputados,misma fecha + mismo recuento,argentinadatos:diputados:249,argentinadatos,ckan_diputados:262,ckan_diputados,257,argentinadatos:diputados:249
diputados,misma fecha + mismo recuento,argentinadatos:diputados:249,argentinadatos,ckan_diputados:263,ckan_diputados,257,argentinadatos:diputados:249
diputados,misma fecha + mismo recuento,argentinadatos:diputados:249,argentinadatos,ckan_diputados:264,ckan_diputados,257,argentinadatos:diputados:249
diputados,misma fecha + mismo recuento,argentinadatos:diputados:249,argentinadatos,ckan_diputados:265,ckan_diputados,257,argentinadatos:diputados:249
diputados,misma fecha + mismo recuento,argentinadatos:diputados:249,argentinadatos,ckan_diputados:266,ckan_diputados,257,argentinadatos:diputados:249
diputados,misma fecha + mismo recuento,argentinadatos:diputados:249,argentinadatos,ckan_diputados:267,ckan_diputados,257,argentinadatos:diputados:249
diputados,misma fecha + mismo recuento,argentinadatos:diputados:249,argentinadatos,ckan_diputados:268,ckan_diputados,257,argentinadatos:diputados:249
diputados,misma fecha + mismo recuento,argentinadatos:diputados:249,argentinadatos,ckan_diputados:269,ckan_diputados,257,argentinadatos:diputados:249
diputados,misma fecha + mismo recuento,argentinadatos:diputados:249,argentinadatos,ckan_diputados:270,ckan_diputados,257,argentinadatos:diputados:249
diputados,misma fecha + mismo recuento,argentinadatos:diputados:249,argentinadatos,ckan_diputados:271,ckan_diputados,257,argentinadatos:diputados:249
diputados,misma fecha + mismo recuento,argentinadatos:diputados:249,argentinadatos,ckan_diputados:272,ckan_diputados,257,argentinadatos:diputados:249
diputados,misma fecha + mismo recuento,argentinadatos:diputados:249,argentinadatos,ckan_diputados:273,ckan_diputados,257,argentinadatos:diputados:249
diputados,misma fecha + mismo recuento,argentinadatos:diputados:249,argentinadatos,ckan_diputados:274,ckan_diputados,257,argentinadatos:diputados:249
diputados,misma fecha + mismo recuento,argentinadatos:diputados:250,argentinadatos,ckan_diputados:245,ckan_diputados,257,argentinadatos:diputados:250
diputados,misma fecha + mismo recuento,argentinadatos:diputados:250,argentinadatos,ckan_diputados:246,ckan_diputados,257,argentinadatos:diputados:250
diputados,misma fecha + mismo recuento,argentinadatos:diputados:250,argentinadatos,ckan_diputados:247,ckan_diputados,257,argentinadatos:diputados:250
diputados,misma fecha + mismo recuento,argentinadatos:diputados:250,argentinadatos,ckan_diputados:249,ckan_diputados,257,argentinadatos:diputados:250
diputados,misma fecha + mismo recuento,argentinadatos:diputados:250,argentinadatos,ckan_diputados:250,ckan_diputados,257,argentinadatos:diputados:250
diputados,misma fecha + mismo recuento,argentinadatos:diputados:250,argentinadatos,ckan_diputados:251,ckan_diputados,257,argentinadatos:diputados:250
diputados,misma fecha + mismo recuento,argentinadatos:diputados:250,argentinadatos,ckan_diputados:252,ckan_diputados,257,argentinadatos:diputados:250
diputados,misma fecha + mismo recuento,argentinadatos:diputados:250,argentinadatos,ckan_diputados:253,ckan_diputados,257,argentinadatos:diputados:250
diputados,misma fecha + mismo recuento,argentinadatos:diputados:250,argentinadatos,ckan_diputados:254,ckan_diputados,257,argentinadatos:diputados:250
diputados,misma fecha + mismo recuento,argentinadatos:diputados:250,argentinadatos,ckan_diputados:255,ckan_diputados,257,argentinadatos:diputados:250
diputados,misma fecha + mismo recuento,argentinadatos:diputados:250,argentinadatos,ckan_diputados:256,ckan_diputados,257,argentinadatos:diputados:250
diputados,misma fecha + mismo recuento,argentinadatos:diputados:250,argentinadatos,ckan_diputados:257,ckan_diputados,257,argentinadatos:diputados:250
diputados,misma fecha + mismo recuento,argentinadatos:diputados:250,argentinadatos,ckan_diputados:258,ckan_diputados,257,argentinadatos:diputados:250
diputados,misma fecha + mismo recuento,argentinadatos:diputados:250,argentinadatos,ckan_diputados:259,ckan_diputados,257,argentinadatos:diputados:250
diputados,misma fecha + mismo recuento,argentinadatos:diputados:250,argentinadatos,ckan_diputados:260,ckan_diputados,257,argentinadatos:diputados:250
diputados,misma fecha + mismo recuento,argentinadatos:diputados:250,argentinadatos,ckan_diputados:261,ckan_diputados,257,argentinadatos:diputados:250
diputados,misma fecha + mismo recuento,argentinadatos:diputados:250,argentinadatos,ckan_diputados:262,ckan_diputados,257,argentinadatos:diputados:250
diputados,misma fecha + mismo recuento,argentinadatos:diputados:250,argentinadatos,ckan_diputados:263,ckan_diputados,257,argentinadatos:diputados:250
diputados,misma fecha + mismo recuento,argentinadatos:diputados:250,argentinadatos,ckan_diputados:264,ckan_diputados,257,argentinadatos:diputados:250
diputados,misma fecha + mismo recuento,argentinadatos:diputados:250,argentinadatos,ckan_diputados:265,ckan_diputados,257,argentinadatos:diputados:250
diputados,misma fecha + mismo recuento,argentinadatos:diputados:250,argentinadatos,ckan_diputados:266,ckan_diputados,257,argentinadatos:diputados:250
diputados,misma fecha + mismo recuento,argentinadatos:diputados:250,argentinadatos,ckan_diputados:267,ckan_diputados,257,argentinadatos:diputados:250
diputados,misma fecha + mismo recuento,argentinadatos:diputados:250,argentinadatos,ckan_diputados:268,ckan_diputados,257,argentinadatos:diputados:250
diputados,misma fecha + mismo recuento,argentinadatos:diputados:250,argentinadatos,ckan_diputados:269,ckan_diputados,257,argentinadatos:diputados:250
diputados,misma fecha + mismo recuento,argentinadatos:diputados:250,argentinadatos,ckan_diputados:270,ckan_diputados,257,argentinadatos:diputados:250
diputados,misma fecha + mismo recuento,argentinadatos:diputados:250,argentinadatos,ckan_diputados:271,ckan_diputados,257,argentinadatos:diputados:250
diputados,misma fecha + mismo recuento,argentinadatos:diputados:250,argentinadatos,ckan_diputados:272,ckan_diputados,257,argentinadatos:diputados:250
diputados,misma fecha + mismo recuento,argentinadatos:diputados:250,argentinadatos,ckan_diputados:273,ckan_diputados,257,argentinadatos:diputados:250
diputados,misma fecha + mismo recuento,argentinadatos:diputados:250,argentinadatos,ckan_diputados:274,ckan_diputados,257,argentinadatos:diputados:250
diputados,misma fecha + mismo recuento,argentinadatos:diputados:251,argentinadatos,ckan_diputados:245,ckan_diputados,257,argentinadatos:diputados:251
diputados,misma fecha + mismo recuento,argentinadatos:diputados:251,argentinadatos,ckan_diputados:246,ckan_diputados,257,argentinadatos:diputados:251
diputados,misma fecha + mismo recuento,argentinadatos:diputados:251,argentinadatos,ckan_diputados:247,ckan_diputados,257,argentinadatos:diputados:251
diputados,misma fecha + mismo recuento,argentinadatos:diputados:251,argentinadatos,ckan_diputados:249,ckan_diputados,257,argentinadatos:diputados:251
diputados,misma fecha + mismo recuento,argentinadatos:diputados:251,argentinadatos,ckan_diputados:250,ckan_diputados,257,argentinadatos:diputados:251
diputados,misma fecha + mismo recuento,argentinadatos:diputados:251,argentinadatos,ckan_diputados:251,ckan_diputados,257,argentinadatos:diputados:251
diputados,misma fecha + mismo recuento,argentinadatos:diputados:251,argentinadatos,ckan_diputados:252,ckan_diputados,257,argentinadatos:diputados:251
diputados,misma fecha + mismo recuento,argentinadatos:diputados:251,argentinadatos,ckan_diputados:253,ckan_diputados,257,argentinadatos:diputados:251
diputados,misma fecha + mismo recuento,argentinadatos:diputados:251,argentinadatos,ckan_diputados:254,ckan_diputados,257,argentinadatos:diputados:251
diputados,misma fecha + mismo recuento,argentinadatos:diputados:251,argentinadatos,ckan_diputados:255,ckan_diputados,257,argentinadatos:diputados:251
diputados,misma fecha + mismo recuento,argentinadatos:diputados:251,argentinadatos,ckan_diputados:256,ckan_diputados,257,argentinadatos:diputados:251
diputados,misma fecha + mismo recuento,argentinadatos:diputados:251,argentinadatos,ckan_diputados:257,ckan_diputados,257,argentinadatos:diputados:251
diputados,misma fecha + mismo recuento,argentinadatos:diputados:251,argentinadatos,ckan_diputados:258,ckan_diputados,257,argentinadatos:diputados:251
diputados,misma fecha + mismo recuento,argentinadatos:diputados:251,argentinadatos,ckan_diputados:259,ckan_diputados,257,argentinadatos:diputados:251
diputados,misma fecha + mismo recuento,argentinadatos:diputados:251,argentinadatos,ckan_diputados:260,ckan_diputados,257,argentinadatos:diputados:251
diputados,misma fecha + mismo recuento,argentinadatos:diputados:251,argentinadatos,ckan_diputados:261,ckan_diputados,257,argentinadatos:diputados:251
diputados,misma fecha + mismo recuento,argentinadatos:diputados:251,argentinadatos,ckan_diputados:262,ckan_diputados,257,argentinadatos:diputados:251
diputados,misma fecha + mismo recuento,argentinadatos:diputados:251,argentinadatos,ckan_diputados:263,ckan_diputados,257,argentinadatos:diputados:251
diputados,misma fecha + mismo recuento,argentinadatos:diputados:251,argentinadatos,ckan_diputados:264,ckan_diputados,257,argentinadatos:diputados:251
diputados,misma fecha + mismo recuento,argentinadatos:diputados:251,argentinadatos,ckan_diputados:265,ckan_diputados,257,argentinadatos:diputados:251
diputados,misma fecha + mismo recuento,argentinadatos:diputados:251,argentinadatos,ckan_diputados:266,ckan_diputados,257,argentinadatos:diputados:251
diputados,misma fecha + mismo recuento,argentinadatos:diputados:251,argentinadatos,ckan_diputados:267,ckan_diputados,257,argentinadatos:diputados:251
diputados,misma fecha + mismo recuento,argentinadatos:diputados:251,argentinadatos,ckan_diputados:268,ckan_diputados,257,argentinadatos:diputados:251
diputados,misma fecha + mismo recuento,argentinadatos:diputados:251,argentinadatos,ckan_diputados:269,ckan_diputados,257,argentinadatos:diputados:251
diputados,misma fecha + mismo recuento,argentinadatos:diputados:251,argentinadatos,ckan_diputados:270,ckan_diputados,257,argentinadatos:diputados:251
diputados,misma fecha + mismo recuento,argentinadatos:diputados:251,argentinadatos,ckan_diputados:271,ckan_diputados,257,argentinadatos:diputados:251
diputados,misma fecha + mismo recuento,argentinadatos:diputados:251,argentinadatos,ckan_diputados:272,ckan_diputados,257,argentinadatos:diputados:251
diputados,misma fecha + mismo recuento,argentinadatos:diputados:251,argentinadatos,ckan_diputados:273,ckan_diputados,257,argentinadatos:diputados:251
diputados,misma fecha + mismo recuento,argentinadatos:diputados:251,argentinadatos,ckan_diputados:274,ckan_diputados,257,argentinadatos:diputados:251
diputados,misma fecha + mismo recuento,argentinadatos:diputados:252,argentinadatos,ckan_diputados:245,ckan_diputados,257,argentinadatos:diputados:252
diputados,misma fecha + mismo recuento,argentinadatos:diputados:252,argentinadatos,ckan_diputados:246,ckan_diputados,257,argentinadatos:diputados:252
diputados,misma fecha + mismo recuento,argentinadatos:diputados:252,argentinadatos,ckan_diputados:247,ckan_diputados,257,argentinadatos:diputados:252
diputados,misma fecha + mismo recuento,argentinadatos:diputados:252,argentinadatos,ckan_diputados:249,ckan_diputados,257,argentinadatos:diputados:252
diputados,misma fecha + mismo recuento,argentinadatos:diputados:252,argentinadatos,ckan_diputados:250,ckan_diputados,257,argentinadatos:diputados:252
diputados,misma fecha + mismo recuento,argentinadatos:diputados:252,argentinadatos,ckan_diputados:251,ckan_diputados,257,argentinadatos:diputados:252
diputados,misma fecha + mismo recuento,argentinadatos:diputados:252,argentinadatos,ckan_diputados:252,ckan_diputados,257,argentinadatos:diputados:252
diputados,misma fecha + mismo recuento,argentinadatos:diputados:252,argentinadatos,ckan_diputados:253,ckan_diputados,257,argentinadatos:diputados:252
diputados,misma fecha + mismo recuento,argentinadatos:diputados:252,argentinadatos,ckan_diputados:254,ckan_diputados,257,argentinadatos:diputados:252
diputados,misma fecha + mismo recuento,argentinadatos:diputados:252,argentinadatos,ckan_diputados:255,ckan_diputados,257,argentinadatos:diputados:252
diputados,misma fecha + mismo recuento,argentinadatos:diputados:252,argentinadatos,ckan_diputados:256,ckan_diputados,257,argentinadatos:diputados:252
diputados,misma fecha + mismo recuento,argentinadatos:diputados:252,argentinadatos,ckan_diputados:257,ckan_diputados,257,argentinadatos:diputados:252
diputados,misma fecha + mismo recuento,argentinadatos:diputados:252,argentinadatos,ckan_diputados:258,ckan_diputados,257,argentinadatos:diputados:252
diputados,misma fecha + mismo recuento,argentinadatos:diputados:252,argentinadatos,ckan_diputados:259,ckan_diputados,257,argentinadatos:diputados:252
diputados,misma fecha + mismo recuento,argentinadatos:diputados:252,argentinadatos,ckan_diputados:260,ckan_diputados,257,argentinadatos:diputados:252
diputados,misma fecha + mismo recuento,argentinadatos:diputados:252,argentinadatos,ckan_diputados:261,ckan_diputados,257,argentinadatos:diputados:252
diputados,misma fecha + mismo recuento,argentinadatos:diputados:252,argentinadatos,ckan_diputados:262,ckan_diputados,257,argentinadatos:diputados:252
diputados,misma fecha + mismo recuento,argentinadatos:diputados:252,argentinadatos,ckan_diputados:263,ckan_diputados,257,argentinadatos:diputados:252
diputados,misma fecha + mismo recuento,argentinadatos:diputados:252,argentinadatos,ckan_diputados:264,ckan_diputados,257,argentinadatos:diputados:252
diputados,misma fecha + mismo recuento,argentinadatos:diputados:252,argentinadatos,ckan_diputados:265,ckan_diputados,257,argentinadatos:diputados:252
diputados,misma fecha + mismo recuento,argentinadatos:diputados:252,argentinadatos,ckan_diputados:266,ckan_diputados,257,argentinadatos:diputados:252
diputados,misma fecha + mismo recuento,argentinadatos:diputados:252,argentinadatos,ckan_diputados:267,ckan_diputados,257,argentinadatos:diputados:252
diputados,misma fecha + mismo recuento,argentinadatos:diputados:252,argentinadatos,ckan_diputados:268,ckan_diputados,257,argentinadatos:diputados:252
diputados,misma fecha + mismo recuento,argentinadatos:diputados:252,argentinadatos,ckan_diputados:269,ckan_diputados,257,argentinadatos:diputados:252
diputados,misma fecha + mismo recuento,argentinadatos:diputados:252,argentinadatos,ckan_diputados:270,ckan_diputados,257,argentinadatos:diputados:252
diputados,misma fecha + mismo recuento,argentinadatos:diputados:252,argentinadatos,ckan_diputados:271,ckan_diputados,257,argentinadatos:diputados:252
diputados,misma fecha + mismo recuento,argentinadatos:diputados:252,argentinadatos,ckan_diputados:272,ckan_diputados,257,argentinadatos:diputados:252
diputados,misma fecha + mismo recuento,argentinadatos:diputados:252,argentinadatos,ckan_diputados:273,ckan_diputados,257,argentinadatos:diputados:252
diputados,misma fecha + mismo recuento,argentinadatos:diputados:252,argentinadatos,ckan_diputados:274,ckan_diputados,257,argentinadatos:diputados:252
diputados,misma fecha + mismo recuento,argentinadatos:diputados:253,argentinadatos,ckan_diputados:245,ckan_diputados,257,argentinadatos:diputados:253
diputados,misma fecha + mismo recuento,argentinadatos:diputados:253,argentinadatos,ckan_diputados:246,ckan_diputados,257,argentinadatos:diputados:253
diputados,misma fecha + mismo recuento,argentinadatos:diputados:253,argentinadatos,ckan_diputados:247,ckan_diputados,257,argentinadatos:diputados:253
diputados,misma fecha + mismo recuento,argentinadatos:diputados:253,argentinadatos,ckan_diputados:249,ckan_diputados,257,argentinadatos:diputados:253
diputados,misma fecha + mismo recuento,argentinadatos:diputados:253,argentinadatos,ckan_diputados:250,ckan_diputados,257,argentinadatos:diputados:253
diputados,misma fecha + mismo recuento,argentinadatos:diputados:253,argentinadatos,ckan_diputados:251,ckan_diputados,257,argentinadatos:diputados:253
diputados,misma fecha + mismo recuento,argentinadatos:diputados:253,argentinadatos,ckan_diputados:252,ckan_diputados,257,argentinadatos:diputados:253
diputados,misma fecha + mismo recuento,argentinadatos:diputados:253,argentinadatos,ckan_diputados:253,ckan_diputados,257,argentinadatos:diputados:253
diputados,misma fecha + mismo recuento,argentinadatos:diputados:253,argentinadatos,ckan_diputados:254,ckan_diputados,257,argentinadatos:diputados:253
diputados,misma fecha + mismo recuento,argentinadatos:diputados:253,argentinadatos,ckan_diputados:255,ckan_diputados,257,argentinadatos:diputados:253
diputados,misma fecha + mismo recuento,argentinadatos:diputados:253,argentinadatos,ckan_diputados:256,ckan_diputados,257,argentinadatos:diputados:253
diputados,misma fecha + mismo recuento,argentinadatos:diputados:253,argentinadatos,ckan_diputados:257,ckan_diputados,257,argentinadatos:diputados:253
diputados,misma fecha + mismo recuento,argentinadatos:diputados:253,argentinadatos,ckan_diputados:258,ckan_diputados,257,argentinadatos:diputados:253
diputados,misma fecha + mismo recuento,argentinadatos:diputados:253,argentinadatos,ckan_diputados:259,ckan_diputados,257,argentinadatos:diputados:253
diputados,misma fecha + mismo recuento,argentinadatos:diputados:253,argentinadatos,ckan_diputados:260,ckan_diputados,257,argentinadatos:diputados:253
diputados,misma fecha + mismo recuento,argentinadatos:diputados:253,argentinadatos,ckan_diputados:261,ckan_diputados,257,argentinadatos:diputados:253
diputados,misma fecha + mismo recuento,argentinadatos:diputados:253,argentinadatos,ckan_diputados:262,ckan_diputados,257,argentinadatos:diputados:253
diputados,misma fecha + mismo recuento,argentinadatos:diputados:253,argentinadatos,ckan_diputados:263,ckan_diputados,257,argentinadatos:diputados:253
diputados,misma fecha + mismo recuento,argentinadatos:diputados:253,argentinadatos,ckan_diputados:264,ckan_diputados,257,argentinadatos:diputados:253
diputados,misma fecha + mismo recuento,argentinadatos:diputados:253,argentinadatos,ckan_diputados:265,ckan_diputados,257,argentinadatos:diputados:253
diputados,misma fecha + mismo recuento,argentinadatos:diputados:253,argentinadatos,ckan_diputados:266,ckan_diputados,257,argentinadatos:diputados:253
diputados,misma fecha + mismo recuento,argentinadatos:diputados:253,argentinadatos,ckan_diputados:267,ckan_diputados,257,argentinadatos:diputados:253
diputados,misma fecha + mismo recuento,argentinadatos:diputados:253,argentinadatos,ckan_diputados:268,ckan_diputados,257,argentinadatos:diputados:253
diputados,misma fecha + mismo recuento,argentinadatos:diputados:253,argentinadatos,ckan_diputados:269,ckan_diputados,257,argentinadatos:diputados:253
diputados,misma fecha + mismo recuento,argentinadatos:diputados:253,argentinadatos,ckan_diputados:270,ckan_diputados,257,argentinadatos:diputados:253
diputados,misma fecha + mismo recuento,argentinadatos:diputados:253,argentinadatos,ckan_diputados:271,ckan_diputados,257,argentinadatos:diputados:253
diputados,misma fecha + mismo recuento,argentinadatos:diputados:253,argentinadatos,ckan_diputados:272,ckan_diputados,257,argentinadatos:diputados:253
diputados,misma fecha + mismo recuento,argentinadatos:diputados:253,argentinadatos,ckan_diputados:273,ckan_diputados,257,argentinadatos:diputados:253
diputados,misma fecha + mismo recuento,argentinadatos:diputados:253,argentinadatos,ckan_diputados:274,ckan_diputados,257,argentinadatos:diputados:253
diputados,misma fecha + mismo recuento,argentinadatos:diputados:254,argentinadatos,ckan_diputados:245,ckan_diputados,257,argentinadatos:diputados:254
diputados,misma fecha + mismo recuento,argentinadatos:diputados:254,argentinadatos,ckan_diputados:246,ckan_diputados,257,argentinadatos:diputados:254
diputados,misma fecha + mismo recuento,argentinadatos:diputados:254,argentinadatos,ckan_diputados:247,ckan_diputados,257,argentinadatos:diputados:254
diputados,misma fecha + mismo recuento,argentinadatos:diputados:254,argentinadatos,ckan_diputados:249,ckan_diputados,257,argentinadatos:diputados:254
diputados,misma fecha + mismo recuento,argentinadatos:diputados:254,argentinadatos,ckan_diputados:250,ckan_diputados,257,argentinadatos:diputados:254
diputados,misma fecha + mismo recuento,argentinadatos:diputados:254,argentinadatos,ckan_diputados:251,ckan_diputados,257,argentinadatos:diputados:254
diputados,misma fecha + mismo recuento,argentinadatos:diputados:254,argentinadatos,ckan_diputados:252,ckan_diputados,257,argentinadatos:diputados:254
diputados,misma fecha + mismo recuento,argentinadatos:diputados:254,argentinadatos,ckan_diputados:253,ckan_diputados,257,argentinadatos:diputados:254
diputados,misma fecha + mismo recuento,argentinadatos:diputados:254,argentinadatos,ckan_diputados:254,ckan_diputados,257,argentinadatos:diputados:254
diputados,misma fecha + mismo recuento,argentinadatos:diputados:254,argentinadatos,ckan_diputados:255,ckan_diputados,257,argentinadatos:diputados:254
diputados,misma fecha + mismo recuento,argentinadatos:diputados:254,argentinadatos,ckan_diputados:256,ckan_diputados,257,argentinadatos:diputados:254
diputados,misma fecha + mismo recuento,argentinadatos:diputados:254,argentinadatos,ckan_diputados:257,ckan_diputados,257,argentinadatos:diputados:254
diputados,misma fecha + mismo recuento,argentinadatos:diputados:254,argentinadatos,ckan_diputados:258,ckan_diputados,257,argentinadatos:diputados:254
diputados,misma fecha + mismo recuento,argentinadatos:diputados:254,argentinadatos,ckan_diputados:259,ckan_diputados,257,argentinadatos:diputados:254
diputados,misma fecha + mismo recuento,argentinadatos:diputados:254,argentinadatos,ckan_diputados:260,ckan_diputados,257,argentinadatos:diputados:254
diputados,misma fecha + mismo recuento,argentinadatos:diputados:254,argentinadatos,ckan_diputados:261,ckan_diputados,257,argentinadatos:diputados:254
diputados,misma fecha + mismo recuento,argentinadatos:diputados:254,argentinadatos,ckan_diputados:262,ckan_diputados,257,argentinadatos:diputados:254
diputados,misma fecha + mismo recuento,argentinadatos:diputados:254,argentinadatos,ckan_diputados:263,ckan_diputados,257,argentinadatos:diputados:254
diputados,misma fecha + mismo recuento,argentinadatos:diputados:254,argentinadatos,ckan_diputados:264,ckan_diputados,257,argentinadatos:diputados:254
diputados,misma fecha + mismo recuento,argentinadatos:diputados:254,argentinadatos,ckan_diputados:265,ckan_diputados,257,argentinadatos:diputados:254
diputados,misma fecha + mismo recuento,argentinadatos:diputados:254,argentinadatos,ckan_diputados:266,ckan_diputados,257,argentinadatos:diputados:254
diputados,misma fecha + mismo recuento,argentinadatos:diputados:254,argentinadatos,ckan_diputados:267,ckan_diputados,257,argentinadatos:diputados:254
diputados,misma fecha + mismo recuento,argentinadatos:diputados:254,argentinadatos,ckan_diputados:268,ckan_diputados,257,argentinadatos:diputados:254
diputados,misma fecha + mismo recuento,argentinadatos:diputados:254,argentinadatos,ckan_diputados:269,ckan_diputados,257,argentinadatos:diputados:254
diputados,misma fecha + mismo recuento,argentinadatos:diputados:254,argentinadatos,ckan_diputados:270,ckan_diputados,257,argentinadatos:diputados:254
diputados,misma fecha + mismo recuento,argentinadatos:diputados:254,argentinadatos,ckan_diputados:271,ckan_diputados,257,argentinadatos:diputados:254
diputados,misma fecha + mismo recuento,argentinadatos:diputados:254,argentinadatos,ckan_diputados:272,ckan_diputados,257,argentinadatos:diputados:254
diputados,misma fecha + mismo recuento,argentinadatos:diputados:254,argentinadatos,ckan_diputados:273,ckan_diputados,257,argentinadatos:diputados:254
diputados,misma fecha + mismo recuento,argentinadatos:diputados:254,argentinadatos,ckan_diputados:274,ckan_diputados,257,argentinadatos:diputados:254
diputados,misma fecha + mismo recuento,argentinadatos:diputados:255,argentinadatos,ckan_diputados:245,ckan_diputados,257,argentinadatos:diputados:255
diputados,misma fecha + mismo recuento,argentinadatos:diputados:255,argentinadatos,ckan_diputados:246,ckan_diputados,257,argentinadatos:diputados:255
diputados,misma fecha + mismo recuento,argentinadatos:diputados:255,argentinadatos,ckan_diputados:247,ckan_diputados,257,argentinadatos:diputados:255
diputados,misma fecha + mismo recuento,argentinadatos:diputados:255,argentinadatos,ckan_diputados:249,ckan_diputados,257,argentinadatos:diputados:255
diputados,misma fecha + mismo recuento,argentinadatos:diputados:255,argentinadatos,ckan_diputados:250,ckan_diputados,257,argentinadatos:diputados:255
diputados,misma fecha + mismo recuento,argentinadatos:diputados:255,argentinadatos,ckan_diputados:251,ckan_diputados,257,argentinadatos:diputados:255
diputados,misma fecha + mismo recuento,argentinadatos:diputados:255,argentinadatos,ckan_diputados:252,ckan_diputados,257,argentinadatos:diputados:255
diputados,misma fecha + mismo recuento,argentinadatos:diputados:255,argentinadatos,ckan_diputados:253,ckan_diputados,257,argentinadatos:diputados:255
diputados,misma fecha + mismo recuento,argentinadatos:diputados:255,argentinadatos,ckan_diputados:254,ckan_diputados,257,argentinadatos:diputados:255
diputados,misma fecha + mismo recuento,argentinadatos:diputados:255,argentinadatos,ckan_diputados:255,ckan_diputados,257,argentinadatos:diputados:255
diputados,misma fecha + mismo recuento,argentinadatos:diputados:255,argentinadatos,ckan_diputados:256,ckan_diputados,257,argentinadatos:diputados:255
diputados,misma fecha + mismo recuento,argentinadatos:diputados:255,argentinadatos,ckan_diputados:257,ckan_diputados,257,argentinadatos:diputados:255
diputados,misma fecha + mismo recuento,argentinadatos:diputados:255,argentinadatos,ckan_diputados:258,ckan_diputados,257,argentinadatos:diputados:255
diputados,misma fecha + mismo recuento,argentinadatos:diputados:255,argentinadatos,ckan_diputados:259,ckan_diputados,257,argentinadatos:diputados:255
diputados,misma fecha + mismo recuento,argentinadatos:diputados:255,argentinadatos,ckan_diputados:260,ckan_diputados,257,argentinadatos:diputados:255
diputados,misma fecha + mismo recuento,argentinadatos:diputados:255,argentinadatos,ckan_diputados:261,ckan_diputados,257,argentinadatos:diputados:255
diputados,misma fecha + mismo recuento,argentinadatos:diputados:255,argentinadatos,ckan_diputados:262,ckan_diputados,257,argentinadatos:diputados:255
diputados,misma fecha + mismo recuento,argentinadatos:diputados:255,argentinadatos,ckan_diputados:263,ckan_diputados,257,argentinadatos:diputados:255
diputados,misma fecha + mismo recuento,argentinadatos:diputados:255,argentinadatos,ckan_diputados:264,ckan_diputados,257,argentinadatos:diputados:255
diputados,misma fecha + mismo recuento,argentinadatos:diputados:255,argentinadatos,ckan_diputados:265,ckan_diputados,257,argentinadatos:diputados:255
diputados,misma fecha + mismo recuento,argentinadatos:diputados:255,argentinadatos,ckan_diputados:266,ckan_diputados,257,argentinadatos:diputados:255
diputados,misma fecha + mismo recuento,argentinadatos:diputados:255,argentinadatos,ckan_diputados:267,ckan_diputados,257,argentinadatos:diputados:255
diputados,misma fecha + mismo recuento,argentinadatos:diputados:255,argentinadatos,ckan_diputados:268,ckan_diputados,257,argentinadatos:diputados:255
diputados,misma fecha + mismo recuento,argentinadatos:diputados:255,argentinadatos,ckan_diputados:269,ckan_diputados,257,argentinadatos:diputados:255
diputados,misma fecha + mismo recuento,argentinadatos:diputados:255,argentinadatos,ckan_diputados:270,ckan_diputados,257,argentinadatos:diputados:255
diputados,misma fecha + mismo recuento,argentinadatos:diputados:255,argentinadatos,ckan_diputados:271,ckan_diputados,257,argentinadatos:diputados:255
diputados,misma fecha + mismo recuento,argentinadatos:diputados:255,argentinadatos,ckan_diputados:272,ckan_diputados,257,argentinadatos:diputados:255
diputados,misma fecha + mismo recuento,argentinadatos:diputados:255,argentinadatos,ckan_diputados:273,ckan_diputados,257,argentinadatos:diputados:255
diputados,misma fecha + mismo recuento,argentinadatos:diputados:255,argentinadatos,ckan_diputados:274,ckan_diputados,257,argentinadatos:diputados:255
diputados,misma fecha + mismo recuento,argentinadatos:diputados:256,argentinadatos,ckan_diputados:245,ckan_diputados,257,argentinadatos:diputados:256
diputados,misma fecha + mismo recuento,argentinadatos:diputados:256,argentinadatos,ckan_diputados:246,ckan_diputados,257,argentinadatos:diputados:256
diputados,misma fecha + mismo recuento,argentinadatos:diputados:256,argentinadatos,ckan_diputados:247,ckan_diputados,257,argentinadatos:diputados:256
diputados,misma fecha + mismo recuento,argentinadatos:diputados:256,argentinadatos,ckan_diputados:249,ckan_diputados,257,argentinadatos:diputados:256
diputados,misma fecha + mismo recuento,argentinadatos:diputados:256,argentinadatos,ckan_diputados:250,ckan_diputados,257,argentinadatos:diputados:256
diputados,misma fecha + mismo recuento,argentinadatos:diputados:256,argentinadatos,ckan_diputados:251,ckan_diputados,257,argentinadatos:diputados:256
diputados,misma fecha + mismo recuento,argentinadatos:diputados:256,argentinadatos,ckan_diputados:252,ckan_diputados,257,argentinadatos:diputados:256
diputados,misma fecha + mismo recuento,argentinadatos:diputados:256,argentinadatos,ckan_diputados:253,ckan_diputados,257,argentinadatos:diputados:256
diputados,misma fecha + mismo recuento,argentinadatos:diputados:256,argentinadatos,ckan_diputados:254,ckan_diputados,257,argentinadatos:diputados:256
diputados,misma fecha + mismo recuento,argentinadatos:diputados:256,argentinadatos,ckan_diputados:255,ckan_diputados,257,argentinadatos:diputados:256
diputados,misma fecha + mismo recuento,argentinadatos:diputados:256,argentinadatos,ckan_diputados:256,ckan_diputados,257,argentinadatos:diputados:256
diputados,misma fecha + mismo recuento,argentinadatos:diputados:256,argentinadatos,ckan_diputados:257,ckan_diputados,257,argentinadatos:diputados:256
diputados,misma fecha + mismo recuento,argentinadatos:diputados:256,argentinadatos,ckan_diputados:258,ckan_diputados,257,argentinadatos:diputados:256
diputados,misma fecha + mismo recuento,argentinadatos:diputados:256,argentinadatos,ckan_diputados:259,ckan_diputados,257,argentinadatos:diputados:256
diputados,misma fecha + mismo recuento,argentinadatos:diputados:256,argentinadatos,ckan_diputados:260,ckan_diputados,257,argentinadatos:diputados:256
diputados,misma fecha + mismo recuento,argentinadatos:diputados:256,argentinadatos,ckan_diputados:261,ckan_diputados,257,argentinadatos:diputados:256
diputados,misma fecha + mismo recuento,argentinadatos:diputados:256,argentinadatos,ckan_diputados:262,ckan_diputados,257,argentinadatos:diputados:256
diputados,misma fecha + mismo recuento,argentinadatos:diputados:256,argentinadatos,ckan_diputados:263,ckan_diputados,257,argentinadatos:diputados:256
diputados,misma fecha + mismo recuento,argentinadatos:diputados:256,argentinadatos,ckan_diputados:264,ckan_diputados,257,argentinadatos:diputados:256
diputados,misma fecha + mismo recuento,argentinadatos:diputados:256,argentinadatos,ckan_diputados:265,ckan_diputados,257,argentinadatos:diputados:256
diputados,misma fecha + mismo recuento,argentinadatos:diputados:256,argentinadatos,ckan_diputados:266,ckan_diputados,257,argentinadatos:diputados:256
diputados,misma fecha + mismo recuento,argentinadatos:diputados:256,argentinadatos,ckan_diputados:267,ckan_diputados,257,argentinadatos:diputados:256
diputados,misma fecha + mismo recuento,argentinadatos:diputados:256,argentinadatos,ckan_diputados:268,ckan_diputados,257,argentinadatos:diputados:256
diputados,misma fecha + mismo recuento,argentinadatos:diputados:256,argentinadatos,ckan_diputados:269,ckan_diputados,257,argentinadatos:diputados:256
diputados,misma fecha + mismo recuento,argentinadatos:diputados:256,argentinadatos,ckan_diputados:270,ckan_diputados,257,argentinadatos:diputados:256
diputados,misma fecha + mismo recuento,argentinadatos:diputados:256,argentinadatos,ckan_diputados:271,ckan_diputados,257,argentinadatos:diputados:256
diputados,misma fecha + mismo recuento,argentinadatos:diputados:256,argentinadatos,ckan_diputados:272,ckan_diputados,257,argentinadatos:diputados:256
diputados,misma fecha + mismo recuento,argentinadatos:diputados:256,argentinadatos,ckan_diputados:273,ckan_diputados,257,argentinadatos:diputados:256
diputados,misma fecha + mismo recuento,argentinadatos:diputados:256,argentinadatos,ckan_diputados:274,ckan_diputados,257,argentinadatos:diputados:256
diputados,misma fecha + mismo recuento,argentinadatos:diputados:257,argentinadatos,ckan_diputados:245,ckan_diputados,257,argentinadatos:diputados:257
diputados,misma fecha + mismo recuento,argentinadatos:diputados:257,argentinadatos,ckan_diputados:246,ckan_diputados,257,argentinadatos:diputados:257
diputados,misma fecha + mismo recuento,argentinadatos:diputados:257,argentinadatos,ckan_diputados:247,ckan_diputados,257,argentinadatos:diputados:257
diputados,misma fecha + mismo recuento,argentinadatos:diputados:257,argentinadatos,ckan_diputados:249,ckan_diputados,257,argentinadatos:diputados:257
diputados,misma fecha + mismo recuento,argentinadatos:diputados:257,argentinadatos,ckan_diputados:250,ckan_diputados,257,argentinadatos:diputados:257
diputados,misma fecha + mismo recuento,argentinadatos:diputados:257,argentinadatos,ckan_diputados:251,ckan_diputados,257,argentinadatos:diputados:257
diputados,misma fecha + mismo recuento,argentinadatos:diputados:257,argentinadatos,ckan_diputados:252,ckan_diputados,257,argentinadatos:diputados:257
diputados,misma fecha + mismo recuento,argentinadatos:diputados:257,argentinadatos,ckan_diputados:253,ckan_diputados,257,argentinadatos:diputados:257
diputados,misma fecha + mismo recuento,argentinadatos:diputados:257,argentinadatos,ckan_diputados:254,ckan_diputados,257,argentinadatos:diputados:257
diputados,misma fecha + mismo recuento,argentinadatos:diputados:257,argentinadatos,ckan_diputados:255,ckan_diputados,257,argentinadatos:diputados:257
diputados,misma fecha + mismo recuento,argentinadatos:diputados:257,argentinadatos,ckan_diputados:256,ckan_diputados,257,argentinadatos:diputados:257
diputados,misma fecha + mismo recuento,argentinadatos:diputados:257,argentinadatos,ckan_diputados:257,ckan_diputados,257,argentinadatos:diputados:257
diputados,misma fecha + mismo recuento,argentinadatos:diputados:257,argentinadatos,ckan_diputados:258,ckan_diputados,257,argentinadatos:diputados:257
diputados,misma fecha + mismo recuento,argentinadatos:diputados:257,argentinadatos,ckan_diputados:259,ckan_diputados,257,argentinadatos:diputados:257
diputados,misma fecha + mismo recuento,argentinadatos:diputados:257,argentinadatos,ckan_diputados:260,ckan_diputados,257,argentinadatos:diputados:257
diputados,misma fecha + mismo recuento,argentinadatos:diputados:257,argentinadatos,ckan_diputados:261,ckan_diputados,257,argentinadatos:diputados:257
diputados,misma fecha + mismo recuento,argentinadatos:diputados:257,argentinadatos,ckan_diputados:262,ckan_diputados,257,argentinadatos:diputados:257
diputados,misma fecha + mismo recuento,argentinadatos:diputados:257,argentinadatos,ckan_diputados:263,ckan_diputados,257,argentinadatos:diputados:257
diputados,misma fecha + mismo recuento,argentinadatos:diputados:257,argentinadatos,ckan_diputados:264,ckan_diputados,257,argentinadatos:diputados:257
diputados,misma fecha + mismo recuento,argentinadatos:diputados:257,argentinadatos,ckan_diputados:265,ckan_diputados,257,argentinadatos:diputados:257
diputados,misma fecha + mismo recuento,argentinadatos:diputados:257,argentinadatos,ckan_diputados:266,ckan_diputados,257,argentinadatos:diputados:257
diputados,misma fecha + mismo recuento,argentinadatos:diputados:257,argentinadatos,ckan_diputados:267,ckan_diputados,257,argentinadatos:diputados:257
diputados,misma fecha + mismo recuento,argentinadatos:diputados:257,argentinadatos,ckan_diputados:268,ckan_diputados,257,argentinadatos:diputados:257
diputados,misma fecha + mismo recuento,argentinadatos:diputados:257,argentinadatos,ckan_diputados:269,ckan_diputados,257,argentinadatos:diputados:257
diputados,misma fecha + mismo recuento,argentinadatos:diputados:257,argentinadatos,ckan_diputados:270,ckan_diputados,257,argentinadatos:diputados:257
diputados,misma fecha + mismo recuento,argentinadatos:diputados:257,argentinadatos,ckan_diputados:271,ckan_diputados,257,argentinadatos:diputados:257
diputados,misma fecha + mismo recuento,argentinadatos:diputados:257,argentinadatos,ckan_diputados:272,ckan_diputados,257,argentinadatos:diputados:257
diputados,misma fecha + mismo recuento,argentinadatos:diputados:257,argentinadatos,ckan_diputados:273,ckan_diputados,257,argentinadatos:diputados:257
diputados,misma fecha + mismo recuento,argentinadatos:diputados:257,argentinadatos,ckan_diputados:274,ckan_diputados,257,argentinadatos:diputados:257
diputados,misma fecha + mismo recuento,argentinadatos:diputados:259,argentinadatos,ckan_diputados:245,ckan_diputados,257,argentinadatos:diputados:259
diputados,misma fecha + mismo recuento,argentinadatos:diputados:259,argentinadatos,ckan_diputados:246,ckan_diputados,257,argentinadatos:diputados:259
diputados,misma fecha + mismo recuento,argentinadatos:diputados:259,argentinadatos,ckan_diputados:247,ckan_diputados,257,argentinadatos:diputados:259
diputados,misma fecha + mismo recuento,argentinadatos:diputados:259,argentinadatos,ckan_diputados:249,ckan_diputados,257,argentinadatos:diputados:259
diputados,misma fecha + mismo recuento,argentinadatos:diputados:259,argentinadatos,ckan_diputados:250,ckan_diputados,257,argentinadatos:diputados:259
diputados,misma fecha + mismo recuento,argentinadatos:diputados:259,argentinadatos,ckan_diputados:251,ckan_diputados,257,argentinadatos:diputados:259
diputados,misma fecha + mismo recuento,argentinadatos:diputados:259,argentinadatos,ckan_diputados:252,ckan_diputados,257,argentinadatos:diputados:259
diputados,misma fecha + mismo recuento,argentinadatos:diputados:259,argentinadatos,ckan_diputados:253,ckan_diputados,257,argentinadatos:diputados:259
diputados,misma fecha + mismo recuento,argentinadatos:diputados:259,argentinadatos,ckan_diputados:254,ckan_diputados,257,argentinadatos:diputados:259
diputados,misma fecha + mismo recuento,argentinadatos:diputados:259,argentinadatos,ckan_diputados:255,ckan_diputados,257,argentinadatos:diputados:259
diputados,misma fecha + mismo recuento,argentinadatos:diputados:259,argentinadatos,ckan_diputados:256,ckan_diputados,257,argentinadatos:diputados:259
diputados,misma fecha + mismo recuento,argentinadatos:diputados:259,argentinadatos,ckan_diputados:257,ckan_diputados,257,argentinadatos:diputados:259
diputados,misma fecha + mismo recuento,argentinadatos:diputados:259,argentinadatos,ckan_diputados:258,ckan_diputados,257,argentinadatos:diputados:259
diputados,misma fecha + mismo recuento,argentinadatos:diputados:259,argentinadatos,ckan_diputados:259,ckan_diputados,257,argentinadatos:diputados:259
diputados,misma fecha + mismo recuento,argentinadatos:diputados:259,argentinadatos,ckan_diputados:260,ckan_diputados,257,argentinadatos:diputados:259
diputados,misma fecha + mismo recuento,argentinadatos:diputados:259,argentinadatos,ckan_diputados:261,ckan_diputados,257,argentinadatos:diputados:259
diputados,misma fecha + mismo recuento,argentinadatos:diputados:259,argentinadatos,ckan_diputados:262,ckan_diputados,257,argentinadatos:diputados:259
diputados,misma fecha + mismo recuento,argentinadatos:diputados:259,argentinadatos,ckan_diputados:263,ckan_diputados,257,argentinadatos:diputados:259
diputados,misma fecha + mismo recuento,argentinadatos:diputados:259,argentinadatos,ckan_diputados:264,ckan_diputados,257,argentinadatos:diputados:259
diputados,misma fecha + mismo recuento,argentinadatos:diputados:259,argentinadatos,ckan_diputados:265,ckan_diputados,257,argentinadatos:diputados:259
diputados,misma fecha + mismo recuento,argentinadatos:diputados:259,argentinadatos,ckan_diputados:266,ckan_diputados,257,argentinadatos:diputados:259
diputados,misma fecha + mismo recuento,argentinadatos:diputados:259,argentinadatos,ckan_diputados:267,ckan_diputados,257,argentinadatos:diputados:259
diputados,misma fecha + mismo recuento,argentinadatos:diputados:259,argentinadatos,ckan_diputados:268,ckan_diputados,257,argentinadatos:diputados:259
diputados,misma fecha + mismo recuento,argentinadatos:diputados:259,argentinadatos,ckan_diputados:269,ckan_diputados,257,argentinadatos:diputados:259
diputados,misma fecha + mismo recuento,argentinadatos:diputados:259,argentinadatos,ckan_diputados:270,ckan_diputados,257,argentinadatos:diputados:259
diputados,misma fecha + mismo recuento,argentinadatos:diputados:259,argentinadatos,ckan_diputados:271,ckan_diputados,257,argentinadatos:diputados:259
diputados,misma fecha + mismo recuento,argentinadatos:diputados:259,argentinadatos,ckan_diputados:272,ckan_diputados,257,argentinadatos:diputados:259
diputados,misma fecha + mismo recuento,argentinadatos:diputados:259,argentinadatos,ckan_diputados:273,ckan_diputados,257,argentinadatos:diputados:259
diputados,misma fecha + mismo recuento,argentinadatos:diputados:259,argentinadatos,ckan_diputados:274,ckan_diputados,257,argentinadatos:diputados:259
diputados,misma fecha + mismo recuento,argentinadatos:diputados:260,argentinadatos,ckan_diputados:245,ckan_diputados,257,argentinadatos:diputados:260
diputados,misma fecha + mismo recuento,argentinadatos:diputados:260,argentinadatos,ckan_diputados:246,ckan_diputados,257,argentinadatos:diputados:260
diputados,misma fecha + mismo recuento,argentinadatos:diputados:260,argentinadatos,ckan_diputados:247,ckan_diputados,257,argentinadatos:diputados:260
diputados,misma fecha + mismo recuento,argentinadatos:diputados:260,argentinadatos,ckan_diputados:249,ckan_diputados,257,argentinadatos:diputados:260
diputados,misma fecha + mismo recuento,argentinadatos:diputados:260,argentinadatos,ckan_diputados:250,ckan_diputados,257,argentinadatos:diputados:260
diputados,misma fecha + mismo recuento,argentinadatos:diputados:260,argentinadatos,ckan_diputados:251,ckan_diputados,257,argentinadatos:diputados:260
diputados,misma fecha + mismo recuento,argentinadatos:diputados:260,argentinadatos,ckan_diputados:252,ckan_diputados,257,argentinadatos:diputados:260
diputados,misma fecha + mismo recuento,argentinadatos:diputados:260,argentinadatos,ckan_diputados:253,ckan_diputados,257,argentinadatos:diputados:260
diputados,misma fecha + mismo recuento,argentinadatos:diputados:260,argentinadatos,ckan_diputados:254,ckan_diputados,257,argentinadatos:diputados:260
diputados,misma fecha + mismo recuento,argentinadatos:diputados:260,argentinadatos,ckan_diputados:255,ckan_diputados,257,argentinadatos:diputados:260
diputados,misma fecha + mismo recuento,argentinadatos:diputados:260,argentinadatos,ckan_diputados:256,ckan_diputados,257,argentinadatos:diputados:260
diputados,misma fecha + mismo recuento,argentinadatos:diputados:260,argentinadatos,ckan_diputados:257,ckan_diputados,257,argentinadatos:diputados:260
diputados,misma fecha + mismo recuento,argentinadatos:diputados:260,argentinadatos,ckan_diputados:258,ckan_diputados,257,argentinadatos:diputados:260
diputados,misma fecha + mismo recuento,argentinadatos:diputados:260,argentinadatos,ckan_diputados:259,ckan_diputados,257,argentinadatos:diputados:260
diputados,misma fecha + mismo recuento,argentinadatos:diputados:260,argentinadatos,ckan_diputados:260,ckan_diputados,257,argentinadatos:diputados:260
diputados,misma fecha + mismo recuento,argentinadatos:diputados:260,argentinadatos,ckan_diputados:261,ckan_diputados,257,argentinadatos:diputados:260
diputados,misma fecha + mismo recuento,argentinadatos:diputados:260,argentinadatos,ckan_diputados:262,ckan_diputados,257,argentinadatos:diputados:260
diputados,misma fecha + mismo recuento,argentinadatos:diputados:260,argentinadatos,ckan_diputados:263,ckan_diputados,257,argentinadatos:diputados:260
diputados,misma fecha + mismo recuento,argentinadatos:diputados:260,argentinadatos,ckan_diputados:264,ckan_diputados,257,argentinadatos:diputados:260
diputados,misma fecha + mismo recuento,argentinadatos:diputados:260,argentinadatos,ckan_diputados:265,ckan_diputados,257,argentinadatos:diputados:260
diputados,misma fecha + mismo recuento,argentinadatos:diputados:260,argentinadatos,ckan_diputados:266,ckan_diputados,257,argentinadatos:diputados:260
diputados,misma fecha + mismo recuento,argentinadatos:diputados:260,argentinadatos,ckan_diputados:267,ckan_diputados,257,argentinadatos:diputados:260
diputados,misma fecha + mismo recuento,argentinadatos:diputados:260,argentinadatos,ckan_diputados:268,ckan_diputados,257,argentinadatos:diputados:260
diputados,misma fecha + mismo recuento,argentinadatos:diputados:260,argentinadatos,ckan_diputados:269,ckan_diputados,257,argentinadatos:diputados:260
diputados,misma fecha + mismo recuento,argentinadatos:diputados:260,argentinadatos,ckan_diputados:270,ckan_diputados,257,argentinadatos:diputados:260
diputados,misma fecha + mismo recuento,argentinadatos:diputados:260,argentinadatos,ckan_diputados:271,ckan_diputados,257,argentinadatos:diputados:260
diputados,misma fecha + mismo recuento,argentinadatos:diputados:260,argentinadatos,ckan_diputados:272,ckan_diputados,257,argentinadatos:diputados:260
diputados,misma fecha + mismo recuento,argentinadatos:diputados:260,argentinadatos,ckan_diputados:273,ckan_diputados,257,argentinadatos:diputados:260
diputados,misma fecha + mismo recuento,argentinadatos:diputados:260,argentinadatos,ckan_diputados:274,ckan_diputados,257,argentinadatos:diputados:260
diputados,misma fecha + mismo recuento,argentinadatos:diputados:261,argentinadatos,ckan_diputados:245,ckan_diputados,257,argentinadatos:diputados:261
diputados,misma fecha + mismo recuento,argentinadatos:diputados:261,argentinadatos,ckan_diputados:246,ckan_diputados,257,argentinadatos:diputados:261
diputados,misma fecha + mismo recuento,argentinadatos:diputados:261,argentinadatos,ckan_diputados:247,ckan_diputados,257,argentinadatos:diputados:261
diputados,misma fecha + mismo recuento,argentinadatos:diputados:261,argentinadatos,ckan_diputados:249,ckan_diputados,257,argentinadatos:diputados:261
diputados,misma fecha + mismo recuento,argentinadatos:diputados:261,argentinadatos,ckan_diputados:250,ckan_diputados,257,argentinadatos:diputados:261
diputados,misma fecha + mismo recuento,argentinadatos:diputados:261,argentinadatos,ckan_diputados:251,ckan_diputados,257,argentinadatos:diputados:261
diputados,misma fecha + mismo recuento,argentinadatos:diputados:261,argentinadatos,ckan_diputados:252,ckan_diputados,257,argentinadatos:diputados:261
diputados,misma fecha + mismo recuento,argentinadatos:diputados:261,argentinadatos,ckan_diputados:253,ckan_diputados,257,argentinadatos:diputados:261
diputados,misma fecha + mismo recuento,argentinadatos:diputados:261,argentinadatos,ckan_diputados:254,ckan_diputados,257,argentinadatos:diputados:261
diputados,misma fecha + mismo recuento,argentinadatos:diputados:261,argentinadatos,ckan_diputados:255,ckan_diputados,257,argentinadatos:diputados:261
diputados,misma fecha + mismo recuento,argentinadatos:diputados:261,argentinadatos,ckan_diputados:256,ckan_diputados,257,argentinadatos:diputados:261
diputados,misma fecha + mismo recuento,argentinadatos:diputados:261,argentinadatos,ckan_diputados:257,ckan_diputados,257,argentinadatos:diputados:261
diputados,misma fecha + mismo recuento,argentinadatos:diputados:261,argentinadatos,ckan_diputados:258,ckan_diputados,257,argentinadatos:diputados:261
diputados,misma fecha + mismo recuento,argentinadatos:diputados:261,argentinadatos,ckan_diputados:259,ckan_diputados,257,argentinadatos:diputados:261
diputados,misma fecha + mismo recuento,argentinadatos:diputados:261,argentinadatos,ckan_diputados:260,ckan_diputados,257,argentinadatos:diputados:261
diputados,misma fecha + mismo recuento,argentinadatos:diputados:261,argentinadatos,ckan_diputados:261,ckan_diputados,257,argentinadatos:diputados:261
diputados,misma fecha + mismo recuento,argentinadatos:diputados:261,argentinadatos,ckan_diputados:262,ckan_diputados,257,argentinadatos:diputados:261
diputados,misma fecha + mismo recuento,argentinadatos:diputados:261,argentinadatos,ckan_diputados:263,ckan_diputados,257,argentinadatos:diputados:261
diputados,misma fecha + mismo recuento,argentinadatos:diputados:261,argentinadatos,ckan_diputados:264,ckan_diputados,257,argentinadatos:diputados:261
diputados,misma fecha + mismo recuento,argentinadatos:diputados:261,argentinadatos,ckan_diputados:265,ckan_diputados,257,argentinadatos:diputados:261
diputados,misma fecha + mismo recuento,argentinadatos:diputados:261,argentinadatos,ckan_diputados:266,ckan_diputados,257,argentinadatos:diputados:261
diputados,misma fecha + mismo recuento,argentinadatos:diputados:261,argentinadatos,ckan_diputados:267,ckan_diputados,257,argentinadatos:diputados:261
diputados,misma fecha + mismo recuento,argentinadatos:diputados:261,argentinadatos,ckan_diputados:268,ckan_diputados,257,argentinadatos:diputados:261
diputados,misma fecha + mismo recuento,argentinadatos:diputados:261,argentinadatos,ckan_diputados:269,ckan_diputados,257,argentinadatos:diputados:261
diputados,misma fecha + mismo recuento,argentinadatos:diputados:261,argentinadatos,ckan_diputados:270,ckan_diputados,257,argentinadatos:diputados:261
diputados,misma fecha + mismo recuento,argentinadatos:diputados:261,argentinadatos,ckan_diputados:271,ckan_diputados,257,argentinadatos:diputados:261
diputados,misma fecha + mismo recuento,argentinadatos:diputados:261,argentinadatos,ckan_diputados:272,ckan_diputados,257,argentinadatos:diputados:261
diputados,misma fecha + mismo recuento,argentinadatos:diputados:261,argentinadatos,ckan_diputados:273,ckan_diputados,257,argentinadatos:diputados:261
diputados,misma fecha + mismo recuento,argentinadatos:diputados:261,argentinadatos,ckan_diputados:274,ckan_diputados,257,argentinadatos:diputados:261
diputados,misma fecha + mismo recuento,argentinadatos:diputados:262,argentinadatos,ckan_diputados:245,ckan_diputados,257,argentinadatos:diputados:262
diputados,misma fecha + mismo recuento,argentinadatos:diputados:262,argentinadatos,ckan_diputados:246,ckan_diputados,257,argentinadatos:diputados:262
diputados,misma fecha + mismo recuento,argentinadatos:diputados:262,argentinadatos,ckan_diputados:247,ckan_diputados,257,argentinadatos:diputados:262
diputados,misma fecha + mismo recuento,argentinadatos:diputados:262,argentinadatos,ckan_diputados:249,ckan_diputados,257,argentinadatos:diputados:262
diputados,misma fecha + mismo recuento,argentinadatos:diputados:262,argentinadatos,ckan_diputados:250,ckan_diputados,257,argentinadatos:diputados:262
diputados,misma fecha + mismo recuento,argentinadatos:diputados:262,argentinadatos,ckan_diputados:251,ckan_diputados,257,argentinadatos:diputados:262
diputados,misma fecha + mismo recuento,argentinadatos:diputados:262,argentinadatos,ckan_diputados:252,ckan_diputados,257,argentinadatos:diputados:262
diputados,misma fecha + mismo recuento,argentinadatos:diputados:262,argentinadatos,ckan_diputados:253,ckan_diputados,257,argentinadatos:diputados:262
diputados,misma fecha + mismo recuento,argentinadatos:diputados:262,argentinadatos,ckan_diputados:254,ckan_diputados,257,argentinadatos:diputados:262
diputados,misma fecha + mismo recuento,argentinadatos:diputados:262,argentinadatos,ckan_diputados:255,ckan_diputados,257,argentinadatos:diputados:262
diputados,misma fecha + mismo recuento,argentinadatos:diputados:262,argentinadatos,ckan_diputados:256,ckan_diputados,257,argentinadatos:diputados:262
diputados,misma fecha + mismo recuento,argentinadatos:diputados:262,argentinadatos,ckan_diputados:257,ckan_diputados,257,argentinadatos:diputados:262
diputados,misma fecha + mismo recuento,argentinadatos:diputados:262,argentinadatos,ckan_diputados:258,ckan_diputados,257,argentinadatos:diputados:262
diputados,misma fecha + mismo recuento,argentinadatos:diputados:262,argentinadatos,ckan_diputados:259,ckan_diputados,257,argentinadatos:diputados:262
diputados,misma fecha + mismo recuento,argentinadatos:diputados:262,argentinadatos,ckan_diputados:260,ckan_diputados,257,argentinadatos:diputados:262
diputados,misma fecha + mismo recuento,argentinadatos:diputados:262,argentinadatos,ckan_diputados:261,ckan_diputados,257,argentinadatos:diputados:262
diputados,misma fecha + mismo recuento,argentinadatos:diputados:262,argentinadatos,ckan_diputados:262,ckan_diputados,257,argentinadatos:diputados:262
diputados,misma fecha + mismo recuento,argentinadatos:diputados:262,argentinadatos,ckan_diputados:263,ckan_diputados,257,argentinadatos:diputados:262
diputados,misma fecha + mismo recuento,argentinadatos:diputados:262,argentinadatos,ckan_diputados:264,ckan_diputados,257,argentinadatos:diputados:262
diputados,misma fecha + mismo recuento,argentinadatos:diputados:262,argentinadatos,ckan_diputados:265,ckan_diputados,257,argentinadatos:diputados:262
diputados,misma fecha + mismo recuento,argentinadatos:diputados:262,argentinadatos,ckan_diputados:266,ckan_diputados,257,argentinadatos:diputados:262
diputados,misma fecha + mismo recuento,argentinadatos:diputados:262,argentinadatos,ckan_diputados:267,ckan_diputados,257,argentinadatos:diputados:262
diputados,misma fecha + mismo recuento,argentinadatos:diputados:262,argentinadatos,ckan_diputados:268,ckan_diputados,257,argentinadatos:diputados:262
diputados,misma fecha + mismo recuento,argentinadatos:diputados:262,argentinadatos,ckan_diputados:269,ckan_diputados,257,argentinadatos:diputados:262
diputados,misma fecha + mismo recuento,argentinadatos:diputados:262,argentinadatos,ckan_diputados:270,ckan_diputados,257,argentinadatos:diputados:262
diputados,misma fecha + mismo recuento,argentinadatos:diputados:262,argentinadatos,ckan_diputados:271,ckan_diputados,257,argentinadatos:diputados:262
diputados,misma fecha + mismo recuento,argentinadatos:diputados:262,argentinadatos,ckan_diputados:272,ckan_diputados,257,argentinadatos:diputados:262
diputados,misma fecha + mismo recuento,argentinadatos:diputados:262,argentinadatos,ckan_diputados:273,ckan_diputados,257,argentinadatos:diputados:262
diputados,misma fecha + mismo recuento,argentinadatos:diputados:262,argentinadatos,ckan_diputados:274,ckan_diputados,257,argentinadatos:diputados:262
diputados,misma fecha + mismo recuento,argentinadatos:diputados:263,argentinadatos,ckan_diputados:245,ckan_diputados,257,argentinadatos:diputados:263
diputados,misma fecha + mismo recuento,argentinadatos:diputados:263,argentinadatos,ckan_diputados:246,ckan_diputados,257,argentinadatos:diputados:263
diputados,misma fecha + mismo recuento,argentinadatos:diputados:263,argentinadatos,ckan_diputados:247,ckan_diputados,257,argentinadatos:diputados:263
diputados,misma fecha + mismo recuento,argentinadatos:diputados:263,argentinadatos,ckan_diputados:249,ckan_diputados,257,argentinadatos:diputados:263
diputados,misma fecha + mismo recuento,argentinadatos:diputados:263,argentinadatos,ckan_diputados:250,ckan_diputados,257,argentinadatos:diputados:263
diputados,misma fecha + mismo recuento,argentinadatos:diputados:263,argentinadatos,ckan_diputados:251,ckan_diputados,257,argentinadatos:diputados:263
diputados,misma fecha + mismo recuento,argentinadatos:diputados:263,argentinadatos,ckan_diputados:252,ckan_diputados,257,argentinadatos:diputados:263
diputados,misma fecha + mismo recuento,argentinadatos:diputados:263,argentinadatos,ckan_diputados:253,ckan_diputados,257,argentinadatos:diputados:263
diputados,misma fecha + mismo recuento,argentinadatos:diputados:263,argentinadatos,ckan_diputados:254,ckan_diputados,257,argentinadatos:diputados:263
diputados,misma fecha + mismo recuento,argentinadatos:diputados:263,argentinadatos,ckan_diputados:255,ckan_diputados,257,argentinadatos:diputados:263
diputados,misma fecha + mismo recuento,argentinadatos:diputados:263,argentinadatos,ckan_diputados:256,ckan_diputados,257,argentinadatos:diputados:263
diputados,misma fecha + mismo recuento,argentinadatos:diputados:263,argentinadatos,ckan_diputados:257,ckan_diputados,257,argentinadatos:diputados:263
diputados,misma fecha + mismo recuento,argentinadatos:diputados:263,argentinadatos,ckan_diputados:258,ckan_diputados,257,argentinadatos:diputados:263
diputados,misma fecha + mismo recuento,argentinadatos:diputados:263,argentinadatos,ckan_diputados:259,ckan_diputados,257,argentinadatos:diputados:263
diputados,misma fecha + mismo recuento,argentinadatos:diputados:263,argentinadatos,ckan_diputados:260,ckan_diputados,257,argentinadatos:diputados:263
diputados,misma fecha + mismo recuento,argentinadatos:diputados:263,argentinadatos,ckan_diputados:261,ckan_diputados,257,argentinadatos:diputados:263
diputados,misma fecha + mismo recuento,argentinadatos:diputados:263,argentinadatos,ckan_diputados:262,ckan_diputados,257,argentinadatos:diputados:263
diputados,misma fecha + mismo recuento,argentinadatos:diputados:263,argentinadatos,ckan_diputados:263,ckan_diputados,257,argentinadatos:diputados:263
diputados,misma fecha + mismo recuento,argentinadatos:diputados:263,argentinadatos,ckan_diputados:264,ckan_diputados,257,argentinadatos:diputados:263
diputados,misma fecha + mismo recuento,argentinadatos:diputados:263,argentinadatos,ckan_diputados:265,ckan_diputados,257,argentinadatos:diputados:263
diputados,misma fecha + mismo recuento,argentinadatos:diputados:263,argentinadatos,ckan_diputados:266,ckan_diputados,257,argentinadatos:diputados:263
diputados,misma fecha + mismo recuento,argentinadatos:diputados:263,argentinadatos,ckan_diputados:267,ckan_diputados,257,argentinadatos:diputados:263
diputados,misma fecha + mismo recuento,argentinadatos:diputados:263,argentinadatos,ckan_diputados:268,ckan_diputados,257,argentinadatos:diputados:263
diputados,misma fecha + mismo recuento,argentinadatos:diputados:263,argentinadatos,ckan_diputados:269,ckan_diputados,257,argentinadatos:diputados:263
diputados,misma fecha + mismo recuento,argentinadatos:diputados:263,argentinadatos,ckan_diputados:270,ckan_diputados,257,argentinadatos:diputados:263
diputados,misma fecha + mismo recuento,argentinadatos:diputados:263,argentinadatos,ckan_diputados:271,ckan_diputados,257,argentinadatos:diputados:263
diputados,misma fecha + mismo recuento,argentinadatos:diputados:263,argentinadatos,ckan_diputados:272,ckan_diputados,257,argentinadatos:diputados:263
diputados,misma fecha + mismo recuento,argentinadatos:diputados:263,argentinadatos,ckan_diputados:273,ckan_diputados,257,argentinadatos:diputados:263
diputados,misma fecha + mismo recuento,argentinadatos:diputados:263,argentinadatos,ckan_diputados:274,ckan_diputados,257,argentinadatos:diputados:263
diputados,misma fecha + mismo recuento,argentinadatos:diputados:264,argentinadatos,ckan_diputados:245,ckan_diputados,257,argentinadatos:diputados:264
diputados,misma fecha + mismo recuento,argentinadatos:diputados:264,argentinadatos,ckan_diputados:246,ckan_diputados,257,argentinadatos:diputados:264
diputados,misma fecha + mismo recuento,argentinadatos:diputados:264,argentinadatos,ckan_diputados:247,ckan_diputados,257,argentinadatos:diputados:264
diputados,misma fecha + mismo recuento,argentinadatos:diputados:264,argentinadatos,ckan_diputados:249,ckan_diputados,257,argentinadatos:diputados:264
diputados,misma fecha + mismo recuento,argentinadatos:diputados:264,argentinadatos,ckan_diputados:250,ckan_diputados,257,argentinadatos:diputados:264
diputados,misma fecha + mismo recuento,argentinadatos:diputados:264,argentinadatos,ckan_diputados:251,ckan_diputados,257,argentinadatos:diputados:264
diputados,misma fecha + mismo recuento,argentinadatos:diputados:264,argentinadatos,ckan_diputados:252,ckan_diputados,257,argentinadatos:diputados:264
diputados,misma fecha + mismo recuento,argentinadatos:diputados:264,argentinadatos,ckan_diputados:253,ckan_diputados,257,argentinadatos:diputados:264
diputados,misma fecha + mismo recuento,argentinadatos:diputados:264,argentinadatos,ckan_diputados:254,ckan_diputados,257,argentinadatos:diputados:264
diputados,misma fecha + mismo recuento,argentinadatos:diputados:264,argentinadatos,ckan_diputados:255,ckan_diputados,257,argentinadatos:diputados:264
diputados,misma fecha + mismo recuento,argentinadatos:diputados:264,argentinadatos,ckan_diputados:256,ckan_diputados,257,argentinadatos:diputados:264
diputados,misma fecha + mismo recuento,argentinadatos:diputados:264,argentinadatos,ckan_diputados:257,ckan_diputados,257,argentinadatos:diputados:264
diputados,misma fecha + mismo recuento,argentinadatos:diputados:264,argentinadatos,ckan_diputados:258,ckan_diputados,257,argentinadatos:diputados:264
diputados,misma fecha + mismo recuento,argentinadatos:diputados:264,argentinadatos,ckan_diputados:259,ckan_diputados,257,argentinadatos:diputados:264
diputados,misma fecha + mismo recuento,argentinadatos:diputados:264,argentinadatos,ckan_diputados:260,ckan_diputados,257,argentinadatos:diputados:264
diputados,misma fecha + mismo recuento,argentinadatos:diputados:264,argentinadatos,ckan_diputados:261,ckan_diputados,257,argentinadatos:diputados:264
diputados,misma fecha + mismo recuento,argentinadatos:diputados:264,argentinadatos,ckan_diputados:262,ckan_diputados,257,argentinadatos:diputados:264
diputados,misma fecha + mismo recuento,argentinadatos:diputados:264,argentinadatos,ckan_diputados:263,ckan_diputados,257,argentinadatos:diputados:264
diputados,misma fecha + mismo recuento,argentinadatos:diputados:264,argentinadatos,ckan_diputados:264,ckan_diputados,257,argentinadatos:diputados:264
diputados,misma fecha + mismo recuento,argentinadatos:diputados:264,argentinadatos,ckan_diputados:265,ckan_diputados,257,argentinadatos:diputados:264
diputados,misma fecha + mismo recuento,argentinadatos:diputados:264,argentinadatos,ckan_diputados:266,ckan_diputados,257,argentinadatos:diputados:264
diputados,misma fecha + mismo recuento,argentinadatos:diputados:264,argentinadatos,ckan_diputados:267,ckan_diputados,257,argentinadatos:diputados:264
diputados,misma fecha + mismo recuento,argentinadatos:diputados:264,argentinadatos,ckan_diputados:268,ckan_diputados,257,argentinadatos:diputados:264
diputados,misma fecha + mismo recuento,argentinadatos:diputados:264,argentinadatos,ckan_diputados:269,ckan_diputados,257,argentinadatos:diputados:264
diputados,misma fecha + mismo recuento,argentinadatos:diputados:264,argentinadatos,ckan_diputados:270,ckan_diputados,257,argentinadatos:diputados:264
diputados,misma fecha + mismo recuento,argentinadatos:diputados:264,argentinadatos,ckan_diputados:271,ckan_diputados,257,argentinadatos:diputados:264
diputados,misma fecha + mismo recuento,argentinadatos:diputados:264,argentinadatos,ckan_diputados:272,ckan_diputados,257,argentinadatos:diputados:264
diputados,misma fecha + mismo recuento,argentinadatos:diputados:264,argentinadatos,ckan_diputados:273,ckan_diputados,257,argentinadatos:diputados:264
diputados,misma fecha + mismo recuento,argentinadatos:diputados:264,argentinadatos,ckan_diputados:274,ckan_diputados,257,argentinadatos:diputados:264
diputados,misma fecha + mismo recuento,argentinadatos:diputados:265,argentinadatos,ckan_diputados:245,ckan_diputados,257,argentinadatos:diputados:265
diputados,misma fecha + mismo recuento,argentinadatos:diputados:265,argentinadatos,ckan_diputados:246,ckan_diputados,257,argentinadatos:diputados:265
diputados,misma fecha + mismo recuento,argentinadatos:diputados:265,argentinadatos,ckan_diputados:247,ckan_diputados,257,argentinadatos:diputados:265
diputados,misma fecha + mismo recuento,argentinadatos:diputados:265,argentinadatos,ckan_diputados:249,ckan_diputados,257,argentinadatos:diputados:265
diputados,misma fecha + mismo recuento,argentinadatos:diputados:265,argentinadatos,ckan_diputados:250,ckan_diputados,257,argentinadatos:diputados:265
diputados,misma fecha + mismo recuento,argentinadatos:diputados:265,argentinadatos,ckan_diputados:251,ckan_diputados,257,argentinadatos:diputados:265
diputados,misma fecha + mismo recuento,argentinadatos:diputados:265,argentinadatos,ckan_diputados:252,ckan_diputados,257,argentinadatos:diputados:265
diputados,misma fecha + mismo recuento,argentinadatos:diputados:265,argentinadatos,ckan_diputados:253,ckan_diputados,257,argentinadatos:diputados:265
diputados,misma fecha + mismo recuento,argentinadatos:diputados:265,argentinadatos,ckan_diputados:254,ckan_diputados,257,argentinadatos:diputados:265
diputados,misma fecha + mismo recuento,argentinadatos:diputados:265,argentinadatos,ckan_diputados:255,ckan_diputados,257,argentinadatos:diputados:265
diputados,misma fecha + mismo recuento,argentinadatos:diputados:265,argentinadatos,ckan_diputados:256,ckan_diputados,257,argentinadatos:diputados:265
diputados,misma fecha + mismo recuento,argentinadatos:diputados:265,argentinadatos,ckan_diputados:257,ckan_diputados,257,argentinadatos:diputados:265
diputados,misma fecha + mismo recuento,argentinadatos:diputados:265,argentinadatos,ckan_diputados:258,ckan_diputados,257,argentinadatos:diputados:265
diputados,misma fecha + mismo recuento,argentinadatos:diputados:265,argentinadatos,ckan_diputados:259,ckan_diputados,257,argentinadatos:diputados:265
diputados,misma fecha + mismo recuento,argentinadatos:diputados:265,argentinadatos,ckan_diputados:260,ckan_diputados,257,argentinadatos:diputados:265
diputados,misma fecha + mismo recuento,argentinadatos:diputados:265,argentinadatos,ckan_diputados:261,ckan_diputados,257,argentinadatos:diputados:265
diputados,misma fecha + mismo recuento,argentinadatos:diputados:265,argentinadatos,ckan_diputados:262,ckan_diputados,257,argentinadatos:diputados:265
diputados,misma fecha + mismo recuento,argentinadatos:diputados:265,argentinadatos,ckan_diputados:263,ckan_diputados,257,argentinadatos:diputados:265
diputados,misma fecha + mismo recuento,argentinadatos:diputados:265,argentinadatos,ckan_diputados:264,ckan_diputados,257,argentinadatos:diputados:265
diputados,misma fecha + mismo recuento,argentinadatos:diputados:265,argentinadatos,ckan_diputados:265,ckan_diputados,257,argentinadatos:diputados:265
diputados,misma fecha + mismo recuento,argentinadatos:diputados:265,argentinadatos,ckan_diputados:266,ckan_diputados,257,argentinadatos:diputados:265
diputados,misma fecha + mismo recuento,argentinadatos:diputados:265,argentinadatos,ckan_diputados:267,ckan_diputados,257,argentinadatos:diputados:265
diputados,misma fecha + mismo recuento,argentinadatos:diputados:265,argentinadatos,ckan_diputados:268,ckan_diputados,257,argentinadatos:diputados:265
diputados,misma fecha + mismo recuento,argentinadatos:diputados:265,argentinadatos,ckan_diputados:269,ckan_diputados,257,argentinadatos:diputados:265
diputados,misma fecha + mismo recuento,argentinadatos:diputados:265,argentinadatos,ckan_diputados:270,ckan_diputados,257,argentinadatos:diputados:265
diputados,misma fecha + mismo recuento,argentinadatos:diputados:265,argentinadatos,ckan_diputados:271,ckan_diputados,257,argentinadatos:diputados:265
diputados,misma fecha + mismo recuento,argentinadatos:diputados:265,argentinadatos,ckan_diputados:272,ckan_diputados,257,argentinadatos:diputados:265
diputados,misma fecha + mismo recuento,argentinadatos:diputados:265,argentinadatos,ckan_diputados:273,ckan_diputados,257,argentinadatos:diputados:265
diputados,misma fecha + mismo recuento,argentinadatos:diputados:265,argentinadatos,ckan_diputados:274,ckan_diputados,257,argentinadatos:diputados:265
diputados,misma fecha + mismo recuento,argentinadatos:diputados:266,argentinadatos,ckan_diputados:245,ckan_diputados,257,argentinadatos:diputados:266
diputados,misma fecha + mismo recuento,argentinadatos:diputados:266,argentinadatos,ckan_diputados:246,ckan_diputados,257,argentinadatos:diputados:266
diputados,misma fecha + mismo recuento,argentinadatos:diputados:266,argentinadatos,ckan_diputados:247,ckan_diputados,257,argentinadatos:diputados:266
diputados,misma fecha + mismo recuento,argentinadatos:diputados:266,argentinadatos,ckan_diputados:249,ckan_diputados,257,argentinadatos:diputados:266
diputados,misma fecha + mismo recuento,argentinadatos:diputados:266,argentinadatos,ckan_diputados:250,ckan_diputados,257,argentinadatos:diputados:266
diputados,misma fecha + mismo recuento,argentinadatos:diputados:266,argentinadatos,ckan_diputados:251,ckan_diputados,257,argentinadatos:diputados:266
diputados,misma fecha + mismo recuento,argentinadatos:diputados:266,argentinadatos,ckan_diputados:252,ckan_diputados,257,argentinadatos:diputados:266
diputados,misma fecha + mismo recuento,argentinadatos:diputados:266,argentinadatos,ckan_diputados:253,ckan_diputados,257,argentinadatos:diputados:266
diputados,misma fecha + mismo recuento,argentinadatos:diputados:266,argentinadatos,ckan_diputados:254,ckan_diputados,257,argentinadatos:diputados:266
diputados,misma fecha + mismo recuento,argentinadatos:diputados:266,argentinadatos,ckan_diputados:255,ckan_diputados,257,argentinadatos:diputados:266
diputados,misma fecha + mismo recuento,argentinadatos:diputados:266,argentinadatos,ckan_diputados:256,ckan_diputados,257,argentinadatos:diputados:266
diputados,misma fecha + mismo recuento,argentinadatos:diputados:266,argentinadatos,ckan_diputados:257,ckan_diputados,257,argentinadatos:diputados:266
diputados,misma fecha + mismo recuento,argentinadatos:diputados:266,argentinadatos,ckan_diputados:258,ckan_diputados,257,argentinadatos:diputados:266
diputados,misma fecha + mismo recuento,argentinadatos:diputados:266,argentinadatos,ckan_diputados:259,ckan_diputados,257,argentinadatos:diputados:266
diputados,misma fecha + mismo recuento,argentinadatos:diputados:266,argentinadatos,ckan_diputados:260,ckan_diputados,257,argentinadatos:diputados:266
diputados,misma fecha + mismo recuento,argentinadatos:diputados:266,argentinadatos,ckan_diputados:261,ckan_diputados,257,argentinadatos:diputados:266
diputados,misma fecha + mismo recuento,argentinadatos:diputados:266,argentinadatos,ckan_diputados:262,ckan_diputados,257,argentinadatos:diputados:266
diputados,misma fecha + mismo recuento,argentinadatos:diputados:266,argentinadatos,ckan_diputados:263,ckan_diputados,257,argentinadatos:diputados:266
diputados,misma fecha + mismo recuento,argentinadatos:diputados:266,argentinadatos,ckan_diputados:264,ckan_diputados,257,argentinadatos:diputados:266
diputados,misma fecha + mismo recuento,argentinadatos:diputados:266,argentinadatos,ckan_diputados:265,ckan_diputados,257,argentinadatos:diputados:266
diputados,misma fecha + mismo recuento,argentinadatos:diputados:266,argentinadatos,ckan_diputados:266,ckan_diputados,257,argentinadatos:diputados:266
diputados,misma fecha + mismo recuento,argentinadatos:diputados:266,argentinadatos,ckan_diputados:267,ckan_diputados,257,argentinadatos:diputados:266
diputados,misma fecha + mismo recuento,argentinadatos:diputados:266,argentinadatos,ckan_diputados:268,ckan_diputados,257,argentinadatos:diputados:266
diputados,misma fecha + mismo recuento,argentinadatos:diputados:266,argentinadatos,ckan_diputados:269,ckan_diputados,257,argentinadatos:diputados:266
diputados,misma fecha + mismo recuento,argentinadatos:diputados:266,argentinadatos,ckan_diputados:270,ckan_diputados,257,argentinadatos:diputados:266
diputados,misma fecha + mismo recuento,argentinadatos:diputados:266,argentinadatos,ckan_diputados:271,ckan_diputados,257,argentinadatos:diputados:266
diputados,misma fecha + mismo recuento,argentinadatos:diputados:266,argentinadatos,ckan_diputados:272,ckan_diputados,257,argentinadatos:diputados:266
diputados,misma fecha + mismo recuento,argentinadatos:diputados:266,argentinadatos,ckan_diputados:273,ckan_diputados,257,argentinadatos:diputados:266
diputados,misma fecha + mismo recuento,argentinadatos:diputados:266,argentinadatos,ckan_diputados:274,ckan_diputados,257,argentinadatos:diputados:266
diputados,misma fecha + mismo recuento,argentinadatos:diputados:268,argentinadatos,ckan_diputados:245,ckan_diputados,257,argentinadatos:diputados:268
diputados,misma fecha + mismo recuento,argentinadatos:diputados:268,argentinadatos,ckan_diputados:246,ckan_diputados,257,argentinadatos:diputados:268
diputados,misma fecha + mismo recuento,argentinadatos:diputados:268,argentinadatos,ckan_diputados:247,ckan_diputados,257,argentinadatos:diputados:268
diputados,misma fecha + mismo recuento,argentinadatos:diputados:268,argentinadatos,ckan_diputados:249,ckan_diputados,257,argentinadatos:diputados:268
diputados,misma fecha + mismo recuento,argentinadatos:diputados:268,argentinadatos,ckan_diputados:250,ckan_diputados,257,argentinadatos:diputados:268
diputados,misma fecha + mismo recuento,argentinadatos:diputados:268,argentinadatos,ckan_diputados:251,ckan_diputados,257,argentinadatos:diputados:268
diputados,misma fecha + mismo recuento,argentinadatos:diputados:268,argentinadatos,ckan_diputados:252,ckan_diputados,257,argentinadatos:diputados:268
diputados,misma fecha + mismo recuento,argentinadatos:diputados:268,argentinadatos,ckan_diputados:253,ckan_diputados,257,argentinadatos:diputados:268
diputados,misma fecha + mismo recuento,argentinadatos:diputados:268,argentinadatos,ckan_diputados:254,ckan_diputados,257,argentinadatos:diputados:268
diputados,misma fecha + mismo recuento,argentinadatos:diputados:268,argentinadatos,ckan_diputados:255,ckan_diputados,257,argentinadatos:diputados:268
diputados,misma fecha + mismo recuento,argentinadatos:diputados:268,argentinadatos,ckan_diputados:256,ckan_diputados,257,argentinadatos:diputados:268
diputados,misma fecha + mismo recuento,argentinadatos:diputados:268,argentinadatos,ckan_diputados:257,ckan_diputados,257,argentinadatos:diputados:268
diputados,misma fecha + mismo recuento,argentinadatos:diputados:268,argentinadatos,ckan_diputados:258,ckan_diputados,257,argentinadatos:diputados:268
diputados,misma fecha + mismo recuento,argentinadatos:diputados:268,argentinadatos,ckan_diputados:259,ckan_diputados,257,argentinadatos:diputados:268
diputados,misma fecha + mismo recuento,argentinadatos:diputados:268,argentinadatos,ckan_diputados:260,ckan_diputados,257,argentinadatos:diputados:268
diputados,misma fecha + mismo recuento,argentinadatos:diputados:268,argentinadatos,ckan_diputados:261,ckan_diputados,257,argentinadatos:diputados:268
diputados,misma fecha + mismo recuento,argentinadatos:diputados:268,argentinadatos,ckan_diputados:262,ckan_diputados,257,argentinadatos:diputados:268
diputados,misma fecha + mismo recuento,argentinadatos:diputados:268,argentinadatos,ckan_diputados:263,ckan_diputados,257,argentinadatos:diputados:268
diputados,misma fecha + mismo recuento,argentinadatos:diputados:268,argentinadatos,ckan_diputados:264,ckan_diputados,257,argentinadatos:diputados:268
diputados,misma fecha + mismo recuento,argentinadatos:diputados:268,argentinadatos,ckan_diputados:265,ckan_diputados,257,argentinadatos:diputados:268
diputados,misma fecha + mismo recuento,argentinadatos:diputados:268,argentinadatos,ckan_diputados:266,ckan_diputados,257,argentinadatos:diputados:268
diputados,misma fecha + mismo recuento,argentinadatos:diputados:268,argentinadatos,ckan_diputados:267,ckan_diputados,257,argentinadatos:diputados:268
diputados,misma fecha + mismo recuento,argentinadatos:diputados:268,argentinadatos,ckan_diputados:268,ckan_diputados,257,argentinadatos:diputados:268
diputados,misma fecha + mismo recuento,argentinadatos:diputados:268,argentinadatos,ckan_diputados:269,ckan_diputados,257,argentinadatos:diputados:268
diputados,misma fecha + mismo recuento,argentinadatos:diputados:268,argentinadatos,ckan_diputados:270,ckan_diputados,257,argentinadatos:diputados:268
diputados,misma fecha + mismo recuento,argentinadatos:diputados:268,argentinadatos,ckan_diputados:271,ckan_diputados,257,argentinadatos:diputados:268
diputados,misma fecha + mismo recuento,argentinadatos:diputados:268,argentinadatos,ckan_diputados:272,ckan_diputados,257,argentinadatos:diputados:268
diputados,misma fecha + mismo recuento,argentinadatos:diputados:268,argentinadatos,ckan_diputados:273,ckan_diputados,257,argentinadatos:diputados:268
diputados,misma fecha + mismo recuento,argentinadatos:diputados:268,argentinadatos,ckan_diputados:274,ckan_diputados,257,argentinadatos:diputados:268
diputados,misma fecha + mismo recuento,argentinadatos:diputados:269,argentinadatos,ckan_diputados:245,ckan_diputados,257,argentinadatos:diputados:269
diputados,misma fecha + mismo recuento,argentinadatos:diputados:269,argentinadatos,ckan_diputados:246,ckan_diputados,257,argentinadatos:diputados:269
diputados,misma fecha + mismo recuento,argentinadatos:diputados:269,argentinadatos,ckan_diputados:247,ckan_diputados,257,argentinadatos:diputados:269
diputados,misma fecha + mismo recuento,argentinadatos:diputados:269,argentinadatos,ckan_diputados:249,ckan_diputados,257,argentinadatos:diputados:269
diputados,misma fecha + mismo recuento,argentinadatos:diputados:269,argentinadatos,ckan_diputados:250,ckan_diputados,257,argentinadatos:diputados:269
diputados,misma fecha + mismo recuento,argentinadatos:diputados:269,argentinadatos,ckan_diputados:251,ckan_diputados,257,argentinadatos:diputados:269
diputados,misma fecha + mismo recuento,argentinadatos:diputados:269,argentinadatos,ckan_diputados:252,ckan_diputados,257,argentinadatos:diputados:269
diputados,misma fecha + mismo recuento,argentinadatos:diputados:269,argentinadatos,ckan_diputados:253,ckan_diputados,257,argentinadatos:diputados:269
diputados,misma fecha + mismo recuento,argentinadatos:diputados:269,argentinadatos,ckan_diputados:254,ckan_diputados,257,argentinadatos:diputados:269
diputados,misma fecha + mismo recuento,argentinadatos:diputados:269,argentinadatos,ckan_diputados:255,ckan_diputados,257,argentinadatos:diputados:269
diputados,misma fecha + mismo recuento,argentinadatos:diputados:269,argentinadatos,ckan_diputados:256,ckan_diputados,257,argentinadatos:diputados:269
diputados,misma fecha + mismo recuento,argentinadatos:diputados:269,argentinadatos,ckan_diputados:257,ckan_diputados,257,argentinadatos:diputados:269
diputados,misma fecha + mismo recuento,argentinadatos:diputados:269,argentinadatos,ckan_diputados:258,ckan_diputados,257,argentinadatos:diputados:269
diputados,misma fecha + mismo recuento,argentinadatos:diputados:269,argentinadatos,ckan_diputados:259,ckan_diputados,257,argentinadatos:diputados:269
diputados,misma fecha + mismo recuento,argentinadatos:diputados:269,argentinadatos,ckan_diputados:260,ckan_diputados,257,argentinadatos:diputados:269
diputados,misma fecha + mismo recuento,argentinadatos:diputados:269,argentinadatos,ckan_diputados:261,ckan_diputados,257,argentinadatos:diputados:269
diputados,misma fecha + mismo recuento,argentinadatos:diputados:269,argentinadatos,ckan_diputados:262,ckan_diputados,257,argentinadatos:diputados:269
diputados,misma fecha + mismo recuento,argentinadatos:diputados:269,argentinadatos,ckan_diputados:263,ckan_diputados,257,argentinadatos:diputados:269
diputados,misma fecha + mismo recuento,argentinadatos:diputados:269,argentinadatos,ckan_diputados:264,ckan_diputados,257,argentinadatos:diputados:269
diputados,misma fecha + mismo recuento,argentinadatos:diputados:269,argentinadatos,ckan_diputados:265,ckan_diputados,257,argentinadatos:diputados:269
diputados,misma fecha + mismo recuento,argentinadatos:diputados:269,argentinadatos,ckan_diputados:266,ckan_diputados,257,argentinadatos:diputados:269
diputados,misma fecha + mismo recuento,argentinadatos:diputados:269,argentinadatos,ckan_diputados:267,ckan_diputados,257,argentinadatos:diputados:269
diputados,misma fecha + mismo recuento,argentinadatos:diputados:269,argentinadatos,ckan_diputados:268,ckan_diputados,257,argentinadatos:diputados:269
diputados,misma fecha + mismo recuento,argentinadatos:diputados:269,argentinadatos,ckan_diputados:269,ckan_diputados,257,argentinadatos:diputados:269
diputados,misma fecha + mismo recuento,argentinadatos:diputados:269,argentinadatos,ckan_diputados:270,ckan_diputados,257,argentinadatos:diputados:269
diputados,misma fecha + mismo recuento,argentinadatos:diputados:269,argentinadatos,ckan_diputados:271,ckan_diputados,257,argentinadatos:diputados:269
diputados,misma fecha + mismo recuento,argentinadatos:diputados:269,argentinadatos,ckan_diputados:272,ckan_diputados,257,argentinadatos:diputados:269
diputados,misma fecha + mismo recuento,argentinadatos:diputados:269,argentinadatos,ckan_diputados:273,ckan_diputados,257,argentinadatos:diputados:269
diputados,misma fecha + mismo recuento,argentinadatos:diputados:269,argentinadatos,ckan_diputados:274,ckan_diputados,257,argentinadatos:diputados:269
diputados,misma fecha + mismo recuento,argentinadatos:diputados:271,argentinadatos,ckan_diputados:245,ckan_diputados,257,argentinadatos:diputados:271
diputados,misma fecha + mismo recuento,argentinadatos:diputados:271,argentinadatos,ckan_diputados:246,ckan_diputados,257,argentinadatos:diputados:271
diputados,misma fecha + mismo recuento,argentinadatos:diputados:271,argentinadatos,ckan_diputados:247,ckan_diputados,257,argentinadatos:diputados:271
diputados,misma fecha + mismo recuento,argentinadatos:diputados:271,argentinadatos,ckan_diputados:249,ckan_diputados,257,argentinadatos:diputados:271
diputados,misma fecha + mismo recuento,argentinadatos:diputados:271,argentinadatos,ckan_diputados:250,ckan_diputados,257,argentinadatos:diputados:271
diputados,misma fecha + mismo recuento,argentinadatos:diputados:271,argentinadatos,ckan_diputados:251,ckan_diputados,257,argentinadatos:diputados:271
diputados,misma fecha + mismo recuento,argentinadatos:diputados:271,argentinadatos,ckan_diputados:252,ckan_diputados,257,argentinadatos:diputados:271
diputados,misma fecha + mismo recuento,argentinadatos:diputados:271,argentinadatos,ckan_diputados:253,ckan_diputados,257,argentinadatos:diputados:271
diputados,misma fecha + mismo recuento,argentinadatos:diputados:271,argentinadatos,ckan_diputados:254,ckan_diputados,257,argentinadatos:diputados:271
diputados,misma fecha + mismo recuento,argentinadatos:diputados:271,argentinadatos,ckan_diputados:255,ckan_diputados,257,argentinadatos:diputados:271
diputados,misma fecha + mismo recuento,argentinadatos:diputados:271,argentinadatos,ckan_diputados:256,ckan_diputados,257,argentinadatos:diputados:271
diputados,misma fecha + mismo recuento,argentinadatos:diputados:271,argentinadatos,ckan_diputados:257,ckan_diputados,257,argentinadatos:diputados:271
diputados,misma fecha + mismo recuento,argentinadatos:diputados:271,argentinadatos,ckan_diputados:258,ckan_diputados,257,argentinadatos:diputados:271
diputados,misma fecha + mismo recuento,argentinadatos:diputados:271,argentinadatos,ckan_diputados:259,ckan_diputados,257,argentinadatos:diputados:271
diputados,misma fecha + mismo recuento,argentinadatos:diputados:271,argentinadatos,ckan_diputados:260,ckan_diputados,257,argentinadatos:diputados:271
diputados,misma fecha + mismo recuento,argentinadatos:diputados:271,argentinadatos,ckan_diputados:261,ckan_diputados,257,argentinadatos:diputados:271
diputados,misma fecha + mismo recuento,argentinadatos:diputados:271,argentinadatos,ckan_diputados:262,ckan_diputados,257,argentinadatos:diputados:271
diputados,misma fecha + mismo recuento,argentinadatos:diputados:271,argentinadatos,ckan_diputados:263,ckan_diputados,257,argentinadatos:diputados:271
diputados,misma fecha + mismo recuento,argentinadatos:diputados:271,argentinadatos,ckan_diputados:264,ckan_diputados,257,argentinadatos:diputados:271
diputados,misma fecha + mismo recuento,argentinadatos:diputados:271,argentinadatos,ckan_diputados:265,ckan_diputados,257,argentinadatos:diputados:271
diputados,misma fecha + mismo recuento,argentinadatos:diputados:271,argentinadatos,ckan_diputados:266,ckan_diputados,257,argentinadatos:diputados:271
diputados,misma fecha + mismo recuento,argentinadatos:diputados:271,argentinadatos,ckan_diputados:267,ckan_diputados,257,argentinadatos:diputados:271
diputados,misma fecha + mismo recuento,argentinadatos:diputados:271,argentinadatos,ckan_diputados:268,ckan_diputados,257,argentinadatos:diputados:271
diputados,misma fecha + mismo recuento,argentinadatos:diputados:271,argentinadatos,ckan_diputados:269,ckan_diputados,257,argentinadatos:diputados:271
diputados,misma fecha + mismo recuento,argentinadatos:diputados:271,argentinadatos,ckan_diputados:270,ckan_diputados,257,argentinadatos:diputados:271
diputados,misma fecha + mismo recuento,argentinadatos:diputados:271,argentinadatos,ckan_diputados:271,ckan_diputados,257,argentinadatos:diputados:271
diputados,misma fecha + mismo recuento,argentinadatos:diputados:271,argentinadatos,ckan_diputados:272,ckan_diputados,257,argentinadatos:diputados:271
diputados,misma fecha + mismo recuento,argentinadatos:diputados:271,argentinadatos,ckan_diputados:273,ckan_diputados,257,argentinadatos:diputados:271
diputados,misma fecha + mismo recuento,argentinadatos:diputados:271,argentinadatos,ckan_diputados:274,ckan_diputados,257,argentinadatos:diputados:271
diputados,misma fecha + mismo recuento,argentinadatos:diputados:272,argentinadatos,ckan_diputados:245,ckan_diputados,257,argentinadatos:diputados:272
diputados,misma fecha + mismo recuento,argentinadatos:diputados:272,argentinadatos,ckan_diputados:246,ckan_diputados,257,argentinadatos:diputados:272
diputados,misma fecha + mismo recuento,argentinadatos:diputados:272,argentinadatos,ckan_diputados:247,ckan_diputados,257,argentinadatos:diputados:272
diputados,misma fecha + mismo recuento,argentinadatos:diputados:272,argentinadatos,ckan_diputados:249,ckan_diputados,257,argentinadatos:diputados:272
diputados,misma fecha + mismo recuento,argentinadatos:diputados:272,argentinadatos,ckan_diputados:250,ckan_diputados,257,argentinadatos:diputados:272
diputados,misma fecha + mismo recuento,argentinadatos:diputados:272,argentinadatos,ckan_diputados:251,ckan_diputados,257,argentinadatos:diputados:272
diputados,misma fecha + mismo recuento,argentinadatos:diputados:272,argentinadatos,ckan_diputados:252,ckan_diputados,257,argentinadatos:diputados:272
diputados,misma fecha + mismo recuento,argentinadatos:diputados:272,argentinadatos,ckan_diputados:253,ckan_diputados,257,argentinadatos:diputados:272
diputados,misma fecha + mismo recuento,argentinadatos:diputados:272,argentinadatos,ckan_diputados:254,ckan_diputados,257,argentinadatos:diputados:272
diputados,misma fecha + mismo recuento,argentinadatos:diputados:272,argentinadatos,ckan_diputados:255,ckan_diputados,257,argentinadatos:diputados:272
diputados,misma fecha + mismo recuento,argentinadatos:diputados:272,argentinadatos,ckan_diputados:256,ckan_diputados,257,argentinadatos:diputados:272
diputados,misma fecha + mismo recuento,argentinadatos:diputados:272,argentinadatos,ckan_diputados:257,ckan_diputados,257,argentinadatos:diputados:272
diputados,misma fecha + mismo recuento,argentinadatos:diputados:272,argentinadatos,ckan_diputados:258,ckan_diputados,257,argentinadatos:diputados:272
diputados,misma fecha + mismo recuento,argentinadatos:diputados:272,argentinadatos,ckan_diputados:259,ckan_diputados,257,argentinadatos:diputados:272
diputados,misma fecha + mismo recuento,argentinadatos:diputados:272,argentinadatos,ckan_diputados:260,ckan_diputados,257,argentinadatos:diputados:272
diputados,misma fecha + mismo recuento,argentinadatos:diputados:272,argentinadatos,ckan_diputados:261,ckan_diputados,257,argentinadatos:diputados:272
diputados,misma fecha + mismo recuento,argentinadatos:diputados:272,argentinadatos,ckan_diputados:262,ckan_diputados,257,argentinadatos:diputados:272
diputados,misma fecha + mismo recuento,argentinadatos:diputados:272,argentinadatos,ckan_diputados:263,ckan_diputados,257,argentinadatos:diputados:272
diputados,misma fecha + mismo recuento,argentinadatos:diputados:272,argentinadatos,ckan_diputados:264,ckan_diputados,257,argentinadatos:diputados:272
diputados,misma fecha + mismo recuento,argentinadatos:diputados:272,argentinadatos,ckan_diputados:265,ckan_diputados,257,argentinadatos:diputados:272
diputados,misma fecha + mismo recuento,argentinadatos:diputados:272,argentinadatos,ckan_diputados:266,ckan_diputados,257,argentinadatos:diputados:272
diputados,misma fecha + mismo recuento,argentinadatos:diputados:272,argentinadatos,ckan_diputados:267,ckan_diputados,257,argentinadatos:diputados:272
diputados,misma fecha + mismo recuento,argentinadatos:diputados:272,argentinadatos,ckan_diputados:268,ckan_diputados,257,argentinadatos:diputados:272
diputados,misma fecha + mismo recuento,argentinadatos:diputados:272,argentinadatos,ckan_diputados:269,ckan_diputados,257,argentinadatos:diputados:272
diputados,misma fecha + mismo recuento,argentinadatos:diputados:272,argentinadatos,ckan_diputados:270,ckan_diputados,257,argentinadatos:diputados:272
diputados,misma fecha + mismo recuento,argentinadatos:diputados:272,argentinadatos,ckan_diputados:271,ckan_diputados,257,argentinadatos:diputados:272
diputados,misma fecha + mismo recuento,argentinadatos:diputados:272,argentinadatos,ckan_diputados:272,ckan_diputados,257,argentinadatos:diputados:272
diputados,misma fecha + mismo recuento,argentinadatos:diputados:272,argentinadatos,ckan_diputados:273,ckan_diputados,257,argentinadatos:diputados:272
diputados,misma fecha + mismo recuento,argentinadatos:diputados:272,argentinadatos,ckan_diputados:274,ckan_diputados,257,argentinadatos:diputados:272
diputados,misma fecha + mismo recuento,argentinadatos:diputados:274,argentinadatos,ckan_diputados:245,ckan_diputados,257,argentinadatos:diputados:274
diputados,misma fecha + mismo recuento,argentinadatos:diputados:274,argentinadatos,ckan_diputados:246,ckan_diputados,257,argentinadatos:diputados:274
diputados,misma fecha + mismo recuento,argentinadatos:diputados:274,argentinadatos,ckan_diputados:247,ckan_diputados,257,argentinadatos:diputados:274
diputados,misma fecha + mismo recuento,argentinadatos:diputados:274,argentinadatos,ckan_diputados:249,ckan_diputados,257,argentinadatos:diputados:274
diputados,misma fecha + mismo recuento,argentinadatos:diputados:274,argentinadatos,ckan_diputados:250,ckan_diputados,257,argentinadatos:diputados:274
diputados,misma fecha + mismo recuento,argentinadatos:diputados:274,argentinadatos,ckan_diputados:251,ckan_diputados,257,argentinadatos:diputados:274
diputados,misma fecha + mismo recuento,argentinadatos:diputados:274,argentinadatos,ckan_diputados:252,ckan_diputados,257,argentinadatos:diputados:274
diputados,misma fecha + mismo recuento,argentinadatos:diputados:274,argentinadatos,ckan_diputados:253,ckan_diputados,257,argentinadatos:diputados:274
diputados,misma fecha + mismo recuento,argentinadatos:diputados:274,argentinadatos,ckan_diputados:254,ckan_diputados,257,argentinadatos:diputados:274
diputados,misma fecha + mismo recuento,argentinadatos:diputados:274,argentinadatos,ckan_diputados:255,ckan_diputados,257,argentinadatos:diputados:274
diputados,misma fecha + mismo recuento,argentinadatos:diputados:274,argentinadatos,ckan_diputados:256,ckan_diputados,257,argentinadatos:diputados:274
diputados,misma fecha + mismo recuento,argentinadatos:diputados:274,argentinadatos,ckan_diputados:257,ckan_diputados,257,argentinadatos:diputados:274
diputados,misma fecha + mismo recuento,argentinadatos:diputados:274,argentinadatos,ckan_diputados:258,ckan_diputados,257,argentinadatos:diputados:274
diputados,misma fecha + mismo recuento,argentinadatos:diputados:274,argentinadatos,ckan_diputados:259,ckan_diputados,257,argentinadatos:diputados:274
diputados,misma fecha + mismo recuento,argentinadatos:diputados:274,argentinadatos,ckan_diputados:260,ckan_diputados,257,argentinadatos:diputados:274
diputados,misma fecha + mismo recuento,argentinadatos:diputados:274,argentinadatos,ckan_diputados:261,ckan_diputados,257,argentinadatos:diputados:274
diputados,misma fecha + mismo recuento,argentinadatos:diputados:274,argentinadatos,ckan_diputados:262,ckan_diputados,257,argentinadatos:diputados:274
diputados,misma fecha + mismo recuento,argentinadatos:diputados:274,argentinadatos,ckan_diputados:263,ckan_diputados,257,argentinadatos:diputados:274
diputados,misma fecha + mismo recuento,argentinadatos:diputados:274,argentinadatos,ckan_diputados:264,ckan_diputados,257,argentinadatos:diputados:274
diputados,misma fecha + mismo recuento,argentinadatos:diputados:274,argentinadatos,ckan_diputados:265,ckan_diputados,257,argentinadatos:diputados:274
diputados,misma fecha + mismo recuento,argentinadatos:diputados:274,argentinadatos,ckan_diputados:266,ckan_diputados,257,argentinadatos:diputados:274
diputados,misma fecha + mismo recuento,argentinadatos:diputados:274,argentinadatos,ckan_diputados:267,ckan_diputados,257,argentinadatos:diputados:274
diputados,misma fecha + mismo recuento,argentinadatos:diputados:274,argentinadatos,ckan_diputados:268,ckan_diputados,257,argentinadatos:diputados:274
diputados,misma fecha + mismo recuento,argentinadatos:diputados:274,argentinadatos,ckan_diputados:269,ckan_diputados,257,argentinadatos:diputados:274
diputados,misma fecha + mismo recuento,argentinadatos:diputados:274,argentinadatos,ckan_diputados:270,ckan_diputados,257,argentinadatos:diputados:274
diputados,misma fecha + mismo recuento,argentinadatos:diputados:274,argentinadatos,ckan_diputados:271,ckan_diputados,257,argentinadatos:diputados:274
diputados,misma fecha + mismo recuento,argentinadatos:diputados:274,argentinadatos,ckan_diputados:272,ckan_diputados,257,argentinadatos:diputados:274
diputados,misma fecha + mismo recuento,argentinadatos:diputados:274,argentinadatos,ckan_diputados:273,ckan_diputados,257,argentinadatos:diputados:274
diputados,misma fecha + mismo recuento,argentinadatos:diputados:274,argentinadatos,ckan_diputados:274,ckan_diputados,257,argentinadatos:diputados:274
diputados,misma fecha + mismo recuento,argentinadatos:diputados:244,argentinadatos,ckan_diputados:244,ckan_diputados,257,argentinadatos:diputados:244
diputados,misma fecha + mismo recuento,argentinadatos:diputados:248,argentinadatos,ckan_diputados:248,ckan_diputados,257,argentinadatos:diputados:248
diputados,misma fecha + mismo recuento,argentinadatos:diputados:230,argentinadatos,ckan_diputados:230,ckan_diputados,257,argentinadatos:diputados:230
diputados,misma fecha + mismo recuento,argentinadatos:diputados:233,argentinadatos,ckan_diputados:233,ckan_diputados,257,argentinadatos:diputados:233
diputados,misma fecha + mismo recuento,argentinadatos:diputados:235,argentinadatos,ckan_diputados:235,ckan_diputados,257,argentinadatos:diputados:235
diputados,misma fecha + mismo recuento,argentinadatos:diputados:238,argentinadatos,ckan_diputados:238,ckan_diputados,257,argentinadatos:diputados:238
diputados,misma fecha + mismo recuento,argentinadatos:diputados:237,argentinadatos,ckan_diputados:237,ckan_diputados,257,argentinadatos:diputados:237
diputados,misma fecha + mismo recuento,argentinadatos:diputados:236,argentinadatos,ckan_diputados:236,ckan_diputados,257,argentinadatos:diputados:236
diputados,misma fecha + mismo recuento,argentinadatos:diputados:231,argentinadatos,ckan_diputados:231,ckan_diputados,257,argentinadatos:diputados:231
diputados,misma fecha + mismo recuento,argentinadatos:diputados:225,argentinadatos,ckan_diputados:225,ckan_diputados,257,argentinadatos:diputados:225
diputados,misma fecha + mismo recuento,argentinadatos:diputados:224,argentinadatos,ckan_diputados:224,ckan_diputados,257,argentinadatos:diputados:224
diputados,misma fecha + mismo recuento,argentinadatos:diputados:223,argentinadatos,ckan_diputados:223,ckan_diputados,257,argentinadatos:diputados:223
diputados,misma fecha + mismo recuento,argentinadatos:diputados:228,argentinadatos,ckan_diputados:228,ckan_diputados,257,argentinadatos:diputados:228
diputados,misma fecha + mismo recuento,argentinadatos:diputados:222,argentinadatos,ckan_diputados:222,ckan_diputados,257,argentinadatos:diputados:222
diputados,misma fecha + mismo recuento,argentinadatos:diputados:214,argentinadatos,ckan_diputados:214,ckan_diputados,257,argentinadatos:diputados:214
diputados,misma fecha + mismo recuento,argentinadatos:diputados:221,argentinadatos,ckan_diputados:221,ckan_diputados,257,argentinadatos:diputados:221
diputados,misma fecha + mismo recuento,argentinadatos:diputados:219,argentinadatos,ckan_diputados:219,ckan_diputados,257,argentinadatos:diputados:219
diputados,misma fecha + mismo recuento,argentinadatos:diputados:220,argentinadatos,ckan_diputados:220,ckan_diputados,257,argentinadatos:diputados:220
diputados,misma fecha + mismo recuento,argentinadatos:diputados:218,argentinadatos,ckan_diputados:218,ckan_diputados,257,argentinadatos:diputados:218
diputados,misma fecha + mismo recuento,argentinadatos:diputados:208,argentinadatos,ckan_diputados:208,ckan_diputados,257,argentinadatos:diputados:208
diputados,misma fecha + mismo recuento,argentinadatos:diputados:208,argentinadatos,ckan_diputados:209,ckan_diputados,257,argentinadatos:diputados:208
diputados,misma fecha + mismo recuento,argentinadatos:diputados:208,argentinadatos,ckan_diputados:210,ckan_diputados,257,argentinadatos:diputados:208
diputados,misma fecha + mismo recuento,argentinadatos:diputados:211,argentinadatos,ckan_diputados:211,ckan_diputados,257,argentinadatos:diputados:211
diputados,misma fecha + mismo recuento,argentinadatos:diputados:205,argentinadatos,ckan_diputados:205,ckan_diputados,257,argentinadatos:diputados:205
diputados,misma fecha + mismo recuento,argentinadatos:diputados:205,argentinadatos,ckan_diputados:206,ckan_diputados,257,argentinadatos:diputados:205
diputados,misma fecha + mismo recuento,argentinadatos:diputados:206,argentinadatos,ckan_diputados:205,ckan_diputados,257,argentinadatos:diputados:206
diputados,misma fecha + mismo recuento,argentinadatos:diputados:206,argentinadatos,ckan_diputados:206,ckan_diputados,257,argentinadatos:diputados:206
diputados,misma fecha + mismo recuento,argentinadatos:diputados:207,argentinadatos,ckan_diputados:207,ckan_diputados,257,argentinadatos:diputados:207
diputados,misma fecha + mismo recuento,argentinadatos:diputados:202,argentinadatos,ckan_diputados:202,ckan_diputados,257,argentinadatos:diputados:202
diputados,misma fecha + mismo recuento,argentinadatos:diputados:213,argentinadatos,ckan_diputados:213,ckan_diputados,257,argentinadatos:diputados:213
diputados,misma fecha + mismo recuento,argentinadatos:diputados:204,argentinadatos,ckan_diputados:204,ckan_diputados,257,argentinadatos:diputados:204
diputados,misma fecha + mismo recuento,argentinadatos:diputados:203,argentinadatos,ckan_diputados:203,ckan_diputados,257,argentinadatos:diputados:203
diputados,misma fecha + mismo recuento,argentinadatos:diputados:142,argentinadatos,ckan_diputados:142,ckan_diputados,257,argentinadatos:diputados:142
diputados,misma fecha + mismo recuento,argentinadatos:diputados:139,argentinadatos,ckan_diputados:139,ckan_diputados,257,argentinadatos:diputados:139
diputados,misma fecha + mismo recuento,argentinadatos:diputados:138,argentinadatos,ckan_diputados:138,ckan_diputados,257,argentinadatos:diputados:138
diputados,misma fecha + mismo recuento,argentinadatos:diputados:140,argentinadatos,ckan_diputados:140,ckan_diputados,257,argentinadatos:diputados:140
diputados,misma fecha + mismo recuento,argentinadatos:diputados:123,argentinadatos,ckan_diputados:123,ckan_diputados,257,argentinadatos:diputados:123
diputados,misma fecha + mismo recuento,argentinadatos:diputados:124,argentinadatos,ckan_diputados:124,ckan_diputados,257,argentinadatos:diputados:124
diputados,misma fecha + mismo recuento,argentinadatos:diputados:130,argentinadatos,ckan_diputados:130,ckan_diputados,257,argentinadatos:diputados:130
diputados,misma fecha + mismo recuento,argentinadatos:diputados:125,argentinadatos,ckan_diputados:125,ckan_diputados,257,argentinadatos:diputados:125
diputados,misma fecha + mismo recuento,argentinadatos:diputados:127,argentinadatos,ckan_diputados:127,ckan_diputados,257,argentinadatos:diputados:127
diputados,misma fecha + mismo recuento,argentinadatos:diputados:129,argentinadatos,ckan_diputados:129,ckan_diputados,257,argentinadatos:diputados:129
diputados,misma fecha + mismo recuento,argentinadatos:diputados:128,argentinadatos,ckan_diputados:128,ckan_diputados,257,argentinadatos:diputados:128
diputados,misma fecha + mismo recuento,argentinadatos:diputados:133,argentinadatos,ckan_diputados:133,ckan_diputados,257,argentinadatos:diputados:133
diputados,misma fecha + mismo recuento,argentinadatos:diputados:131,argentinadatos,ckan_diputados:131,ckan_diputados,257,argentinadatos:diputados:131
diputados,misma fecha + mismo recuento,argentinadatos:diputados:126,argentinadatos,ckan_diputados:126,ckan_diputados,257,argentinadatos:diputados:126
diputados,misma fecha + mismo recuento,argentinadatos:diputados:122,argentinadatos,ckan_diputados:122,ckan_diputados,257,argentinadatos:diputados:122
diputados,misma fecha + mismo recuento,argentinadatos:diputados:111,argentinadatos,ckan_diputados:111,ckan_diputados,257,argentinadatos:diputados:111
diputados,misma fecha + mismo recuento,argentinadatos:diputados:113,argentinadatos,ckan_diputados:113,ckan_diputados,257,argentinadatos:diputados:113
diputados,misma fecha + mismo recuento,argentinadatos:diputados:114,argentinadatos,ckan_diputados:114,ckan_diputados,257,argentinadatos:diputados:114
diputados,misma fecha + mismo recuento,argentinadatos:diputados:115,argentinadatos,ckan_diputados:115,ckan_diputados,257,argentinadatos:diputados:115
diputados,misma fecha + mismo recuento,argentinadatos:diputados:112,argentinadatos,ckan_diputados:112,ckan_diputados,257,argentinadatos:diputados:112
diputados,misma fecha + mismo recuento,argentinadatos:diputados:107,argentinadatos,ckan_diputados:107,ckan_diputados,257,argentinadatos:diputados:107
diputados,misma fecha + mismo recuento,argentinadatos:diputados:108,argentinadatos,ckan_diputados:108,ckan_diputados,257,argentinadatos:diputados:108
diputados,misma fecha + mismo recuento,argentinadatos:diputados:110,argentinadatos,ckan_diputados:110,ckan_diputados,257,argentinadatos:diputados:110
diputados,misma fecha + mismo recuento,argentinadatos:diputados:103,argentinadatos,ckan_diputados:103,ckan_diputados,257,argentinadatos:diputados:103
diputados,misma fecha + mismo recuento,argentinadatos:diputados:105,argentinadatos,ckan_diputados:105,ckan_diputados,257,argentinadatos:diputados:105
diputados,misma fecha + mismo recuento,argentinadatos:diputados:106,argentinadatos,ckan_diputados:106,ckan_diputados,257,argentinadatos:diputados:106
diputados,misma fecha + mismo recuento,argentinadatos:diputados:104,argentinadatos,ckan_diputados:104,ckan_diputados,257,argentinadatos:diputados:104
diputados,misma fecha + mismo recuento,argentinadatos:diputados:101,argentinadatos,ckan_diputados:101,ckan_diputados,257,argentinadatos:diputados:101
diputados,misma fecha + mismo recuento,argentinadatos:diputados:100,argentinadatos,ckan_diputados:100,ckan_diputados,257,argentinadatos:diputados:100
diputados,misma fecha + mismo recuento,argentinadatos:diputados:88,argentinadatos,ckan_diputados:88,ckan_diputados,257,argentinadatos:diputados:88
diputados,misma fecha + mismo recuento,argentinadatos:diputados:89,argentinadatos,ckan_diputados:89,ckan_diputados,257,argentinadatos:diputados:89
diputados,misma fecha + mismo recuento,argentinadatos:diputados:99,argentinadatos,ckan_diputados:99,ckan_diputados,257,argentinadatos:diputados:99
diputados,misma fecha + mismo recuento,argentinadatos:diputados:86,argentinadatos,ckan_diputados:86,ckan_diputados,257,argentinadatos:diputados:86
diputados,misma fecha + mismo recuento,argentinadatos:diputados:87,argentinadatos,ckan_diputados:87,ckan_diputados,257,argentinadatos:diputados:87
diputados,misma fecha + mismo recuento,argentinadatos:diputados:66,argentinadatos,ckan_diputados:66,ckan_diputados,257,argentinadatos:diputados:66
diputados,misma fecha + mismo recuento,argentinadatos:diputados:65,argentinadatos,ckan_diputados:65,ckan_diputados,257,argentinadatos:diputados:65
diputados,misma fecha + mismo recuento,argentinadatos:diputados:67,argentinadatos,ckan_diputados:67,ckan_diputados,257,argentinadatos:diputados:67
diputados,misma fecha + mismo recuento,argentinadatos:diputados:70,argentinadatos,ckan_diputados:70,ckan_diputados,257,argentinadatos:diputados:70
diputados,misma fecha + mismo recuento,argentinadatos:diputados:68,argentinadatos,ckan_diputados:68,ckan_diputados,257,argentinadatos:diputados:68
diputados,misma fecha + mismo recuento,argentinadatos:diputados:69,argentinadatos,ckan_diputados:69,ckan_diputados,257,argentinadatos:diputados:69
diputados,misma fecha + mismo recuento,argentinadatos:diputados:85,argentinadatos,ckan_diputados:85,ckan_diputados,257,argentinadatos:diputados:85
diputados,misma fecha + mismo recuento,argentinadatos:diputados:82,argentinadatos,ckan_diputados:82,ckan_diputados,257,argentinadatos:diputados:82
diputados,misma fecha + mismo recuento,argentinadatos:diputados:80,argentinadatos,ckan_diputados:80,ckan_diputados,257,argentinadatos:diputados:80
diputados,misma fecha + mismo recuento,argentinadatos:diputados:84,argentinadatos,ckan_diputados:84,ckan_diputados,257,argentinadatos:diputados:84
diputados,misma fecha + mismo recuento,argentinadatos:diputados:77,argentinadatos,ckan_diputados:77,ckan_diputados,257,argentinadatos:diputados:77
diputados,misma fecha + mismo recuento,argentinadatos:diputados:78,argentinadatos,ckan_diputados:78,ckan_diputados,257,argentinadatos:diputados:78
diputados,misma fecha + mismo recuento,argentinadatos:diputados:81,argentinadatos,ckan_diputados:81,ckan_diputados,257,argentinadatos:diputados:81
diputados,misma fecha + mismo recuento,argentinadatos:diputados:83,argentinadatos,ckan_diputados:83,ckan_diputados,257,argentinadatos:diputados:83
diputados,misma fecha + mismo recuento,argentinadatos:diputados:75,argentinadatos,ckan_diputados:75,ckan_diputados,257,argentinadatos:diputados:75
diputados,misma fecha + mismo recuento,argentinadatos:diputados:76,argentinadatos,ckan_diputados:76,ckan_diputados,257,argentinadatos:diputados:76
diputados,misma fecha + mismo recuento,argentinadatos:diputados:51,argentinadatos,ckan_diputados:51,ckan_diputados,257,argentinadatos:diputados:51
diputados,misma fecha + mismo recuento,argentinadatos:diputados:55,argentinadatos,ckan_diputados:55,ckan_diputados,257,argentinadatos:diputados:55
diputados,misma fecha + mismo recuento,argentinadatos:diputados:50,argentinadatos,ckan_diputados:50,ckan_diputados,257,argentinadatos:diputados:50
diputados,misma fecha + mismo recuento,argentinadatos:diputados:54,argentinadatos,ckan_diputados:54,ckan_diputados,257,argentinadatos:diputados:54
diputados,misma fecha + mismo recuento,argentinadatos:diputados:52,argentinadatos,ckan_diputados:52,ckan_diputados,257,argentinadatos:diputados:52
diputados,misma fecha + mismo recuento,argentinadatos:diputados:53,argentinadatos,ckan_diputados:53,ckan_diputados,257,argentinadatos:diputados:53
diputados,misma fecha + mismo recuento,argentinadatos:diputados:49,argentinadatos,ckan_diputados:49,ckan_diputados,257,argentinadatos:diputados:49
diputados,misma fecha + mismo recuento,argentinadatos:diputados:59,argentinadatos,ckan_diputados:59,ckan_diputados,257,argentinadatos:diputados:59
diputados,misma fecha + mismo recuento,argentinadatos:diputados:58,argentinadatos,ckan_diputados:58,ckan_diputados,257,argentinadatos:diputados:58
diputados,misma fecha + mismo recuento,argentinadatos:diputados:56,argentinadatos,ckan_diputados:56,ckan_diputados,257,argentinadatos:diputados:56
diputados,misma fecha + mismo recuento,argentinadatos:diputados:178,argentinadatos,ckan_diputados:178,ckan_diputados,257,argentinadatos:diputados:178
diputados,misma fecha + mismo recuento,argentinadatos:diputados:175,argentinadatos,ckan_diputados:175,ckan_diputados,257,argentinadatos:diputados:175
diputados,misma fecha + mismo recuento,argentinadatos:diputados:170,argentinadatos,ckan_diputados:170,ckan_diputados,257,argentinadatos:diputados:170
diputados,misma fecha + mismo recuento,argentinadatos:diputados:164,argentinadatos,ckan_diputados:164,ckan_diputados,257,argentinadatos:diputados:164
diputados,misma fecha + mismo recuento,argentinadatos:diputados:163,argentinadatos,ckan_diputados:163,ckan_diputados,257,argentinadatos:diputados:163
diputados,misma fecha + mismo recuento,argentinadatos:diputados:160,argentinadatos,ckan_diputados:160,ckan_diputados,257,argentinadatos:diputados:160
diputados,misma fecha + mismo recuento,argentinadatos:diputados:162,argentinadatos,ckan_diputados:162,ckan_diputados,257,argentinadatos:diputados:162
diputados,misma fecha + mismo recuento,argentinadatos:diputados:150,argentinadatos,ckan_diputados:150,ckan_diputados,257,argentinadatos:diputados:150
diputados,misma fecha + mismo recuento,argentinadatos:diputados:146,argentinadatos,ckan_diputados:146,ckan_diputados,257,argentinadatos:diputados:146
diputados,misma fecha + mismo recuento,argentinadatos:diputados:146,argentinadatos,ckan_diputados:154,ckan_diputados,257,argentinadatos:diputados:146
diputados,misma fecha + mismo recuento,argentinadatos:diputados:146,argentinadatos,ckan_diputados:157,ckan_diputados,257,argentinadatos:diputados:146
diputados,misma fecha + mismo recuento,argentinadatos:diputados:154,argentinadatos,ckan_diputados:146,ckan_diputados,257,argentinadatos:diputados:154
diputados,misma fecha + mismo recuento,argentinadatos:diputados:154,argentinadatos,ckan_diputados:154,ckan_diputados,257,argentinadatos:diputados:154
diputados,misma fecha + mismo recuento,argentinadatos:diputados:154,argentinadatos,ckan_diputados:157,ckan_diputados,257,argentinadatos:diputados:154
diputados,misma fecha + mismo recuento,argentinadatos:diputados:157,argentinadatos,ckan_diputados:146,ckan_diputados,257,argentinadatos:diputados:157
diputados,misma fecha + mismo recuento,argentinadatos:diputados:157,argentinadatos,ckan_diputados:154,ckan_diputados,257,argentinadatos:diputados:157
diputados,misma fecha + mismo recuento,argentinadatos:diputados:157,argentinadatos,ckan_diputados:157,ckan_diputados,257,argentinadatos:diputados:157
diputados,misma fecha + mismo recuento,argentinadatos:diputados:148,argentinadatos,ckan_diputados:148,ckan_diputados,257,argentinadatos:diputados:148
diputados,misma fecha + mismo recuento,argentinadatos:diputados:148,argentinadatos,ckan_diputados:149,ckan_diputados,257,argentinadatos:diputados:148
diputados,misma fecha + mismo recuento,argentinadatos:diputados:149,argentinadatos,ckan_diputados:148,ckan_diputados,257,argentinadatos:diputados:149
diputados,misma fecha + mismo recuento,argentinadatos:diputados:149,argentinadatos,ckan_diputados:149,ckan_diputados,257,argentinadatos:diputados:149
diputados,misma fecha + mismo recuento,argentinadatos:diputados:143,argentinadatos,ckan_diputados:143,ckan_diputados,257,argentinadatos:diputados:143
diputados,misma fecha + mismo recuento,argentinadatos:diputados:143,argentinadatos,ckan_diputados:144,ckan_diputados,257,argentinadatos:diputados:143
diputados,misma fecha + mismo recuento,argentinadatos:diputados:143,argentinadatos,ckan_diputados:145,ckan_diputados,257,argentinadatos:diputados:143
diputados,misma fecha + mismo recuento,argentinadatos:diputados:143,argentinadatos,ckan_diputados:147,ckan_diputados,257,argentinadatos:diputados:143
diputados,misma fecha + mismo recuento,argentinadatos:diputados:143,argentinadatos,ckan_diputados:152,ckan_diputados,257,argentinadatos:diputados:143
diputados,misma fecha + mismo recuento,argentinadatos:diputados:143,argentinadatos,ckan_diputados:153,ckan_diputados,257,argentinadatos:diputados:143
diputados,misma fecha + mismo recuento,argentinadatos:diputados:143,argentinadatos,ckan_diputados:155,ckan_diputados,257,argentinadatos:diputados:143
diputados,misma fecha + mismo recuento,argentinadatos:diputados:143,argentinadatos,ckan_diputados:156,ckan_diputados,257,argentinadatos:diputados:143
diputados,misma fecha + mismo recuento,argentinadatos:diputados:147,argentinadatos,ckan_diputados:143,ckan_diputados,257,argentinadatos:diputados:147
diputados,misma fecha + mismo recuento,argentinadatos:diputados:147,argentinadatos,ckan_diputados:144,ckan_diputados,257,argentinadatos:diputados:147
diputados,misma fecha + mismo recuento,argentinadatos:diputados:147,argentinadatos,ckan_diputados:145,ckan_diputados,257,argentinadatos:diputados:147
diputados,misma fecha + mismo recuento,argentinadatos:diputados:147,argentinadatos,ckan_diputados:147,ckan_diputados,257,argentinadatos:diputados:147
diputados,misma fecha + mismo recuento,argentinadatos:diputados:147,argentinadatos,ckan_diputados:152,ckan_diputados,257,argentinadatos:diputados:147
diputados,misma fecha + mismo recuento,argentinadatos:diputados:147,argentinadatos,ckan_diputados:153,ckan_diputados,257,argentinadatos:diputados:147
diputados,misma fecha + mismo recuento,argentinadatos:diputados:147,argentinadatos,ckan_diputados:155,ckan_diputados,257,argentinadatos:diputados:147
diputados,misma fecha + mismo recuento,argentinadatos:diputados:147,argentinadatos,ckan_diputados:156,ckan_diputados,257,argentinadatos:diputados:147
diputados,misma fecha + mismo recuento,argentinadatos:diputados:152,argentinadatos,ckan_diputados:143,ckan_diputados,257,argentinadatos:diputados:152
diputados,misma fecha + mismo recuento,argentinadatos:diputados:152,argentinadatos,ckan_diputados:144,ckan_diputados,257,argentinadatos:diputados:152
diputados,misma fecha + mismo recuento,argentinadatos:diputados:152,argentinadatos,ckan_diputados:145,ckan_diputados,257,argentinadatos:diputados:152
diputados,misma fecha + mismo recuento,argentinadatos:diputados:152,argentinadatos,ckan_diputados:147,ckan_diputados,257,argentinadatos:diputados:152
diputados,misma fecha + mismo recuento,argentinadatos:diputados:152,argentinadatos,ckan_diputados:152,ckan_diputados,257,argentinadatos:diputados:152
diputados,misma fecha + mismo recuento,argentinadatos:diputados:152,argentinadatos,ckan_diputados:153,ckan_diputados,257,argentinadatos:diputados:152
diputados,misma fecha + mismo recuento,argentinadatos:diputados:152,argentinadatos,ckan_diputados:155,ckan_diputados,257,argentinadatos:diputados:152
diputados,misma fecha + mismo recuento,argentinadatos:diputados:152,argentinadatos,ckan_diputados:156,ckan_diputados,257,argentinadatos:diputados:152
diputados,misma fecha + mismo recuento,argentinadatos:diputados:153,argentinadatos,ckan_diputados:143,ckan_diputados,257,argentinadatos:diputados:153
diputados,misma fecha + mismo recuento,argentinadatos:diputados:153,argentinadatos,ckan_diputados:144,ckan_diputados,257,argentinadatos:diputados:153
diputados,misma fecha + mismo recuento,argentinadatos:diputados:153,argentinadatos,ckan_diputados:145,ckan_diputados,257,argentinadatos:diputados:153
diputados,misma fecha + mismo recuento,argentinadatos:diputados:153,argentinadatos,ckan_diputados:147,ckan_diputados,257,argentinadatos:diputados:153
diputados,misma fecha + mismo recuento,argentinadatos:diputados:153,argentinadatos,ckan_diputados:152,ckan_diputados,257,argentinadatos:diputados:153
diputados,misma fecha + mismo recuento,argentinadatos:diputados:153,argentinadatos,ckan_diputados:153,ckan_diputados,257,argentinadatos:diputados:153
diputados,misma fecha + mismo recuento,argentinadatos:diputados:153,argentinadatos,ckan_diputados:155,ckan_diputados,257,argentinadatos:diputados:153
diputados,misma fecha + mismo recuento,argentinadatos:diputados:153,argentinadatos,ckan_diputados:156,ckan_diputados,257,argentinadatos:diputados:153
diputados,misma fecha + mismo recuento,argentinadatos:diputados:155,argentinadatos,ckan_diputados:143,ckan_diputados,257,argentinadatos:diputados:155
diputados,misma fecha + mismo recuento,argentinadatos:diputados:155,argentinadatos,ckan_diputados:144,ckan_diputados,257,argentinadatos:diputados:155
diputados,misma fecha + mismo recuento,argentinadatos:diputados:155,argentinadatos,ckan_diputados:145,ckan_diputados,257,argentinadatos:diputados:155
diputados,misma fecha + mismo recuento,argentinadatos:diputados:155,argentinadatos,ckan_diputados:147,ckan_diputados,257,argentinadatos:diputados:155
diputados,misma fecha + mismo recuento,argentinadatos:diputados:155,argentinadatos,ckan_diputados:152,ckan_diputados,257,argentinadatos:diputados:155
diputados,misma fecha + mismo recuento,argentinadatos:diputados:155,argentinadatos,ckan_diputados:153,ckan_diputados,257,argentinadatos:diputados:155
diputados,misma fecha + mismo recuento,argentinadatos:diputados:155,argentinadatos,ckan_diputados:155,ckan_diputados,257,argentinadatos:diputados:155
diputados,misma fecha + mismo recuento,argentinadatos:diputados:155,argentinadatos,ckan_diputados:156,ckan_diputados,257,argentinadatos:diputados:155
diputados,misma fecha + mismo recuento,argentinadatos:diputados:156,argentinadatos,ckan_diputados:143,ckan_diputados,257,argentinadatos:diputados:156
diputados,misma fecha + mismo recuento,argentinadatos:diputados:156,argentinadatos,ckan_diputados:144,ckan_diputados,257,argentinadatos:diputados:156
diputados,misma fecha + mismo recuento,argentinadatos:diputados:156,argentinadatos,ckan_diputados:145,ckan_diputados,257,argentinadatos:diputados:156
diputados,misma fecha + mismo recuento,argentinadatos:diputados:156,argentinadatos,ckan_diputados:147,ckan_diputados,257,argentinadatos:diputados:156
diputados,misma fecha + mismo recuento,argentinadatos:diputados:156,argentinadatos,ckan_diputados:152,ckan_diputados,257,argentinadatos:diputados:156
diputados,misma fecha + mismo recuento,argentinadatos:diputados:156,argentinadatos,ckan_diputados:153,ckan_diputados,257,argentinadatos:diputados:156
diputados,misma fecha + mismo recuento,argentinadatos:diputados:156,argentinadatos,ckan_diputados:155,ckan_diputados,257,argentinadatos:diputados:156
diputados,misma fecha + mismo recuento,argentinadatos:diputados:156,argentinadatos,ckan_diputados:156,ckan_diputados,257,argentinadatos:diputados:156
diputados,misma fecha + mismo recuento,argentinadatos:diputados:151,argentinadatos,ckan_diputados:151,ckan_diputados,257,argentinadatos:diputados:151
diputados,misma fecha + mismo recuento,argentinadatos:diputados:158,argentinadatos,ckan_diputados:158,ckan_diputados,257,argentinadatos:diputados:158
diputados,misma fecha + mismo recuento,argentinadatos:diputados:165,argentinadatos,ckan_diputados:165,ckan_diputados,257,argentinadatos:diputados:165
diputados,misma fecha + mismo recuento,argentinadatos:diputados:166,argentinadatos,ckan_diputados:166,ckan_diputados,257,argentinadatos:diputados:166
diputados,misma fecha + mismo recuento,argentinadatos:diputados:167,argentinadatos,ckan_diputados:167,ckan_diputados,257,argentinadatos:diputados:167
diputados,misma fecha + mismo recuento,argentinadatos:diputados:177,argentinadatos,ckan_diputados:177,ckan_diputados,257,argentinadatos:diputados:177
diputados,misma fecha + mismo recuento,argentinadatos:diputados:48,argentinadatos,ckan_diputados:48,ckan_diputados,257,argentinadatos:diputados:48
diputados,misma fecha + mismo recuento,argentinadatos:diputados:46,argentinadatos,ckan_diputados:46,ckan_diputados,257,argentinadatos:diputados:46
diputados,misma fecha + mismo recuento,argentinadatos:diputados:42,argentinadatos,ckan_diputados:42,ckan_diputados,257,argentinadatos:diputados:42
diputados,misma fecha + mismo recuento,argentinadatos:diputados:43,argentinadatos,ckan_diputados:43,ckan_diputados,257,argentinadatos:diputados:43
diputados,misma fecha + mismo recuento,argentinadatos:diputados:41,argentinadatos,ckan_diputados:41,ckan_diputados,257,argentinadatos:diputados:41
diputados,misma fecha + mismo recuento,argentinadatos:diputados:44,argentinadatos,ckan_diputados:44,ckan_diputados,257,argentinadatos:diputados:44
diputados,misma fecha + mismo recuento,argentinadatos:diputados:47,argentinadatos,ckan_diputados:47,ckan_diputados,257,argentinadatos:diputados:47
diputados,misma fecha + mismo recuento,argentinadatos:diputados:29,argentinadatos,ckan_diputados:29,ckan_diputados,257,argentinadatos:diputados:29
diputados,misma fecha + mismo recuento,argentinadatos:diputados:39,argentinadatos,ckan_diputados:39,ckan_diputados,257,argentinadatos:diputados:39
diputados,misma fecha + mismo recuento,argentinadatos:diputados:36,argentinadatos,ckan_diputados:36,ckan_diputados,257,argentinadatos:diputados:36
diputados,misma fecha + mismo recuento,argentinadatos:diputados:40,argentinadatos,ckan_diputados:40,ckan_diputados,257,argentinadatos:diputados:40
diputados,misma fecha + mismo recuento,argentinadatos:diputados:37,argentinadatos,ckan_diputados:37,ckan_diputados,257,argentinadatos:diputados:37
diputados,misma fecha + mismo recuento,argentinadatos:diputados:38,argentinadatos,ckan_diputados:38,ckan_diputados,257,argentinadatos:diputados:38
diputados,misma fecha + mismo recuento,argentinadatos:diputados:26,argentinadatos,ckan_diputados:26,ckan_diputados,257,argentinadatos:diputados:26
diputados,misma fecha + mismo recuento,argentinadatos:diputados:18,argentinadatos,ckan_diputados:18,ckan_diputados,257,argentinadatos:diputados:18
diputados,misma fecha + mismo recuento,argentinadatos:diputados:19,argentinadatos,ckan_diputados:19,ckan_diputados,257,argentinadatos:diputados:19
diputados,misma fecha + mismo recuento,argentinadatos:diputados:22,argentinadatos,ckan_diputados:22,ckan_diputados,257,argentinadatos:diputados:22
diputados,misma fecha + mismo recuento,argentinadatos:diputados:23,argentinadatos,ckan_diputados:23,ckan_diputados,257,argentinadatos:diputados:23
diputados,misma fecha + mismo recuento,argentinadatos:diputados:25,argentinadatos,ckan_diputados:25,ckan_diputados,257,argentinadatos:diputados:25
diputados,misma fecha + mismo recuento,argentinadatos:diputados:24,argentinadatos,ckan_diputados:24,ckan_diputados,257,argentinadatos:diputados:24
diputados,misma fecha + mismo recuento,argentinadatos:diputados:20,argentinadatos,ckan_diputados:20,ckan_diputados,257,argentinadatos:diputados:20
diputados,misma fecha + mismo recuento,argentinadatos:diputados:21,argentinadatos,ckan_diputados:21,ckan_diputados,257,argentinadatos:diputados:21
diputados,misma fecha + mismo recuento,argentinadatos:diputados:13,argentinadatos,ckan_diputados:13,ckan_diputados,257,argentinadatos:diputados:13
diputados,misma fecha + mismo recuento,argentinadatos:diputados:12,argentinadatos,ckan_diputados:12,ckan_diputados,257,argentinadatos:diputados:12
diputados,misma fecha + mismo recuento,argentinadatos:diputados:15,argentinadatos,ckan_diputados:15,ckan_diputados,257,argentinadatos:diputados:15
diputados,misma fecha + mismo recuento,argentinadatos:diputados:14,argentinadatos,ckan_diputados:14,ckan_diputados,257,argentinadatos:diputados:14
diputados,misma fecha + mismo recuento,argentinadatos:diputados:1,argentinadatos,ckan_diputados:1,ckan_diputados,257,argentinadatos:diputados:1
diputados,misma fecha + mismo recuento,argentinadatos:diputados:6,argentinadatos,ckan_diputados:6,ckan_diputados,257,argentinadatos:diputados:6
diputados,misma fecha + mismo recuento,argentinadatos:diputados:4,argentinadatos,ckan_diputados:4,ckan_diputados,257,argentinadatos:diputados:4
diputados,misma fecha + mismo recuento,argentinadatos:diputados:7,argentinadatos,ckan_diputados:7,ckan_diputados,257,argentinadatos:diputados:7
diputados,misma fecha + mismo recuento,argentinadatos:diputados:9,argentinadatos,ckan_diputados:9,ckan_diputados,257,argentinadatos:diputados:9
diputados,misma fecha + mismo recuento,argentinadatos:diputados:8,argentinadatos,ckan_diputados:8,ckan_diputados,257,argentinadatos:diputados:8
diputados,misma fecha + mismo recuento,argentinadatos:diputados:5,argentinadatos,ckan_diputados:5,ckan_diputados,257,argentinadatos:diputados:5
senado,misma fecha + mismo recuento,argentinadatos:senado:2708,argentinadatos,decada_votada:sen:1321,decada_votada,72,decada_votada:sen:1321
senado,misma fecha + mismo recuento,argentinadatos:senado:2708,argentinadatos,decada_votada:sen:1322,decada_votada,72,decada_votada:sen:1322
senado,misma fecha + mismo recuento,argentinadatos:senado:2709,argentinadatos,decada_votada:sen:1321,decada_votada,72,decada_votada:sen:1321
senado,misma fecha + mismo recuento,argentinadatos:senado:2709,argentinadatos,decada_votada:sen:1322,decada_votada,72,decada_votada:sen:1322
senado,misma fecha + mismo recuento,argentinadatos:senado:2711,argentinadatos,decada_votada:sen:1324,decada_votada,72,decada_votada:sen:1324
senado,misma fecha + mismo recuento,argentinadatos:senado:2706,argentinadatos,decada_votada:sen:1319,decada_votada,72,decada_votada:sen:1319
senado,misma fecha + mismo recuento,argentinadatos:senado:2710,argentinadatos,decada_votada:sen:1320,decada_votada,72,decada_votada:sen:1320
senado,misma fecha + mismo recuento,argentinadatos:senado:2710,argentinadatos,decada_votada:sen:1323,decada_votada,72,decada_votada:sen:1323
senado,misma fecha + mismo recuento,argentinadatos:senado:2753,argentinadatos,decada_votada:sen:1326,decada_votada,72,decada_votada:sen:1326
senado,misma fecha + mismo recuento,argentinadatos:senado:2753,argentinadatos,decada_votada:sen:1328,decada_votada,72,decada_votada:sen:1328
senado,misma fecha + mismo recuento,argentinadatos:senado:2753,argentinadatos,decada_votada:sen:1329,decada_votada,72,decada_votada:sen:1329
senado,misma fecha + mismo recuento,argentinadatos:senado:2755,argentinadatos,decada_votada:sen:1326,decada_votada,72,decada_votada:sen:1326
senado,misma fecha + mismo recuento,argentinadatos:senado:2755,argentinadatos,decada_votada:sen:1328,decada_votada,72,decada_votada:sen:1328
senado,misma fecha + mismo recuento,argentinadatos:senado:2755,argentinadatos,decada_votada:sen:1329,decada_votada,72,decada_votada:sen:1329
senado,misma fecha + mismo recuento,argentinadatos:senado:2783,argentinadatos,decada_votada:sen:1333,decada_votada,72,decada_votada:sen:1333
senado,misma fecha + mismo recuento,argentinadatos:senado:2783,argentinadatos,decada_votada:sen:1334,decada_votada,72,decada_votada:sen:1334
senado,misma fecha + mismo recuento,argentinadatos:senado:2784,argentinadatos,decada_votada:sen:1333,decada_votada,72,decada_votada:sen:1333
senado,misma fecha + mismo recuento,argentinadatos:senado:2784,argentinadatos,decada_votada:sen:1334,decada_votada,72,decada_votada:sen:1334
senado,misma fecha + mismo recuento,argentinadatos:senado:2785,argentinadatos,decada_votada:sen:1335,decada_votada,72,decada_votada:sen:1335
senado,misma fecha + mismo recuento,argentinadatos:senado:2785,argentinadatos,decada_votada:sen:1337,decada_votada,72,decada_votada:sen:1337
senado,misma fecha + mismo recuento,argentinadatos:senado:2787,argentinadatos,decada_votada:sen:1335,decada_votada,72,decada_votada:sen:1335
senado,misma fecha + mismo recuento,argentinadatos:senado:2787,argentinadatos,decada_votada:sen:1337,decada_votada,72,decada_votada:sen:1337
senado,misma fecha + mismo recuento,argentinadatos:senado:2786,argentinadatos,decada_votada:sen:1336,decada_votada,72,decada_votada:sen:1336
senado,misma fecha + mismo recuento,argentinadatos:senado:2782,argentinadatos,decada_votada:sen:1332,decada_votada,72,decada_votada:sen:1332
senado,misma fecha + mismo recuento,argentinadatos:senado:2762,argentinadatos,decada_votada:sen:1344,decada_votada,72,decada_votada:sen:1344
senado,misma fecha + mismo recuento,argentinadatos:senado:2757,argentinadatos,decada_votada:sen:1339,decada_votada,72,decada_votada:sen:1339
senado,misma fecha + mismo recuento,argentinadatos:senado:2760,argentinadatos,decada_votada:sen:1342,decada_votada,72,decada_votada:sen:1342
senado,misma fecha + mismo recuento,argentinadatos:senado:2761,argentinadatos,decada_votada:sen:1343,decada_votada,72,decada_votada:sen:1343
senado,misma fecha + mismo recuento,argentinadatos:senado:2759,argentinadatos,decada_votada:sen:1341,decada_votada,72,decada_votada:sen:1341
senado,misma fecha + mismo recuento,argentinadatos:senado:2758,argentinadatos,decada_votada:sen:1340,decada_votada,72,decada_votada:sen:1340
senado,misma fecha + mismo recuento,argentinadatos:senado:2720,argentinadatos,decada_votada:sen:1358,decada_votada,72,decada_votada:sen:1358
senado,misma fecha + mismo recuento,argentinadatos:senado:2718,argentinadatos,decada_votada:sen:1356,decada_votada,72,decada_votada:sen:1356
senado,misma fecha + mismo recuento,argentinadatos:senado:2738,argentinadatos,decada_votada:sen:1376,decada_votada,72,decada_votada:sen:1376
senado,misma fecha + mismo recuento,argentinadatos:senado:2742,argentinadatos,decada_votada:sen:1380,decada_votada,72,decada_votada:sen:1380
senado,misma fecha + mismo recuento,argentinadatos:senado:2751,argentinadatos,decada_votada:sen:1380,decada_votada,72,decada_votada:sen:1380
senado,misma fecha + mismo recuento,argentinadatos:senado:2741,argentinadatos,decada_votada:sen:1379,decada_votada,72,decada_votada:sen:1379
senado,misma fecha + mismo recuento,argentinadatos:senado:2740,argentinadatos,decada_votada:sen:1378,decada_votada,72,decada_votada:sen:1378
senado,misma fecha + mismo recuento,argentinadatos:senado:2744,argentinadatos,decada_votada:sen:1382,decada_votada,72,decada_votada:sen:1382
senado,misma fecha + mismo recuento,argentinadatos:senado:2736,argentinadatos,decada_votada:sen:1374,decada_votada,72,decada_votada:sen:1374
senado,misma fecha + mismo recuento,argentinadatos:senado:2739,argentinadatos,decada_votada:sen:1377,decada_votada,72,decada_votada:sen:1377
senado,misma fecha + mismo recuento,argentinadatos:senado:2714,argentinadatos,decada_votada:sen:1833,decada_votada,72,decada_votada:sen:1833
senado,misma fecha + mismo recuento,argentinadatos:senado:2713,argentinadatos,decada_votada:sen:1834,decada_votada,72,decada_votada:sen:1834
senado,misma fecha + mismo recuento,argentinadatos:senado:2715,argentinadatos,decada_votada:sen:1834,decada_votada,72,decada_votada:sen:1834
diputados,sin fecha: solo mismo recuento (INDICIO),argentinadatos:diputados:5853,argentinadatos,manual_2026:diputados:ley_modernizacion_laboral,manual_2026,257,argentinadatos:diputados:5853
diputados,sin fecha: solo mismo recuento (INDICIO),argentinadatos:diputados:5955,argentinadatos,manual_2026:diputados:conciliacion_e_la_rep_arg_y_bainbridge_l,manual_2026,257,argentinadatos:diputados:5955
diputados,sin fecha: solo mismo recuento (INDICIO),argentinadatos:diputados:5847,argentinadatos,manual_2026:diputados:ley_de_regimen_penal_juvenil,manual_2026,257,argentinadatos:diputados:5847
diputados,sin fecha: solo mismo recuento (INDICIO),argentinadatos:diputados:5902,argentinadatos,manual_2026:diputados:ley_glaciares,manual_2026,257,argentinadatos:diputados:5902
diputados,sin fecha: solo mismo recuento (INDICIO),argentinadatos:diputados:5931,argentinadatos,manual_2026:diputados:regimen_zonas_frias,manual_2026,257,argentinadatos:diputados:5931
diputados,sin fecha: solo mismo recuento (INDICIO),argentinadatos:diputados:5849,argentinadatos,manual_2026:diputados:acuerdo_ue_mercosur,manual_2026,257,argentinadatos:diputados:5849
diputados,sin fecha: solo mismo recuento (INDICIO),argentinadatos:diputados:5956,argentinadatos,manual_2026:diputados:super_rigi,manual_2026,257,argentinadatos:diputados:5956
diputados,sin fecha: solo mismo recuento (INDICIO),argentinadatos:diputados:5919,argentinadatos,manual_2026:diputados:ley_hojarasca,manual_2026,257,argentinadatos:diputados:5919
senado,sin fecha: solo mismo recuento (INDICIO),argentinadatos:senado:2770,argentinadatos,decada_votada:sen:1805,decada_votada,72,decada_votada:sen:1805
senado,sin fecha: solo mismo recuento (INDICIO),argentinadatos:senado:2770,argentinadatos,manual_2026:senado:conciliacion_e_la_rep_arg_y_bainbridge_l,manual_2026,72,argentinadatos:senado:2770
senado,sin fecha: solo mismo recuento (INDICIO),decada_votada:sen:1805,decada_votada,manual_2026:senado:conciliacion_e_la_rep_arg_y_bainbridge_l,manual_2026,72,decada_votada:sen:1805
senado,sin fecha: solo mismo recuento (INDICIO),argentinadatos:senado:2656,argentinadatos,manual_2026:senado:acuerdo_ue_mercosur,manual_2026,72,argentinadatos:senado:2656
senado,sin fecha: solo mismo recuento (INDICIO),argentinadatos:senado:2657,argentinadatos,manual_2026:senado:ley_glaciares,manual_2026,72,argentinadatos:senado:2657
senado,sin fecha: solo mismo recuento (INDICIO),argentinadatos:senado:2658,argentinadatos,manual_2026:senado:ley_glaciares,manual_2026,72,argentinadatos:senado:2658
senado,sin fecha: solo mismo recuento (INDICIO),argentinadatos:senado:2659,argentinadatos,manual_2026:senado:ley_glaciares,manual_2026,72,argentinadatos:senado:2659
senado,sin fecha: solo mismo recuento (INDICIO),argentinadatos:senado:2660,argentinadatos,manual_2026:senado:ley_glaciares,manual_2026,72,argentinadatos:senado:2660
senado,sin fecha: solo mismo recuento (INDICIO),argentinadatos:senado:2661,argentinadatos,manual_2026:senado:ley_glaciares,manual_2026,72,argentinadatos:senado:2661
senado,sin fecha: solo mismo recuento (INDICIO),argentinadatos:senado:2662,argentinadatos,manual_2026:senado:ley_glaciares,manual_2026,72,argentinadatos:senado:2662
senado,sin fecha: solo mismo recuento (INDICIO),argentinadatos:senado:2663,argentinadatos,manual_2026:senado:ley_glaciares,manual_2026,72,argentinadatos:senado:2663
senado,sin fecha: solo mismo recuento (INDICIO),argentinadatos:senado:2664,argentinadatos,manual_2026:senado:ley_glaciares,manual_2026,72,argentinadatos:senado:2664
senado,sin fecha: solo mismo recuento (INDICIO),argentinadatos:senado:2665,argentinadatos,manual_2026:senado:ley_de_regimen_penal_juvenil,manual_2026,72,argentinadatos:senado:2665
senado,sin fecha: solo mismo recuento (INDICIO),argentinadatos:senado:2666,argentinadatos,manual_2026:senado:ley_de_regimen_penal_juvenil,manual_2026,72,argentinadatos:senado:2666
senado,sin fecha: solo mismo recuento (INDICIO),argentinadatos:senado:2667,argentinadatos,manual_2026:senado:ley_de_regimen_penal_juvenil,manual_2026,72,argentinadatos:senado:2667
senado,sin fecha: solo mismo recuento (INDICIO),argentinadatos:senado:2668,argentinadatos,manual_2026:senado:ley_de_regimen_penal_juvenil,manual_2026,72,argentinadatos:senado:2668
senado,sin fecha: solo mismo recuento (INDICIO),argentinadatos:senado:2669,argentinadatos,manual_2026:senado:ley_de_regimen_penal_juvenil,manual_2026,72,argentinadatos:senado:2669
senado,sin fecha: solo mismo recuento (INDICIO),argentinadatos:senado:2670,argentinadatos,manual_2026:senado:ley_de_regimen_penal_juvenil,manual_2026,72,argentinadatos:senado:2670
senado,sin fecha: solo mismo recuento (INDICIO),argentinadatos:senado:2671,argentinadatos,manual_2026:senado:ley_de_regimen_penal_juvenil,manual_2026,72,argentinadatos:senado:2671
senado,sin fecha: solo mismo recuento (INDICIO),argentinadatos:senado:2672,argentinadatos,manual_2026:senado:ley_de_regimen_penal_juvenil,manual_2026,72,argentinadatos:senado:2672
senado,sin fecha: solo mismo recuento (INDICIO),argentinadatos:senado:2673,argentinadatos,manual_2026:senado:ley_de_regimen_penal_juvenil,manual_2026,72,argentinadatos:senado:2673
senado,sin fecha: solo mismo recuento (INDICIO),argentinadatos:senado:2675,argentinadatos,manual_2026:senado:ley_de_regimen_penal_juvenil,manual_2026,72,argentinadatos:senado:2675
senado,sin fecha: solo mismo recuento (INDICIO),argentinadatos:senado:2676,argentinadatos,manual_2026:senado:ley_de_regimen_penal_juvenil,manual_2026,72,argentinadatos:senado:2676
senado,sin fecha: solo mismo recuento (INDICIO),argentinadatos:senado:2609,argentinadatos,manual_2026:senado:ley_modernizacion_laboral,manual_2026,72,argentinadatos:senado:2609
senado,sin fecha: solo mismo recuento (INDICIO),argentinadatos:senado:2609,argentinadatos,manual_2026:senado:presupuesto_2026,manual_2026,72,argentinadatos:senado:2609
senado,sin fecha: solo mismo recuento (INDICIO),argentinadatos:senado:2678,argentinadatos,manual_2026:senado:ley_modernizacion_laboral,manual_2026,72,argentinadatos:senado:2678
senado,sin fecha: solo mismo recuento (INDICIO),argentinadatos:senado:2678,argentinadatos,manual_2026:senado:presupuesto_2026,manual_2026,72,argentinadatos:senado:2678
