nivel,objeto,taxonomia_id,area,principal,confianza,fuente,asignada_en
acta,argentinadatos:diputados:2518,JUST.PENAL,JUST,1,0.95,agente:texto,2026-09-06T14:44:36Z
acta,argentinadatos:diputados:2975,AUX.HOMENAJE,AUX,0,0.85,agente:texto,2026-09-06T14:43:03Z
acta,argentinadatos:diputados:2975,DERSOC.DDHH,DERSOC,1,0.85,agente:texto,2026-09-06T14:43:03Z
acta,argentinadatos:diputados:2978,EDU.SUPERIOR,EDU,1,0.95,agente:texto,2026-09-06T14:08:25Z
acta,argentinadatos:diputados:3478,DERSOC.GENERO,DERSOC,0,0.95,agente:texto,2026-09-06T14:16:36Z
acta,argentinadatos:diputados:3478,TRAB.PREV,TRAB,1,0.95,agente:texto,2026-09-06T14:16:36Z
acta,argentinadatos:diputados:3480,AUX.TRAMITE,AUX,1,0.95,agente:texto,2026-09-06T14:24:36Z
acta,argentinadatos:diputados:3483,DESREG.EMPUB,DESREG,1,0.95,agente:texto,2026-09-06T14:22:23Z
acta,argentinadatos:diputados:3483,ECON.COPART,ECON,0,0.95,agente:texto,2026-09-06T14:22:23Z
acta,argentinadatos:diputados:3483,INFRA.OBRA,INFRA,0,0.95,agente:texto,2026-09-06T14:22:23Z
acta,argentinadatos:diputados:3483,TRAB.EMPLEOPUB,TRAB,0,0.95,agente:texto,2026-09-06T14:22:23Z
acta,argentinadatos:diputados:3484,DESREG.EMPUB,DESREG,1,0.95,agente:texto,2026-09-06T14:22:58Z
acta,argentinadatos:diputados:3484,ECON.COPART,ECON,0,0.95,agente:texto,2026-09-06T14:22:58Z
acta,argentinadatos:diputados:3484,ECON.PRESU,ECON,0,0.95,agente:texto,2026-09-06T14:22:58Z
acta,argentinadatos:diputados:3484,INFRA.OBRA,INFRA,0,0.95,agente:texto,2026-09-06T14:22:58Z
acta,argentinadatos:diputados:3484,TRAB.EMPLEOPUB,TRAB,0,0.95,agente:texto,2026-09-06T14:22:58Z
acta,argentinadatos:diputados:4031,AUX.TRAMITE,AUX,1,0.95,agente:texto,2026-07-22T21:30:36Z
acta,argentinadatos:diputados:4040,CYT.CIBER,CYT,0,0.95,agente:texto,2026-07-22T21:30:44Z
acta,argentinadatos:diputados:4040,DERSOC.NINEZ,DERSOC,1,0.95,agente:texto,2026-07-22T21:30:44Z
acta,argentinadatos:diputados:4040,EDU.BASICA,EDU,0,0.95,agente:texto,2026-07-22T21:30:44Z
acta,argentinadatos:diputados:4040,JUST.SEGINT,JUST,0,0.95,agente:texto,2026-07-22T21:30:44Z
acta,argentinadatos:diputados:4080,DEF.TRATADO,DEF,1,0.95,agente:texto,2026-07-22T21:30:46Z
acta,argentinadatos:diputados:4085,ECON.DEUDA,ECON,1,0.95,agente:texto,2026-07-22T21:30:48Z
acta,argentinadatos:diputados:4551,DESREG.DESECO,DESREG,0,0.95,agente:texto,2026-07-22T22:01:13Z
acta,argentinadatos:diputados:4551,PROD.INDPYME,PROD,1,0.95,agente:texto,2026-07-22T22:01:13Z
acta,argentinadatos:diputados:4551,PROD.REGESP,PROD,0,0.95,agente:texto,2026-07-22T22:01:13Z
acta,argentinadatos:diputados:4556,SALUD.MEDIC,SALUD,0,0.85,agente:texto,2026-07-22T21:30:32Z
acta,argentinadatos:diputados:4556,SALUD.SISTEMA,SALUD,1,0.85,agente:texto,2026-07-22T21:30:32Z
acta,argentinadatos:diputados:4589,ECON.TRIB,ECON,1,0.95,agente:texto,2026-07-22T22:00:30Z
acta,argentinadatos:diputados:4617,ECON.PRESU,ECON,1,0.95,agente:texto,2026-07-22T22:00:32Z
acta,argentinadatos:diputados:4644,DERSOC.NINEZ,DERSOC,0,0.9,agente:texto,2026-07-22T22:00:35Z
acta,argentinadatos:diputados:4644,JUST.CIVCOM,JUST,1,0.9,agente:texto,2026-07-22T22:00:35Z
acta,argentinadatos:diputados:4644,POLINST.ETICA,POLINST,0,0.9,agente:texto,2026-07-22T22:00:35Z
acta,argentinadatos:diputados:4649,DEF.TRATADO,DEF,1,0.95,agente:texto,2026-07-22T21:32:18Z
acta,argentinadatos:diputados:4649,ECON.DEUDA,ECON,0,0.95,agente:texto,2026-07-22T21:32:18Z
acta,argentinadatos:diputados:4649,PROD.INVER,PROD,0,0.95,agente:texto,2026-07-22T21:32:18Z
acta,argentinadatos:diputados:4659,CULT.DEPORTE,CULT,1,0.95,agente:texto,2026-07-22T21:32:21Z
acta,argentinadatos:diputados:4659,DERSOC.DDHH,DERSOC,0,0.95,agente:texto,2026-07-22T21:32:21Z
acta,argentinadatos:diputados:4659,DERSOC.GENERO,DERSOC,0,0.95,agente:texto,2026-07-22T21:32:21Z
acta,argentinadatos:diputados:4691,AUX.TRAMITE,AUX,1,0.95,agente:texto,2026-07-22T21:32:23Z
acta,argentinadatos:diputados:4694,AUX.TRAMITE,AUX,1,0.95,agente:texto,2026-07-22T21:32:26Z
acta,argentinadatos:diputados:4735,ECON.DEUDA,ECON,0,0.95,agente:texto,2026-07-22T22:01:15Z
acta,argentinadatos:diputados:4735,TRAB.PREV,TRAB,1,0.95,agente:texto,2026-07-22T22:01:15Z
acta,argentinadatos:diputados:4752,JUST.JUDIC,JUST,1,0.85,agente:texto,2026-07-22T22:01:18Z
acta,argentinadatos:diputados:4752,POLINST.ORGEST,POLINST,0,0.85,agente:texto,2026-07-22T22:01:18Z
acta,argentinadatos:diputados:4776,DEF.TRATADO,DEF,0,0.95,agente:texto,2026-07-22T22:01:21Z
acta,argentinadatos:diputados:4776,EDU.SUPERIOR,EDU,1,0.95,agente:texto,2026-07-22T22:01:21Z
acta,argentinadatos:diputados:4813,AUX.TRAMITE,AUX,1,0.99,manual,2026-09-07T19:08:32Z
acta,argentinadatos:diputados:4814,AUX.TRAMITE,AUX,1,0.95,agente:texto,2026-07-22T22:01:26Z
acta,argentinadatos:diputados:4828,AUX.TRAMITE,AUX,1,0.95,agente:texto,2026-07-22T22:01:28Z
acta,argentinadatos:diputados:4843,EDU.SUPERIOR,EDU,1,0.95,agente:texto,2026-07-22T22:01:30Z
acta,argentinadatos:diputados:4897,AUX.TRAMITE,AUX,1,0.95,agente:texto,2026-07-22T22:01:33Z
acta,argentinadatos:diputados:5100,AUX.TRAMITE,AUX,1,0.95,agente:texto,2026-07-22T22:00:23Z
acta,argentinadatos:diputados:5101,AUX.TRAMITE,AUX,1,0.95,agente:texto,2026-07-22T22:00:26Z
acta,argentinadatos:diputados:5105,AUX.TRAMITE,AUX,1,0.9,agente:texto,2026-07-22T21:59:36Z
acta,argentinadatos:diputados:5106,AUX.TRAMITE,AUX,1,0.9,agente:texto,2026-07-22T21:59:39Z
acta,argentinadatos:diputados:5108,DERSOC.DDHH,DERSOC,0,0.95,agente:texto,2026-07-22T21:31:09Z
acta,argentinadatos:diputados:5108,POLINST.CONST,POLINST,1,0.95,agente:texto,2026-07-22T21:31:09Z
acta,argentinadatos:diputados:5109,AUX.TRAMITE,AUX,1,0.85,agente:texto,2026-07-22T21:31:12Z
acta,argentinadatos:diputados:5110,POLINST.CONST,POLINST,1,0.85,agente:texto,2026-07-22T21:31:15Z
acta,argentinadatos:diputados:5113,AUX.TRAMITE,AUX,1,0.85,agente:texto,2026-07-22T21:59:42Z
acta,argentinadatos:diputados:5114,AUX.TRAMITE,AUX,1,0.95,agente:texto,2026-07-22T21:31:18Z
acta,argentinadatos:diputados:5115,AUX.TRAMITE,AUX,1,0.85,agente:texto,2026-07-22T21:31:20Z
acta,argentinadatos:diputados:5116,AUX.TRAMITE,AUX,1,0.95,agente:texto,2026-07-22T21:31:23Z
acta,argentinadatos:diputados:5117,AUX.TRAMITE,AUX,1,0.95,agente:texto,2026-07-22T21:31:27Z
acta,argentinadatos:diputados:5118,AUX.TRAMITE,AUX,1,0.85,agente:texto,2026-07-22T21:31:30Z
acta,argentinadatos:diputados:5119,AUX.TRAMITE,AUX,1,0.95,agente:texto,2026-07-22T21:31:33Z
acta,argentinadatos:diputados:5121,AUX.TRAMITE,AUX,1,0.95,agente:texto,2026-07-22T21:31:35Z
acta,argentinadatos:diputados:5141,AUX.TRAMITE,AUX,1,0.95,agente:texto,2026-07-22T21:31:37Z
acta,argentinadatos:diputados:5142,DESREG.DESECO,DESREG,0,0.85,agente:texto,2026-07-22T21:48:14Z
acta,argentinadatos:diputados:5142,DESREG.MODEST,DESREG,0,0.85,agente:texto,2026-07-22T21:48:14Z
acta,argentinadatos:diputados:5142,ECON.EMERG,ECON,0,0.85,agente:texto,2026-07-22T21:48:14Z
acta,argentinadatos:diputados:5142,POLINST.CONST,POLINST,1,0.85,agente:texto,2026-07-22T21:48:14Z
acta,argentinadatos:diputados:5143,DESREG.DESECO,DESREG,0,0.85,agente:texto,2026-07-22T21:48:18Z
acta,argentinadatos:diputados:5143,ECON.PRESU,ECON,0,0.85,agente:texto,2026-07-22T21:48:18Z
acta,argentinadatos:diputados:5143,POLINST.CONST,POLINST,1,0.85,agente:texto,2026-07-22T21:48:18Z
acta,argentinadatos:diputados:5147,DESREG.DESECO,DESREG,1,0.9,agente:texto,2026-07-22T21:48:21Z
acta,argentinadatos:diputados:5147,DESREG.MODEST,DESREG,0,0.9,agente:texto,2026-07-22T21:48:21Z
acta,argentinadatos:diputados:5147,ECON.PRESU,ECON,0,0.9,agente:texto,2026-07-22T21:48:21Z
acta,argentinadatos:diputados:5147,POLINST.CONST,POLINST,0,0.9,agente:texto,2026-07-22T21:48:21Z
acta,argentinadatos:diputados:5148,DESREG.DESECO,DESREG,0,0.95,agente:texto,2026-07-22T21:48:29Z
acta,argentinadatos:diputados:5148,DESREG.MODEST,DESREG,0,0.95,agente:texto,2026-07-22T21:48:29Z
acta,argentinadatos:diputados:5148,DESREG.SOCIED,DESREG,0,0.95,agente:texto,2026-07-22T21:48:29Z
acta,argentinadatos:diputados:5148,ECON.TRIB,ECON,0,0.95,agente:texto,2026-07-22T21:48:29Z
acta,argentinadatos:diputados:5148,POLINST.CONST,POLINST,1,0.95,agente:texto,2026-07-22T21:48:29Z
acta,argentinadatos:diputados:5149,DESREG.DESECO,DESREG,0,0.95,agente:texto,2026-07-22T21:59:45Z
acta,argentinadatos:diputados:5149,DESREG.MODEST,DESREG,0,0.95,agente:texto,2026-07-22T21:59:45Z
acta,argentinadatos:diputados:5149,POLINST.CONST,POLINST,1,0.95,agente:texto,2026-07-22T21:59:45Z
acta,argentinadatos:diputados:5149,POLINST.ORGEST,POLINST,0,0.95,agente:texto,2026-07-22T21:59:45Z
acta,argentinadatos:diputados:5151,DESREG.DESECO,DESREG,0,0.95,agente:texto,2026-07-22T21:59:52Z
acta,argentinadatos:diputados:5151,DESREG.MODEST,DESREG,0,0.95,agente:texto,2026-07-22T21:59:52Z
acta,argentinadatos:diputados:5151,ECON.TRIB,ECON,0,0.95,agente:texto,2026-07-22T21:59:52Z
acta,argentinadatos:diputados:5151,POLINST.CONST,POLINST,1,0.95,agente:texto,2026-07-22T21:59:52Z
acta,argentinadatos:diputados:5153,DESREG.DESECO,DESREG,1,0.85,agente:texto,2026-07-22T21:59:59Z
acta,argentinadatos:diputados:5153,DESREG.MODEST,DESREG,0,0.85,agente:texto,2026-07-22T21:59:59Z
acta,argentinadatos:diputados:5153,ECON.PRESU,ECON,0,0.85,agente:texto,2026-07-22T21:59:59Z
acta,argentinadatos:diputados:5153,POLINST.CONST,POLINST,0,0.85,agente:texto,2026-07-22T21:59:59Z
acta,argentinadatos:diputados:5155,DESREG.DESECO,DESREG,1,0.85,agente:texto,2026-07-22T22:00:03Z
acta,argentinadatos:diputados:5155,DESREG.MODEST,DESREG,0,0.85,agente:texto,2026-07-22T22:00:03Z
acta,argentinadatos:diputados:5155,ECON.PRESU,ECON,0,0.85,agente:texto,2026-07-22T22:00:03Z
acta,argentinadatos:diputados:5155,POLINST.CONST,POLINST,0,0.85,agente:texto,2026-07-22T22:00:03Z
acta,argentinadatos:diputados:5156,DESREG.DESECO,DESREG,1,0.85,agente:texto,2026-07-22T22:00:06Z
acta,argentinadatos:diputados:5156,ECON.PRESU,ECON,0,0.85,agente:texto,2026-07-22T22:00:06Z
acta,argentinadatos:diputados:5156,POLINST.CONST,POLINST,0,0.85,agente:texto,2026-07-22T22:00:06Z
acta,argentinadatos:diputados:5157,DESREG.DESECO,DESREG,0,0.95,agente:texto,2026-07-22T22:00:10Z
acta,argentinadatos:diputados:5157,DESREG.MODEST,DESREG,0,0.95,agente:texto,2026-07-22T22:00:10Z
acta,argentinadatos:diputados:5157,ECON.PRESU,ECON,0,0.95,agente:texto,2026-07-22T22:00:10Z
acta,argentinadatos:diputados:5157,POLINST.CONST,POLINST,1,0.95,agente:texto,2026-07-22T22:00:10Z
acta,argentinadatos:diputados:5158,DESREG.DESECO,DESREG,0,0.85,agente:texto,2026-07-22T22:00:13Z
acta,argentinadatos:diputados:5158,ECON.PRESU,ECON,0,0.85,agente:texto,2026-07-22T22:00:13Z
acta,argentinadatos:diputados:5158,POLINST.CONST,POLINST,1,0.85,agente:texto,2026-07-22T22:00:13Z
acta,argentinadatos:diputados:5161,DESREG.DESECO,DESREG,0,0.85,agente:texto,2026-07-22T22:00:21Z
acta,argentinadatos:diputados:5161,DESREG.MODEST,DESREG,0,0.85,agente:texto,2026-07-22T22:00:21Z
acta,argentinadatos:diputados:5161,ECON.TRIB,ECON,0,0.85,agente:texto,2026-07-22T22:00:21Z
acta,argentinadatos:diputados:5161,POLINST.CONST,POLINST,1,0.85,agente:texto,2026-07-22T22:00:21Z
acta,argentinadatos:diputados:5162,DESREG.DESECO,DESREG,0,0.95,agente:texto,2026-07-22T21:47:14Z
acta,argentinadatos:diputados:5162,DESREG.EMPUB,DESREG,0,0.95,agente:texto,2026-07-22T21:47:14Z
acta,argentinadatos:diputados:5162,DESREG.MODEST,DESREG,0,0.95,agente:texto,2026-07-22T21:47:14Z
acta,argentinadatos:diputados:5162,ECON.TRIB,ECON,0,0.95,agente:texto,2026-07-22T21:47:14Z
acta,argentinadatos:diputados:5162,POLINST.CONST,POLINST,1,0.95,agente:texto,2026-07-22T21:47:14Z
acta,argentinadatos:diputados:5164,DESREG.DESECO,DESREG,0,0.85,agente:texto,2026-07-22T21:47:22Z
acta,argentinadatos:diputados:5164,ECON.PRESU,ECON,0,0.85,agente:texto,2026-07-22T21:47:22Z
acta,argentinadatos:diputados:5164,POLINST.CONST,POLINST,1,0.85,agente:texto,2026-07-22T21:47:22Z
acta,argentinadatos:diputados:5165,DESREG.DESECO,DESREG,1,0.85,agente:texto,2026-07-22T21:47:26Z
acta,argentinadatos:diputados:5165,ECON.PRESU,ECON,0,0.85,agente:texto,2026-07-22T21:47:26Z
acta,argentinadatos:diputados:5165,POLINST.CONST,POLINST,0,0.85,agente:texto,2026-07-22T21:47:26Z
acta,argentinadatos:diputados:5166,DESREG.DESECO,DESREG,0,0.95,agente:texto,2026-07-22T21:47:18Z
acta,argentinadatos:diputados:5166,DESREG.MODEST,DESREG,0,0.95,agente:texto,2026-07-22T21:47:18Z
acta,argentinadatos:diputados:5166,DESREG.SOCIED,DESREG,0,0.95,agente:texto,2026-07-22T21:47:18Z
acta,argentinadatos:diputados:5166,ECON.TRIB,ECON,0,0.95,agente:texto,2026-07-22T21:47:18Z
acta,argentinadatos:diputados:5166,POLINST.CONST,POLINST,1,0.95,agente:texto,2026-07-22T21:47:18Z
acta,argentinadatos:diputados:5166,TRAB.LABOR,TRAB,0,0.95,agente:texto,2026-07-22T21:47:18Z
acta,argentinadatos:diputados:5168,DESREG.DESECO,DESREG,0,0.85,agente:texto,2026-07-22T21:47:30Z
acta,argentinadatos:diputados:5168,DESREG.MODEST,DESREG,0,0.85,agente:texto,2026-07-22T21:47:30Z
acta,argentinadatos:diputados:5168,POLINST.CONST,POLINST,1,0.85,agente:texto,2026-07-22T21:47:30Z
acta,argentinadatos:diputados:5170,DESREG.DESECO,DESREG,0,0.95,agente:texto,2026-07-22T21:49:21Z
acta,argentinadatos:diputados:5170,DESREG.EMPUB,DESREG,0,0.95,agente:texto,2026-07-22T21:49:21Z
acta,argentinadatos:diputados:5170,ECON.TRIB,ECON,0,0.95,agente:texto,2026-07-22T21:49:21Z
acta,argentinadatos:diputados:5170,POLINST.CONST,POLINST,1,0.95,agente:texto,2026-07-22T21:49:21Z
acta,argentinadatos:diputados:5171,DESREG.DESECO,DESREG,1,0.85,agente:texto,2026-07-22T21:49:25Z
acta,argentinadatos:diputados:5171,DESREG.MODEST,DESREG,0,0.85,agente:texto,2026-07-22T21:49:25Z
acta,argentinadatos:diputados:5171,ECON.PRESU,ECON,0,0.85,agente:texto,2026-07-22T21:49:25Z
acta,argentinadatos:diputados:5171,POLINST.CONST,POLINST,0,0.85,agente:texto,2026-07-22T21:49:25Z
acta,argentinadatos:diputados:5172,DESREG.DESECO,DESREG,1,0.9,agente:texto,2026-07-22T21:49:29Z
acta,argentinadatos:diputados:5172,DESREG.MODEST,DESREG,0,0.9,agente:texto,2026-07-22T21:49:29Z
acta,argentinadatos:diputados:5172,ECON.PRESU,ECON,0,0.9,agente:texto,2026-07-22T21:49:29Z
acta,argentinadatos:diputados:5172,POLINST.CONST,POLINST,0,0.9,agente:texto,2026-07-22T21:49:29Z
acta,argentinadatos:diputados:5173,DESREG.DESECO,DESREG,0,0.9,agente:texto,2026-07-22T21:47:42Z
acta,argentinadatos:diputados:5173,DESREG.MODEST,DESREG,0,0.9,agente:texto,2026-07-22T21:47:42Z
acta,argentinadatos:diputados:5173,ECON.PRESU,ECON,0,0.9,agente:texto,2026-07-22T21:47:42Z
acta,argentinadatos:diputados:5173,POLINST.CONST,POLINST,1,0.9,agente:texto,2026-07-22T21:47:42Z
acta,argentinadatos:diputados:5173,POLINST.ORGEST,POLINST,0,0.9,agente:texto,2026-07-22T21:47:42Z
acta,argentinadatos:diputados:5174,DESREG.DESECO,DESREG,1,0.85,agente:texto,2026-07-22T21:47:51Z
acta,argentinadatos:diputados:5174,DESREG.MODEST,DESREG,0,0.85,agente:texto,2026-07-22T21:47:51Z
acta,argentinadatos:diputados:5174,ECON.PRESU,ECON,0,0.85,agente:texto,2026-07-22T21:47:51Z
acta,argentinadatos:diputados:5174,POLINST.CONST,POLINST,0,0.85,agente:texto,2026-07-22T21:47:51Z
acta,argentinadatos:diputados:5175,DESREG.DESECO,DESREG,0,0.9,agente:texto,2026-07-22T21:47:55Z
acta,argentinadatos:diputados:5175,DESREG.MODEST,DESREG,0,0.9,agente:texto,2026-07-22T21:47:55Z
acta,argentinadatos:diputados:5175,ECON.PRESU,ECON,0,0.9,agente:texto,2026-07-22T21:47:55Z
acta,argentinadatos:diputados:5175,POLINST.CONST,POLINST,1,0.9,agente:texto,2026-07-22T21:47:55Z
acta,argentinadatos:diputados:5176,DESREG.DESECO,DESREG,0,0.85,agente:texto,2026-07-22T21:47:48Z
acta,argentinadatos:diputados:5176,DESREG.MODEST,DESREG,0,0.85,agente:texto,2026-07-22T21:47:48Z
acta,argentinadatos:diputados:5176,ECON.PRESU,ECON,0,0.85,agente:texto,2026-07-22T21:47:48Z
acta,argentinadatos:diputados:5176,POLINST.CONST,POLINST,1,0.85,agente:texto,2026-07-22T21:47:48Z
acta,argentinadatos:diputados:5177,DESREG.DESECO,DESREG,1,0.85,agente:texto,2026-07-22T21:48:00Z
acta,argentinadatos:diputados:5177,DESREG.MODEST,DESREG,0,0.85,agente:texto,2026-07-22T21:48:00Z
acta,argentinadatos:diputados:5177,ECON.PRESU,ECON,0,0.85,agente:texto,2026-07-22T21:48:00Z
acta,argentinadatos:diputados:5177,POLINST.CONST,POLINST,0,0.85,agente:texto,2026-07-22T21:48:00Z
acta,argentinadatos:diputados:5178,DESREG.DESECO,DESREG,0,0.9,agente:texto,2026-07-22T21:48:04Z
acta,argentinadatos:diputados:5178,DESREG.EMPUB,DESREG,0,0.9,agente:texto,2026-07-22T21:48:04Z
acta,argentinadatos:diputados:5178,DESREG.MODEST,DESREG,0,0.9,agente:texto,2026-07-22T21:48:04Z
acta,argentinadatos:diputados:5178,ECON.TRIB,ECON,0,0.9,agente:texto,2026-07-22T21:48:04Z
acta,argentinadatos:diputados:5178,POLINST.CONST,POLINST,1,0.9,agente:texto,2026-07-22T21:48:04Z
acta,argentinadatos:diputados:5180,DESREG.DESECO,DESREG,0,0.95,agente:texto,2026-07-22T21:48:07Z
acta,argentinadatos:diputados:5180,DESREG.MODEST,DESREG,0,0.95,agente:texto,2026-07-22T21:48:07Z
acta,argentinadatos:diputados:5180,POLINST.CONST,POLINST,1,0.95,agente:texto,2026-07-22T21:48:07Z
acta,argentinadatos:diputados:5181,DESREG.DESECO,DESREG,0,0.95,agente:texto,2026-07-22T21:48:11Z
acta,argentinadatos:diputados:5181,DESREG.MODEST,DESREG,0,0.95,agente:texto,2026-07-22T21:48:11Z
acta,argentinadatos:diputados:5181,POLINST.CONST,POLINST,1,0.95,agente:texto,2026-07-22T21:48:11Z
acta,argentinadatos:diputados:5182,DESREG.DESECO,DESREG,1,0.85,agente:texto,2026-07-22T21:46:27Z
acta,argentinadatos:diputados:5182,DESREG.MODEST,DESREG,0,0.85,agente:texto,2026-07-22T21:46:27Z
acta,argentinadatos:diputados:5182,POLINST.CONST,POLINST,0,0.85,agente:texto,2026-07-22T21:46:27Z
acta,argentinadatos:diputados:5190,AUX.TRAMITE,AUX,1,0.95,agente:texto,2026-07-22T21:46:39Z
acta,argentinadatos:diputados:5192,ECON.PRESU,ECON,0,0.85,agente:texto,2026-07-22T21:48:35Z
acta,argentinadatos:diputados:5192,ECON.TRIB,ECON,1,0.85,agente:texto,2026-07-22T21:48:35Z
acta,argentinadatos:diputados:5195,ECON.TRIB,ECON,1,0.95,agente:texto,2026-07-22T21:48:39Z
acta,argentinadatos:diputados:5196,ECON.PRESU,ECON,1,0.85,agente:texto,2026-07-22T21:46:51Z
acta,argentinadatos:diputados:5196,ECON.TRIB,ECON,0,0.85,agente:texto,2026-07-22T21:46:51Z
acta,argentinadatos:diputados:5197,ECON.TRIB,ECON,1,0.95,agente:texto,2026-07-22T21:46:53Z
acta,argentinadatos:diputados:5198,DESREG.DESECO,DESREG,0,0.95,agente:texto,2026-07-22T21:46:56Z
acta,argentinadatos:diputados:5198,ECON.TRIB,ECON,1,0.95,agente:texto,2026-07-22T21:46:56Z
acta,argentinadatos:diputados:5198,PROD.INDPYME,PROD,0,0.95,agente:texto,2026-07-22T21:46:56Z
acta,argentinadatos:diputados:5199,ECON.TRIB,ECON,0,0.85,agente:texto,2026-07-22T21:47:00Z
acta,argentinadatos:diputados:5199,POLINST.ETICA,POLINST,1,0.85,agente:texto,2026-07-22T21:47:00Z
acta,argentinadatos:diputados:5200,ECON.PRESU,ECON,1,0.85,agente:texto,2026-07-22T21:47:03Z
acta,argentinadatos:diputados:5200,ECON.TRIB,ECON,0,0.85,agente:texto,2026-07-22T21:47:03Z
acta,argentinadatos:diputados:5212,AUX.TRAMITE,AUX,1,0.95,agente:texto,2026-07-22T21:46:33Z
acta,argentinadatos:diputados:5214,DESREG.DESECO,DESREG,0,0.95,agente:texto,2026-07-22T21:46:31Z
acta,argentinadatos:diputados:5214,DESREG.MODEST,DESREG,0,0.95,agente:texto,2026-07-22T21:46:31Z
acta,argentinadatos:diputados:5214,ECON.TRIB,ECON,0,0.95,agente:texto,2026-07-22T21:46:31Z
acta,argentinadatos:diputados:5214,POLINST.CONST,POLINST,1,0.95,agente:texto,2026-07-22T21:46:31Z
acta,argentinadatos:diputados:5215,DESREG.DESECO,DESREG,0,0.85,agente:texto,2026-07-22T21:48:25Z
acta,argentinadatos:diputados:5215,DESREG.MODEST,DESREG,0,0.85,agente:texto,2026-07-22T21:48:25Z
acta,argentinadatos:diputados:5215,ECON.PRESU,ECON,0,0.85,agente:texto,2026-07-22T21:48:25Z
acta,argentinadatos:diputados:5215,POLINST.CONST,POLINST,1,0.85,agente:texto,2026-07-22T21:48:25Z
acta,argentinadatos:diputados:5216,DESREG.DESECO,DESREG,1,0.85,agente:texto,2026-07-22T21:46:36Z
acta,argentinadatos:diputados:5216,ECON.PRESU,ECON,0,0.85,agente:texto,2026-07-22T21:46:36Z
acta,argentinadatos:diputados:5216,POLINST.CONST,POLINST,0,0.85,agente:texto,2026-07-22T21:46:36Z
acta,argentinadatos:diputados:5217,DESREG.DESECO,DESREG,0,0.9,agente:texto,2026-07-22T21:59:49Z
acta,argentinadatos:diputados:5217,DESREG.MODEST,DESREG,0,0.9,agente:texto,2026-07-22T21:59:49Z
acta,argentinadatos:diputados:5217,ECON.PRESU,ECON,0,0.9,agente:texto,2026-07-22T21:59:49Z
acta,argentinadatos:diputados:5217,POLINST.CONST,POLINST,1,0.9,agente:texto,2026-07-22T21:59:49Z
acta,argentinadatos:diputados:5218,ECON.PRESU,ECON,1,0.85,agente:texto,2026-07-22T21:48:33Z
acta,argentinadatos:diputados:5218,ECON.TRIB,ECON,0,0.85,agente:texto,2026-07-22T21:48:33Z
acta,argentinadatos:diputados:5219,DESREG.DESECO,DESREG,0,0.85,agente:texto,2026-07-22T22:00:17Z
acta,argentinadatos:diputados:5219,DESREG.MODEST,DESREG,0,0.85,agente:texto,2026-07-22T22:00:17Z
acta,argentinadatos:diputados:5219,ECON.PRESU,ECON,0,0.85,agente:texto,2026-07-22T22:00:17Z
acta,argentinadatos:diputados:5219,POLINST.CONST,POLINST,1,0.85,agente:texto,2026-07-22T22:00:17Z
acta,argentinadatos:diputados:5220,DESREG.DESECO,DESREG,0,0.95,agente:texto,2026-07-22T21:59:56Z
acta,argentinadatos:diputados:5220,DESREG.EMPUB,DESREG,0,0.95,agente:texto,2026-07-22T21:59:56Z
acta,argentinadatos:diputados:5220,DESREG.MODEST,DESREG,0,0.95,agente:texto,2026-07-22T21:59:56Z
acta,argentinadatos:diputados:5220,ECON.TRIB,ECON,0,0.95,agente:texto,2026-07-22T21:59:56Z
acta,argentinadatos:diputados:5220,POLINST.CONST,POLINST,1,0.95,agente:texto,2026-07-22T21:59:56Z
acta,argentinadatos:diputados:5220,TRAB.LABOR,TRAB,0,0.95,agente:texto,2026-07-22T21:59:56Z
acta,argentinadatos:diputados:5231,AUX.TRAMITE,AUX,1,0.95,agente:texto,2026-07-22T21:45:45Z
acta,argentinadatos:diputados:5232,AUX.TRAMITE,AUX,1,0.95,agente:texto,2026-07-22T21:45:43Z
acta,argentinadatos:diputados:5233,AUX.TRAMITE,AUX,1,1.0,agente:texto,2026-07-22T21:47:05Z
acta,argentinadatos:diputados:5234,AUX.TRAMITE,AUX,1,0.95,agente:texto,2026-07-22T21:47:07Z
acta,argentinadatos:diputados:5235,AUX.TRAMITE,AUX,1,0.95,agente:texto,2026-07-22T21:47:10Z
acta,argentinadatos:diputados:5253,AUX.TRAMITE,AUX,1,0.95,agente:texto,2026-07-22T21:45:50Z
acta,argentinadatos:diputados:5254,AUX.TRAMITE,AUX,1,0.95,agente:texto,2026-07-22T21:45:53Z
acta,argentinadatos:diputados:5256,AUX.TRAMITE,AUX,1,0.95,agente:texto,2026-07-22T21:47:32Z
acta,argentinadatos:diputados:5258,AUX.TRAMITE,AUX,1,0.95,agente:texto,2026-07-22T21:45:48Z
acta,argentinadatos:diputados:5260,TRAB.PREV,TRAB,1,0.95,agente:texto,2026-07-22T21:47:35Z
acta,argentinadatos:diputados:5261,TRAB.PREV,TRAB,1,0.99,manual,2026-09-07T19:08:32Z
acta,argentinadatos:diputados:5262,TRAB.PREV,TRAB,1,0.95,agente:texto,2026-07-22T21:46:04Z
acta,argentinadatos:diputados:5263,TRAB.PREV,TRAB,1,0.95,agente:texto,2026-07-22T21:46:07Z
acta,argentinadatos:diputados:5264,TRAB.PREV,TRAB,1,0.95,agente:texto,2026-07-22T21:46:09Z
acta,argentinadatos:diputados:5265,TRAB.PREV,TRAB,1,0.95,agente:texto,2026-07-22T21:46:12Z
acta,argentinadatos:diputados:5272,DESREG.DESECO,DESREG,0,0.85,agente:texto,2026-07-22T21:46:16Z
acta,argentinadatos:diputados:5272,DESREG.MODEST,DESREG,0,0.85,agente:texto,2026-07-22T21:46:16Z
acta,argentinadatos:diputados:5272,ECON.PRESU,ECON,0,0.85,agente:texto,2026-07-22T21:46:16Z
acta,argentinadatos:diputados:5272,POLINST.CONST,POLINST,1,0.85,agente:texto,2026-07-22T21:46:16Z
acta,argentinadatos:diputados:5273,AUX.TRAMITE,AUX,1,0.95,agente:texto,2026-07-22T21:46:18Z
acta,argentinadatos:diputados:5274,AUX.TRAMITE,AUX,0,0.95,agente:texto,2026-07-22T21:46:21Z
acta,argentinadatos:diputados:5274,ECON.TRIB,ECON,1,0.95,agente:texto,2026-07-22T21:46:21Z
acta,argentinadatos:diputados:5276,AUX.TRAMITE,AUX,1,0.95,agente:texto,2026-07-22T21:46:23Z
acta,argentinadatos:diputados:5282,AUX.TRAMITE,AUX,1,0.95,agente:texto,2026-07-22T21:44:57Z
acta,argentinadatos:diputados:5283,AUX.TRAMITE,AUX,1,0.95,agente:texto,2026-07-22T21:44:59Z
acta,argentinadatos:diputados:5285,CYT.CIBER,CYT,0,0.95,agente:texto,2026-07-22T21:45:02Z
acta,argentinadatos:diputados:5285,DERSOC.DDHH,DERSOC,0,0.95,agente:texto,2026-07-22T21:45:02Z
acta,argentinadatos:diputados:5285,JUST.PENAL,JUST,1,0.95,agente:texto,2026-07-22T21:45:02Z
acta,argentinadatos:diputados:5286,CYT.CIBER,CYT,0,0.95,agente:texto,2026-07-22T21:45:06Z
acta,argentinadatos:diputados:5286,DERSOC.DDHH,DERSOC,0,0.95,agente:texto,2026-07-22T21:45:06Z
acta,argentinadatos:diputados:5286,JUST.PENAL,JUST,1,0.95,agente:texto,2026-07-22T21:45:06Z
acta,argentinadatos:diputados:5287,AUX.TRAMITE,AUX,1,0.95,agente:texto,2026-07-22T21:45:09Z
acta,argentinadatos:diputados:5288,CYT.CIBER,CYT,0,0.95,agente:texto,2026-07-22T21:46:42Z
acta,argentinadatos:diputados:5288,DERSOC.DDHH,DERSOC,0,0.95,agente:texto,2026-07-22T21:46:42Z
acta,argentinadatos:diputados:5288,JUST.PENAL,JUST,1,0.95,agente:texto,2026-07-22T21:46:42Z
acta,argentinadatos:diputados:5289,CYT.CIBER,CYT,0,0.95,agente:texto,2026-07-22T21:46:45Z
acta,argentinadatos:diputados:5289,DERSOC.DDHH,DERSOC,0,0.95,agente:texto,2026-07-22T21:46:45Z
acta,argentinadatos:diputados:5289,JUST.PENAL,JUST,1,0.95,agente:texto,2026-07-22T21:46:45Z
acta,argentinadatos:diputados:5290,CYT.CIBER,CYT,0,0.95,agente:texto,2026-07-22T21:46:48Z
acta,argentinadatos:diputados:5290,DERSOC.DDHH,DERSOC,0,0.95,agente:texto,2026-07-22T21:46:48Z
acta,argentinadatos:diputados:5290,JUST.PENAL,JUST,1,0.95,agente:texto,2026-07-22T21:46:48Z
acta,argentinadatos:diputados:5291,CYT.CIBER,CYT,0,0.95,agente:texto,2026-07-22T21:45:21Z
acta,argentinadatos:diputados:5291,DERSOC.DDHH,DERSOC,0,0.95,agente:texto,2026-07-22T21:45:21Z
acta,argentinadatos:diputados:5291,JUST.PENAL,JUST,1,0.95,agente:texto,2026-07-22T21:45:21Z
acta,argentinadatos:diputados:5292,CYT.CIBER,CYT,0,0.95,agente:texto,2026-07-22T21:45:24Z
acta,argentinadatos:diputados:5292,DERSOC.DDHH,DERSOC,0,0.95,agente:texto,2026-07-22T21:45:24Z
acta,argentinadatos:diputados:5292,JUST.PENAL,JUST,1,0.95,agente:texto,2026-07-22T21:45:24Z
acta,argentinadatos:diputados:5293,CYT.CIBER,CYT,0,0.95,agente:texto,2026-07-22T21:45:27Z
acta,argentinadatos:diputados:5293,DERSOC.DDHH,DERSOC,0,0.95,agente:texto,2026-07-22T21:45:27Z
acta,argentinadatos:diputados:5293,JUST.PENAL,JUST,1,0.95,agente:texto,2026-07-22T21:45:27Z
acta,argentinadatos:diputados:5294,CYT.CIBER,CYT,0,0.95,agente:texto,2026-07-22T21:45:30Z
acta,argentinadatos:diputados:5294,DERSOC.DDHH,DERSOC,0,0.95,agente:texto,2026-07-22T21:45:30Z
acta,argentinadatos:diputados:5294,JUST.PENAL,JUST,1,0.95,agente:texto,2026-07-22T21:45:30Z
acta,argentinadatos:diputados:5295,DEF.DEFENSA,DEF,1,0.95,agente:texto,2026-07-22T21:45:34Z
acta,argentinadatos:diputados:5295,POLINST.CONST,POLINST,0,0.95,agente:texto,2026-07-22T21:45:34Z
acta,argentinadatos:diputados:5296,AUX.TRAMITE,AUX,1,0.95,agente:texto,2026-07-22T21:45:37Z
acta,argentinadatos:diputados:5297,AUX.TRAMITE,AUX,1,1.0,agente:texto,2026-07-22T21:45:39Z
acta,argentinadatos:diputados:5298,AUX.TRAMITE,AUX,1,0.95,agente:texto,2026-07-22T21:45:41Z
acta,argentinadatos:diputados:5300,EDU.BASICA,EDU,1,0.85,agente:texto,2026-07-22T21:44:16Z
acta,argentinadatos:diputados:5300,POLINST.ORGEST,POLINST,0,0.85,agente:texto,2026-07-22T21:44:16Z
acta,argentinadatos:diputados:5302,ECON.PRESU,ECON,0,0.95,agente:texto,2026-07-22T21:44:22Z
acta,argentinadatos:diputados:5302,EDU.SUPERIOR,EDU,1,0.95,agente:texto,2026-07-22T21:44:22Z
acta,argentinadatos:diputados:5306,ECON.PRESU,ECON,0,0.95,agente:texto,2026-07-22T21:44:24Z
acta,argentinadatos:diputados:5306,EDU.SUPERIOR,EDU,1,0.95,agente:texto,2026-07-22T21:44:24Z
acta,argentinadatos:diputados:5313,ECON.PRESU,ECON,0,0.95,agente:texto,2026-07-22T21:44:19Z
acta,argentinadatos:diputados:5313,EDU.SUPERIOR,EDU,1,0.95,agente:texto,2026-07-22T21:44:19Z
acta,argentinadatos:diputados:5314,ECON.PRESU,ECON,0,0.95,agente:texto,2026-07-22T21:44:27Z
acta,argentinadatos:diputados:5314,EDU.SUPERIOR,EDU,1,0.95,agente:texto,2026-07-22T21:44:27Z
acta,argentinadatos:diputados:5315,ECON.PRESU,ECON,0,0.95,agente:texto,2026-07-22T21:45:55Z
acta,argentinadatos:diputados:5315,EDU.SUPERIOR,EDU,1,0.95,agente:texto,2026-07-22T21:45:55Z
acta,argentinadatos:diputados:5316,ECON.PRESU,ECON,0,0.95,agente:texto,2026-07-22T21:45:58Z
acta,argentinadatos:diputados:5316,EDU.SUPERIOR,EDU,1,0.95,agente:texto,2026-07-22T21:45:58Z
acta,argentinadatos:diputados:5318,ECON.PRESU,ECON,0,0.95,agente:texto,2026-07-22T21:46:01Z
acta,argentinadatos:diputados:5318,EDU.SUPERIOR,EDU,1,0.95,agente:texto,2026-07-22T21:46:01Z
acta,argentinadatos:diputados:5319,ECON.PRESU,ECON,0,0.95,agente:texto,2026-07-22T21:44:38Z
acta,argentinadatos:diputados:5319,EDU.SUPERIOR,EDU,1,0.95,agente:texto,2026-07-22T21:44:38Z
acta,argentinadatos:diputados:5322,ECON.PRESU,ECON,0,0.95,agente:texto,2026-07-22T21:44:44Z
acta,argentinadatos:diputados:5322,EDU.SUPERIOR,EDU,1,0.95,agente:texto,2026-07-22T21:44:44Z
acta,argentinadatos:diputados:5323,ECON.PRESU,ECON,0,0.95,agente:texto,2026-07-22T21:44:41Z
acta,argentinadatos:diputados:5323,EDU.SUPERIOR,EDU,1,0.95,agente:texto,2026-07-22T21:44:41Z
acta,argentinadatos:diputados:5328,AUX.TRAMITE,AUX,1,0.95,agente:texto,2026-07-22T21:44:50Z
acta,argentinadatos:diputados:5329,AUX.TRAMITE,AUX,1,0.95,agente:texto,2026-07-22T21:44:52Z
acta,argentinadatos:diputados:5330,AUX.TRAMITE,AUX,1,0.95,agente:texto,2026-07-22T21:44:46Z
acta,argentinadatos:diputados:5331,AUX.TRAMITE,AUX,1,1.0,agente:texto,2026-07-22T21:44:54Z
acta,argentinadatos:diputados:5332,AUX.TRAMITE,AUX,1,0.95,agente:texto,2026-07-22T21:43:32Z
acta,argentinadatos:diputados:5334,AUX.TRAMITE,AUX,1,0.95,agente:texto,2026-07-22T21:44:48Z
acta,argentinadatos:diputados:5354,AUX.TRAMITE,AUX,1,0.95,agente:texto,2026-07-22T21:43:35Z
acta,argentinadatos:diputados:5376,DEF.TRATADO,DEF,1,0.95,agente:texto,2026-07-22T21:43:42Z
acta,argentinadatos:diputados:5376,ECON.TRIB,ECON,0,0.95,agente:texto,2026-07-22T21:43:42Z
acta,argentinadatos:diputados:5378,DEF.EXTERIOR,DEF,0,0.95,agente:texto,2026-07-22T21:43:40Z
acta,argentinadatos:diputados:5378,DEF.TRATADO,DEF,1,0.95,agente:texto,2026-07-22T21:43:40Z
acta,argentinadatos:diputados:5378,PROD.INVER,PROD,0,0.95,agente:texto,2026-07-22T21:43:40Z
acta,argentinadatos:diputados:5379,DEF.TRATADO,DEF,1,0.95,agente:texto,2026-07-22T21:45:12Z
acta,argentinadatos:diputados:5379,ECON.TRIB,ECON,0,0.95,agente:texto,2026-07-22T21:45:12Z
acta,argentinadatos:diputados:5381,CULT.CULTURA,CULT,1,0.95,agente:texto,2026-07-22T21:45:15Z
acta,argentinadatos:diputados:5381,POLINST.ETICA,POLINST,0,0.95,agente:texto,2026-07-22T21:45:15Z
acta,argentinadatos:diputados:5382,AUX.TRAMITE,AUX,1,0.95,agente:texto,2026-07-22T21:43:37Z
acta,argentinadatos:diputados:5383,POLINST.ELECT,POLINST,1,0.95,agente:texto,2026-07-22T21:45:17Z
acta,argentinadatos:diputados:5385,JUST.SEGINT,JUST,1,0.85,agente:texto,2026-07-22T21:43:54Z
acta,argentinadatos:diputados:5386,JUST.SEGINT,JUST,1,0.95,agente:texto,2026-07-22T21:43:57Z
acta,argentinadatos:diputados:5387,JUST.NARCO,JUST,1,0.85,agente:texto,2026-07-22T21:44:00Z
acta,argentinadatos:diputados:5387,JUST.PENAL,JUST,0,0.85,agente:texto,2026-07-22T21:44:00Z
acta,argentinadatos:diputados:5387,JUST.SEGINT,JUST,0,0.85,agente:texto,2026-07-22T21:44:00Z
acta,argentinadatos:diputados:5388,AUX.TRAMITE,AUX,1,0.95,agente:texto,2026-07-22T21:44:02Z
acta,argentinadatos:diputados:5389,AUX.TRAMITE,AUX,1,0.95,agente:texto,2026-07-22T21:44:04Z
acta,argentinadatos:diputados:5390,AUX.TRAMITE,AUX,1,0.95,agente:texto,2026-07-22T21:44:06Z
acta,argentinadatos:diputados:5392,AMB.BOSQUE,AMB,0,0.85,agente:texto,2026-07-22T21:44:10Z
acta,argentinadatos:diputados:5392,ECON.EMERG,ECON,1,0.85,agente:texto,2026-07-22T21:44:10Z
acta,argentinadatos:diputados:5392,INFRA.VIVIENDA,INFRA,0,0.85,agente:texto,2026-07-22T21:44:10Z
acta,argentinadatos:diputados:5400,AUX.TRAMITE,AUX,1,0.95,agente:texto,2026-07-22T21:44:12Z
acta,argentinadatos:diputados:5473,AUX.TRAMITE,AUX,1,0.95,agente:texto,2026-07-22T21:42:51Z
acta,argentinadatos:diputados:5476,AUX.TRAMITE,AUX,1,0.95,agente:texto,2026-07-22T21:42:53Z
acta,argentinadatos:diputados:5479,AUX.TRAMITE,AUX,1,1.0,agente:texto,2026-07-22T21:42:58Z
acta,argentinadatos:diputados:5480,AUX.TRAMITE,AUX,1,0.95,agente:texto,2026-07-22T21:42:55Z
acta,argentinadatos:diputados:5481,AUX.TRAMITE,AUX,1,0.95,agente:texto,2026-07-22T21:43:00Z
acta,argentinadatos:diputados:5482,AUX.TRAMITE,AUX,1,0.95,agente:texto,2026-07-22T21:44:29Z
acta,argentinadatos:diputados:5484,DESREG.DESECO,DESREG,0,0.95,agente:texto,2026-07-22T21:44:32Z
acta,argentinadatos:diputados:5484,SALUD.ADICC,SALUD,1,0.95,agente:texto,2026-07-22T21:44:32Z
acta,argentinadatos:diputados:5485,DESREG.DESECO,DESREG,0,0.95,agente:texto,2026-07-22T21:44:35Z
acta,argentinadatos:diputados:5485,SALUD.ADICC,SALUD,1,0.95,agente:texto,2026-07-22T21:44:35Z
acta,argentinadatos:diputados:5486,SALUD.ADICC,SALUD,1,0.95,agente:texto,2026-07-22T21:43:10Z
acta,argentinadatos:diputados:5487,DESREG.DESECO,DESREG,0,0.95,agente:texto,2026-07-22T21:43:13Z
acta,argentinadatos:diputados:5487,SALUD.ADICC,SALUD,1,0.95,agente:texto,2026-07-22T21:43:13Z
acta,argentinadatos:diputados:5488,DESREG.DESECO,DESREG,0,0.95,agente:texto,2026-07-22T21:43:16Z
acta,argentinadatos:diputados:5488,SALUD.ADICC,SALUD,1,0.95,agente:texto,2026-07-22T21:43:16Z
acta,argentinadatos:diputados:5489,DESREG.DESECO,DESREG,0,0.95,agente:texto,2026-07-22T21:43:19Z
acta,argentinadatos:diputados:5489,JUST.CIVCOM,JUST,0,0.95,agente:texto,2026-07-22T21:43:19Z
acta,argentinadatos:diputados:5489,SALUD.ADICC,SALUD,1,0.95,agente:texto,2026-07-22T21:43:19Z
acta,argentinadatos:diputados:5490,DESREG.DESECO,DESREG,0,0.95,agente:texto,2026-07-22T21:43:21Z
acta,argentinadatos:diputados:5490,SALUD.ADICC,SALUD,1,0.95,agente:texto,2026-07-22T21:43:21Z
acta,argentinadatos:diputados:5493,DESREG.DESECO,DESREG,0,0.95,agente:texto,2026-07-22T21:43:25Z
acta,argentinadatos:diputados:5493,SALUD.ADICC,SALUD,1,0.95,agente:texto,2026-07-22T21:43:25Z
acta,argentinadatos:diputados:5494,DESREG.DESECO,DESREG,0,0.95,agente:texto,2026-07-22T21:43:28Z
acta,argentinadatos:diputados:5494,SALUD.ADICC,SALUD,1,0.99,manual,2026-09-07T19:08:32Z
acta,argentinadatos:diputados:5495,DESREG.DESECO,DESREG,0,0.95,agente:texto,2026-07-22T21:43:31Z
acta,argentinadatos:diputados:5495,SALUD.ADICC,SALUD,1,0.95,agente:texto,2026-07-22T21:43:31Z
acta,argentinadatos:diputados:5496,DESREG.DESECO,DESREG,0,0.95,agente:texto,2026-07-22T21:42:05Z
acta,argentinadatos:diputados:5496,SALUD.ADICC,SALUD,1,0.95,agente:texto,2026-07-22T21:42:05Z
acta,argentinadatos:diputados:5497,DESREG.DESECO,DESREG,0,0.95,agente:texto,2026-07-22T21:42:08Z
acta,argentinadatos:diputados:5497,SALUD.ADICC,SALUD,1,0.99,manual,2026-09-07T19:08:32Z
acta,argentinadatos:diputados:5498,DESREG.DESECO,DESREG,0,0.95,agente:texto,2026-07-22T21:42:11Z
acta,argentinadatos:diputados:5498,SALUD.ADICC,SALUD,1,0.95,agente:texto,2026-07-22T21:42:11Z
acta,argentinadatos:diputados:5499,DESREG.DESECO,DESREG,0,0.95,agente:texto,2026-07-22T21:42:13Z
acta,argentinadatos:diputados:5499,SALUD.ADICC,SALUD,1,0.95,agente:texto,2026-07-22T21:42:13Z
acta,argentinadatos:diputados:5500,DESREG.DESECO,DESREG,0,0.95,agente:texto,2026-07-22T21:42:16Z
acta,argentinadatos:diputados:5500,SALUD.ADICC,SALUD,1,0.95,agente:texto,2026-07-22T21:42:16Z
acta,argentinadatos:diputados:5501,DESREG.DESECO,DESREG,0,0.95,agente:texto,2026-07-22T21:43:45Z
acta,argentinadatos:diputados:5501,SALUD.ADICC,SALUD,1,0.95,agente:texto,2026-07-22T21:43:45Z
acta,argentinadatos:diputados:5502,DESREG.DESECO,DESREG,0,0.95,agente:texto,2026-07-22T21:43:48Z
acta,argentinadatos:diputados:5502,SALUD.ADICC,SALUD,1,0.99,manual,2026-09-07T19:08:32Z
acta,argentinadatos:diputados:5503,DESREG.DESECO,DESREG,0,0.95,agente:texto,2026-07-22T21:43:52Z
acta,argentinadatos:diputados:5503,SALUD.ADICC,SALUD,1,0.95,agente:texto,2026-07-22T21:43:52Z
acta,argentinadatos:diputados:5504,DESREG.DESECO,DESREG,0,0.95,agente:texto,2026-07-22T21:42:28Z
acta,argentinadatos:diputados:5504,SALUD.ADICC,SALUD,1,0.95,agente:texto,2026-07-22T21:42:28Z
acta,argentinadatos:diputados:5505,DESREG.DESECO,DESREG,0,0.95,agente:texto,2026-07-22T21:42:30Z
acta,argentinadatos:diputados:5505,SALUD.ADICC,SALUD,1,0.95,agente:texto,2026-07-22T21:42:30Z
acta,argentinadatos:diputados:5506,DESREG.DESECO,DESREG,0,0.95,agente:texto,2026-07-22T21:42:33Z
acta,argentinadatos:diputados:5506,SALUD.ADICC,SALUD,1,0.95,agente:texto,2026-07-22T21:42:33Z
acta,argentinadatos:diputados:5507,DESREG.DESECO,DESREG,0,0.95,agente:texto,2026-07-22T21:42:36Z
acta,argentinadatos:diputados:5507,SALUD.ADICC,SALUD,1,0.95,agente:texto,2026-07-22T21:42:36Z
acta,argentinadatos:diputados:5508,DESREG.DESECO,DESREG,0,0.95,agente:texto,2026-07-22T21:42:39Z
acta,argentinadatos:diputados:5508,SALUD.ADICC,SALUD,1,0.95,agente:texto,2026-07-22T21:42:39Z
acta,argentinadatos:diputados:5509,DESREG.DESECO,DESREG,0,0.95,agente:texto,2026-07-22T21:42:42Z
acta,argentinadatos:diputados:5509,SALUD.ADICC,SALUD,1,0.95,agente:texto,2026-07-22T21:42:42Z
acta,argentinadatos:diputados:5510,DESREG.DESECO,DESREG,0,0.95,agente:texto,2026-07-22T21:42:45Z
acta,argentinadatos:diputados:5510,SALUD.ADICC,SALUD,1,0.95,agente:texto,2026-07-22T21:42:45Z
acta,argentinadatos:diputados:5511,DESREG.DESECO,DESREG,0,0.95,agente:texto,2026-07-22T21:42:48Z
acta,argentinadatos:diputados:5511,SALUD.ADICC,SALUD,1,0.95,agente:texto,2026-07-22T21:42:48Z
acta,argentinadatos:diputados:5512,DESREG.DESECO,DESREG,0,0.95,agente:texto,2026-07-22T21:41:19Z
acta,argentinadatos:diputados:5512,SALUD.ADICC,SALUD,1,0.95,agente:texto,2026-07-22T21:41:19Z
acta,argentinadatos:diputados:5513,SALUD.ADICC,SALUD,1,0.95,agente:texto,2026-07-22T21:41:22Z
acta,argentinadatos:diputados:5514,DESREG.DESECO,DESREG,0,0.95,agente:texto,2026-07-22T21:41:25Z
acta,argentinadatos:diputados:5514,SALUD.ADICC,SALUD,1,0.95,agente:texto,2026-07-22T21:41:25Z
acta,argentinadatos:diputados:5516,DESREG.DESECO,DESREG,0,0.95,agente:texto,2026-07-22T21:41:32Z
acta,argentinadatos:diputados:5516,SALUD.ADICC,SALUD,1,0.95,agente:texto,2026-07-22T21:41:32Z
acta,argentinadatos:diputados:5517,DESREG.DESECO,DESREG,0,0.95,agente:texto,2026-07-22T21:41:28Z
acta,argentinadatos:diputados:5517,ECON.TRIB,ECON,0,0.95,agente:texto,2026-07-22T21:41:28Z
acta,argentinadatos:diputados:5517,SALUD.ADICC,SALUD,1,0.95,agente:texto,2026-07-22T21:41:28Z
acta,argentinadatos:diputados:5518,DESREG.DESECO,DESREG,0,0.95,agente:texto,2026-07-22T21:43:03Z
acta,argentinadatos:diputados:5518,SALUD.ADICC,SALUD,1,0.95,agente:texto,2026-07-22T21:43:03Z
acta,argentinadatos:diputados:5519,DESREG.DESECO,DESREG,0,0.95,agente:texto,2026-07-22T21:43:05Z
acta,argentinadatos:diputados:5519,SALUD.ADICC,SALUD,1,0.95,agente:texto,2026-07-22T21:43:05Z
acta,argentinadatos:diputados:5520,DESREG.DESECO,DESREG,0,0.95,agente:texto,2026-07-22T21:43:08Z
acta,argentinadatos:diputados:5520,SALUD.ADICC,SALUD,1,0.95,agente:texto,2026-07-22T21:43:08Z
acta,argentinadatos:diputados:5521,DESREG.DESECO,DESREG,0,0.95,agente:texto,2026-07-22T21:41:41Z
acta,argentinadatos:diputados:5521,SALUD.ADICC,SALUD,1,0.95,agente:texto,2026-07-22T21:41:41Z
acta,argentinadatos:diputados:5522,AUX.TRAMITE,AUX,1,0.95,agente:texto,2026-07-22T21:41:43Z
acta,argentinadatos:diputados:5524,DESREG.DESECO,DESREG,0,0.95,agente:texto,2026-07-22T21:41:55Z
acta,argentinadatos:diputados:5524,SALUD.ADICC,SALUD,1,0.95,agente:texto,2026-07-22T21:41:55Z
acta,argentinadatos:diputados:5525,DESREG.DESECO,DESREG,0,0.95,agente:texto,2026-07-22T21:41:58Z
acta,argentinadatos:diputados:5525,SALUD.ADICC,SALUD,1,0.95,agente:texto,2026-07-22T21:41:58Z
acta,argentinadatos:diputados:5526,SALUD.ADICC,SALUD,1,0.95,agente:texto,2026-07-22T21:41:52Z
acta,argentinadatos:diputados:5528,DESREG.DESECO,DESREG,0,0.95,agente:texto,2026-07-22T21:42:03Z
acta,argentinadatos:diputados:5528,SALUD.ADICC,SALUD,1,0.95,agente:texto,2026-07-22T21:42:03Z
acta,argentinadatos:diputados:5529,AMB.BOSQUE,AMB,0,0.85,agente:texto,2026-07-22T21:40:30Z
acta,argentinadatos:diputados:5529,ECON.COPART,ECON,0,0.85,agente:texto,2026-07-22T21:40:30Z
acta,argentinadatos:diputados:5529,ECON.EMERG,ECON,1,0.85,agente:texto,2026-07-22T21:40:30Z
acta,argentinadatos:diputados:5529,INFRA.VIVIENDA,INFRA,0,0.85,agente:texto,2026-07-22T21:40:30Z
acta,argentinadatos:diputados:5530,AUX.TRAMITE,AUX,1,0.95,agente:texto,2026-07-22T21:42:00Z
acta,argentinadatos:diputados:5531,DESREG.DESECO,DESREG,0,0.95,agente:texto,2026-07-22T21:41:48Z
acta,argentinadatos:diputados:5531,JUST.CIVCOM,JUST,0,0.95,agente:texto,2026-07-22T21:41:48Z
acta,argentinadatos:diputados:5531,SALUD.ADICC,SALUD,1,0.95,agente:texto,2026-07-22T21:41:48Z
acta,argentinadatos:diputados:5567,AUX.TRAMITE,AUX,1,0.95,agente:texto,2026-07-22T21:40:34Z
acta,argentinadatos:diputados:5568,AUX.TRAMITE,AUX,1,0.95,agente:texto,2026-07-22T21:40:32Z
acta,argentinadatos:diputados:5569,AUX.TRAMITE,AUX,1,0.95,agente:texto,2026-07-22T21:40:37Z
acta,argentinadatos:diputados:5570,POLINST.ELECT,POLINST,1,0.95,agente:texto,2026-07-22T21:40:39Z
acta,argentinadatos:diputados:5571,JUST.PENAL,JUST,1,0.95,agente:texto,2026-07-22T21:42:19Z
acta,argentinadatos:diputados:5572,JUST.PENAL,JUST,1,0.95,agente:texto,2026-07-22T21:42:21Z
acta,argentinadatos:diputados:5573,JUST.PENAL,JUST,1,0.95,agente:texto,2026-07-22T21:42:24Z
acta,argentinadatos:diputados:5576,AUX.TRAMITE,AUX,1,0.95,agente:texto,2026-07-22T21:40:53Z
acta,argentinadatos:diputados:5577,AUX.TRAMITE,AUX,1,0.95,agente:texto,2026-07-22T21:41:00Z
acta,argentinadatos:diputados:5578,AUX.TRAMITE,AUX,1,0.95,agente:texto,2026-07-22T21:41:05Z
acta,argentinadatos:diputados:5579,AUX.TRAMITE,AUX,1,0.95,agente:texto,2026-07-22T21:41:07Z
acta,argentinadatos:diputados:5580,AUX.TRAMITE,AUX,1,0.95,agente:texto,2026-07-22T21:41:09Z
acta,argentinadatos:diputados:5581,AUX.TRAMITE,AUX,1,0.95,agente:texto,2026-07-22T21:41:12Z
acta,argentinadatos:diputados:5582,AUX.TRAMITE,AUX,1,0.95,agente:texto,2026-07-22T21:41:14Z
acta,argentinadatos:diputados:5583,AUX.TRAMITE,AUX,1,0.95,agente:texto,2026-07-22T21:41:16Z
acta,argentinadatos:diputados:5584,AUX.TRAMITE,AUX,1,0.95,agente:texto,2026-07-22T21:39:39Z
acta,argentinadatos:diputados:5585,POLINST.ETICA,POLINST,1,0.95,agente:texto,2026-07-22T21:39:42Z
acta,argentinadatos:diputados:5593,AUX.TRAMITE,AUX,1,0.95,agente:texto,2026-07-22T21:39:44Z
acta,argentinadatos:diputados:5595,AUX.TRAMITE,AUX,1,0.95,agente:texto,2026-07-22T21:39:46Z
acta,argentinadatos:diputados:5596,AUX.TRAMITE,AUX,1,0.95,agente:texto,2026-07-22T21:39:49Z
acta,argentinadatos:diputados:5597,AUX.TRAMITE,AUX,1,0.95,agente:texto,2026-07-22T21:41:34Z
acta,argentinadatos:diputados:5598,AUX.TRAMITE,AUX,1,0.95,agente:texto,2026-07-22T21:41:36Z
acta,argentinadatos:diputados:5599,AUX.TRAMITE,AUX,1,0.95,agente:texto,2026-07-22T21:41:38Z
acta,argentinadatos:diputados:5600,AMB.AGUA,AMB,1,0.85,agente:texto,2026-07-22T21:40:03Z
acta,argentinadatos:diputados:5600,DESREG.MODEST,DESREG,0,0.85,agente:texto,2026-07-22T21:40:03Z
acta,argentinadatos:diputados:5600,ECON.EMERG,ECON,0,0.85,agente:texto,2026-07-22T21:40:03Z
acta,argentinadatos:diputados:5600,INFRA.VIVIENDA,INFRA,0,0.85,agente:texto,2026-07-22T21:40:03Z
acta,argentinadatos:diputados:5606,AUX.TRAMITE,AUX,1,0.95,agente:texto,2026-07-22T21:40:09Z
acta,argentinadatos:diputados:5607,AUX.TRAMITE,AUX,1,0.95,agente:texto,2026-07-22T21:40:11Z
acta,argentinadatos:diputados:5608,DEF.TRATADO,DEF,0,0.95,agente:texto,2026-07-22T21:40:14Z
acta,argentinadatos:diputados:5608,ECON.DEUDA,ECON,1,0.95,agente:texto,2026-07-22T21:40:14Z
acta,argentinadatos:diputados:5608,ECON.PRESU,ECON,0,0.95,agente:texto,2026-07-22T21:40:14Z
acta,argentinadatos:diputados:5619,AUX.TRAMITE,AUX,0,0.7,agente:texto,2026-07-22T21:40:18Z
acta,argentinadatos:diputados:5619,POLINST.ETICA,POLINST,1,0.7,agente:texto,2026-07-22T21:40:18Z
acta,argentinadatos:diputados:5620,AUX.TRAMITE,AUX,1,0.95,agente:texto,2026-07-22T21:40:20Z
acta,argentinadatos:diputados:5620,POLINST.ETICA,POLINST,1,0.75,manual,2026-09-07T19:08:32Z
acta,argentinadatos:diputados:5621,AUX.TRAMITE,AUX,1,0.95,agente:texto,2026-07-22T21:40:23Z
acta,argentinadatos:diputados:5624,AUX.TRAMITE,AUX,1,0.95,agente:texto,2026-07-22T21:40:25Z
acta,argentinadatos:diputados:5625,AUX.TRAMITE,AUX,0,0.95,agente:texto,2026-07-22T21:38:54Z
acta,argentinadatos:diputados:5625,INFRA.OBRA,INFRA,1,0.95,agente:texto,2026-07-22T21:38:54Z
acta,argentinadatos:diputados:5626,AUX.TRAMITE,AUX,1,0.95,agente:texto,2026-07-22T21:38:56Z
acta,argentinadatos:diputados:5627,AUX.TRAMITE,AUX,1,0.95,agente:texto,2026-07-22T21:38:58Z
acta,argentinadatos:diputados:5655,ECON.EMERG,ECON,0,0.95,agente:texto,2026-07-22T21:39:01Z
acta,argentinadatos:diputados:5655,TRAB.PREV,TRAB,1,0.95,agente:texto,2026-07-22T21:39:01Z
acta,argentinadatos:diputados:5657,ECON.EMERG,ECON,0,0.95,agente:texto,2026-07-22T21:39:05Z
acta,argentinadatos:diputados:5657,TRAB.PREV,TRAB,1,0.95,agente:texto,2026-07-22T21:39:05Z
acta,argentinadatos:diputados:5658,ECON.EMERG,ECON,0,0.95,agente:texto,2026-07-22T21:40:42Z
acta,argentinadatos:diputados:5658,TRAB.PREV,TRAB,1,0.95,agente:texto,2026-07-22T21:40:42Z
acta,argentinadatos:diputados:5659,ECON.EMERG,ECON,0,0.95,agente:texto,2026-07-22T21:40:45Z
acta,argentinadatos:diputados:5659,TRAB.PREV,TRAB,1,0.95,agente:texto,2026-07-22T21:40:45Z
acta,argentinadatos:diputados:5660,ECON.DEUDA,ECON,0,0.95,agente:texto,2026-07-22T21:40:49Z
acta,argentinadatos:diputados:5660,TRAB.PREV,TRAB,1,0.95,agente:texto,2026-07-22T21:40:49Z
acta,argentinadatos:diputados:5667,ECON.EMERG,ECON,0,0.95,agente:texto,2026-07-22T21:39:15Z
acta,argentinadatos:diputados:5667,SALUD.DISCAP,SALUD,1,0.95,agente:texto,2026-07-22T21:39:15Z
acta,argentinadatos:diputados:5668,ECON.EMERG,ECON,0,0.95,agente:texto,2026-07-22T21:39:19Z
acta,argentinadatos:diputados:5668,SALUD.DISCAP,SALUD,1,0.95,agente:texto,2026-07-22T21:39:19Z
acta,argentinadatos:diputados:5669,ECON.EMERG,ECON,0,0.95,agente:texto,2026-07-22T21:39:21Z
acta,argentinadatos:diputados:5669,SALUD.DISCAP,SALUD,1,0.95,agente:texto,2026-07-22T21:39:21Z
acta,argentinadatos:diputados:5670,ECON.EMERG,ECON,0,0.95,agente:texto,2026-07-22T21:39:24Z
acta,argentinadatos:diputados:5670,SALUD.DISCAP,SALUD,1,0.95,agente:texto,2026-07-22T21:39:24Z
acta,argentinadatos:diputados:5671,ECON.EMERG,ECON,0,0.95,agente:texto,2026-07-22T21:39:27Z
acta,argentinadatos:diputados:5671,SALUD.DISCAP,SALUD,1,0.95,agente:texto,2026-07-22T21:39:27Z
acta,argentinadatos:diputados:5672,ECON.EMERG,ECON,0,0.95,agente:texto,2026-07-22T21:39:30Z
acta,argentinadatos:diputados:5672,SALUD.DISCAP,SALUD,1,0.95,agente:texto,2026-07-22T21:39:30Z
acta,argentinadatos:diputados:5673,AUX.TRAMITE,AUX,1,0.95,agente:texto,2026-07-22T21:39:33Z
acta,argentinadatos:diputados:5675,ECON.EMERG,ECON,1,0.85,agente:texto,2026-07-22T21:39:37Z
acta,argentinadatos:diputados:5691,ECON.PRESU,ECON,0,0.95,agente:texto,2026-07-22T21:38:07Z
acta,argentinadatos:diputados:5691,EDU.SUPERIOR,EDU,1,0.95,agente:texto,2026-07-22T21:38:07Z
acta,argentinadatos:diputados:5694,AUX.TRAMITE,AUX,1,0.95,agente:texto,2026-07-22T21:38:16Z
acta,argentinadatos:diputados:5695,DESREG.MODEST,DESREG,0,0.85,agente:texto,2026-07-22T21:38:14Z
acta,argentinadatos:diputados:5695,SALUD.MEDIC,SALUD,0,0.85,agente:texto,2026-07-22T21:38:14Z
acta,argentinadatos:diputados:5695,SALUD.SISTEMA,SALUD,1,0.85,agente:texto,2026-07-22T21:38:14Z
acta,argentinadatos:diputados:5696,AUX.TRAMITE,AUX,1,0.95,agente:texto,2026-07-22T21:38:10Z
acta,argentinadatos:diputados:5702,ECON.PRESU,ECON,0,0.95,agente:texto,2026-07-22T21:38:19Z
acta,argentinadatos:diputados:5702,EDU.SUPERIOR,EDU,1,0.95,agente:texto,2026-07-22T21:38:19Z
acta,argentinadatos:diputados:5702,TRAB.LABOR,TRAB,0,0.95,agente:texto,2026-07-22T21:38:19Z
acta,argentinadatos:diputados:5703,ECON.PRESU,ECON,0,0.95,agente:texto,2026-07-22T21:39:52Z
acta,argentinadatos:diputados:5703,EDU.SUPERIOR,EDU,1,0.95,agente:texto,2026-07-22T21:39:52Z
acta,argentinadatos:diputados:5703,TRAB.LABOR,TRAB,0,0.95,agente:texto,2026-07-22T21:39:52Z
acta,argentinadatos:diputados:5704,ECON.PRESU,ECON,0,0.95,agente:texto,2026-07-22T21:39:55Z
acta,argentinadatos:diputados:5704,EDU.SUPERIOR,EDU,1,0.95,agente:texto,2026-07-22T21:39:55Z
acta,argentinadatos:diputados:5704,TRAB.LABOR,TRAB,0,0.95,agente:texto,2026-07-22T21:39:55Z
acta,argentinadatos:diputados:5705,ECON.PRESU,ECON,0,0.95,agente:texto,2026-07-22T21:39:58Z
acta,argentinadatos:diputados:5705,EDU.SUPERIOR,EDU,1,0.95,agente:texto,2026-07-22T21:39:58Z
acta,argentinadatos:diputados:5705,TRAB.LABOR,TRAB,0,0.95,agente:texto,2026-07-22T21:39:58Z
acta,argentinadatos:diputados:5706,AUX.HOMENAJE,AUX,1,0.95,agente:texto,2026-07-22T21:38:35Z
acta,argentinadatos:diputados:5707,AUX.HOMENAJE,AUX,1,0.95,agente:texto,2026-07-22T21:38:37Z
acta,argentinadatos:diputados:5712,AUX.HOMENAJE,AUX,1,0.95,agente:texto,2026-07-22T21:38:40Z
acta,argentinadatos:diputados:5713,AUX.TRAMITE,AUX,1,0.95,agente:texto,2026-07-22T21:38:42Z
acta,argentinadatos:diputados:5714,AUX.TRAMITE,AUX,1,0.95,agente:texto,2026-07-22T21:38:44Z
acta,argentinadatos:diputados:5715,AUX.TRAMITE,AUX,1,0.95,agente:texto,2026-07-22T21:38:47Z
acta,argentinadatos:diputados:5716,AUX.TRAMITE,AUX,1,0.95,agente:texto,2026-07-22T21:38:49Z
acta,argentinadatos:diputados:5717,AUX.TRAMITE,AUX,1,0.95,agente:texto,2026-07-22T21:38:52Z
acta,argentinadatos:diputados:5718,AUX.SINCLASIF,AUX,1,0.0,agente:texto,2026-07-22T21:37:24Z
acta,argentinadatos:diputados:5719,AUX.TRAMITE,AUX,1,0.95,agente:texto,2026-07-22T21:37:26Z
acta,argentinadatos:diputados:5734,AUX.TRAMITE,AUX,1,0.95,agente:texto,2026-07-22T21:37:28Z
acta,argentinadatos:diputados:5735,AUX.TRAMITE,AUX,1,0.95,agente:texto,2026-07-22T21:37:31Z
acta,argentinadatos:diputados:5736,AUX.TRAMITE,AUX,1,0.95,agente:texto,2026-07-22T21:37:33Z
acta,argentinadatos:diputados:5737,AUX.TRAMITE,AUX,1,0.95,agente:texto,2026-07-22T21:39:07Z
acta,argentinadatos:diputados:5738,ECON.PRESU,ECON,1,0.95,agente:texto,2026-07-22T21:39:09Z
acta,argentinadatos:diputados:5740,AUX.TRAMITE,AUX,1,0.95,agente:texto,2026-07-22T21:37:46Z
acta,argentinadatos:diputados:5742,POLINST.ORGEST,POLINST,1,0.85,agente:texto,2026-07-22T21:37:49Z
acta,argentinadatos:diputados:5743,CYT.CIBER,CYT,0,0.7,agente:texto,2026-07-22T21:39:13Z
acta,argentinadatos:diputados:5743,ECON.MON,ECON,0,0.7,agente:texto,2026-07-22T21:39:13Z
acta,argentinadatos:diputados:5743,POLINST.ETICA,POLINST,1,0.7,agente:texto,2026-07-22T21:39:13Z
acta,argentinadatos:diputados:5744,ECON.TRIB,ECON,0,0.95,agente:texto,2026-07-22T21:37:52Z
acta,argentinadatos:diputados:5744,JUST.PENAL,JUST,1,0.95,agente:texto,2026-07-22T21:37:52Z
acta,argentinadatos:diputados:5745,AUX.TRAMITE,AUX,1,0.95,agente:texto,2026-07-22T21:37:55Z
acta,argentinadatos:diputados:5761,AUX.TRAMITE,AUX,1,0.95,agente:texto,2026-07-22T21:38:00Z
acta,argentinadatos:diputados:5762,AUX.TRAMITE,AUX,1,0.95,agente:texto,2026-07-22T21:38:02Z
acta,argentinadatos:diputados:5765,AUX.TRAMITE,AUX,1,0.95,agente:texto,2026-07-22T21:36:41Z
acta,argentinadatos:diputados:5766,AUX.TRAMITE,AUX,1,0.95,agente:texto,2026-07-22T21:38:05Z
acta,argentinadatos:diputados:5767,AUX.TRAMITE,AUX,1,0.95,agente:texto,2026-07-22T21:37:57Z
acta,argentinadatos:diputados:5768,AUX.TRAMITE,AUX,1,0.95,agente:texto,2026-07-22T21:36:43Z
acta,argentinadatos:diputados:5774,POLINST.CONST,POLINST,1,0.85,agente:texto,2026-07-22T21:36:46Z
acta,argentinadatos:diputados:5774,POLINST.ORGEST,POLINST,0,0.85,agente:texto,2026-07-22T21:36:46Z
acta,argentinadatos:diputados:5775,JUST.JUDIC,JUST,0,0.85,agente:texto,2026-07-22T21:36:49Z
acta,argentinadatos:diputados:5775,POLINST.CONST,POLINST,1,0.85,agente:texto,2026-07-22T21:36:49Z
acta,argentinadatos:diputados:5775,POLINST.ORGEST,POLINST,0,0.85,agente:texto,2026-07-22T21:36:49Z
acta,argentinadatos:diputados:5776,POLINST.CONST,POLINST,1,0.85,agente:texto,2026-07-22T21:36:53Z
acta,argentinadatos:diputados:5776,POLINST.ORGEST,POLINST,0,0.85,agente:texto,2026-07-22T21:36:53Z
acta,argentinadatos:diputados:5778,POLINST.CONST,POLINST,1,0.85,agente:texto,2026-07-22T21:38:29Z
acta,argentinadatos:diputados:5778,POLINST.ORGEST,POLINST,0,0.85,agente:texto,2026-07-22T21:38:29Z
acta,argentinadatos:diputados:5779,POLINST.CONST,POLINST,1,0.85,agente:texto,2026-07-22T21:38:33Z
acta,argentinadatos:diputados:5779,POLINST.ETICA,POLINST,0,0.85,agente:texto,2026-07-22T21:38:33Z
acta,argentinadatos:diputados:5780,DERSOC.NINEZ,DERSOC,0,0.85,agente:texto,2026-07-22T21:37:04Z
acta,argentinadatos:diputados:5780,POLINST.ORGEST,POLINST,1,0.85,agente:texto,2026-07-22T21:37:04Z
acta,argentinadatos:diputados:5781,AUX.TRAMITE,AUX,1,0.95,agente:texto,2026-07-22T21:37:06Z
acta,argentinadatos:diputados:5782,AUX.TRAMITE,AUX,1,0.99,manual,2026-09-07T19:08:32Z
acta,argentinadatos:diputados:5785,AUX.TRAMITE,AUX,1,0.95,agente:texto,2026-07-22T21:37:10Z
acta,argentinadatos:diputados:5786,AUX.TRAMITE,AUX,1,0.95,agente:texto,2026-07-22T21:37:13Z
acta,argentinadatos:diputados:5787,POLINST.CONST,POLINST,1,0.85,agente:texto,2026-07-22T21:38:23Z
acta,argentinadatos:diputados:5787,POLINST.ORGEST,POLINST,0,0.85,agente:texto,2026-07-22T21:38:23Z
acta,argentinadatos:diputados:5789,CYT.CIENCIA,CYT,1,0.95,agente:texto,2026-07-22T21:37:18Z
acta,argentinadatos:diputados:5789,ECON.EMERG,ECON,0,0.95,agente:texto,2026-07-22T21:37:18Z
acta,argentinadatos:diputados:5789,ECON.PRESU,ECON,0,0.95,agente:texto,2026-07-22T21:37:18Z
acta,argentinadatos:diputados:5790,DESSOC.ASIST,DESSOC,0,0.85,agente:texto,2026-07-22T21:37:21Z
acta,argentinadatos:diputados:5790,SALUD.MENTAL,SALUD,0,0.85,agente:texto,2026-07-22T21:37:21Z
acta,argentinadatos:diputados:5790,SALUD.SISTEMA,SALUD,1,0.85,agente:texto,2026-07-22T21:37:21Z
acta,argentinadatos:diputados:5791,AUX.TRAMITE,AUX,1,0.95,agente:texto,2026-07-22T21:37:15Z
acta,argentinadatos:diputados:5792,AUX.HOMENAJE,AUX,1,1.0,agente:texto,2026-07-22T21:35:53Z
acta,argentinadatos:diputados:5793,DESREG.EMPUB,DESREG,0,0.9,agente:texto,2026-07-22T21:35:56Z
acta,argentinadatos:diputados:5793,ECON.PRESU,ECON,1,0.9,agente:texto,2026-07-22T21:35:56Z
acta,argentinadatos:senado:2479,DEF.DEFENSA,DEF,1,0.9,agente:texto,2026-07-22T21:35:59Z
acta,argentinadatos:senado:2479,DEF.EXTERIOR,DEF,0,0.9,agente:texto,2026-07-22T21:35:59Z
acta,argentinadatos:senado:2479,POLINST.ORGEST,POLINST,0,0.9,agente:texto,2026-07-22T21:35:59Z
acta,argentinadatos:senado:2480,DERSOC.NINEZ,DERSOC,0,0.95,agente:texto,2026-07-22T21:36:04Z
acta,argentinadatos:senado:2480,JUST.PENAL,JUST,1,0.95,agente:texto,2026-07-22T21:36:04Z
acta,argentinadatos:senado:2481,AUX.HOMENAJE,AUX,1,1.0,agente:texto,2026-07-22T21:36:06Z
acta,argentinadatos:senado:2482,AUX.TRAMITE,AUX,0,0.85,agente:texto,2026-07-22T21:37:36Z
acta,argentinadatos:senado:2482,POLINST.ORGEST,POLINST,1,0.85,agente:texto,2026-07-22T21:37:36Z
acta,argentinadatos:senado:2483,ECON.COPART,ECON,0,0.85,agente:texto,2026-07-22T21:37:41Z
acta,argentinadatos:senado:2483,INFRA.VIVIENDA,INFRA,0,0.85,agente:texto,2026-07-22T21:37:41Z
acta,argentinadatos:senado:2483,JUST.PROPIED,JUST,1,0.85,agente:texto,2026-07-22T21:37:41Z
acta,argentinadatos:senado:2484,AUX.HOMENAJE,AUX,0,0.95,agente:texto,2026-07-22T21:37:44Z
acta,argentinadatos:senado:2484,DEF.EXTERIOR,DEF,0,0.95,agente:texto,2026-07-22T21:37:44Z
acta,argentinadatos:senado:2484,DEF.TRATADO,DEF,1,0.95,agente:texto,2026-07-22T21:37:44Z
acta,argentinadatos:senado:2485,DEF.EXTERIOR,DEF,1,0.95,agente:texto,2026-07-22T21:36:17Z
acta,argentinadatos:senado:2486,DERSOC.NINEZ,DERSOC,0,0.95,agente:texto,2026-07-22T21:36:19Z
acta,argentinadatos:senado:2486,JUST.PENAL,JUST,1,0.95,agente:texto,2026-07-22T21:36:19Z
acta,argentinadatos:senado:2487,TRAB.PREV,TRAB,1,0.95,agente:texto,2026-07-22T21:36:23Z
acta,argentinadatos:senado:2488,TRAB.PREV,TRAB,1,0.95,agente:texto,2026-07-22T21:36:25Z
acta,argentinadatos:senado:2489,TRAB.PREV,TRAB,1,0.95,agente:texto,2026-07-22T21:36:29Z
acta,argentinadatos:senado:2490,TRAB.PREV,TRAB,1,0.95,agente:texto,2026-07-22T21:36:31Z
acta,argentinadatos:senado:2491,TRAB.PREV,TRAB,1,0.95,agente:texto,2026-07-22T21:36:34Z
acta,argentinadatos:senado:2492,DESSOC.PNC,DESSOC,0,0.95,agente:texto,2026-07-22T21:36:39Z
acta,argentinadatos:senado:2492,TRAB.PREV,TRAB,1,0.95,agente:texto,2026-07-22T21:36:39Z
acta,argentinadatos:senado:2493,ECON.PRESU,ECON,0,0.95,agente:texto,2026-07-22T21:35:10Z
acta,argentinadatos:senado:2493,TRAB.PREV,TRAB,1,0.95,agente:texto,2026-07-22T21:35:10Z
acta,argentinadatos:senado:2494,TRAB.PREV,TRAB,1,0.95,agente:texto,2026-07-22T21:35:13Z
acta,argentinadatos:senado:2495,TRAB.PREV,TRAB,1,0.95,agente:texto,2026-07-22T21:35:15Z
acta,argentinadatos:senado:2496,ECON.PRESU,ECON,0,0.7,agente:texto,2026-07-22T21:35:18Z
acta,argentinadatos:senado:2496,POLINST.ORGEST,POLINST,0,0.7,agente:texto,2026-07-22T21:35:18Z
acta,argentinadatos:senado:2496,TRAB.EMPLEOPUB,TRAB,1,0.7,agente:texto,2026-07-22T21:35:18Z
acta,argentinadatos:senado:2497,AUX.TRAMITE,AUX,1,0.95,agente:texto,2026-07-22T21:35:21Z
acta,argentinadatos:senado:2498,AUX.TRAMITE,AUX,1,0.95,agente:texto,2026-07-22T21:36:55Z
acta,argentinadatos:senado:2499,AUX.HOMENAJE,AUX,1,0.95,agente:texto,2026-07-22T21:36:58Z
acta,argentinadatos:senado:2500,POLINST.ELECT,POLINST,1,0.95,agente:texto,2026-07-22T21:37:01Z
acta,argentinadatos:senado:2501,POLINST.ELECT,POLINST,1,0.95,agente:texto,2026-07-22T21:35:33Z
acta,argentinadatos:senado:2502,ECON.PRESU,ECON,0,0.95,agente:texto,2026-07-22T21:35:36Z
acta,argentinadatos:senado:2502,EDU.SUPERIOR,EDU,1,0.95,agente:texto,2026-07-22T21:35:36Z
acta,argentinadatos:senado:2503,ECON.PRESU,ECON,0,0.95,agente:texto,2026-07-22T21:35:39Z
acta,argentinadatos:senado:2503,EDU.SUPERIOR,EDU,1,0.95,agente:texto,2026-07-22T21:35:39Z
acta,argentinadatos:senado:2504,ECON.PRESU,ECON,0,0.95,agente:texto,2026-07-22T21:35:41Z
acta,argentinadatos:senado:2504,EDU.SUPERIOR,EDU,1,0.95,agente:texto,2026-07-22T21:35:41Z
acta,argentinadatos:senado:2505,ECON.PRESU,ECON,0,0.95,agente:texto,2026-07-22T21:35:44Z
acta,argentinadatos:senado:2505,EDU.SUPERIOR,EDU,1,0.95,agente:texto,2026-07-22T21:35:44Z
acta,argentinadatos:senado:2506,EDU.SUPERIOR,EDU,1,0.95,agente:texto,2026-07-22T21:35:46Z
acta,argentinadatos:senado:2507,ECON.PRESU,ECON,0,0.95,agente:texto,2026-07-22T21:35:48Z
acta,argentinadatos:senado:2507,EDU.SUPERIOR,EDU,1,0.95,agente:texto,2026-07-22T21:35:48Z
acta,argentinadatos:senado:2508,ECON.PRESU,ECON,0,0.95,agente:texto,2026-07-22T21:35:51Z
acta,argentinadatos:senado:2508,EDU.SUPERIOR,EDU,1,0.95,agente:texto,2026-07-22T21:35:51Z
acta,argentinadatos:senado:2509,ECON.PRESU,ECON,0,0.95,agente:texto,2026-07-22T21:34:28Z
acta,argentinadatos:senado:2509,EDU.SUPERIOR,EDU,1,0.95,agente:texto,2026-07-22T21:34:28Z
acta,argentinadatos:senado:2510,ECON.PRESU,ECON,0,0.95,agente:texto,2026-07-22T21:34:31Z
acta,argentinadatos:senado:2510,EDU.SUPERIOR,EDU,1,0.95,agente:texto,2026-07-22T21:34:31Z
acta,argentinadatos:senado:2511,ECON.PRESU,ECON,0,0.95,agente:texto,2026-07-22T21:34:33Z
acta,argentinadatos:senado:2511,EDU.SUPERIOR,EDU,1,0.95,agente:texto,2026-07-22T21:34:33Z
acta,argentinadatos:senado:2512,AUX.TRAMITE,AUX,1,0.95,agente:texto,2026-07-22T21:34:36Z
acta,argentinadatos:senado:2513,AUX.TRAMITE,AUX,1,0.95,agente:texto,2026-07-22T21:34:38Z
acta,argentinadatos:senado:2514,AUX.TRAMITE,AUX,1,0.95,agente:texto,2026-07-22T21:36:08Z
acta,argentinadatos:senado:2515,AUX.HOMENAJE,AUX,0,0.7,agente:texto,2026-07-22T21:36:11Z
acta,argentinadatos:senado:2515,DEF.DEFENSA,DEF,0,0.7,agente:texto,2026-07-22T21:36:11Z
acta,argentinadatos:senado:2515,DERSOC.DDHH,DERSOC,1,0.7,agente:texto,2026-07-22T21:36:11Z
acta,argentinadatos:senado:2516,CYT.CIBER,CYT,0,0.85,agente:texto,2026-07-22T21:36:15Z
acta,argentinadatos:senado:2516,CYT.CIENCIA,CYT,1,0.85,agente:texto,2026-07-22T21:36:15Z
acta,argentinadatos:senado:2516,CYT.PI,CYT,0,0.85,agente:texto,2026-07-22T21:36:15Z
acta,argentinadatos:senado:2516,DERSOC.DDHH,DERSOC,0,0.85,agente:texto,2026-07-22T21:36:15Z
acta,argentinadatos:senado:2516,JUST.CIVCOM,JUST,0,0.85,agente:texto,2026-07-22T21:36:15Z
acta,argentinadatos:senado:2517,CYT.CIBER,CYT,0,0.85,agente:texto,2026-07-22T21:34:49Z
acta,argentinadatos:senado:2517,CYT.CIENCIA,CYT,1,0.85,agente:texto,2026-07-22T21:34:49Z
acta,argentinadatos:senado:2517,CYT.PI,CYT,0,0.85,agente:texto,2026-07-22T21:34:49Z
acta,argentinadatos:senado:2517,DERSOC.DDHH,DERSOC,0,0.85,agente:texto,2026-07-22T21:34:49Z
acta,argentinadatos:senado:2517,SALUD.SISTEMA,SALUD,0,0.85,agente:texto,2026-07-22T21:34:49Z
acta,argentinadatos:senado:2518,AUX.TRAMITE,AUX,1,0.95,agente:texto,2026-07-22T21:34:51Z
acta,argentinadatos:senado:2519,AMB.BOSQUE,AMB,1,0.95,agente:texto,2026-07-22T21:34:54Z
acta,argentinadatos:senado:2519,AUX.HOMENAJE,AUX,0,0.95,agente:texto,2026-07-22T21:34:54Z
acta,argentinadatos:senado:2519,ECON.EMERG,ECON,0,0.95,agente:texto,2026-07-22T21:34:54Z
acta,argentinadatos:senado:2519,INFRA.VIVIENDA,INFRA,0,0.95,agente:texto,2026-07-22T21:34:54Z
acta,argentinadatos:senado:2521,AUX.TRAMITE,AUX,1,0.95,agente:texto,2026-07-22T21:34:56Z
acta,argentinadatos:senado:2522,JUST.JUDIC,JUST,0,0.85,agente:texto,2026-07-22T21:35:00Z
acta,argentinadatos:senado:2522,POLINST.ETICA,POLINST,1,0.85,agente:texto,2026-07-22T21:35:00Z
acta,argentinadatos:senado:2523,AUX.TRAMITE,AUX,1,0.95,agente:texto,2026-07-22T21:35:02Z
acta,argentinadatos:senado:2524,AUX.TRAMITE,AUX,1,0.95,agente:texto,2026-07-22T21:35:04Z
acta,argentinadatos:senado:2525,CYT.CIBER,CYT,0,0.7,agente:texto,2026-07-22T21:35:07Z
acta,argentinadatos:senado:2525,POLINST.ETICA,POLINST,1,0.7,agente:texto,2026-07-22T21:35:07Z
acta,argentinadatos:senado:2526,CYT.CIBER,CYT,1,0.7,agente:texto,2026-07-22T21:33:46Z
acta,argentinadatos:senado:2526,ECON.MON,ECON,0,0.7,agente:texto,2026-07-22T21:33:46Z
acta,argentinadatos:senado:2526,POLINST.ETICA,POLINST,0,0.7,agente:texto,2026-07-22T21:33:46Z
acta,argentinadatos:senado:2527,AUX.TRAMITE,AUX,0,0.85,agente:texto,2026-07-22T21:33:49Z
acta,argentinadatos:senado:2527,CYT.CIBER,CYT,0,0.85,agente:texto,2026-07-22T21:33:49Z
acta,argentinadatos:senado:2527,ECON.MON,ECON,1,0.85,agente:texto,2026-07-22T21:33:49Z
acta,argentinadatos:senado:2527,POLINST.ETICA,POLINST,1,0.75,manual,2026-09-07T19:08:32Z
acta,argentinadatos:senado:2528,CYT.CIBER,CYT,0,0.75,agente:texto,2026-07-22T21:33:52Z
acta,argentinadatos:senado:2528,ECON.MON,ECON,1,0.75,agente:texto,2026-07-22T21:33:52Z
acta,argentinadatos:senado:2529,AUX.TRAMITE,AUX,1,0.95,agente:texto,2026-07-22T21:33:55Z
acta,argentinadatos:senado:2530,AUX.HOMENAJE,AUX,1,0.95,agente:texto,2026-07-22T21:33:58Z
acta,argentinadatos:senado:2531,AUX.TRAMITE,AUX,1,0.95,agente:texto,2026-07-22T21:35:23Z
acta,argentinadatos:senado:2532,DEF.DEFENSA,DEF,1,0.95,agente:texto,2026-07-22T21:35:26Z
acta,argentinadatos:senado:2532,DEF.EXTERIOR,DEF,0,0.95,agente:texto,2026-07-22T21:35:26Z
acta,argentinadatos:senado:2532,TRAB.EMPLEOPUB,TRAB,0,0.95,agente:texto,2026-07-22T21:35:26Z
acta,argentinadatos:senado:2533,DEF.DEFENSA,DEF,1,0.75,agente:texto,2026-07-22T21:35:29Z
acta,argentinadatos:senado:2533,DEF.EXTERIOR,DEF,0,0.75,agente:texto,2026-07-22T21:35:29Z
acta,argentinadatos:senado:2533,POLINST.ORGEST,POLINST,0,0.75,agente:texto,2026-07-22T21:35:29Z
acta,argentinadatos:senado:2534,POLINST.ELECT,POLINST,1,0.95,agente:texto,2026-07-22T21:34:08Z
acta,argentinadatos:senado:2535,JUST.JUDIC,JUST,1,0.95,agente:texto,2026-07-22T21:34:11Z
acta,argentinadatos:senado:2536,JUST.PENAL,JUST,1,0.95,agente:texto,2026-07-22T21:34:13Z
acta,argentinadatos:senado:2537,JUST.PENAL,JUST,1,0.95,agente:texto,2026-07-22T21:34:15Z
acta,argentinadatos:senado:2538,JUST.PENAL,JUST,1,0.95,agente:texto,2026-07-22T21:34:19Z
acta,argentinadatos:senado:2539,JUST.PENAL,JUST,1,0.95,agente:texto,2026-07-22T21:34:21Z
acta,argentinadatos:senado:2540,JUST.NARCO,JUST,1,0.85,agente:texto,2026-07-22T21:34:24Z
acta,argentinadatos:senado:2540,JUST.PENAL,JUST,0,0.85,agente:texto,2026-07-22T21:34:24Z
acta,argentinadatos:senado:2540,JUST.SEGINT,JUST,0,0.85,agente:texto,2026-07-22T21:34:24Z
acta,argentinadatos:senado:2541,AUX.TRAMITE,AUX,1,1.0,agente:texto,2026-07-22T21:34:26Z
acta,argentinadatos:senado:2542,AUX.TRAMITE,AUX,0,0.95,agente:texto,2026-07-22T21:33:12Z
acta,argentinadatos:senado:2542,JUST.JUDIC,JUST,1,0.95,agente:texto,2026-07-22T21:33:12Z
acta,argentinadatos:senado:2543,AUX.TRAMITE,AUX,0,0.95,agente:texto,2026-07-22T21:33:14Z
acta,argentinadatos:senado:2543,JUST.JUDIC,JUST,1,0.95,agente:texto,2026-07-22T21:33:14Z
acta,argentinadatos:senado:2544,AUX.TRAMITE,AUX,1,0.95,agente:texto,2026-07-22T21:33:17Z
acta,argentinadatos:senado:2545,AUX.TRAMITE,AUX,1,1.0,agente:texto,2026-07-22T21:33:19Z
acta,argentinadatos:senado:2546,AUX.TRAMITE,AUX,1,0.95,agente:texto,2026-07-22T21:33:21Z
acta,argentinadatos:senado:2547,AUX.TRAMITE,AUX,1,0.95,agente:texto,2026-07-22T21:34:40Z
acta,argentinadatos:senado:2548,AUX.TRAMITE,AUX,1,0.95,agente:texto,2026-07-22T21:34:43Z
acta,argentinadatos:senado:2549,AUX.TRAMITE,AUX,1,0.95,agente:texto,2026-07-22T21:34:45Z
acta,argentinadatos:senado:2550,AUX.TRAMITE,AUX,1,0.95,agente:texto,2026-07-22T21:33:23Z
acta,argentinadatos:senado:2551,AUX.TRAMITE,AUX,1,0.95,agente:texto,2026-07-22T21:33:26Z
acta,argentinadatos:senado:2552,DEF.TRATADO,DEF,1,0.95,agente:texto,2026-07-22T21:33:29Z
acta,argentinadatos:senado:2552,ECON.TRIB,ECON,0,0.95,agente:texto,2026-07-22T21:33:29Z
acta,argentinadatos:senado:2552,INFRA.TELECOM,INFRA,0,0.95,agente:texto,2026-07-22T21:33:29Z
acta,argentinadatos:senado:2552,JUST.PENAL,JUST,0,0.95,agente:texto,2026-07-22T21:33:29Z
acta,argentinadatos:senado:2553,AUX.HOMENAJE,AUX,0,0.75,agente:texto,2026-07-22T21:33:32Z
acta,argentinadatos:senado:2553,ECON.EMERG,ECON,1,0.75,agente:texto,2026-07-22T21:33:32Z
acta,argentinadatos:senado:2554,POLINST.ETICA,POLINST,1,0.95,agente:texto,2026-07-22T21:33:34Z
acta,argentinadatos:senado:2555,AUX.TRAMITE,AUX,1,1.0,agente:texto,2026-07-22T21:33:36Z
acta,argentinadatos:senado:2556,AUX.TRAMITE,AUX,1,0.95,agente:texto,2026-07-22T21:33:39Z
acta,argentinadatos:senado:2557,ECON.EMERG,ECON,0,0.95,agente:texto,2026-07-22T21:33:42Z
acta,argentinadatos:senado:2557,SALUD.DISCAP,SALUD,1,0.95,agente:texto,2026-07-22T21:33:42Z
acta,argentinadatos:senado:2558,AUX.TRAMITE,AUX,1,0.95,agente:texto,2026-07-22T21:32:37Z
acta,argentinadatos:senado:2559,ECON.EMERG,ECON,1,0.95,agente:texto,2026-07-22T21:32:40Z
acta,argentinadatos:senado:2559,POLINST.ORGEST,POLINST,0,0.95,agente:texto,2026-07-22T21:32:40Z
acta,argentinadatos:senado:2560,AUX.HOMENAJE,AUX,1,0.95,agente:texto,2026-07-22T21:32:42Z
acta,argentinadatos:senado:2561,AUX.TRAMITE,AUX,1,0.95,agente:texto,2026-07-22T21:32:44Z
acta,argentinadatos:senado:2562,ECON.COPART,ECON,0,0.9,agente:texto,2026-07-22T21:32:47Z
acta,argentinadatos:senado:2562,ECON.PRESU,ECON,1,0.9,agente:texto,2026-07-22T21:32:47Z
acta,argentinadatos:senado:2562,ECON.TRIB,ECON,0,0.9,agente:texto,2026-07-22T21:32:47Z
acta,argentinadatos:senado:2562,ENER.COMBUS,ENER,0,0.9,agente:texto,2026-07-22T21:32:47Z
acta,argentinadatos:senado:2563,ECON.COPART,ECON,1,0.9,agente:texto,2026-07-22T21:34:01Z
acta,argentinadatos:senado:2563,ECON.PRESU,ECON,0,0.9,agente:texto,2026-07-22T21:34:01Z
acta,argentinadatos:senado:2564,DEF.DEFENSA,DEF,1,0.95,agente:texto,2026-07-22T21:34:03Z
acta,argentinadatos:senado:2565,AUX.TRAMITE,AUX,1,0.95,agente:texto,2026-07-22T21:34:06Z
acta,argentinadatos:senado:2566,AUX.TRAMITE,AUX,1,0.95,agente:texto,2026-07-22T21:32:50Z
acta,argentinadatos:senado:2567,AUX.TRAMITE,AUX,1,0.95,agente:texto,2026-07-22T21:32:53Z
acta,argentinadatos:senado:2568,AUX.TRAMITE,AUX,1,0.95,agente:texto,2026-07-22T21:32:55Z
acta,argentinadatos:senado:2569,AUX.TRAMITE,AUX,1,0.95,agente:texto,2026-07-22T21:32:59Z
acta,argentinadatos:senado:2570,AUX.TRAMITE,AUX,1,0.95,agente:texto,2026-07-22T21:33:01Z
acta,argentinadatos:senado:2571,ECON.PRESU,ECON,0,0.95,agente:texto,2026-07-22T21:33:04Z
acta,argentinadatos:senado:2571,EDU.SUPERIOR,EDU,1,0.95,agente:texto,2026-07-22T21:33:04Z
acta,argentinadatos:senado:2571,TRAB.LABOR,TRAB,0,0.95,agente:texto,2026-07-22T21:33:04Z
acta,argentinadatos:senado:2572,AUX.TRAMITE,AUX,1,0.95,agente:texto,2026-07-22T21:33:06Z
acta,argentinadatos:senado:2574,DERSOC.NINEZ,DERSOC,0,0.85,agente:texto,2026-07-22T21:33:09Z
acta,argentinadatos:senado:2574,ECON.EMERG,ECON,0,0.85,agente:texto,2026-07-22T21:33:09Z
acta,argentinadatos:senado:2574,SALUD.SISTEMA,SALUD,1,0.85,agente:texto,2026-07-22T21:33:09Z
acta,argentinadatos:senado:2575,AUX.TRAMITE,AUX,1,0.95,agente:texto,2026-07-22T21:31:58Z
acta,argentinadatos:senado:2576,ECON.EMERG,ECON,0,0.95,agente:texto,2026-07-22T21:32:01Z
acta,argentinadatos:senado:2576,SALUD.DISCAP,SALUD,1,0.95,agente:texto,2026-07-22T21:32:01Z
acta,argentinadatos:senado:2577,POLINST.CONST,POLINST,1,0.95,agente:texto,2026-07-22T21:32:03Z
acta,argentinadatos:senado:2578,POLINST.CONST,POLINST,1,0.95,agente:texto,2026-07-22T21:32:07Z
acta,argentinadatos:senado:2586,JUST.PENAL,JUST,1,0.95,agente:texto,2026-07-22T21:32:28Z
acta,argentinadatos:senado:2588,AUX.HOMENAJE,AUX,0,0.95,agente:texto,2026-07-22T21:32:31Z
acta,argentinadatos:senado:2588,CULT.CULTURA,CULT,1,0.95,agente:texto,2026-07-22T21:32:31Z
acta,argentinadatos:senado:2589,ECON.EMERG,ECON,0,0.95,agente:texto,2026-07-22T21:32:34Z
acta,argentinadatos:senado:2589,POLINST.ORGEST,POLINST,0,0.95,agente:texto,2026-07-22T21:32:34Z
acta,argentinadatos:senado:2589,SALUD.DISCAP,SALUD,1,0.95,agente:texto,2026-07-22T21:32:34Z
acta,argentinadatos:senado:2594,AUX.TRAMITE,AUX,0,0.85,agente:texto,2026-07-22T21:32:10Z
acta,argentinadatos:senado:2594,TRAB.EMPLEOPUB,TRAB,1,0.85,agente:texto,2026-07-22T21:32:10Z
acta,argentinadatos:senado:2594,TRAB.PREV,TRAB,0,0.85,agente:texto,2026-07-22T21:32:10Z
acta,argentinadatos:senado:2595,AUX.TRAMITE,AUX,0,0.95,agente:texto,2026-09-06T14:06:37Z
acta,argentinadatos:senado:2595,ECON.EMERG,ECON,0,0.95,agente:texto,2026-09-06T14:06:37Z
acta,argentinadatos:senado:2595,SALUD.SISTEMA,SALUD,1,0.95,agente:texto,2026-09-06T14:06:37Z
acta,argentinadatos:senado:2596,AUX.TRAMITE,AUX,1,0.95,agente:texto,2026-07-22T21:32:14Z
acta,argentinadatos:senado:2598,ECON.PRESU,ECON,0,0.95,agente:texto,2026-09-06T14:33:00Z
acta,argentinadatos:senado:2598,EDU.SUPERIOR,EDU,1,0.95,agente:texto,2026-09-06T14:33:00Z
acta,argentinadatos:senado:2598,TRAB.LABOR,TRAB,0,0.95,agente:texto,2026-09-06T14:33:00Z
acta,argentinadatos:senado:2599,AUX.HOMENAJE,AUX,1,0.95,agente:texto,2026-07-22T21:32:16Z
acta,argentinadatos:senado:2604,AUX.TRAMITE,AUX,1,0.95,agente:texto,2026-07-22T21:31:55Z
acta,argentinadatos:senado:2608,ECON.PRESU,ECON,1,0.99,agente:texto,2026-09-06T14:45:35Z
acta,argentinadatos:senado:2609,ECON.PRESU,ECON,1,0.99,agente:texto,2026-09-06T13:46:31Z
acta,argentinadatos:senado:2614,ECON.PRESU,ECON,1,0.99,agente:texto,2026-09-06T14:09:21Z
acta,argentinadatos:senado:2692,DEF.TRATADO,DEF,1,0.95,agente:texto,2026-09-06T14:51:54Z
acta,argentinadatos:senado:2692,PROD.COMEX,PROD,0,0.95,agente:texto,2026-09-06T14:51:54Z
acta,argentinadatos:senado:2706,AUX.TRAMITE,AUX,0,0.95,agente:texto,2026-09-06T13:36:35Z
acta,argentinadatos:senado:2706,EDU.SUPERIOR,EDU,0,0.95,agente:texto,2026-09-06T13:36:35Z
acta,argentinadatos:senado:2706,TRAB.PREV,TRAB,1,0.95,agente:texto,2026-09-06T13:36:35Z
acta,argentinadatos:senado:2710,DESREG.MODEST,DESREG,0,0.95,agente:texto,2026-09-06T13:31:54Z
acta,argentinadatos:senado:2710,ECON.EMERG,ECON,0,0.95,agente:texto,2026-09-06T13:31:54Z
acta,argentinadatos:senado:2710,PROD.AGRO,PROD,1,0.95,agente:texto,2026-09-06T13:31:54Z
acta,argentinadatos:senado:2711,AUX.TRAMITE,AUX,1,0.95,agente:texto,2026-09-06T14:00:43Z
acta,argentinadatos:senado:2716,JUST.JUDIC,JUST,1,0.95,agente:texto,2026-09-06T14:20:19Z
acta,argentinadatos:senado:2716,POLINST.ETICA,POLINST,0,0.95,agente:texto,2026-09-06T14:20:19Z
acta,argentinadatos:senado:2718,DEF.EXTERIOR,DEF,0,0.95,agente:texto,2026-09-06T13:31:18Z
acta,argentinadatos:senado:2718,DEF.TRATADO,DEF,1,0.95,agente:texto,2026-09-06T13:31:18Z
acta,argentinadatos:senado:2718,TRAB.PREV,TRAB,0,0.95,agente:texto,2026-09-06T13:31:18Z
acta,argentinadatos:senado:2720,ECON.DEUDA,ECON,1,0.95,agente:texto,2026-09-06T13:49:04Z
acta,argentinadatos:senado:2736,ECON.PRESU,ECON,0,0.75,agente:texto,2026-09-06T13:34:52Z
acta,argentinadatos:senado:2736,ENER.HIDRO,ENER,1,0.75,agente:texto,2026-09-06T13:34:52Z
acta,argentinadatos:senado:2736,INFRA.OBRA,INFRA,0,0.75,agente:texto,2026-09-06T13:34:52Z
acta,argentinadatos:senado:2738,DESREG.EMPUB,DESREG,0,0.75,agente:texto,2026-09-06T13:33:57Z
acta,argentinadatos:senado:2738,ECON.PRESU,ECON,0,0.75,agente:texto,2026-09-06T13:33:57Z
acta,argentinadatos:senado:2738,ENER.HIDRO,ENER,1,0.75,agente:texto,2026-09-06T13:33:57Z
acta,argentinadatos:senado:2739,AUX.TRAMITE,AUX,1,0.95,agente:texto,2026-09-06T14:52:03Z
acta,argentinadatos:senado:2740,DERSOC.NINEZ,DERSOC,0,0.95,agente:texto,2026-09-06T13:31:03Z
acta,argentinadatos:senado:2740,JUST.JUDIC,JUST,0,0.95,agente:texto,2026-09-06T13:31:03Z
acta,argentinadatos:senado:2740,JUST.PENALJUV,JUST,1,0.95,agente:texto,2026-09-06T13:31:03Z
acta,argentinadatos:senado:2741,JUST.JUDIC,JUST,0,0.95,agente:texto,2026-09-06T13:40:47Z
acta,argentinadatos:senado:2741,JUST.PENALJUV,JUST,1,0.95,agente:texto,2026-09-06T13:40:47Z
acta,argentinadatos:senado:2742,JUST.PENALJUV,JUST,1,0.95,agente:texto,2026-09-06T14:21:39Z
acta,argentinadatos:senado:2744,JUST.PENALJUV,JUST,1,0.95,agente:texto,2026-09-06T14:20:35Z
acta,argentinadatos:senado:2753,DEF.DEFENSA,DEF,0,0.95,agente:texto,2026-09-06T14:06:03Z
acta,argentinadatos:senado:2753,DEF.TRATADO,DEF,1,0.95,agente:texto,2026-09-06T14:06:03Z
acta,argentinadatos:senado:2753,DERSOC.DDHH,DERSOC,0,0.95,agente:texto,2026-09-06T14:06:03Z
acta,argentinadatos:senado:2758,AUX.TRAMITE,AUX,1,0.95,agente:texto,2026-09-06T13:30:39Z
acta,argentinadatos:senado:2759,CULT.CULTURA,CULT,1,0.95,agente:texto,2026-09-06T14:48:33Z
acta,argentinadatos:senado:2759,DESREG.DESECO,DESREG,0,0.95,agente:texto,2026-09-06T14:48:33Z
acta,argentinadatos:senado:2760,DESREG.EMPUB,DESREG,0,0.95,agente:texto,2026-09-06T14:24:00Z
acta,argentinadatos:senado:2760,PROD.AGRO,PROD,1,0.95,agente:texto,2026-09-06T14:24:00Z
acta,argentinadatos:senado:2760,PROD.COMEX,PROD,0,0.95,agente:texto,2026-09-06T14:24:00Z
acta,argentinadatos:senado:2762,AUX.TRAMITE,AUX,1,0.95,agente:texto,2026-09-06T13:46:02Z
acta,argentinadatos:senado:2764,AUX.TRAMITE,AUX,1,0.95,agente:texto,2026-09-06T13:53:07Z
acta,argentinadatos:senado:2766,AUX.TRAMITE,AUX,1,0.95,agente:texto,2026-09-06T13:28:48Z
acta,argentinadatos:senado:2768,AUX.TRAMITE,AUX,0,0.95,agente:texto,2026-09-06T14:06:08Z
acta,argentinadatos:senado:2768,JUST.JUDIC,JUST,1,0.95,agente:texto,2026-09-06T14:06:08Z
acta,argentinadatos:senado:2782,CYT.INNOV,CYT,0,0.95,agente:texto,2026-09-06T13:34:48Z
acta,argentinadatos:senado:2782,DESREG.DESECO,DESREG,0,0.95,agente:texto,2026-09-06T13:34:48Z
acta,argentinadatos:senado:2782,ECON.TRIB,ECON,1,0.95,agente:texto,2026-09-06T13:34:48Z
acta,argentinadatos:senado:2786,AUX.TRAMITE,AUX,1,0.95,agente:texto,2026-09-06T14:12:23Z
acta,argentinadatos:senado:2788,DESREG.EMPUB,DESREG,0,0.85,agente:texto,2026-09-06T14:17:34Z
acta,argentinadatos:senado:2788,ENER.COMBUS,ENER,1,0.85,agente:texto,2026-09-06T14:17:34Z
acta,argentinadatos:senado:2788,ENER.TARIFA,ENER,0,0.85,agente:texto,2026-09-06T14:17:34Z
acta,argentinadatos:senado:2788,JUST.CIVCOM,JUST,0,0.85,agente:texto,2026-09-06T14:17:34Z
acta,argentinadatos:senado:2789,AUX.TRAMITE,AUX,1,0.95,agente:texto,2026-09-06T13:56:27Z
acta,argentinadatos:senado:2790,AUX.TRAMITE,AUX,1,0.95,agente:texto,2026-09-06T13:28:34Z
acta,ckan_diputados:1,DEF.DEFENSA,DEF,0,0.95,agente:texto,2026-07-22T20:47:43Z
acta,ckan_diputados:1,TRAB.PREV,TRAB,1,0.95,agente:texto,2026-07-22T20:47:43Z
acta,ckan_diputados:10,AUX.TRAMITE,AUX,1,0.95,agente:texto,2026-07-22T21:05:14Z
acta,ckan_diputados:100,ECON.PRESU,ECON,1,0.95,agente:texto,2026-07-22T20:51:44Z
acta,ckan_diputados:101,ECON.PRESU,ECON,1,0.95,agente:texto,2026-07-22T20:55:42Z
acta,ckan_diputados:102,JUST.CIVCOM,JUST,1,0.98,agente:texto,2026-07-22T21:05:24Z
acta,ckan_diputados:103,DEF.TRATADO,DEF,0,0.75,agente:texto,2026-07-22T20:32:56Z
acta,ckan_diputados:103,ECON.DEUDA,ECON,1,0.75,agente:texto,2026-07-22T20:32:56Z
acta,ckan_diputados:103,INFRA.OBRA,INFRA,0,0.75,agente:texto,2026-07-22T20:32:56Z
acta,ckan_diputados:104,DESREG.DESECO,DESREG,1,0.7,agente:texto,2026-07-22T20:51:41Z
acta,ckan_diputados:104,ECON.TRIB,ECON,0,0.7,agente:texto,2026-07-22T20:51:41Z
acta,ckan_diputados:104,JUST.CIVCOM,JUST,0,0.7,agente:texto,2026-07-22T20:51:41Z
acta,ckan_diputados:104,PROD.COMEX,PROD,0,0.7,agente:texto,2026-07-22T20:51:41Z
acta,ckan_diputados:105,DESREG.MODEST,DESREG,1,0.6,agente:texto,2026-07-22T21:01:44Z
acta,ckan_diputados:105,ECON.TRIB,ECON,0,0.6,agente:texto,2026-07-22T21:01:44Z
acta,ckan_diputados:105,POLINST.ETICA,POLINST,0,0.6,agente:texto,2026-07-22T21:01:44Z
acta,ckan_diputados:106,DESREG.SOCIED,DESREG,0,0.85,agente:texto,2026-07-22T21:06:02Z
acta,ckan_diputados:106,JUST.CIVCOM,JUST,1,0.85,agente:texto,2026-07-22T21:06:02Z
acta,ckan_diputados:107,DEF.DEFENSA,DEF,1,0.95,agente:texto,2026-07-22T20:39:15Z
acta,ckan_diputados:107,DEF.EXTERIOR,DEF,0,0.95,agente:texto,2026-07-22T20:39:15Z
acta,ckan_diputados:107,DEF.TRATADO,DEF,0,0.95,agente:texto,2026-07-22T20:39:15Z
acta,ckan_diputados:108,AUX.HOMENAJE,AUX,1,0.9,agente:texto,2026-07-22T20:34:30Z
acta,ckan_diputados:109,AUX.HOMENAJE,AUX,0,0.95,agente:texto,2026-07-22T20:34:27Z
acta,ckan_diputados:109,ECON.DEUDA,ECON,1,0.95,agente:texto,2026-07-22T20:34:27Z
acta,ckan_diputados:11,DESREG.EMPUB,DESREG,1,0.9,agente:texto,2026-07-22T21:02:41Z
acta,ckan_diputados:11,DESREG.MODEST,DESREG,0,0.9,agente:texto,2026-07-22T21:02:41Z
acta,ckan_diputados:11,POLINST.ORGEST,POLINST,0,0.9,agente:texto,2026-07-22T21:02:41Z
acta,ckan_diputados:110,AUX.HOMENAJE,AUX,0,0.95,agente:texto,2026-07-22T20:34:33Z
acta,ckan_diputados:110,ECON.DEUDA,ECON,1,0.95,agente:texto,2026-07-22T20:34:33Z
acta,ckan_diputados:111,AUX.HOMENAJE,AUX,1,0.95,agente:texto,2026-07-22T21:02:51Z
acta,ckan_diputados:112,DESSOC.PNC,DESSOC,0,0.95,agente:texto,2026-07-22T20:38:21Z
acta,ckan_diputados:112,ECON.DEUDA,ECON,0,0.95,agente:texto,2026-07-22T20:38:21Z
acta,ckan_diputados:112,TRAB.PREV,TRAB,1,0.95,agente:texto,2026-07-22T20:38:21Z
acta,ckan_diputados:113,DEF.TRATADO,DEF,1,0.95,agente:texto,2026-07-22T20:29:00Z
acta,ckan_diputados:113,JUST.PENAL,JUST,0,0.95,agente:texto,2026-07-22T20:29:00Z
acta,ckan_diputados:114,DEF.TRATADO,DEF,1,0.95,agente:texto,2026-07-22T20:36:10Z
acta,ckan_diputados:114,PROD.AGRO,PROD,0,0.95,agente:texto,2026-07-22T20:36:10Z
acta,ckan_diputados:114,TRAB.LABOR,TRAB,0,0.95,agente:texto,2026-07-22T20:36:10Z
acta,ckan_diputados:115,TRAB.LABOR,TRAB,1,0.95,agente:texto,2026-07-22T20:44:42Z
acta,ckan_diputados:116,DESREG.MODEST,DESREG,0,0.75,agente:texto,2026-07-22T20:48:23Z
acta,ckan_diputados:116,JUST.JUDIC,JUST,1,0.75,agente:texto,2026-07-22T20:48:23Z
acta,ckan_diputados:116,POLINST.ORGEST,POLINST,0,0.75,agente:texto,2026-07-22T20:48:23Z
acta,ckan_diputados:117,DESREG.DESECO,DESREG,0,0.85,agente:texto,2026-07-22T20:29:55Z
acta,ckan_diputados:117,EDU.BASICA,EDU,1,0.85,agente:texto,2026-07-22T20:29:55Z
acta,ckan_diputados:117,EDU.SUPERIOR,EDU,0,0.85,agente:texto,2026-07-22T20:29:55Z
acta,ckan_diputados:117,TRAB.EMPLEOPUB,TRAB,0,0.85,agente:texto,2026-07-22T20:29:55Z
acta,ckan_diputados:118,DEF.TRATADO,DEF,1,0.85,agente:texto,2026-07-22T20:52:27Z
acta,ckan_diputados:118,ECON.MON,ECON,0,0.85,agente:texto,2026-07-22T20:52:27Z
acta,ckan_diputados:118,JUST.CIVCOM,JUST,0,0.85,agente:texto,2026-07-22T20:52:27Z
acta,ckan_diputados:119,DEF.DEFENSA,DEF,1,0.95,agente:texto,2026-07-22T20:30:53Z
acta,ckan_diputados:119,DEF.TRATADO,DEF,0,0.95,agente:texto,2026-07-22T20:30:53Z
acta,ckan_diputados:12,CYT.PI,CYT,1,0.95,agente:texto,2026-07-22T20:30:17Z
acta,ckan_diputados:12,DEF.TRATADO,DEF,0,0.95,agente:texto,2026-07-22T20:30:17Z
acta,ckan_diputados:12,DESREG.SOCIED,DESREG,0,0.95,agente:texto,2026-07-22T20:30:17Z
acta,ckan_diputados:120,AUX.TRAMITE,AUX,0,0.95,agente:texto,2026-07-22T20:35:58Z
acta,ckan_diputados:120,CULT.CULTURA,CULT,1,0.95,agente:texto,2026-07-22T20:35:58Z
acta,ckan_diputados:120,INFRA.OBRA,INFRA,0,0.95,agente:texto,2026-07-22T20:35:58Z
acta,ckan_diputados:121,JUST.SEGINT,JUST,1,0.7,agente:texto,2026-07-22T20:50:48Z
acta,ckan_diputados:121,TRAB.EMPLEOPUB,TRAB,0,0.7,agente:texto,2026-07-22T20:50:48Z
acta,ckan_diputados:121,TRAB.PREV,TRAB,0,0.7,agente:texto,2026-07-22T20:50:48Z
acta,ckan_diputados:122,DERSOC.DDHH,DERSOC,1,0.95,agente:texto,2026-07-22T20:28:57Z
acta,ckan_diputados:122,DESSOC.ASIST,DESSOC,0,0.95,agente:texto,2026-07-22T20:28:57Z
acta,ckan_diputados:122,ECON.PRESU,ECON,0,0.95,agente:texto,2026-07-22T20:28:57Z
acta,ckan_diputados:123,AUX.TRAMITE,AUX,1,0.95,agente:texto,2026-07-22T20:35:55Z
acta,ckan_diputados:124,ECON.EMERG,ECON,1,0.85,agente:texto,2026-07-22T21:02:21Z
acta,ckan_diputados:124,TRAB.LABOR,TRAB,0,0.85,agente:texto,2026-07-22T21:02:21Z
acta,ckan_diputados:125,DEF.DEFENSA,DEF,0,0.85,agente:texto,2026-07-22T20:42:25Z
acta,ckan_diputados:125,DERSOC.DDHH,DERSOC,1,0.85,agente:texto,2026-07-22T20:42:25Z
acta,ckan_diputados:125,JUST.CIVCOM,JUST,0,0.85,agente:texto,2026-07-22T20:42:25Z
acta,ckan_diputados:126,AUX.HOMENAJE,AUX,1,0.95,agente:texto,2026-07-22T21:00:06Z
acta,ckan_diputados:127,AUX.HOMENAJE,AUX,1,0.95,agente:texto,2026-07-22T21:04:06Z
acta,ckan_diputados:128,DEF.TRATADO,DEF,1,0.95,agente:texto,2026-07-22T20:33:11Z
acta,ckan_diputados:128,DERSOC.DDHH,DERSOC,0,0.95,agente:texto,2026-07-22T20:33:11Z
acta,ckan_diputados:129,AMB.RESID,AMB,1,0.95,agente:texto,2026-07-22T20:39:37Z
acta,ckan_diputados:129,ECON.TRIB,ECON,0,0.95,agente:texto,2026-07-22T20:39:37Z
acta,ckan_diputados:129,JUST.CIVCOM,JUST,0,0.95,agente:texto,2026-07-22T20:39:37Z
acta,ckan_diputados:13,EDU.SUPERIOR,EDU,1,0.95,agente:texto,2026-07-22T21:02:35Z
acta,ckan_diputados:130,JUST.CIVCOM,JUST,1,0.95,agente:texto,2026-07-22T20:48:32Z
acta,ckan_diputados:131,AUX.HOMENAJE,AUX,1,0.95,agente:texto,2026-07-22T20:39:10Z
acta,ckan_diputados:132,AUX.HOMENAJE,AUX,1,0.95,agente:texto,2026-07-22T20:39:13Z
acta,ckan_diputados:133,AUX.HOMENAJE,AUX,1,0.95,agente:texto,2026-07-22T20:39:07Z
acta,ckan_diputados:134,AUX.HOMENAJE,AUX,0,0.85,agente:texto,2026-07-22T21:01:37Z
acta,ckan_diputados:134,DERSOC.DDHH,DERSOC,1,0.85,agente:texto,2026-07-22T21:01:37Z
acta,ckan_diputados:135,ECON.TRIB,ECON,1,0.95,agente:texto,2026-07-22T20:36:06Z
acta,ckan_diputados:136,DESREG.DESECO,DESREG,0,0.95,agente:texto,2026-07-22T21:05:59Z
acta,ckan_diputados:136,ECON.TRIB,ECON,0,0.95,agente:texto,2026-07-22T21:05:59Z
acta,ckan_diputados:136,TRAB.LABOR,TRAB,1,0.95,agente:texto,2026-07-22T21:05:59Z
acta,ckan_diputados:137,DESREG.DESECO,DESREG,0,0.95,agente:texto,2026-07-22T20:46:19Z
acta,ckan_diputados:137,TRAB.LABOR,TRAB,1,0.95,agente:texto,2026-07-22T20:46:19Z
acta,ckan_diputados:137,TRAB.SINDIC,TRAB,0,0.95,agente:texto,2026-07-22T20:46:19Z
acta,ckan_diputados:138,AMB.CLIMA,AMB,0,0.95,agente:texto,2026-07-22T20:33:40Z
acta,ckan_diputados:138,ECON.TRIB,ECON,1,0.95,agente:texto,2026-07-22T20:33:40Z
acta,ckan_diputados:138,ENER.COMBUS,ENER,0,0.95,agente:texto,2026-07-22T20:33:40Z
acta,ckan_diputados:138,PROD.AGRO,PROD,0,0.95,agente:texto,2026-07-22T20:33:40Z
acta,ckan_diputados:139,DEF.TRATADO,DEF,1,0.85,agente:texto,2026-07-22T20:35:06Z
acta,ckan_diputados:139,JUST.PROPIED,JUST,0,0.85,agente:texto,2026-07-22T20:35:06Z
acta,ckan_diputados:139,POLINST.ORGEST,POLINST,0,0.85,agente:texto,2026-07-22T20:35:06Z
acta,ckan_diputados:14,DERSOC.DDHH,DERSOC,1,0.95,agente:texto,2026-07-22T20:32:59Z
acta,ckan_diputados:14,JUST.JUDIC,JUST,0,0.95,agente:texto,2026-07-22T20:32:59Z
acta,ckan_diputados:14,POLINST.ORGEST,POLINST,0,0.95,agente:texto,2026-07-22T20:32:59Z
acta,ckan_diputados:140,AUX.HOMENAJE,AUX,1,0.95,agente:texto,2026-07-22T20:50:19Z
acta,ckan_diputados:141,AUX.HOMENAJE,AUX,1,0.95,agente:texto,2026-07-22T20:55:25Z
acta,ckan_diputados:142,DEF.TRATADO,DEF,1,0.85,agente:texto,2026-07-22T20:33:23Z
acta,ckan_diputados:142,ECON.DEUDA,ECON,0,0.85,agente:texto,2026-07-22T20:33:23Z
acta,ckan_diputados:142,JUST.CIVCOM,JUST,0,0.85,agente:texto,2026-07-22T20:33:23Z
acta,ckan_diputados:143,DEF.TRATADO,DEF,0,0.95,agente:texto,2026-07-22T20:38:02Z
acta,ckan_diputados:143,POLINST.ELECT,POLINST,1,0.95,agente:texto,2026-07-22T20:38:02Z
acta,ckan_diputados:143,POLINST.PARTIDOS,POLINST,0,0.95,agente:texto,2026-07-22T20:38:02Z
acta,ckan_diputados:144,DEF.TRATADO,DEF,0,0.95,agente:texto,2026-07-22T20:37:32Z
acta,ckan_diputados:144,POLINST.ELECT,POLINST,1,0.95,agente:texto,2026-07-22T20:37:32Z
acta,ckan_diputados:144,POLINST.PARTIDOS,POLINST,0,0.95,agente:texto,2026-07-22T20:37:32Z
acta,ckan_diputados:145,DEF.TRATADO,DEF,0,0.95,agente:texto,2026-07-22T20:37:08Z
acta,ckan_diputados:145,POLINST.ELECT,POLINST,1,0.95,agente:texto,2026-07-22T20:37:08Z
acta,ckan_diputados:145,POLINST.PARTIDOS,POLINST,0,0.95,agente:texto,2026-07-22T20:37:08Z
acta,ckan_diputados:146,DEF.TRATADO,DEF,0,0.95,agente:texto,2026-07-22T20:37:29Z
acta,ckan_diputados:146,POLINST.ELECT,POLINST,1,0.95,agente:texto,2026-07-22T20:37:29Z
acta,ckan_diputados:146,POLINST.PARTIDOS,POLINST,0,0.95,agente:texto,2026-07-22T20:37:29Z
acta,ckan_diputados:147,DEF.TRATADO,DEF,0,0.95,agente:texto,2026-07-22T20:37:35Z
acta,ckan_diputados:147,POLINST.ELECT,POLINST,1,0.95,agente:texto,2026-07-22T20:37:35Z
acta,ckan_diputados:147,POLINST.PARTIDOS,POLINST,0,0.95,agente:texto,2026-07-22T20:37:35Z
acta,ckan_diputados:148,DEF.TRATADO,DEF,0,0.95,agente:texto,2026-07-22T20:38:08Z
acta,ckan_diputados:148,POLINST.ELECT,POLINST,1,0.95,agente:texto,2026-07-22T20:38:08Z
acta,ckan_diputados:148,POLINST.PARTIDOS,POLINST,0,0.95,agente:texto,2026-07-22T20:38:08Z
acta,ckan_diputados:149,DEF.TRATADO,DEF,0,0.95,agente:texto,2026-07-22T20:38:05Z
acta,ckan_diputados:149,POLINST.ELECT,POLINST,1,0.95,agente:texto,2026-07-22T20:38:05Z
acta,ckan_diputados:149,POLINST.PARTIDOS,POLINST,0,0.95,agente:texto,2026-07-22T20:38:05Z
acta,ckan_diputados:15,AMB.CLIMA,AMB,0,0.95,agente:texto,2026-07-22T20:48:59Z
acta,ckan_diputados:15,ENER.ELEC,ENER,0,0.95,agente:texto,2026-07-22T20:48:59Z
acta,ckan_diputados:15,ENER.RENOV,ENER,1,0.95,agente:texto,2026-07-22T20:48:59Z
acta,ckan_diputados:15,PROD.INVER,PROD,0,0.95,agente:texto,2026-07-22T20:48:59Z
acta,ckan_diputados:150,DEF.TRATADO,DEF,0,0.95,agente:texto,2026-07-22T20:37:11Z
acta,ckan_diputados:150,POLINST.ELECT,POLINST,1,0.95,agente:texto,2026-07-22T20:37:11Z
acta,ckan_diputados:150,POLINST.PARTIDOS,POLINST,0,0.95,agente:texto,2026-07-22T20:37:11Z
acta,ckan_diputados:151,DEF.TRATADO,DEF,0,0.95,agente:texto,2026-07-22T20:37:26Z
acta,ckan_diputados:151,POLINST.ELECT,POLINST,1,0.95,agente:texto,2026-07-22T20:37:26Z
acta,ckan_diputados:151,POLINST.PARTIDOS,POLINST,0,0.95,agente:texto,2026-07-22T20:37:26Z
acta,ckan_diputados:152,DEF.TRATADO,DEF,0,0.95,agente:texto,2026-07-22T20:37:14Z
acta,ckan_diputados:152,POLINST.ELECT,POLINST,1,0.95,agente:texto,2026-07-22T20:37:14Z
acta,ckan_diputados:152,POLINST.PARTIDOS,POLINST,0,0.95,agente:texto,2026-07-22T20:37:14Z
acta,ckan_diputados:153,DEF.TRATADO,DEF,0,0.95,agente:texto,2026-07-22T20:37:53Z
acta,ckan_diputados:153,POLINST.ELECT,POLINST,1,0.95,agente:texto,2026-07-22T20:37:53Z
acta,ckan_diputados:153,POLINST.PARTIDOS,POLINST,0,0.95,agente:texto,2026-07-22T20:37:53Z
acta,ckan_diputados:154,DEF.TRATADO,DEF,0,0.95,agente:texto,2026-07-22T20:37:18Z
acta,ckan_diputados:154,POLINST.ELECT,POLINST,1,0.95,agente:texto,2026-07-22T20:37:18Z
acta,ckan_diputados:154,POLINST.PARTIDOS,POLINST,0,0.95,agente:texto,2026-07-22T20:37:18Z
acta,ckan_diputados:155,DEF.TRATADO,DEF,0,0.95,agente:texto,2026-07-22T20:37:59Z
acta,ckan_diputados:155,POLINST.ELECT,POLINST,1,0.95,agente:texto,2026-07-22T20:37:59Z
acta,ckan_diputados:155,POLINST.PARTIDOS,POLINST,0,0.95,agente:texto,2026-07-22T20:37:59Z
acta,ckan_diputados:156,DEF.TRATADO,DEF,0,0.95,agente:texto,2026-07-22T20:37:21Z
acta,ckan_diputados:156,POLINST.ELECT,POLINST,1,0.95,agente:texto,2026-07-22T20:37:21Z
acta,ckan_diputados:156,POLINST.PARTIDOS,POLINST,0,0.95,agente:texto,2026-07-22T20:37:21Z
acta,ckan_diputados:157,DEF.TRATADO,DEF,0,0.95,agente:texto,2026-07-22T20:37:56Z
acta,ckan_diputados:157,POLINST.ELECT,POLINST,1,0.95,agente:texto,2026-07-22T20:37:56Z
acta,ckan_diputados:157,POLINST.PARTIDOS,POLINST,0,0.95,agente:texto,2026-07-22T20:37:56Z
acta,ckan_diputados:158,DEF.TRATADO,DEF,0,0.95,agente:texto,2026-07-22T20:37:48Z
acta,ckan_diputados:158,POLINST.ELECT,POLINST,1,0.95,agente:texto,2026-07-22T20:37:48Z
acta,ckan_diputados:158,POLINST.PARTIDOS,POLINST,0,0.95,agente:texto,2026-07-22T20:37:48Z
acta,ckan_diputados:159,DEF.TRATADO,DEF,0,0.95,agente:texto,2026-07-22T20:37:50Z
acta,ckan_diputados:159,POLINST.ELECT,POLINST,1,0.95,agente:texto,2026-07-22T20:37:50Z
acta,ckan_diputados:159,POLINST.PARTIDOS,POLINST,0,0.95,agente:texto,2026-07-22T20:37:50Z
acta,ckan_diputados:16,DESREG.SOCIED,DESREG,1,0.85,agente:texto,2026-07-22T21:07:44Z
acta,ckan_diputados:16,JUST.CIVCOM,JUST,0,0.85,agente:texto,2026-07-22T21:07:44Z
acta,ckan_diputados:160,DEF.TRATADO,DEF,0,0.95,agente:texto,2026-07-22T20:37:44Z
acta,ckan_diputados:160,POLINST.ELECT,POLINST,1,0.95,agente:texto,2026-07-22T20:37:44Z
acta,ckan_diputados:160,POLINST.PARTIDOS,POLINST,0,0.95,agente:texto,2026-07-22T20:37:44Z
acta,ckan_diputados:161,DEF.TRATADO,DEF,0,0.95,agente:texto,2026-07-22T20:37:41Z
acta,ckan_diputados:161,POLINST.ELECT,POLINST,1,0.95,agente:texto,2026-07-22T20:37:41Z
acta,ckan_diputados:161,POLINST.PARTIDOS,POLINST,0,0.95,agente:texto,2026-07-22T20:37:41Z
acta,ckan_diputados:162,DEF.TRATADO,DEF,0,0.95,agente:texto,2026-07-22T20:37:23Z
acta,ckan_diputados:162,POLINST.ELECT,POLINST,1,0.95,agente:texto,2026-07-22T20:37:23Z
acta,ckan_diputados:162,POLINST.PARTIDOS,POLINST,0,0.95,agente:texto,2026-07-22T20:37:23Z
acta,ckan_diputados:163,JUST.PENAL,JUST,1,0.95,agente:texto,2026-07-22T20:30:00Z
acta,ckan_diputados:163,TRAB.EMPLEOPUB,TRAB,0,0.95,agente:texto,2026-07-22T20:30:00Z
acta,ckan_diputados:164,JUST.CIVCOM,JUST,1,0.95,agente:texto,2026-07-22T20:45:33Z
acta,ckan_diputados:165,AUX.SINCLASIF,AUX,0,0.5,agente:texto,2026-07-22T21:11:15Z
acta,ckan_diputados:165,CYT.INNOV,CYT,1,0.5,agente:texto,2026-07-22T21:11:15Z
acta,ckan_diputados:165,INFRA.TELECOM,INFRA,0,0.5,agente:texto,2026-07-22T21:11:15Z
acta,ckan_diputados:166,DEF.TRATADO,DEF,1,0.95,agente:texto,2026-07-22T20:30:26Z
acta,ckan_diputados:166,ECON.DEUDA,ECON,0,0.95,agente:texto,2026-07-22T20:30:26Z
acta,ckan_diputados:167,AMB.BOSQUE,AMB,1,0.95,agente:texto,2026-07-22T20:33:03Z
acta,ckan_diputados:167,DEF.TRATADO,DEF,0,0.95,agente:texto,2026-07-22T20:33:03Z
acta,ckan_diputados:167,ECON.COPART,ECON,0,0.95,agente:texto,2026-07-22T20:33:03Z
acta,ckan_diputados:168,JUST.PENAL,JUST,1,0.95,agente:texto,2026-07-22T21:09:26Z
acta,ckan_diputados:169,CYT.CIENCIA,CYT,0,0.95,agente:texto,2026-07-22T20:29:28Z
acta,ckan_diputados:169,DEF.EXTERIOR,DEF,0,0.95,agente:texto,2026-07-22T20:29:28Z
acta,ckan_diputados:169,DEF.TRATADO,DEF,1,0.95,agente:texto,2026-07-22T20:29:28Z
acta,ckan_diputados:169,INFRA.OBRA,INFRA,0,0.95,agente:texto,2026-07-22T20:29:28Z
acta,ckan_diputados:17,AUX.HOMENAJE,AUX,0,0.95,agente:texto,2026-07-22T20:54:36Z
acta,ckan_diputados:17,ENER.HIDRO,ENER,1,0.95,agente:texto,2026-07-22T20:54:36Z
acta,ckan_diputados:170,ECON.MON,ECON,0,0.9,agente:texto,2026-07-22T20:38:18Z
acta,ckan_diputados:170,ECON.TRIB,ECON,0,0.9,agente:texto,2026-07-22T20:38:18Z
acta,ckan_diputados:170,JUST.CIVCOM,JUST,0,0.9,agente:texto,2026-07-22T20:38:18Z
acta,ckan_diputados:170,POLINST.ORGEST,POLINST,1,0.9,agente:texto,2026-07-22T20:38:18Z
acta,ckan_diputados:171,DEF.TRATADO,DEF,1,0.95,agente:texto,2026-07-22T20:42:10Z
acta,ckan_diputados:171,ECON.COPART,ECON,0,0.95,agente:texto,2026-07-22T20:42:10Z
acta,ckan_diputados:171,PROD.COMEX,PROD,0,0.95,agente:texto,2026-07-22T20:42:10Z
acta,ckan_diputados:171,PROD.INVER,PROD,0,0.95,agente:texto,2026-07-22T20:42:10Z
acta,ckan_diputados:172,ECON.PRESU,ECON,0,0.95,agente:texto,2026-07-22T20:34:36Z
acta,ckan_diputados:172,PROD.AGRO,PROD,1,0.95,agente:texto,2026-07-22T20:34:36Z
acta,ckan_diputados:173,DEF.EXTERIOR,DEF,0,0.95,agente:texto,2026-07-22T20:33:46Z
acta,ckan_diputados:173,DEF.TRATADO,DEF,1,0.95,agente:texto,2026-07-22T20:33:46Z
acta,ckan_diputados:173,INFRA.OBRA,INFRA,0,0.95,agente:texto,2026-07-22T20:33:46Z
acta,ckan_diputados:174,DEF.TRATADO,DEF,1,0.95,agente:texto,2026-07-22T20:31:32Z
acta,ckan_diputados:174,INFRA.OBRA,INFRA,0,0.95,agente:texto,2026-07-22T20:31:32Z
acta,ckan_diputados:174,INFRA.TRANSP,INFRA,0,0.95,agente:texto,2026-07-22T20:31:32Z
acta,ckan_diputados:175,DERSOC.NINEZ,DERSOC,0,0.85,agente:texto,2026-07-22T20:58:43Z
acta,ckan_diputados:175,EDU.BASICA,EDU,0,0.85,agente:texto,2026-07-22T20:58:43Z
acta,ckan_diputados:175,SALUD.SISTEMA,SALUD,1,0.85,agente:texto,2026-07-22T20:58:43Z
acta,ckan_diputados:176,JUST.CIVCOM,JUST,1,0.95,agente:texto,2026-07-22T20:55:04Z
acta,ckan_diputados:176,TRAB.LABOR,TRAB,0,0.95,agente:texto,2026-07-22T20:55:04Z
acta,ckan_diputados:177,DESREG.MODEST,DESREG,0,0.85,agente:texto,2026-07-22T21:03:47Z
acta,ckan_diputados:177,JUST.JUDIC,JUST,1,0.85,agente:texto,2026-07-22T21:03:47Z
acta,ckan_diputados:177,JUST.SEGINT,JUST,0,0.85,agente:texto,2026-07-22T21:03:47Z
acta,ckan_diputados:177,POLINST.ORGEST,POLINST,0,0.85,agente:texto,2026-07-22T21:03:47Z
acta,ckan_diputados:178,DERSOC.DDHH,DERSOC,0,0.95,agente:texto,2026-07-22T20:48:17Z
acta,ckan_diputados:178,EDU.BASICA,EDU,1,0.95,agente:texto,2026-07-22T20:48:17Z
acta,ckan_diputados:179,CYT.CIENCIA,CYT,0,0.95,agente:texto,2026-07-22T20:31:58Z
acta,ckan_diputados:179,POLINST.ORGEST,POLINST,0,0.95,agente:texto,2026-07-22T20:31:58Z
acta,ckan_diputados:179,PROD.AGRO,PROD,1,0.95,agente:texto,2026-07-22T20:31:58Z
acta,ckan_diputados:18,AUX.HOMENAJE,AUX,1,0.95,agente:texto,2026-07-22T20:38:42Z
acta,ckan_diputados:180,DERSOC.DDHH,DERSOC,0,0.9,agente:texto,2026-07-22T21:08:25Z
acta,ckan_diputados:180,JUST.CIVCOM,JUST,1,0.9,agente:texto,2026-07-22T21:08:25Z
acta,ckan_diputados:181,JUST.CIVCOM,JUST,1,0.85,agente:texto,2026-07-22T21:08:18Z
acta,ckan_diputados:181,POLINST.ORGEST,POLINST,0,0.85,agente:texto,2026-07-22T21:08:18Z
acta,ckan_diputados:182,JUST.CIVCOM,JUST,1,0.85,agente:texto,2026-07-22T21:08:45Z
acta,ckan_diputados:182,POLINST.ORGEST,POLINST,0,0.85,agente:texto,2026-07-22T21:08:45Z
acta,ckan_diputados:183,DERSOC.DDHH,DERSOC,0,0.85,agente:texto,2026-07-22T21:08:49Z
acta,ckan_diputados:183,JUST.CIVCOM,JUST,1,0.85,agente:texto,2026-07-22T21:08:49Z
acta,ckan_diputados:184,JUST.CIVCOM,JUST,1,0.85,agente:texto,2026-07-22T21:08:42Z
acta,ckan_diputados:184,POLINST.ORGEST,POLINST,0,0.85,agente:texto,2026-07-22T21:08:42Z
acta,ckan_diputados:1840,AUX.TRAMITE,AUX,1,0.95,agente:texto,2026-07-22T20:39:42Z
acta,ckan_diputados:1842,AUX.TRAMITE,AUX,1,0.95,agente:texto,2026-07-22T20:50:41Z
acta,ckan_diputados:1843,ECON.DEUDA,ECON,1,0.95,agente:texto,2026-07-22T21:06:49Z
acta,ckan_diputados:1843,JUST.CIVCOM,JUST,0,0.95,agente:texto,2026-07-22T21:06:49Z
acta,ckan_diputados:1844,AUX.HOMENAJE,AUX,1,0.95,agente:texto,2026-07-22T20:47:12Z
acta,ckan_diputados:1846,DEF.TRATADO,DEF,1,0.95,agente:texto,2026-07-22T20:46:21Z
acta,ckan_diputados:1846,DERSOC.DDHH,DERSOC,0,0.95,agente:texto,2026-07-22T20:46:21Z
acta,ckan_diputados:1846,TRAB.LABOR,TRAB,0,0.95,agente:texto,2026-07-22T20:46:21Z
acta,ckan_diputados:1847,DERSOC.DDHH,DERSOC,0,0.95,agente:texto,2026-07-22T20:59:23Z
acta,ckan_diputados:1847,POLINST.ETICA,POLINST,1,0.95,agente:texto,2026-07-22T20:59:23Z
acta,ckan_diputados:1848,ECON.TRIB,ECON,1,0.95,agente:texto,2026-07-22T20:54:51Z
acta,ckan_diputados:1848,PROD.COMEX,PROD,0,0.95,agente:texto,2026-07-22T20:54:51Z
acta,ckan_diputados:1849,ECON.EMERG,ECON,1,0.85,agente:texto,2026-07-22T20:54:29Z
acta,ckan_diputados:1849,TRAB.EMPLEOPUB,TRAB,0,0.85,agente:texto,2026-07-22T20:54:29Z
acta,ckan_diputados:185,DERSOC.DDHH,DERSOC,0,0.85,agente:texto,2026-07-22T21:08:38Z
acta,ckan_diputados:185,JUST.CIVCOM,JUST,1,0.85,agente:texto,2026-07-22T21:08:38Z
acta,ckan_diputados:185,POLINST.ETICA,POLINST,0,0.85,agente:texto,2026-07-22T21:08:38Z
acta,ckan_diputados:186,DERSOC.DDHH,DERSOC,0,0.85,agente:texto,2026-07-22T21:08:34Z
acta,ckan_diputados:186,JUST.CIVCOM,JUST,1,0.85,agente:texto,2026-07-22T21:08:34Z
acta,ckan_diputados:187,DERSOC.DDHH,DERSOC,0,0.85,agente:texto,2026-07-22T21:08:12Z
acta,ckan_diputados:187,JUST.CIVCOM,JUST,1,0.85,agente:texto,2026-07-22T21:08:12Z
acta,ckan_diputados:187,POLINST.ORGEST,POLINST,0,0.85,agente:texto,2026-07-22T21:08:12Z
acta,ckan_diputados:188,JUST.CIVCOM,JUST,1,0.85,agente:texto,2026-07-22T21:08:22Z
acta,ckan_diputados:188,POLINST.ORGEST,POLINST,0,0.85,agente:texto,2026-07-22T21:08:22Z
acta,ckan_diputados:189,JUST.CIVCOM,JUST,1,0.85,agente:texto,2026-07-22T21:08:15Z
acta,ckan_diputados:189,POLINST.ORGEST,POLINST,0,0.85,agente:texto,2026-07-22T21:08:15Z
acta,ckan_diputados:19,AUX.TRAMITE,AUX,1,0.95,agente:texto,2026-07-22T20:49:51Z
acta,ckan_diputados:190,JUST.CIVCOM,JUST,1,0.85,agente:texto,2026-07-22T21:08:28Z
acta,ckan_diputados:190,POLINST.ETICA,POLINST,0,0.85,agente:texto,2026-07-22T21:08:28Z
acta,ckan_diputados:191,ECON.TRIB,ECON,1,0.95,agente:texto,2026-07-22T20:30:47Z
acta,ckan_diputados:191,PROD.COMEX,PROD,0,0.95,agente:texto,2026-07-22T20:30:47Z
acta,ckan_diputados:192,SALUD.MEDIC,SALUD,1,0.95,agente:texto,2026-07-22T20:48:11Z
acta,ckan_diputados:192,SALUD.SISTEMA,SALUD,0,0.95,agente:texto,2026-07-22T20:48:11Z
acta,ckan_diputados:193,JUST.CIVCOM,JUST,1,0.95,agente:texto,2026-07-22T21:01:48Z
acta,ckan_diputados:193,POLINST.CONST,POLINST,0,0.95,agente:texto,2026-07-22T21:01:48Z
acta,ckan_diputados:194,AUX.HOMENAJE,AUX,0,0.85,agente:texto,2026-07-22T20:58:38Z
acta,ckan_diputados:194,CULT.CULTURA,CULT,1,0.85,agente:texto,2026-07-22T20:58:38Z
acta,ckan_diputados:195,DEF.EXTERIOR,DEF,0,0.95,agente:texto,2026-07-22T20:29:09Z
acta,ckan_diputados:195,ENER.HIDRO,ENER,1,0.95,agente:texto,2026-07-22T20:29:09Z
acta,ckan_diputados:195,JUST.PENAL,JUST,0,0.95,agente:texto,2026-07-22T20:29:09Z
acta,ckan_diputados:196,AUX.HOMENAJE,AUX,1,0.95,agente:texto,2026-07-22T20:42:21Z
acta,ckan_diputados:197,CULT.CULTURA,CULT,0,0.95,agente:texto,2026-07-22T20:29:41Z
acta,ckan_diputados:197,DERSOC.DDHH,DERSOC,1,0.95,agente:texto,2026-07-22T20:29:41Z
acta,ckan_diputados:198,ECON.PRESU,ECON,1,0.95,agente:texto,2026-07-22T20:46:52Z
acta,ckan_diputados:198,PROD.AGRO,PROD,0,0.95,agente:texto,2026-07-22T20:46:52Z
acta,ckan_diputados:199,TRAB.LABOR,TRAB,1,0.95,agente:texto,2026-07-22T20:37:05Z
acta,ckan_diputados:2,ECON.PRESU,ECON,1,0.95,agente:texto,2026-07-22T21:01:01Z
acta,ckan_diputados:20,DESREG.MODEST,DESREG,0,0.75,agente:texto,2026-07-22T21:05:28Z
acta,ckan_diputados:20,JUST.SEGINT,JUST,1,0.75,agente:texto,2026-07-22T21:05:28Z
acta,ckan_diputados:20,POLINST.ORGEST,POLINST,0,0.75,agente:texto,2026-07-22T21:05:28Z
acta,ckan_diputados:200,JUST.CIVCOM,JUST,1,0.95,agente:texto,2026-07-22T20:46:34Z
acta,ckan_diputados:201,AUX.HOMENAJE,AUX,1,1.0,agente:texto,2026-07-22T20:36:00Z
acta,ckan_diputados:202,ECON.PRESU,ECON,1,0.95,agente:texto,2026-07-22T20:58:20Z
acta,ckan_diputados:203,ECON.PRESU,ECON,1,0.95,agente:texto,2026-07-22T20:58:23Z
acta,ckan_diputados:2031,AUX.HOMENAJE,AUX,1,0.95,agente:texto,2026-07-22T21:02:29Z
acta,ckan_diputados:204,ECON.PRESU,ECON,0,0.95,agente:texto,2026-07-22T20:27:59Z
acta,ckan_diputados:204,ECON.TRIB,ECON,1,0.95,agente:texto,2026-07-22T20:27:59Z
acta,ckan_diputados:205,ECON.EMERG,ECON,0,0.95,agente:texto,2026-07-22T20:28:09Z
acta,ckan_diputados:205,ECON.PRESU,ECON,0,0.95,agente:texto,2026-07-22T20:28:09Z
acta,ckan_diputados:205,ECON.TRIB,ECON,1,0.95,agente:texto,2026-07-22T20:28:09Z
acta,ckan_diputados:206,ECON.PRESU,ECON,0,0.95,agente:texto,2026-07-22T20:27:56Z
acta,ckan_diputados:206,ECON.TRIB,ECON,1,0.95,agente:texto,2026-07-22T20:27:56Z
acta,ckan_diputados:207,ECON.PRESU,ECON,0,0.95,agente:texto,2026-07-22T20:28:12Z
acta,ckan_diputados:207,ECON.TRIB,ECON,1,0.95,agente:texto,2026-07-22T20:28:12Z
acta,ckan_diputados:208,ECON.PRESU,ECON,0,0.95,agente:texto,2026-07-22T20:28:02Z
acta,ckan_diputados:208,ECON.TRIB,ECON,1,0.95,agente:texto,2026-07-22T20:28:02Z
acta,ckan_diputados:209,ECON.PRESU,ECON,0,0.95,agente:texto,2026-07-22T20:28:15Z
acta,ckan_diputados:209,ECON.TRIB,ECON,1,0.95,agente:texto,2026-07-22T20:28:15Z
acta,ckan_diputados:21,DESREG.DESECO,DESREG,1,0.75,agente:texto,2026-07-22T20:47:24Z
acta,ckan_diputados:21,JUST.CIVCOM,JUST,0,0.75,agente:texto,2026-07-22T20:47:24Z
acta,ckan_diputados:210,ECON.EMERG,ECON,0,0.95,agente:texto,2026-07-22T20:28:05Z
acta,ckan_diputados:210,ECON.PRESU,ECON,0,0.95,agente:texto,2026-07-22T20:28:05Z
acta,ckan_diputados:210,ECON.TRIB,ECON,1,0.95,agente:texto,2026-07-22T20:28:05Z
acta,ckan_diputados:211,ECON.EMERG,ECON,1,0.75,agente:texto,2026-07-22T20:51:26Z
acta,ckan_diputados:212,AUX.TRAMITE,AUX,1,0.95,agente:texto,2026-07-22T20:51:10Z
acta,ckan_diputados:213,DERSOC.ORIGIN,DERSOC,1,0.95,agente:texto,2026-07-22T20:31:18Z
acta,ckan_diputados:213,ECON.PRESU,ECON,0,0.95,agente:texto,2026-07-22T20:31:18Z
acta,ckan_diputados:213,JUST.PROPIED,JUST,0,0.95,agente:texto,2026-07-22T20:31:18Z
acta,ckan_diputados:214,JUST.SEGINT,JUST,1,0.85,agente:texto,2026-07-22T20:29:31Z
acta,ckan_diputados:214,POLINST.ORGEST,POLINST,0,0.85,agente:texto,2026-07-22T20:29:31Z
acta,ckan_diputados:215,ECON.DEUDA,ECON,1,0.95,agente:texto,2026-07-22T20:26:46Z
acta,ckan_diputados:215,ECON.PRESU,ECON,0,0.95,agente:texto,2026-07-22T20:26:46Z
acta,ckan_diputados:2155,DESSOC.PNC,DESSOC,0,0.95,agente:texto,2026-07-22T20:58:10Z
acta,ckan_diputados:2155,ECON.TRIB,ECON,0,0.95,agente:texto,2026-07-22T20:58:10Z
acta,ckan_diputados:2155,TRAB.PREV,TRAB,1,0.95,agente:texto,2026-07-22T20:58:10Z
acta,ckan_diputados:2156,DESSOC.PNC,DESSOC,0,0.9,agente:texto,2026-07-22T20:58:13Z
acta,ckan_diputados:2156,ECON.TRIB,ECON,0,0.9,agente:texto,2026-07-22T20:58:13Z
acta,ckan_diputados:2156,TRAB.PREV,TRAB,1,0.9,agente:texto,2026-07-22T20:58:13Z
acta,ckan_diputados:2157,DESSOC.PNC,DESSOC,0,0.9,agente:texto,2026-07-22T20:57:51Z
acta,ckan_diputados:2157,ECON.TRIB,ECON,0,0.9,agente:texto,2026-07-22T20:57:51Z
acta,ckan_diputados:2157,TRAB.PREV,TRAB,1,0.9,agente:texto,2026-07-22T20:57:51Z
acta,ckan_diputados:2158,DERSOC.DDHH,DERSOC,0,0.95,agente:texto,2026-07-22T20:57:48Z
acta,ckan_diputados:2158,ECON.TRIB,ECON,0,0.95,agente:texto,2026-07-22T20:57:48Z
acta,ckan_diputados:2158,TRAB.PREV,TRAB,1,0.95,agente:texto,2026-07-22T20:57:48Z
acta,ckan_diputados:2159,DERSOC.DDHH,DERSOC,0,0.95,agente:texto,2026-07-22T20:57:57Z
acta,ckan_diputados:2159,DESSOC.PNC,DESSOC,0,0.95,agente:texto,2026-07-22T20:57:57Z
acta,ckan_diputados:2159,ECON.TRIB,ECON,0,0.95,agente:texto,2026-07-22T20:57:57Z
acta,ckan_diputados:2159,TRAB.PREV,TRAB,1,0.95,agente:texto,2026-07-22T20:57:57Z
acta,ckan_diputados:216,CYT.CIBER,CYT,0,0.95,agente:texto,2026-07-22T20:43:05Z
acta,ckan_diputados:216,DERSOC.NINEZ,DERSOC,0,0.95,agente:texto,2026-07-22T20:43:05Z
acta,ckan_diputados:216,JUST.PENAL,JUST,1,0.95,agente:texto,2026-07-22T20:43:05Z
acta,ckan_diputados:2160,DESSOC.PNC,DESSOC,0,0.9,agente:texto,2026-07-22T20:57:54Z
acta,ckan_diputados:2160,ECON.TRIB,ECON,0,0.9,agente:texto,2026-07-22T20:57:54Z
acta,ckan_diputados:2160,TRAB.PREV,TRAB,1,0.9,agente:texto,2026-07-22T20:57:54Z
acta,ckan_diputados:2161,DERSOC.DDHH,DERSOC,0,0.95,agente:texto,2026-07-22T20:57:45Z
acta,ckan_diputados:2161,ECON.TRIB,ECON,0,0.95,agente:texto,2026-07-22T20:57:45Z
acta,ckan_diputados:2161,TRAB.PREV,TRAB,1,0.95,agente:texto,2026-07-22T20:57:45Z
acta,ckan_diputados:2162,DESSOC.PNC,DESSOC,0,0.95,agente:texto,2026-07-22T20:58:00Z
acta,ckan_diputados:2162,ECON.TRIB,ECON,0,0.95,agente:texto,2026-07-22T20:58:00Z
acta,ckan_diputados:2162,TRAB.PREV,TRAB,1,0.95,agente:texto,2026-07-22T20:58:00Z
acta,ckan_diputados:2163,DESSOC.PNC,DESSOC,0,0.95,agente:texto,2026-07-22T20:57:27Z
acta,ckan_diputados:2163,ECON.TRIB,ECON,0,0.95,agente:texto,2026-07-22T20:57:27Z
acta,ckan_diputados:2163,TRAB.PREV,TRAB,1,0.95,agente:texto,2026-07-22T20:57:27Z
acta,ckan_diputados:2164,DESSOC.PNC,DESSOC,0,0.95,agente:texto,2026-07-22T20:57:33Z
acta,ckan_diputados:2164,ECON.TRIB,ECON,0,0.95,agente:texto,2026-07-22T20:57:33Z
acta,ckan_diputados:2164,TRAB.PREV,TRAB,1,0.95,agente:texto,2026-07-22T20:57:33Z
acta,ckan_diputados:2165,DERSOC.DDHH,DERSOC,0,0.95,agente:texto,2026-07-22T20:58:16Z
acta,ckan_diputados:2165,ECON.TRIB,ECON,0,0.95,agente:texto,2026-07-22T20:58:16Z
acta,ckan_diputados:2165,TRAB.PREV,TRAB,1,0.95,agente:texto,2026-07-22T20:58:16Z
acta,ckan_diputados:2166,DERSOC.DDHH,DERSOC,0,0.95,agente:texto,2026-07-22T20:57:05Z
acta,ckan_diputados:2166,DESSOC.PNC,DESSOC,0,0.95,agente:texto,2026-07-22T20:57:05Z
acta,ckan_diputados:2166,ECON.TRIB,ECON,0,0.95,agente:texto,2026-07-22T20:57:05Z
acta,ckan_diputados:2166,TRAB.PREV,TRAB,1,0.95,agente:texto,2026-07-22T20:57:05Z
acta,ckan_diputados:2167,DERSOC.DDHH,DERSOC,0,0.95,agente:texto,2026-07-22T20:57:08Z
acta,ckan_diputados:2167,ECON.TRIB,ECON,0,0.95,agente:texto,2026-07-22T20:57:08Z
acta,ckan_diputados:2167,TRAB.PREV,TRAB,1,0.95,agente:texto,2026-07-22T20:57:08Z
acta,ckan_diputados:2168,DESSOC.PNC,DESSOC,0,0.95,agente:texto,2026-07-22T20:57:20Z
acta,ckan_diputados:2168,ECON.TRIB,ECON,0,0.95,agente:texto,2026-07-22T20:57:20Z
acta,ckan_diputados:2168,TRAB.PREV,TRAB,1,0.95,agente:texto,2026-07-22T20:57:20Z
acta,ckan_diputados:2169,DERSOC.DDHH,DERSOC,0,0.95,agente:texto,2026-07-22T20:56:52Z
acta,ckan_diputados:2169,ECON.TRIB,ECON,0,0.95,agente:texto,2026-07-22T20:56:52Z
acta,ckan_diputados:2169,TRAB.PREV,TRAB,1,0.95,agente:texto,2026-07-22T20:56:52Z
acta,ckan_diputados:217,DEF.TRATADO,DEF,1,0.95,agente:texto,2026-07-22T20:32:30Z
acta,ckan_diputados:217,EDU.BASICA,EDU,0,0.95,agente:texto,2026-07-22T20:32:30Z
acta,ckan_diputados:2170,DESSOC.PNC,DESSOC,0,0.95,agente:texto,2026-07-22T20:56:49Z
acta,ckan_diputados:2170,ECON.TRIB,ECON,0,0.95,agente:texto,2026-07-22T20:56:49Z
acta,ckan_diputados:2170,TRAB.PREV,TRAB,1,0.95,agente:texto,2026-07-22T20:56:49Z
acta,ckan_diputados:2171,DESSOC.PNC,DESSOC,0,0.95,agente:texto,2026-07-22T20:57:02Z
acta,ckan_diputados:2171,ECON.TRIB,ECON,0,0.95,agente:texto,2026-07-22T20:57:02Z
acta,ckan_diputados:2171,TRAB.PREV,TRAB,1,0.95,agente:texto,2026-07-22T20:57:02Z
acta,ckan_diputados:2172,DERSOC.DDHH,DERSOC,0,0.95,agente:texto,2026-07-22T20:57:30Z
acta,ckan_diputados:2172,ECON.TRIB,ECON,0,0.95,agente:texto,2026-07-22T20:57:30Z
acta,ckan_diputados:2172,TRAB.PREV,TRAB,1,0.95,agente:texto,2026-07-22T20:57:30Z
acta,ckan_diputados:2173,DESSOC.PNC,DESSOC,0,0.95,agente:texto,2026-07-22T20:56:59Z
acta,ckan_diputados:2173,ECON.TRIB,ECON,0,0.95,agente:texto,2026-07-22T20:56:59Z
acta,ckan_diputados:2173,TRAB.PREV,TRAB,1,0.95,agente:texto,2026-07-22T20:56:59Z
acta,ckan_diputados:2174,DERSOC.DDHH,DERSOC,0,0.95,agente:texto,2026-07-22T20:56:55Z
acta,ckan_diputados:2174,ECON.TRIB,ECON,0,0.95,agente:texto,2026-07-22T20:56:55Z
acta,ckan_diputados:2174,TRAB.PREV,TRAB,1,0.95,agente:texto,2026-07-22T20:56:55Z
acta,ckan_diputados:2175,DERSOC.DDHH,DERSOC,0,0.95,agente:texto,2026-07-22T20:56:06Z
acta,ckan_diputados:2175,ECON.TRIB,ECON,0,0.95,agente:texto,2026-07-22T20:56:06Z
acta,ckan_diputados:2175,TRAB.PREV,TRAB,1,0.95,agente:texto,2026-07-22T20:56:06Z
acta,ckan_diputados:2176,DESSOC.PNC,DESSOC,0,0.95,agente:texto,2026-07-22T20:56:12Z
acta,ckan_diputados:2176,ECON.TRIB,ECON,0,0.95,agente:texto,2026-07-22T20:56:12Z
acta,ckan_diputados:2176,TRAB.PREV,TRAB,1,0.95,agente:texto,2026-07-22T20:56:12Z
acta,ckan_diputados:2177,DERSOC.DDHH,DERSOC,0,0.95,agente:texto,2026-07-22T20:56:09Z
acta,ckan_diputados:2177,ECON.TRIB,ECON,0,0.95,agente:texto,2026-07-22T20:56:09Z
acta,ckan_diputados:2177,TRAB.PREV,TRAB,1,0.95,agente:texto,2026-07-22T20:56:09Z
acta,ckan_diputados:2178,DERSOC.DDHH,DERSOC,0,0.95,agente:texto,2026-07-22T20:56:27Z
acta,ckan_diputados:2178,ECON.TRIB,ECON,0,0.95,agente:texto,2026-07-22T20:56:27Z
acta,ckan_diputados:2178,TRAB.PREV,TRAB,1,0.95,agente:texto,2026-07-22T20:56:27Z
acta,ckan_diputados:2179,DESSOC.PNC,DESSOC,0,0.95,agente:texto,2026-07-22T20:57:42Z
acta,ckan_diputados:2179,ECON.TRIB,ECON,0,0.95,agente:texto,2026-07-22T20:57:42Z
acta,ckan_diputados:2179,TRAB.PREV,TRAB,1,0.95,agente:texto,2026-07-22T20:57:42Z
acta,ckan_diputados:218,ECON.COPART,ECON,0,0.95,agente:texto,2026-07-22T20:52:45Z
acta,ckan_diputados:218,PROD.AGRO,PROD,1,0.95,agente:texto,2026-07-22T20:52:45Z
acta,ckan_diputados:2180,DERSOC.DDHH,DERSOC,0,0.95,agente:texto,2026-07-22T20:57:36Z
acta,ckan_diputados:2180,ECON.TRIB,ECON,0,0.95,agente:texto,2026-07-22T20:57:36Z
acta,ckan_diputados:2180,TRAB.PREV,TRAB,1,0.95,agente:texto,2026-07-22T20:57:36Z
acta,ckan_diputados:2181,DERSOC.DDHH,DERSOC,0,0.95,agente:texto,2026-07-22T20:57:39Z
acta,ckan_diputados:2181,ECON.TRIB,ECON,0,0.95,agente:texto,2026-07-22T20:57:39Z
acta,ckan_diputados:2181,TRAB.PREV,TRAB,1,0.95,agente:texto,2026-07-22T20:57:39Z
acta,ckan_diputados:2182,DESSOC.PNC,DESSOC,0,0.95,agente:texto,2026-07-22T20:55:56Z
acta,ckan_diputados:2182,ECON.TRIB,ECON,0,0.95,agente:texto,2026-07-22T20:55:56Z
acta,ckan_diputados:2182,TRAB.PREV,TRAB,1,0.95,agente:texto,2026-07-22T20:55:56Z
acta,ckan_diputados:2183,DERSOC.DDHH,DERSOC,0,0.95,agente:texto,2026-07-22T20:55:54Z
acta,ckan_diputados:2183,ECON.TRIB,ECON,0,0.95,agente:texto,2026-07-22T20:55:54Z
acta,ckan_diputados:2183,TRAB.PREV,TRAB,1,0.95,agente:texto,2026-07-22T20:55:54Z
acta,ckan_diputados:2184,DESSOC.PNC,DESSOC,0,0.95,agente:texto,2026-07-22T20:57:17Z
acta,ckan_diputados:2184,ECON.TRIB,ECON,0,0.95,agente:texto,2026-07-22T20:57:17Z
acta,ckan_diputados:2184,TRAB.PREV,TRAB,1,0.95,agente:texto,2026-07-22T20:57:17Z
acta,ckan_diputados:2185,DESSOC.PNC,DESSOC,0,0.9,agente:texto,2026-07-22T20:57:14Z
acta,ckan_diputados:2185,ECON.TRIB,ECON,0,0.9,agente:texto,2026-07-22T20:57:14Z
acta,ckan_diputados:2185,TRAB.PREV,TRAB,1,0.9,agente:texto,2026-07-22T20:57:14Z
acta,ckan_diputados:2186,DERSOC.DDHH,DERSOC,0,0.95,agente:texto,2026-07-22T20:57:23Z
acta,ckan_diputados:2186,ECON.TRIB,ECON,0,0.95,agente:texto,2026-07-22T20:57:23Z
acta,ckan_diputados:2186,TRAB.PREV,TRAB,1,0.95,agente:texto,2026-07-22T20:57:23Z
acta,ckan_diputados:2187,DESSOC.PNC,DESSOC,0,0.95,agente:texto,2026-07-22T20:56:20Z
acta,ckan_diputados:2187,ECON.TRIB,ECON,0,0.95,agente:texto,2026-07-22T20:56:20Z
acta,ckan_diputados:2187,TRAB.PREV,TRAB,1,0.95,agente:texto,2026-07-22T20:56:20Z
acta,ckan_diputados:2188,DESSOC.PNC,DESSOC,0,0.95,agente:texto,2026-07-22T20:56:24Z
acta,ckan_diputados:2188,ECON.TRIB,ECON,0,0.95,agente:texto,2026-07-22T20:56:24Z
acta,ckan_diputados:2188,TRAB.PREV,TRAB,1,0.95,agente:texto,2026-07-22T20:56:24Z
acta,ckan_diputados:2189,DERSOC.DDHH,DERSOC,0,0.95,agente:texto,2026-07-22T20:58:03Z
acta,ckan_diputados:2189,ECON.TRIB,ECON,0,0.95,agente:texto,2026-07-22T20:58:03Z
acta,ckan_diputados:2189,TRAB.PREV,TRAB,1,0.95,agente:texto,2026-07-22T20:58:03Z
acta,ckan_diputados:219,AUX.HOMENAJE,AUX,0,0.95,agente:texto,2026-07-22T20:44:03Z
acta,ckan_diputados:219,CULT.CULTURA,CULT,1,0.95,agente:texto,2026-07-22T20:44:03Z
acta,ckan_diputados:2190,DERSOC.DDHH,DERSOC,0,0.95,agente:texto,2026-07-22T20:56:37Z
acta,ckan_diputados:2190,ECON.TRIB,ECON,0,0.95,agente:texto,2026-07-22T20:56:37Z
acta,ckan_diputados:2190,TRAB.PREV,TRAB,1,0.95,agente:texto,2026-07-22T20:56:37Z
acta,ckan_diputados:2191,DESSOC.PNC,DESSOC,0,0.9,agente:texto,2026-07-22T20:56:40Z
acta,ckan_diputados:2191,ECON.TRIB,ECON,0,0.9,agente:texto,2026-07-22T20:56:40Z
acta,ckan_diputados:2191,TRAB.PREV,TRAB,1,0.9,agente:texto,2026-07-22T20:56:40Z
acta,ckan_diputados:2192,DERSOC.DDHH,DERSOC,0,0.92,agente:texto,2026-07-22T20:56:43Z
acta,ckan_diputados:2192,ECON.TRIB,ECON,0,0.92,agente:texto,2026-07-22T20:56:43Z
acta,ckan_diputados:2192,TRAB.PREV,TRAB,1,0.92,agente:texto,2026-07-22T20:56:43Z
acta,ckan_diputados:2193,DESSOC.PNC,DESSOC,0,0.95,agente:texto,2026-07-22T20:56:46Z
acta,ckan_diputados:2193,ECON.TRIB,ECON,0,0.95,agente:texto,2026-07-22T20:56:46Z
acta,ckan_diputados:2193,TRAB.PREV,TRAB,1,0.95,agente:texto,2026-07-22T20:56:46Z
acta,ckan_diputados:2194,DERSOC.DDHH,DERSOC,0,0.95,agente:texto,2026-07-22T20:58:06Z
acta,ckan_diputados:2194,DESSOC.PNC,DESSOC,0,0.95,agente:texto,2026-07-22T20:58:06Z
acta,ckan_diputados:2194,ECON.TRIB,ECON,0,0.95,agente:texto,2026-07-22T20:58:06Z
acta,ckan_diputados:2194,TRAB.PREV,TRAB,1,0.95,agente:texto,2026-07-22T20:58:06Z
acta,ckan_diputados:2195,JUST.PENAL,JUST,1,0.95,agente:texto,2026-07-22T20:28:54Z
acta,ckan_diputados:2195,POLINST.ETICA,POLINST,0,0.95,agente:texto,2026-07-22T20:28:54Z
acta,ckan_diputados:2196,JUST.PENAL,JUST,1,0.95,agente:texto,2026-07-22T20:45:42Z
acta,ckan_diputados:2197,DEF.EXTERIOR,DEF,0,0.85,agente:texto,2026-07-22T21:07:07Z
acta,ckan_diputados:2197,DERSOC.DDHH,DERSOC,0,0.85,agente:texto,2026-07-22T21:07:07Z
acta,ckan_diputados:2197,JUST.NARCO,JUST,0,0.85,agente:texto,2026-07-22T21:07:07Z
acta,ckan_diputados:2197,JUST.PENAL,JUST,1,0.85,agente:texto,2026-07-22T21:07:07Z
acta,ckan_diputados:2198,AUX.TRAMITE,AUX,0,0.95,agente:texto,2026-07-22T20:31:45Z
acta,ckan_diputados:2198,ECON.PRESU,ECON,0,0.95,agente:texto,2026-07-22T20:31:45Z
acta,ckan_diputados:2198,INFRA.VIVIENDA,INFRA,1,0.95,agente:texto,2026-07-22T20:31:45Z
acta,ckan_diputados:2199,ENER.TARIFA,ENER,1,0.95,agente:texto,2026-07-22T20:41:26Z
acta,ckan_diputados:2199,INFRA.TRANSP,INFRA,0,0.95,agente:texto,2026-07-22T20:41:26Z
acta,ckan_diputados:22,AUX.HOMENAJE,AUX,0,0.85,agente:texto,2026-07-22T20:51:17Z
acta,ckan_diputados:22,CULT.MEDIOS,CULT,0,0.85,agente:texto,2026-07-22T20:51:17Z
acta,ckan_diputados:22,DERSOC.GENERO,DERSOC,1,0.85,agente:texto,2026-07-22T20:51:17Z
acta,ckan_diputados:220,DESREG.DESECO,DESREG,0,0.95,agente:texto,2026-07-22T21:05:31Z
acta,ckan_diputados:220,PROD.AGRO,PROD,1,0.95,agente:texto,2026-07-22T21:05:31Z
acta,ckan_diputados:220,PROD.REGESP,PROD,0,0.95,agente:texto,2026-07-22T21:05:31Z
acta,ckan_diputados:2200,DEF.TRATADO,DEF,1,0.95,agente:texto,2026-07-22T20:32:12Z
acta,ckan_diputados:2200,ECON.TRIB,ECON,0,0.95,agente:texto,2026-07-22T20:32:12Z
acta,ckan_diputados:2201,AMB.AGUA,AMB,1,0.6,agente:texto,2026-07-22T20:50:28Z
acta,ckan_diputados:2201,AUX.HOMENAJE,AUX,0,0.6,agente:texto,2026-07-22T20:50:28Z
acta,ckan_diputados:2202,DESREG.DESECO,DESREG,0,0.85,agente:texto,2026-07-22T21:00:39Z
acta,ckan_diputados:2202,ECON.TRIB,ECON,0,0.85,agente:texto,2026-07-22T21:00:39Z
acta,ckan_diputados:2202,PROD.COMEX,PROD,0,0.85,agente:texto,2026-07-22T21:00:39Z
acta,ckan_diputados:2202,PROD.INDPYME,PROD,1,0.85,agente:texto,2026-07-22T21:00:39Z
acta,ckan_diputados:2203,DESREG.DESECO,DESREG,0,0.95,agente:texto,2026-07-22T20:42:48Z
acta,ckan_diputados:2203,PROD.INDPYME,PROD,0,0.95,agente:texto,2026-07-22T20:42:48Z
acta,ckan_diputados:2203,PROD.INVER,PROD,1,0.95,agente:texto,2026-07-22T20:42:48Z
acta,ckan_diputados:2204,DESREG.DESECO,DESREG,0,0.95,agente:texto,2026-07-22T20:45:39Z
acta,ckan_diputados:2204,PROD.INDPYME,PROD,0,0.95,agente:texto,2026-07-22T20:45:39Z
acta,ckan_diputados:2204,PROD.INVER,PROD,1,0.95,agente:texto,2026-07-22T20:45:39Z
acta,ckan_diputados:2205,AMB.MINER,AMB,0,0.7,agente:texto,2026-07-22T20:41:56Z
acta,ckan_diputados:2205,DESREG.DESECO,DESREG,0,0.7,agente:texto,2026-07-22T20:41:56Z
acta,ckan_diputados:2205,PROD.AGRO,PROD,1,0.7,agente:texto,2026-07-22T20:41:56Z
acta,ckan_diputados:2205,SALUD.SISTEMA,SALUD,0,0.7,agente:texto,2026-07-22T20:41:56Z
acta,ckan_diputados:221,AUX.HOMENAJE,AUX,0,0.85,agente:texto,2026-07-22T20:31:24Z
acta,ckan_diputados:221,DERSOC.DDHH,DERSOC,0,0.85,agente:texto,2026-07-22T20:31:24Z
acta,ckan_diputados:221,DERSOC.GENERO,DERSOC,1,0.85,agente:texto,2026-07-22T20:31:24Z
acta,ckan_diputados:222,JUST.JUDIC,JUST,1,0.95,agente:texto,2026-07-22T20:53:56Z
acta,ckan_diputados:223,CULT.DEPORTE,CULT,1,0.95,agente:texto,2026-07-22T20:46:03Z
acta,ckan_diputados:223,JUST.PENAL,JUST,0,0.95,agente:texto,2026-07-22T20:46:03Z
acta,ckan_diputados:224,DERSOC.DDHH,DERSOC,0,0.95,agente:texto,2026-07-22T20:31:42Z
acta,ckan_diputados:224,JUST.JUDIC,JUST,0,0.95,agente:texto,2026-07-22T20:31:42Z
acta,ckan_diputados:224,JUST.PENAL,JUST,1,0.95,agente:texto,2026-07-22T20:31:42Z
acta,ckan_diputados:225,AUX.TRAMITE,AUX,0,0.9,agente:texto,2026-07-22T20:36:52Z
acta,ckan_diputados:225,ECON.COPART,ECON,0,0.9,agente:texto,2026-07-22T20:36:52Z
acta,ckan_diputados:225,ECON.TRIB,ECON,0,0.9,agente:texto,2026-07-22T20:36:52Z
acta,ckan_diputados:225,PROD.AGRO,PROD,1,0.9,agente:texto,2026-07-22T20:36:52Z
acta,ckan_diputados:225,PROD.COMEX,PROD,0,0.9,agente:texto,2026-07-22T20:36:52Z
acta,ckan_diputados:226,DESREG.DESECO,DESREG,0,0.7,agente:texto,2026-07-22T21:05:49Z
acta,ckan_diputados:226,PROD.INDPYME,PROD,1,0.7,agente:texto,2026-07-22T21:05:49Z
acta,ckan_diputados:226,SALUD.SISTEMA,SALUD,0,0.7,agente:texto,2026-07-22T21:05:49Z
acta,ckan_diputados:227,AUX.HOMENAJE,AUX,1,0.95,agente:texto,2026-07-22T20:39:33Z
acta,ckan_diputados:228,DERSOC.NINEZ,DERSOC,1,0.85,agente:texto,2026-07-22T20:30:59Z
acta,ckan_diputados:228,JUST.CIVCOM,JUST,0,0.85,agente:texto,2026-07-22T20:30:59Z
acta,ckan_diputados:228,POLINST.ORGEST,POLINST,0,0.85,agente:texto,2026-07-22T20:30:59Z
acta,ckan_diputados:229,TRAB.LABOR,TRAB,1,0.95,agente:texto,2026-07-22T20:51:35Z
acta,ckan_diputados:23,DEF.TRATADO,DEF,1,0.95,agente:texto,2026-07-22T20:39:24Z
acta,ckan_diputados:23,INFRA.TRANSP,INFRA,0,0.95,agente:texto,2026-07-22T20:39:24Z
acta,ckan_diputados:230,AUX.SINCLASIF,AUX,1,0.99,manual,2026-09-07T19:08:32Z
acta,ckan_diputados:230,AUX.TRAMITE,AUX,1,0.95,agente:texto,2026-07-22T20:47:07Z
acta,ckan_diputados:231,DERSOC.DDHH,DERSOC,0,0.85,agente:texto,2026-07-22T20:44:30Z
acta,ckan_diputados:231,DERSOC.GENERO,DERSOC,0,0.85,agente:texto,2026-07-22T20:44:30Z
acta,ckan_diputados:231,DERSOC.NINEZ,DERSOC,0,0.85,agente:texto,2026-07-22T20:44:30Z
acta,ckan_diputados:231,SALUD.SISTEMA,SALUD,1,0.85,agente:texto,2026-07-22T20:44:30Z
acta,ckan_diputados:232,DERSOC.DDHH,DERSOC,0,0.85,agente:texto,2026-07-22T20:36:13Z
acta,ckan_diputados:232,EDU.BASICA,EDU,1,0.85,agente:texto,2026-07-22T20:36:13Z
acta,ckan_diputados:232,EDU.SUPERIOR,EDU,0,0.85,agente:texto,2026-07-22T20:36:13Z
acta,ckan_diputados:233,AUX.HOMENAJE,AUX,1,1.0,agente:texto,2026-07-22T20:39:27Z
acta,ckan_diputados:234,DEF.TRATADO,DEF,1,0.95,agente:texto,2026-07-22T20:34:05Z
acta,ckan_diputados:234,ECON.DEUDA,ECON,0,0.95,agente:texto,2026-07-22T20:34:05Z
acta,ckan_diputados:235,CULT.CULTURA,CULT,1,0.95,agente:texto,2026-07-22T21:02:45Z
acta,ckan_diputados:235,DESREG.EMPUB,DESREG,0,0.95,agente:texto,2026-07-22T21:02:45Z
acta,ckan_diputados:236,ECON.PRESU,ECON,0,0.95,agente:texto,2026-07-22T20:49:07Z
acta,ckan_diputados:236,EDU.SUPERIOR,EDU,1,0.95,agente:texto,2026-07-22T20:49:07Z
acta,ckan_diputados:237,AUX.HOMENAJE,AUX,1,0.95,agente:texto,2026-07-22T21:02:00Z
acta,ckan_diputados:238,AUX.HOMENAJE,AUX,1,0.95,agente:texto,2026-07-22T20:33:53Z
acta,ckan_diputados:239,ECON.DEUDA,ECON,1,0.85,agente:texto,2026-07-22T20:29:15Z
acta,ckan_diputados:239,ECON.MON,ECON,0,0.85,agente:texto,2026-07-22T20:29:15Z
acta,ckan_diputados:239,ECON.PRESU,ECON,0,0.85,agente:texto,2026-07-22T20:29:15Z
acta,ckan_diputados:239,PROD.INVER,PROD,0,0.85,agente:texto,2026-07-22T20:29:15Z
acta,ckan_diputados:24,JUST.CIVCOM,JUST,0,0.95,agente:texto,2026-07-22T20:48:02Z
acta,ckan_diputados:24,TRAB.LABOR,TRAB,1,0.95,agente:texto,2026-07-22T20:48:02Z
acta,ckan_diputados:240,JUST.JUDIC,JUST,1,0.95,agente:texto,2026-07-22T20:46:06Z
acta,ckan_diputados:240,POLINST.ETICA,POLINST,0,0.95,agente:texto,2026-07-22T20:46:06Z
acta,ckan_diputados:240,TRAB.EMPLEOPUB,TRAB,0,0.95,agente:texto,2026-07-22T20:46:06Z
acta,ckan_diputados:241,ECON.TRIB,ECON,1,0.95,agente:texto,2026-07-22T20:53:14Z
acta,ckan_diputados:2412,AMB.CLIMA,AMB,0,0.95,agente:texto,2026-07-22T20:55:17Z
acta,ckan_diputados:2412,DEF.TRATADO,DEF,1,0.95,agente:texto,2026-07-22T20:55:17Z
acta,ckan_diputados:2413,ECON.PRESU,ECON,0,0.95,agente:texto,2026-07-22T21:02:54Z
acta,ckan_diputados:2413,INFRA.VIVIENDA,INFRA,1,0.95,agente:texto,2026-07-22T21:02:54Z
acta,ckan_diputados:242,ECON.TRIB,ECON,1,0.95,agente:texto,2026-07-22T20:52:50Z
acta,ckan_diputados:244,ECON.TRIB,ECON,1,0.95,agente:texto,2026-07-22T20:52:59Z
acta,ckan_diputados:245,ECON.TRIB,ECON,1,0.95,agente:texto,2026-07-22T20:52:48Z
acta,ckan_diputados:246,ECON.TRIB,ECON,1,0.95,agente:texto,2026-07-22T20:53:02Z
acta,ckan_diputados:247,JUST.JUDIC,JUST,1,0.95,agente:texto,2026-07-22T21:10:42Z
acta,ckan_diputados:248,JUST.JUDIC,JUST,1,0.95,agente:texto,2026-07-22T21:10:50Z
acta,ckan_diputados:249,JUST.JUDIC,JUST,1,0.95,agente:texto,2026-07-22T21:10:40Z
acta,ckan_diputados:25,JUST.JUDIC,JUST,1,0.95,agente:texto,2026-07-22T20:35:18Z
acta,ckan_diputados:250,JUST.JUDIC,JUST,1,0.95,agente:texto,2026-07-22T21:10:53Z
acta,ckan_diputados:251,JUST.JUDIC,JUST,1,0.95,agente:texto,2026-07-22T21:10:14Z
acta,ckan_diputados:252,JUST.JUDIC,JUST,1,0.95,agente:texto,2026-07-22T21:10:31Z
acta,ckan_diputados:253,JUST.JUDIC,JUST,1,0.95,agente:texto,2026-07-22T21:10:46Z
acta,ckan_diputados:254,JUST.JUDIC,JUST,1,0.95,agente:texto,2026-07-22T21:10:11Z
acta,ckan_diputados:255,JUST.JUDIC,JUST,1,0.95,agente:texto,2026-07-22T21:09:43Z
acta,ckan_diputados:256,JUST.JUDIC,JUST,1,0.95,agente:texto,2026-07-22T21:10:24Z
acta,ckan_diputados:257,JUST.JUDIC,JUST,1,0.95,agente:texto,2026-07-22T21:10:27Z
acta,ckan_diputados:258,JUST.JUDIC,JUST,1,0.95,agente:texto,2026-07-22T21:10:16Z
acta,ckan_diputados:259,JUST.JUDIC,JUST,1,0.95,agente:texto,2026-07-22T21:10:09Z
acta,ckan_diputados:26,DESSOC.ASIST,DESSOC,0,0.85,agente:texto,2026-07-22T20:44:06Z
acta,ckan_diputados:26,ECON.PRESU,ECON,0,0.85,agente:texto,2026-07-22T20:44:06Z
acta,ckan_diputados:26,TRAB.PREV,TRAB,1,0.85,agente:texto,2026-07-22T20:44:06Z
acta,ckan_diputados:260,JUST.JUDIC,JUST,1,0.95,agente:texto,2026-07-22T21:10:19Z
acta,ckan_diputados:261,JUST.JUDIC,JUST,1,0.95,agente:texto,2026-07-22T21:09:45Z
acta,ckan_diputados:262,JUST.JUDIC,JUST,1,0.95,agente:texto,2026-07-22T21:10:22Z
acta,ckan_diputados:263,JUST.JUDIC,JUST,1,0.95,agente:texto,2026-07-22T21:10:06Z
acta,ckan_diputados:264,JUST.JUDIC,JUST,1,0.95,agente:texto,2026-07-22T21:10:04Z
acta,ckan_diputados:265,JUST.JUDIC,JUST,1,0.95,agente:texto,2026-07-22T21:09:53Z
acta,ckan_diputados:266,JUST.JUDIC,JUST,1,0.95,agente:texto,2026-07-22T21:09:51Z
acta,ckan_diputados:267,JUST.JUDIC,JUST,1,0.95,agente:texto,2026-07-22T21:10:37Z
acta,ckan_diputados:268,JUST.JUDIC,JUST,1,0.95,agente:texto,2026-07-22T21:09:48Z
acta,ckan_diputados:269,JUST.JUDIC,JUST,1,0.95,agente:texto,2026-07-22T21:09:56Z
acta,ckan_diputados:27,DESREG.DESECO,DESREG,0,0.95,agente:texto,2026-07-22T20:48:05Z
acta,ckan_diputados:27,INFRA.TRANSP,INFRA,1,0.95,agente:texto,2026-07-22T20:48:05Z
acta,ckan_diputados:270,JUST.JUDIC,JUST,1,0.95,agente:texto,2026-07-22T21:09:58Z
acta,ckan_diputados:271,JUST.JUDIC,JUST,1,0.95,agente:texto,2026-07-22T21:10:34Z
acta,ckan_diputados:272,JUST.JUDIC,JUST,1,0.95,agente:texto,2026-07-22T21:10:01Z
acta,ckan_diputados:273,ECON.TRIB,ECON,1,0.95,agente:texto,2026-07-22T20:52:53Z
acta,ckan_diputados:274,ECON.TRIB,ECON,1,0.95,agente:texto,2026-07-22T20:52:56Z
acta,ckan_diputados:2741,DERSOC.DDHH,DERSOC,0,0.95,agente:texto,2026-07-22T20:59:20Z
acta,ckan_diputados:2741,POLINST.ETICA,POLINST,1,0.95,agente:texto,2026-07-22T20:59:20Z
acta,ckan_diputados:2742,DERSOC.DDHH,DERSOC,0,0.95,agente:texto,2026-07-22T20:33:26Z
acta,ckan_diputados:2742,POLINST.ELECT,POLINST,1,0.95,agente:texto,2026-07-22T20:33:26Z
acta,ckan_diputados:2743,DEF.DEFENSA,DEF,1,0.95,agente:texto,2026-07-22T20:40:51Z
acta,ckan_diputados:2743,DEF.EXTERIOR,DEF,0,0.95,agente:texto,2026-07-22T20:40:51Z
acta,ckan_diputados:2743,DEF.TRATADO,DEF,0,0.95,agente:texto,2026-07-22T20:40:51Z
acta,ckan_diputados:2744,AMB.AGUA,AMB,0,0.9,agente:texto,2026-07-22T20:53:12Z
acta,ckan_diputados:2744,AMB.RESID,AMB,1,0.9,agente:texto,2026-07-22T20:53:12Z
acta,ckan_diputados:2744,PROD.AGRO,PROD,0,0.9,agente:texto,2026-07-22T20:53:12Z
acta,ckan_diputados:2745,DEF.DEFENSA,DEF,1,0.95,agente:texto,2026-07-22T20:31:49Z
acta,ckan_diputados:2745,DEF.TRATADO,DEF,0,0.95,agente:texto,2026-07-22T20:31:49Z
acta,ckan_diputados:2747,JUST.NARCO,JUST,1,0.95,agente:texto,2026-07-22T20:47:33Z
acta,ckan_diputados:2747,JUST.PENAL,JUST,0,0.95,agente:texto,2026-07-22T20:47:33Z
acta,ckan_diputados:2748,JUST.NARCO,JUST,1,0.95,agente:texto,2026-07-22T20:47:46Z
acta,ckan_diputados:2748,JUST.PENAL,JUST,0,0.95,agente:texto,2026-07-22T20:47:46Z
acta,ckan_diputados:2749,DESREG.MODEST,DESREG,0,0.85,agente:texto,2026-07-22T20:46:50Z
acta,ckan_diputados:2749,JUST.NARCO,JUST,1,0.85,agente:texto,2026-07-22T20:46:50Z
acta,ckan_diputados:2749,POLINST.ORGEST,POLINST,0,0.85,agente:texto,2026-07-22T20:46:50Z
acta,ckan_diputados:275,JUST.JUDIC,JUST,1,0.95,agente:texto,2026-07-22T20:36:24Z
acta,ckan_diputados:2750,DESREG.MODEST,DESREG,0,0.85,agente:texto,2026-07-22T21:05:34Z
acta,ckan_diputados:2750,POLINST.ORGEST,POLINST,1,0.85,agente:texto,2026-07-22T21:05:34Z
acta,ckan_diputados:2751,DEF.DEFENSA,DEF,1,0.95,agente:texto,2026-07-22T20:28:30Z
acta,ckan_diputados:2751,DEF.EXTERIOR,DEF,0,0.95,agente:texto,2026-07-22T20:28:30Z
acta,ckan_diputados:2751,DEF.TRATADO,DEF,0,0.95,agente:texto,2026-07-22T20:28:30Z
acta,ckan_diputados:276,JUST.CIVCOM,JUST,0,0.85,agente:texto,2026-07-22T20:51:22Z
acta,ckan_diputados:276,JUST.JUDIC,JUST,1,0.85,agente:texto,2026-07-22T20:51:22Z
acta,ckan_diputados:276,POLINST.ORGEST,POLINST,0,0.85,agente:texto,2026-07-22T20:51:22Z
acta,ckan_diputados:277,JUST.JUDIC,JUST,1,0.95,agente:texto,2026-07-22T20:46:11Z
acta,ckan_diputados:277,POLINST.ETICA,POLINST,0,0.95,agente:texto,2026-07-22T20:46:11Z
acta,ckan_diputados:278,DESREG.MODEST,DESREG,0,0.95,agente:texto,2026-07-22T20:50:10Z
acta,ckan_diputados:278,POLINST.ETICA,POLINST,1,0.95,agente:texto,2026-07-22T20:50:10Z
acta,ckan_diputados:279,JUST.JUDIC,JUST,1,0.95,agente:texto,2026-07-22T20:32:15Z
acta,ckan_diputados:279,POLINST.ETICA,POLINST,0,0.95,agente:texto,2026-07-22T20:32:15Z
acta,ckan_diputados:28,DERSOC.DDHH,DERSOC,1,0.9,agente:texto,2026-07-22T20:30:31Z
acta,ckan_diputados:28,JUST.CIVCOM,JUST,0,0.9,agente:texto,2026-07-22T20:30:31Z
acta,ckan_diputados:280,DEF.TRATADO,DEF,1,0.95,agente:texto,2026-07-22T20:36:48Z
acta,ckan_diputados:280,ECON.DEUDA,ECON,0,0.95,agente:texto,2026-07-22T20:36:48Z
acta,ckan_diputados:280,ECON.MON,ECON,0,0.95,agente:texto,2026-07-22T20:36:48Z
acta,ckan_diputados:282,DESREG.SOCIED,DESREG,0,0.95,agente:texto,2026-07-22T20:40:18Z
acta,ckan_diputados:282,TRAB.LABOR,TRAB,1,0.95,agente:texto,2026-07-22T20:40:18Z
acta,ckan_diputados:283,AUX.HOMENAJE,AUX,0,0.95,agente:texto,2026-07-22T20:52:29Z
acta,ckan_diputados:283,DEF.EXTERIOR,DEF,1,0.95,agente:texto,2026-07-22T20:52:29Z
acta,ckan_diputados:284,DERSOC.DDHH,DERSOC,0,0.85,agente:texto,2026-07-22T20:59:29Z
acta,ckan_diputados:284,EDU.BASICA,EDU,0,0.85,agente:texto,2026-07-22T20:59:29Z
acta,ckan_diputados:284,SALUD.SISTEMA,SALUD,1,0.85,agente:texto,2026-07-22T20:59:29Z
acta,ckan_diputados:285,AUX.HOMENAJE,AUX,1,0.95,agente:texto,2026-07-22T20:50:16Z
acta,ckan_diputados:288,DEF.TRATADO,DEF,0,0.95,agente:texto,2026-07-22T20:28:48Z
acta,ckan_diputados:288,ECON.DEUDA,ECON,1,0.95,agente:texto,2026-07-22T20:28:48Z
acta,ckan_diputados:288,JUST.JUDIC,JUST,0,0.95,agente:texto,2026-07-22T20:28:48Z
acta,ckan_diputados:289,AUX.HOMENAJE,AUX,1,1.0,agente:texto,2026-07-22T20:45:20Z
acta,ckan_diputados:29,ECON.PRESU,ECON,1,0.95,agente:texto,2026-07-22T20:49:56Z
acta,ckan_diputados:290,DESSOC.ASIST,DESSOC,0,0.95,agente:texto,2026-07-22T20:32:46Z
acta,ckan_diputados:290,JUST.PENAL,JUST,1,0.95,agente:texto,2026-07-22T20:32:46Z
acta,ckan_diputados:290,TRAB.LABOR,TRAB,0,0.95,agente:texto,2026-07-22T20:32:46Z
acta,ckan_diputados:291,AUX.HOMENAJE,AUX,0,0.7,agente:texto,2026-07-22T20:33:59Z
acta,ckan_diputados:291,CULT.MEDIOS,CULT,0,0.7,agente:texto,2026-07-22T20:33:59Z
acta,ckan_diputados:291,JUST.PENAL,JUST,1,0.7,agente:texto,2026-07-22T20:33:59Z
acta,ckan_diputados:292,CULT.MEDIOS,CULT,1,0.95,agente:texto,2026-07-22T20:29:21Z
acta,ckan_diputados:292,POLINST.ETICA,POLINST,0,0.95,agente:texto,2026-07-22T20:29:21Z
acta,ckan_diputados:293,AUX.HOMENAJE,AUX,1,0.95,agente:texto,2026-07-22T20:38:26Z
acta,ckan_diputados:294,JUST.CIVCOM,JUST,0,0.95,agente:texto,2026-07-22T20:44:52Z
acta,ckan_diputados:294,TRAB.LABOR,TRAB,1,0.95,agente:texto,2026-07-22T20:44:52Z
acta,ckan_diputados:295,AUX.HOMENAJE,AUX,1,0.95,agente:texto,2026-07-22T20:33:48Z
acta,ckan_diputados:296,DERSOC.DDHH,DERSOC,1,0.9,agente:texto,2026-07-22T20:54:04Z
acta,ckan_diputados:296,JUST.JUDIC,JUST,0,0.9,agente:texto,2026-07-22T20:54:04Z
acta,ckan_diputados:296,JUST.PENAL,JUST,0,0.9,agente:texto,2026-07-22T20:54:04Z
acta,ckan_diputados:297,DESREG.EMPUB,DESREG,1,0.85,agente:texto,2026-07-22T20:34:43Z
acta,ckan_diputados:297,JUST.PROPIED,JUST,0,0.85,agente:texto,2026-07-22T20:34:43Z
acta,ckan_diputados:297,SALUD.SISTEMA,SALUD,0,0.85,agente:texto,2026-07-22T20:34:43Z
acta,ckan_diputados:298,AUX.TRAMITE,AUX,0,0.95,agente:texto,2026-07-22T20:26:53Z
acta,ckan_diputados:298,ECON.PRESU,ECON,1,0.95,agente:texto,2026-07-22T20:26:53Z
acta,ckan_diputados:299,SALUD.SISTEMA,SALUD,1,0.85,agente:texto,2026-07-22T20:45:03Z
acta,ckan_diputados:3,ECON.EMERG,ECON,0,0.95,agente:texto,2026-07-22T20:26:49Z
acta,ckan_diputados:3,ECON.TRIB,ECON,1,0.95,agente:texto,2026-07-22T20:26:49Z
acta,ckan_diputados:30,JUST.JUDIC,JUST,1,0.95,agente:texto,2026-07-22T20:58:40Z
acta,ckan_diputados:300,DESREG.DESECO,DESREG,0,0.85,agente:texto,2026-07-22T20:31:03Z
acta,ckan_diputados:300,ECON.TRIB,ECON,0,0.85,agente:texto,2026-07-22T20:31:03Z
acta,ckan_diputados:300,JUST.CIVCOM,JUST,1,0.85,agente:texto,2026-07-22T20:31:03Z
acta,ckan_diputados:300,PROD.INVER,PROD,0,0.85,agente:texto,2026-07-22T20:31:03Z
acta,ckan_diputados:301,ECON.EMERG,ECON,0,0.95,agente:texto,2026-07-22T20:39:56Z
acta,ckan_diputados:301,ECON.TRIB,ECON,1,0.95,agente:texto,2026-07-22T20:39:56Z
acta,ckan_diputados:302,DEF.TRATADO,DEF,1,0.95,agente:texto,2026-07-22T20:33:29Z
acta,ckan_diputados:302,JUST.CIVCOM,JUST,0,0.95,agente:texto,2026-07-22T20:33:29Z
acta,ckan_diputados:302,PROD.COMEX,PROD,0,0.95,agente:texto,2026-07-22T20:33:29Z
acta,ckan_diputados:303,AUX.HOMENAJE,AUX,1,1.0,agente:texto,2026-07-22T20:47:27Z
acta,ckan_diputados:3035,DERSOC.DDHH,DERSOC,0,0.95,agente:texto,2026-07-22T20:52:36Z
acta,ckan_diputados:3035,JUST.PENAL,JUST,1,0.95,agente:texto,2026-07-22T20:52:36Z
acta,ckan_diputados:3035,POLINST.ETICA,POLINST,0,0.95,agente:texto,2026-07-22T20:52:36Z
acta,ckan_diputados:3036,SALUD.MEDIC,SALUD,1,0.9,agente:texto,2026-07-22T20:33:08Z
acta,ckan_diputados:3036,SALUD.SISTEMA,SALUD,0,0.9,agente:texto,2026-07-22T20:33:08Z
acta,ckan_diputados:3037,DERSOC.DDHH,DERSOC,0,0.85,agente:texto,2026-07-22T20:47:58Z
acta,ckan_diputados:3037,EDU.BASICA,EDU,1,0.85,agente:texto,2026-07-22T20:47:58Z
acta,ckan_diputados:3037,SALUD.SISTEMA,SALUD,0,0.85,agente:texto,2026-07-22T20:47:58Z
acta,ckan_diputados:3038,POLINST.CONST,POLINST,1,0.6,agente:texto,2026-07-22T21:13:59Z
acta,ckan_diputados:3039,AUX.SINCLASIF,AUX,0,0.4,agente:texto,2026-07-22T21:13:55Z
acta,ckan_diputados:3039,POLINST.CONST,POLINST,1,0.4,agente:texto,2026-07-22T21:13:55Z
acta,ckan_diputados:304,AUX.HOMENAJE,AUX,1,0.95,agente:texto,2026-07-22T20:52:23Z
acta,ckan_diputados:3040,POLINST.CONST,POLINST,1,0.6,agente:texto,2026-07-22T21:13:52Z
acta,ckan_diputados:3041,POLINST.CONST,POLINST,1,0.6,agente:texto,2026-07-22T21:13:48Z
acta,ckan_diputados:3042,POLINST.CONST,POLINST,1,0.6,agente:texto,2026-07-22T21:13:45Z
acta,ckan_diputados:3043,POLINST.CONST,POLINST,1,0.6,agente:texto,2026-07-22T21:13:41Z
acta,ckan_diputados:3044,AUX.SINCLASIF,AUX,0,0.35,agente:texto,2026-07-22T21:14:05Z
acta,ckan_diputados:3044,POLINST.CONST,POLINST,1,0.35,agente:texto,2026-07-22T21:14:05Z
acta,ckan_diputados:3044,POLINST.ELECT,POLINST,0,0.35,agente:texto,2026-07-22T21:14:05Z
acta,ckan_diputados:3045,AUX.SINCLASIF,AUX,0,0.6,agente:texto,2026-07-22T21:14:02Z
acta,ckan_diputados:3045,POLINST.CONST,POLINST,1,0.6,agente:texto,2026-07-22T21:14:02Z
acta,ckan_diputados:3045,POLINST.ELECT,POLINST,0,0.6,agente:texto,2026-07-22T21:14:02Z
acta,ckan_diputados:3046,AUX.SINCLASIF,AUX,0,0.5,agente:texto,2026-07-22T21:13:10Z
acta,ckan_diputados:3046,POLINST.CONST,POLINST,1,0.5,agente:texto,2026-07-22T21:13:10Z
acta,ckan_diputados:3047,POLINST.CONST,POLINST,1,0.6,agente:texto,2026-07-22T21:13:07Z
acta,ckan_diputados:3048,POLINST.CONST,POLINST,1,0.5,agente:texto,2026-07-22T21:13:04Z
acta,ckan_diputados:3049,POLINST.CONST,POLINST,1,0.4,agente:texto,2026-07-22T21:13:01Z
acta,ckan_diputados:305,DEF.TRATADO,DEF,1,0.95,agente:texto,2026-07-22T20:32:10Z
acta,ckan_diputados:305,PROD.COMEX,PROD,0,0.95,agente:texto,2026-07-22T20:32:10Z
acta,ckan_diputados:3050,AUX.SINCLASIF,AUX,0,0.4,agente:texto,2026-07-22T21:12:57Z
acta,ckan_diputados:3050,POLINST.CONST,POLINST,1,0.4,agente:texto,2026-07-22T21:12:57Z
acta,ckan_diputados:3051,POLINST.CONST,POLINST,1,0.6,agente:texto,2026-07-22T21:12:53Z
acta,ckan_diputados:3052,POLINST.CONST,POLINST,1,0.6,agente:texto,2026-07-22T21:12:47Z
acta,ckan_diputados:3053,AUX.SINCLASIF,AUX,0,0.4,agente:texto,2026-07-22T21:12:43Z
acta,ckan_diputados:3053,POLINST.CONST,POLINST,1,0.4,agente:texto,2026-07-22T21:12:43Z
acta,ckan_diputados:3054,AUX.SINCLASIF,AUX,0,0.6,agente:texto,2026-07-22T21:13:38Z
acta,ckan_diputados:3054,POLINST.CONST,POLINST,1,0.6,agente:texto,2026-07-22T21:13:38Z
acta,ckan_diputados:3055,AUX.SINCLASIF,AUX,0,0.5,agente:texto,2026-07-22T21:12:36Z
acta,ckan_diputados:3055,POLINST.CONST,POLINST,1,0.5,agente:texto,2026-07-22T21:12:36Z
acta,ckan_diputados:3056,POLINST.CONST,POLINST,1,0.6,agente:texto,2026-07-22T21:12:33Z
acta,ckan_diputados:3057,POLINST.CONST,POLINST,1,0.4,agente:texto,2026-07-22T21:12:29Z
acta,ckan_diputados:3058,AUX.SINCLASIF,AUX,0,0.6,agente:texto,2026-07-22T21:12:40Z
acta,ckan_diputados:3058,POLINST.CONST,POLINST,1,0.6,agente:texto,2026-07-22T21:12:40Z
acta,ckan_diputados:3059,AUX.SINCLASIF,AUX,0,0.4,agente:texto,2026-07-22T21:12:22Z
acta,ckan_diputados:3059,POLINST.CONST,POLINST,1,0.4,agente:texto,2026-07-22T21:12:22Z
acta,ckan_diputados:306,DERSOC.NINEZ,DERSOC,0,0.95,agente:texto,2026-07-22T20:37:38Z
acta,ckan_diputados:306,JUST.PENAL,JUST,1,0.95,agente:texto,2026-07-22T20:37:38Z
acta,ckan_diputados:306,TRAB.LABOR,TRAB,0,0.95,agente:texto,2026-07-22T20:37:38Z
acta,ckan_diputados:3060,POLINST.CONST,POLINST,1,0.7,agente:texto,2026-07-22T21:12:26Z
acta,ckan_diputados:3061,AUX.SINCLASIF,AUX,0,0.4,agente:texto,2026-07-22T21:12:18Z
acta,ckan_diputados:3061,POLINST.CONST,POLINST,1,0.4,agente:texto,2026-07-22T21:12:18Z
acta,ckan_diputados:3062,POLINST.CONST,POLINST,1,0.6,agente:texto,2026-07-22T21:11:27Z
acta,ckan_diputados:3063,POLINST.CONST,POLINST,1,0.6,agente:texto,2026-07-22T21:11:24Z
acta,ckan_diputados:3064,POLINST.CONST,POLINST,1,0.6,agente:texto,2026-07-22T21:11:21Z
acta,ckan_diputados:3065,POLINST.CONST,POLINST,1,0.4,agente:texto,2026-07-22T21:12:15Z
acta,ckan_diputados:3066,POLINST.CONST,POLINST,1,0.6,agente:texto,2026-07-22T21:13:17Z
acta,ckan_diputados:3067,POLINST.CONST,POLINST,1,0.7,agente:texto,2026-07-22T21:13:25Z
acta,ckan_diputados:3068,POLINST.CONST,POLINST,1,0.6,agente:texto,2026-07-22T21:13:21Z
acta,ckan_diputados:3069,POLINST.CONST,POLINST,1,0.6,agente:texto,2026-07-22T21:13:13Z
acta,ckan_diputados:307,JUST.CIVCOM,JUST,0,0.95,agente:texto,2026-07-22T20:32:28Z
acta,ckan_diputados:307,TRAB.LABOR,TRAB,1,0.95,agente:texto,2026-07-22T20:32:28Z
acta,ckan_diputados:307,TRAB.SINDIC,TRAB,0,0.95,agente:texto,2026-07-22T20:32:28Z
acta,ckan_diputados:3070,POLINST.CONST,POLINST,1,0.6,agente:texto,2026-07-22T21:13:31Z
acta,ckan_diputados:3071,AUX.SINCLASIF,AUX,0,0.4,agente:texto,2026-07-22T21:13:29Z
acta,ckan_diputados:3071,POLINST.CONST,POLINST,1,0.4,agente:texto,2026-07-22T21:13:29Z
acta,ckan_diputados:3072,AUX.SINCLASIF,AUX,0,0.4,agente:texto,2026-07-22T21:13:35Z
acta,ckan_diputados:3072,POLINST.CONST,POLINST,1,0.4,agente:texto,2026-07-22T21:13:35Z
acta,ckan_diputados:3073,POLINST.CONST,POLINST,1,0.6,agente:texto,2026-07-22T21:11:45Z
acta,ckan_diputados:3074,AUX.SINCLASIF,AUX,0,0.45,agente:texto,2026-07-22T21:11:35Z
acta,ckan_diputados:3074,POLINST.CONST,POLINST,1,0.45,agente:texto,2026-07-22T21:11:35Z
acta,ckan_diputados:3075,POLINST.CONST,POLINST,1,0.6,agente:texto,2026-07-22T21:11:31Z
acta,ckan_diputados:3076,POLINST.CONST,POLINST,1,0.6,agente:texto,2026-07-22T21:11:42Z
acta,ckan_diputados:3077,POLINST.CONST,POLINST,1,0.5,agente:texto,2026-07-22T21:11:39Z
acta,ckan_diputados:3078,POLINST.CONST,POLINST,1,0.6,agente:texto,2026-07-22T21:11:18Z
acta,ckan_diputados:3079,POLINST.CONST,POLINST,1,0.45,agente:texto,2026-07-22T21:11:51Z
acta,ckan_diputados:308,ECON.COPART,ECON,0,0.95,agente:texto,2026-07-22T20:56:00Z
acta,ckan_diputados:308,PROD.AGRO,PROD,1,0.95,agente:texto,2026-07-22T20:56:00Z
acta,ckan_diputados:308,PROD.COMEX,PROD,0,0.95,agente:texto,2026-07-22T20:56:00Z
acta,ckan_diputados:3080,AUX.SINCLASIF,AUX,0,0.5,agente:texto,2026-07-22T21:11:55Z
acta,ckan_diputados:3080,POLINST.CONST,POLINST,1,0.5,agente:texto,2026-07-22T21:11:55Z
acta,ckan_diputados:3081,POLINST.CONST,POLINST,1,0.6,agente:texto,2026-07-22T21:11:58Z
acta,ckan_diputados:3082,AUX.SINCLASIF,AUX,0,0.4,agente:texto,2026-07-22T21:12:02Z
acta,ckan_diputados:3082,POLINST.CONST,POLINST,1,0.4,agente:texto,2026-07-22T21:12:02Z
acta,ckan_diputados:3083,AUX.SINCLASIF,AUX,0,0.4,agente:texto,2026-07-22T21:12:05Z
acta,ckan_diputados:3083,POLINST.CONST,POLINST,1,0.4,agente:texto,2026-07-22T21:12:05Z
acta,ckan_diputados:3084,POLINST.CONST,POLINST,1,0.45,agente:texto,2026-07-22T21:12:11Z
acta,ckan_diputados:3085,POLINST.CONST,POLINST,1,0.6,agente:texto,2026-07-22T21:11:48Z
acta,ckan_diputados:3086,DESREG.DESECO,DESREG,1,0.75,agente:texto,2026-07-22T20:58:35Z
acta,ckan_diputados:3086,JUST.CIVCOM,JUST,0,0.75,agente:texto,2026-07-22T20:58:35Z
acta,ckan_diputados:3087,AUX.HOMENAJE,AUX,1,0.95,agente:texto,2026-07-22T20:54:54Z
acta,ckan_diputados:3088,AUX.HOMENAJE,AUX,0,0.95,agente:texto,2026-07-22T20:53:30Z
acta,ckan_diputados:3088,CULT.DEPORTE,CULT,1,0.95,agente:texto,2026-07-22T20:53:30Z
acta,ckan_diputados:3089,JUST.CIVCOM,JUST,0,0.95,agente:texto,2026-07-22T20:49:38Z
acta,ckan_diputados:3089,TRAB.LABOR,TRAB,1,0.95,agente:texto,2026-07-22T20:49:38Z
acta,ckan_diputados:309,DESREG.EMPUB,DESREG,0,0.95,agente:texto,2026-07-22T20:54:11Z
acta,ckan_diputados:309,PROD.AGRO,PROD,1,0.95,agente:texto,2026-07-22T20:54:11Z
acta,ckan_diputados:3090,JUST.CIVCOM,JUST,0,0.85,agente:texto,2026-07-22T20:58:28Z
acta,ckan_diputados:3090,JUST.JUDIC,JUST,1,0.85,agente:texto,2026-07-22T20:58:28Z
acta,ckan_diputados:3091,JUST.JUDIC,JUST,1,0.95,agente:texto,2026-07-22T20:38:32Z
acta,ckan_diputados:3091,JUST.PENAL,JUST,0,0.95,agente:texto,2026-07-22T20:38:32Z
acta,ckan_diputados:3092,JUST.JUDIC,JUST,1,0.95,agente:texto,2026-07-22T20:32:04Z
acta,ckan_diputados:3092,JUST.PENAL,JUST,0,0.95,agente:texto,2026-07-22T20:32:04Z
acta,ckan_diputados:3093,DESREG.MODEST,DESREG,1,0.75,agente:texto,2026-07-22T20:43:12Z
acta,ckan_diputados:3093,ECON.PRESU,ECON,0,0.75,agente:texto,2026-07-22T20:43:12Z
acta,ckan_diputados:3093,INFRA.OBRA,INFRA,0,0.75,agente:texto,2026-07-22T20:43:12Z
acta,ckan_diputados:3095,DESREG.EMPUB,DESREG,0,0.75,agente:texto,2026-07-22T20:43:02Z
acta,ckan_diputados:3095,DESREG.MODEST,DESREG,1,0.75,agente:texto,2026-07-22T20:43:02Z
acta,ckan_diputados:3095,INFRA.OBRA,INFRA,0,0.75,agente:texto,2026-07-22T20:43:02Z
acta,ckan_diputados:3095,POLINST.ORGEST,POLINST,0,0.75,agente:texto,2026-07-22T20:43:02Z
acta,ckan_diputados:3096,DESREG.MODEST,DESREG,1,0.85,agente:texto,2026-07-22T20:43:08Z
acta,ckan_diputados:3096,ECON.PRESU,ECON,0,0.85,agente:texto,2026-07-22T20:43:08Z
acta,ckan_diputados:3096,INFRA.OBRA,INFRA,0,0.85,agente:texto,2026-07-22T20:43:08Z
acta,ckan_diputados:3097,CULT.CULTURA,CULT,1,0.95,agente:texto,2026-07-22T20:42:06Z
acta,ckan_diputados:3097,DESREG.EMPUB,DESREG,0,0.95,agente:texto,2026-07-22T20:42:06Z
acta,ckan_diputados:3097,INFRA.OBRA,INFRA,0,0.95,agente:texto,2026-07-22T20:42:06Z
acta,ckan_diputados:3098,ECON.PRESU,ECON,1,0.95,agente:texto,2026-07-22T20:38:30Z
acta,ckan_diputados:3098,POLINST.ORGEST,POLINST,0,0.95,agente:texto,2026-07-22T20:38:30Z
acta,ckan_diputados:3099,ECON.PRESU,ECON,1,0.99,agente:texto,2026-07-22T21:01:06Z
acta,ckan_diputados:31,JUST.JUDIC,JUST,1,0.95,agente:texto,2026-07-22T20:47:51Z
acta,ckan_diputados:310,AMB.AGUA,AMB,1,0.95,agente:texto,2026-07-22T20:47:01Z
acta,ckan_diputados:310,AMB.BOSQUE,AMB,0,0.95,agente:texto,2026-07-22T20:47:01Z
acta,ckan_diputados:310,DESREG.MODEST,DESREG,0,0.95,agente:texto,2026-07-22T20:47:01Z
acta,ckan_diputados:3100,ECON.PRESU,ECON,1,0.95,agente:texto,2026-07-22T21:01:08Z
acta,ckan_diputados:3101,ECON.PRESU,ECON,1,0.95,agente:texto,2026-07-22T21:00:42Z
acta,ckan_diputados:3102,ECON.PRESU,ECON,1,0.99,agente:texto,2026-07-22T21:01:14Z
acta,ckan_diputados:3103,ECON.PRESU,ECON,1,0.95,agente:texto,2026-07-22T21:01:03Z
acta,ckan_diputados:3104,ECON.PRESU,ECON,1,0.95,agente:texto,2026-07-22T21:01:17Z
acta,ckan_diputados:3105,ECON.PRESU,ECON,1,0.95,agente:texto,2026-07-22T21:00:47Z
acta,ckan_diputados:3106,DERSOC.DDHH,DERSOC,0,0.85,agente:texto,2026-07-22T21:07:48Z
acta,ckan_diputados:3106,JUST.PENAL,JUST,1,0.85,agente:texto,2026-07-22T21:07:48Z
acta,ckan_diputados:3107,DERSOC.NINEZ,DERSOC,0,0.95,agente:texto,2026-07-22T20:55:45Z
acta,ckan_diputados:3107,EDU.BASICA,EDU,1,0.95,agente:texto,2026-07-22T20:55:45Z
acta,ckan_diputados:3108,CYT.INNOV,CYT,0,0.85,agente:texto,2026-07-22T20:44:19Z
acta,ckan_diputados:3108,DESREG.DESECO,DESREG,0,0.85,agente:texto,2026-07-22T20:44:19Z
acta,ckan_diputados:3108,DESREG.SOCIED,DESREG,0,0.85,agente:texto,2026-07-22T20:44:19Z
acta,ckan_diputados:3108,PROD.INVER,PROD,1,0.85,agente:texto,2026-07-22T20:44:19Z
acta,ckan_diputados:3109,CYT.INNOV,CYT,0,0.95,agente:texto,2026-07-22T20:44:09Z
acta,ckan_diputados:3109,DESREG.DESECO,DESREG,0,0.95,agente:texto,2026-07-22T20:44:09Z
acta,ckan_diputados:3109,DESREG.SOCIED,DESREG,0,0.95,agente:texto,2026-07-22T20:44:09Z
acta,ckan_diputados:3109,PROD.COMEX,PROD,0,0.95,agente:texto,2026-07-22T20:44:09Z
acta,ckan_diputados:3109,PROD.INVER,PROD,1,0.95,agente:texto,2026-07-22T20:44:09Z
acta,ckan_diputados:311,AUX.HOMENAJE,AUX,1,0.95,agente:texto,2026-07-22T20:34:48Z
acta,ckan_diputados:3110,JUST.PENAL,JUST,1,0.95,agente:texto,2026-07-22T20:46:29Z
acta,ckan_diputados:3110,JUST.SEGINT,JUST,0,0.95,agente:texto,2026-07-22T20:46:29Z
acta,ckan_diputados:3111,DERSOC.DDHH,DERSOC,0,0.95,agente:texto,2026-07-22T20:40:05Z
acta,ckan_diputados:3111,JUST.PENAL,JUST,1,0.95,agente:texto,2026-07-22T20:40:05Z
acta,ckan_diputados:3112,DERSOC.DDHH,DERSOC,0,0.95,agente:texto,2026-07-22T20:40:02Z
acta,ckan_diputados:3112,JUST.PENAL,JUST,1,0.95,agente:texto,2026-07-22T20:40:02Z
acta,ckan_diputados:3113,ECON.DEUDA,ECON,1,0.85,agente:texto,2026-07-22T20:54:14Z
acta,ckan_diputados:3113,JUST.CIVCOM,JUST,0,0.85,agente:texto,2026-07-22T20:54:14Z
acta,ckan_diputados:3114,ECON.DEUDA,ECON,1,0.85,agente:texto,2026-07-22T20:54:17Z
acta,ckan_diputados:3114,ECON.MON,ECON,0,0.85,agente:texto,2026-07-22T20:54:17Z
acta,ckan_diputados:3114,JUST.CIVCOM,JUST,0,0.85,agente:texto,2026-07-22T20:54:17Z
acta,ckan_diputados:3115,DESREG.DESECO,DESREG,0,0.95,agente:texto,2026-07-22T21:09:05Z
acta,ckan_diputados:3115,JUST.PENAL,JUST,0,0.95,agente:texto,2026-07-22T21:09:05Z
acta,ckan_diputados:3115,SALUD.MEDIC,SALUD,1,0.95,agente:texto,2026-07-22T21:09:05Z
acta,ckan_diputados:3116,DESREG.DESECO,DESREG,0,0.95,agente:texto,2026-07-22T21:08:56Z
acta,ckan_diputados:3116,JUST.PENAL,JUST,0,0.95,agente:texto,2026-07-22T21:08:56Z
acta,ckan_diputados:3116,SALUD.MEDIC,SALUD,1,0.95,agente:texto,2026-07-22T21:08:56Z
acta,ckan_diputados:3117,JUST.CIVCOM,JUST,0,0.95,agente:texto,2026-07-22T21:09:20Z
acta,ckan_diputados:3117,SALUD.MEDIC,SALUD,1,0.95,agente:texto,2026-07-22T21:09:20Z
acta,ckan_diputados:3118,DESREG.DESECO,DESREG,0,0.9,agente:texto,2026-07-22T21:09:24Z
acta,ckan_diputados:3118,JUST.PENAL,JUST,0,0.9,agente:texto,2026-07-22T21:09:24Z
acta,ckan_diputados:3118,SALUD.MEDIC,SALUD,1,0.9,agente:texto,2026-07-22T21:09:24Z
acta,ckan_diputados:3119,DESREG.DESECO,DESREG,0,0.95,agente:texto,2026-07-22T21:09:00Z
acta,ckan_diputados:3119,JUST.PENAL,JUST,0,0.95,agente:texto,2026-07-22T21:09:00Z
acta,ckan_diputados:3119,SALUD.MEDIC,SALUD,1,0.95,agente:texto,2026-07-22T21:09:00Z
acta,ckan_diputados:312,DESSOC.ASIST,DESSOC,0,0.95,agente:texto,2026-07-22T20:48:14Z
acta,ckan_diputados:312,EDU.BASICA,EDU,1,0.95,agente:texto,2026-07-22T20:48:14Z
acta,ckan_diputados:312,SALUD.SISTEMA,SALUD,0,0.95,agente:texto,2026-07-22T20:48:14Z
acta,ckan_diputados:3120,AUX.SINCLASIF,AUX,1,0.99,manual,2026-09-07T19:08:32Z
acta,ckan_diputados:3120,DESREG.DESECO,DESREG,0,0.9,agente:texto,2026-07-22T21:09:09Z
acta,ckan_diputados:3120,SALUD.MEDIC,SALUD,1,0.9,agente:texto,2026-07-22T21:09:09Z
acta,ckan_diputados:3121,AMB.BOSQUE,AMB,1,0.95,agente:texto,2026-07-22T20:31:06Z
acta,ckan_diputados:3121,JUST.CIVCOM,JUST,0,0.95,agente:texto,2026-07-22T20:31:06Z
acta,ckan_diputados:3121,JUST.PROPIED,JUST,0,0.95,agente:texto,2026-07-22T20:31:06Z
acta,ckan_diputados:3122,JUST.PENAL,JUST,1,0.95,agente:texto,2026-07-22T21:03:49Z
acta,ckan_diputados:3123,JUST.JUDIC,JUST,0,0.95,agente:texto,2026-07-22T20:39:59Z
acta,ckan_diputados:3123,JUST.PENAL,JUST,1,0.95,agente:texto,2026-07-22T20:39:59Z
acta,ckan_diputados:3124,JUST.PENAL,JUST,1,0.95,agente:texto,2026-07-22T21:06:39Z
acta,ckan_diputados:3125,DESREG.MODEST,DESREG,0,0.95,agente:texto,2026-07-22T20:42:34Z
acta,ckan_diputados:3125,JUST.CIVCOM,JUST,1,0.95,agente:texto,2026-07-22T20:42:34Z
acta,ckan_diputados:3125,JUST.PROPIED,JUST,0,0.95,agente:texto,2026-07-22T20:42:34Z
acta,ckan_diputados:3126,ECON.PRESU,ECON,1,0.95,agente:texto,2026-07-22T20:50:54Z
acta,ckan_diputados:3126,POLINST.ORGEST,POLINST,0,0.95,agente:texto,2026-07-22T20:50:54Z
acta,ckan_diputados:3127,ECON.PRESU,ECON,1,0.95,agente:texto,2026-07-22T20:50:56Z
acta,ckan_diputados:3127,POLINST.ORGEST,POLINST,0,0.95,agente:texto,2026-07-22T20:50:56Z
acta,ckan_diputados:3128,POLINST.ORGEST,POLINST,1,0.85,agente:texto,2026-07-22T21:05:01Z
acta,ckan_diputados:3129,POLINST.ELECT,POLINST,1,0.95,agente:texto,2026-07-22T20:55:31Z
acta,ckan_diputados:3130,POLINST.ELECT,POLINST,1,0.95,agente:texto,2026-07-22T20:55:33Z
acta,ckan_diputados:3131,POLINST.ELECT,POLINST,1,0.95,agente:texto,2026-07-22T20:55:36Z
acta,ckan_diputados:3132,POLINST.ELECT,POLINST,1,0.95,agente:texto,2026-07-22T20:55:40Z
acta,ckan_diputados:3133,POLINST.ELECT,POLINST,1,0.95,agente:texto,2026-07-22T20:55:38Z
acta,ckan_diputados:3134,DESREG.DESECO,DESREG,0,0.75,agente:texto,2026-07-22T20:39:01Z
acta,ckan_diputados:3134,ECON.TRIB,ECON,1,0.75,agente:texto,2026-07-22T20:39:01Z
acta,ckan_diputados:3134,PROD.COMEX,PROD,0,0.75,agente:texto,2026-07-22T20:39:01Z
acta,ckan_diputados:3135,AUX.HOMENAJE,AUX,1,0.95,agente:texto,2026-07-22T20:36:40Z
acta,ckan_diputados:3136,DESSOC.ASIST,DESSOC,0,0.95,agente:texto,2026-07-22T21:06:11Z
acta,ckan_diputados:3136,ECON.EMERG,ECON,1,0.95,agente:texto,2026-07-22T21:06:11Z
acta,ckan_diputados:3138,ECON.TRIB,ECON,1,0.95,agente:texto,2026-07-22T20:35:29Z
acta,ckan_diputados:3139,ECON.TRIB,ECON,1,0.95,agente:texto,2026-07-22T20:35:33Z
acta,ckan_diputados:314,JUST.CIVCOM,JUST,0,0.85,agente:texto,2026-07-22T20:59:25Z
acta,ckan_diputados:314,JUST.JUDIC,JUST,1,0.85,agente:texto,2026-07-22T20:59:25Z
acta,ckan_diputados:3140,ECON.TRIB,ECON,1,0.95,agente:texto,2026-07-22T20:35:39Z
acta,ckan_diputados:3143,ECON.TRIB,ECON,1,0.95,agente:texto,2026-07-22T20:35:36Z
acta,ckan_diputados:3144,JUST.PENAL,JUST,1,0.95,agente:texto,2026-07-22T20:49:16Z
acta,ckan_diputados:315,AUX.TRAMITE,AUX,1,0.95,agente:texto,2026-07-22T20:43:33Z
acta,ckan_diputados:316,EDU.BASICA,EDU,1,0.95,agente:texto,2026-07-22T20:46:32Z
acta,ckan_diputados:316,SALUD.SISTEMA,SALUD,0,0.95,agente:texto,2026-07-22T20:46:32Z
acta,ckan_diputados:317,DERSOC.DDHH,DERSOC,1,0.95,agente:texto,2026-07-22T20:40:26Z
acta,ckan_diputados:317,ECON.PRESU,ECON,0,0.95,agente:texto,2026-07-22T20:40:26Z
acta,ckan_diputados:317,JUST.PENAL,JUST,0,0.95,agente:texto,2026-07-22T20:40:26Z
acta,ckan_diputados:318,DERSOC.DDHH,DERSOC,0,0.95,agente:texto,2026-07-22T20:38:24Z
acta,ckan_diputados:318,DERSOC.GENERO,DERSOC,0,0.95,agente:texto,2026-07-22T20:38:24Z
acta,ckan_diputados:318,JUST.PENAL,JUST,1,0.95,agente:texto,2026-07-22T20:38:24Z
acta,ckan_diputados:319,DERSOC.DDHH,DERSOC,0,0.95,agente:texto,2026-07-22T20:42:00Z
acta,ckan_diputados:319,DERSOC.NINEZ,DERSOC,1,0.95,agente:texto,2026-07-22T20:42:00Z
acta,ckan_diputados:319,JUST.PENAL,JUST,0,0.95,agente:texto,2026-07-22T20:42:00Z
acta,ckan_diputados:32,JUST.PENAL,JUST,1,0.95,agente:texto,2026-07-22T20:59:51Z
acta,ckan_diputados:320,DESSOC.ASIST,DESSOC,0,0.95,agente:texto,2026-07-22T20:51:53Z
acta,ckan_diputados:320,SALUD.ADICC,SALUD,1,0.95,agente:texto,2026-07-22T20:51:53Z
acta,ckan_diputados:320,SALUD.SISTEMA,SALUD,0,0.95,agente:texto,2026-07-22T20:51:53Z
acta,ckan_diputados:321,POLINST.ORGEST,POLINST,0,0.95,agente:texto,2026-07-22T20:51:50Z
acta,ckan_diputados:321,SALUD.ADICC,SALUD,1,0.95,agente:texto,2026-07-22T20:51:50Z
acta,ckan_diputados:321,SALUD.SISTEMA,SALUD,0,0.95,agente:texto,2026-07-22T20:51:50Z
acta,ckan_diputados:3211,TRAB.ART,TRAB,1,0.95,agente:texto,2026-07-22T21:06:59Z
acta,ckan_diputados:322,AUX.HOMENAJE,AUX,1,0.95,agente:texto,2026-07-22T20:45:05Z
acta,ckan_diputados:323,DESREG.MODEST,DESREG,0,0.9,agente:texto,2026-07-22T20:43:53Z
acta,ckan_diputados:323,JUST.SEGINT,JUST,1,0.9,agente:texto,2026-07-22T20:43:53Z
acta,ckan_diputados:324,EDU.SUPERIOR,EDU,1,0.95,agente:texto,2026-07-22T20:58:25Z
acta,ckan_diputados:325,DERSOC.DDHH,DERSOC,0,0.95,agente:texto,2026-07-22T20:28:21Z
acta,ckan_diputados:325,POLINST.ELECT,POLINST,1,0.95,agente:texto,2026-07-22T20:28:21Z
acta,ckan_diputados:326,DERSOC.DDHH,DERSOC,0,0.95,agente:texto,2026-07-22T20:28:18Z
acta,ckan_diputados:326,JUST.CIVCOM,JUST,0,0.95,agente:texto,2026-07-22T20:28:18Z
acta,ckan_diputados:326,POLINST.ELECT,POLINST,1,0.95,agente:texto,2026-07-22T20:28:18Z
acta,ckan_diputados:327,DEF.DEFENSA,DEF,1,0.95,agente:texto,2026-07-22T20:30:28Z
acta,ckan_diputados:327,DEF.TRATADO,DEF,0,0.95,agente:texto,2026-07-22T20:30:28Z
acta,ckan_diputados:328,TRAB.ART,TRAB,1,0.95,agente:texto,2026-07-22T20:52:21Z
acta,ckan_diputados:329,AUX.HOMENAJE,AUX,0,0.85,agente:texto,2026-07-22T20:56:02Z
acta,ckan_diputados:329,DERSOC.DDHH,DERSOC,1,0.85,agente:texto,2026-07-22T20:56:02Z
acta,ckan_diputados:33,JUST.JUDIC,JUST,1,0.9,agente:texto,2026-07-22T20:32:49Z
acta,ckan_diputados:33,POLINST.ORGEST,POLINST,0,0.9,agente:texto,2026-07-22T20:32:49Z
acta,ckan_diputados:330,AUX.HOMENAJE,AUX,0,0.7,agente:texto,2026-07-22T20:51:29Z
acta,ckan_diputados:330,PROD.AGRO,PROD,0,0.7,agente:texto,2026-07-22T20:51:29Z
acta,ckan_diputados:330,PROD.INDPYME,PROD,1,0.7,agente:texto,2026-07-22T20:51:29Z
acta,ckan_diputados:3307,DESSOC.ASIST,DESSOC,0,0.95,agente:texto,2026-07-22T21:03:36Z
acta,ckan_diputados:3307,ENER.ELEC,ENER,0,0.95,agente:texto,2026-07-22T21:03:36Z
acta,ckan_diputados:3307,ENER.TARIFA,ENER,1,0.95,agente:texto,2026-07-22T21:03:36Z
acta,ckan_diputados:3307,SALUD.DISCAP,SALUD,0,0.95,agente:texto,2026-07-22T21:03:36Z
acta,ckan_diputados:3309,DERSOC.NINEZ,DERSOC,1,0.95,agente:texto,2026-07-22T20:52:33Z
acta,ckan_diputados:3309,DESSOC.ASIST,DESSOC,0,0.95,agente:texto,2026-07-22T20:52:33Z
acta,ckan_diputados:3309,TRAB.EMPLEOPUB,TRAB,0,0.95,agente:texto,2026-07-22T20:52:33Z
acta,ckan_diputados:331,JUST.JUDIC,JUST,1,0.95,agente:texto,2026-07-22T20:45:11Z
acta,ckan_diputados:3310,ECON.COPART,ECON,0,0.95,agente:texto,2026-07-22T20:43:18Z
acta,ckan_diputados:3310,ECON.EMERG,ECON,1,0.95,agente:texto,2026-07-22T20:43:18Z
acta,ckan_diputados:3310,PROD.AGRO,PROD,0,0.95,agente:texto,2026-07-22T20:43:18Z
acta,ckan_diputados:3311,AMB.AGUA,AMB,0,0.95,agente:texto,2026-07-22T20:33:06Z
acta,ckan_diputados:3311,DESSOC.ASIST,DESSOC,0,0.95,agente:texto,2026-07-22T20:33:06Z
acta,ckan_diputados:3311,ECON.EMERG,ECON,1,0.95,agente:texto,2026-07-22T20:33:06Z
acta,ckan_diputados:3311,INFRA.OBRA,INFRA,0,0.95,agente:texto,2026-07-22T20:33:06Z
acta,ckan_diputados:3311,PROD.AGRO,PROD,0,0.95,agente:texto,2026-07-22T20:33:06Z
acta,ckan_diputados:3311,SALUD.SISTEMA,SALUD,0,0.95,agente:texto,2026-07-22T20:33:06Z
acta,ckan_diputados:3312,AMB.CLIMA,AMB,0,0.95,agente:texto,2026-07-22T20:52:19Z
acta,ckan_diputados:3312,DEF.TRATADO,DEF,1,0.95,agente:texto,2026-07-22T20:52:19Z
acta,ckan_diputados:3313,DEF.TRATADO,DEF,1,0.85,agente:texto,2026-07-22T20:35:00Z
acta,ckan_diputados:3313,ECON.DEUDA,ECON,0,0.85,agente:texto,2026-07-22T20:35:00Z
acta,ckan_diputados:3313,PROD.AGRO,PROD,0,0.85,agente:texto,2026-07-22T20:35:00Z
acta,ckan_diputados:3314,DEF.TRATADO,DEF,1,0.9,agente:texto,2026-07-22T20:34:17Z
acta,ckan_diputados:3314,ECON.DEUDA,ECON,0,0.9,agente:texto,2026-07-22T20:34:17Z
acta,ckan_diputados:3315,DEF.TRATADO,DEF,1,0.95,agente:texto,2026-07-22T20:30:40Z
acta,ckan_diputados:3315,JUST.CIVCOM,JUST,0,0.95,agente:texto,2026-07-22T20:30:40Z
acta,ckan_diputados:3316,DEF.TRATADO,DEF,1,0.95,agente:texto,2026-07-22T20:29:34Z
acta,ckan_diputados:3316,EDU.SUPERIOR,EDU,0,0.95,agente:texto,2026-07-22T20:29:34Z
acta,ckan_diputados:3317,AUX.HOMENAJE,AUX,1,0.95,agente:texto,2026-07-22T20:38:55Z
acta,ckan_diputados:3318,DEF.TRATADO,DEF,0,0.7,agente:texto,2026-07-22T20:54:48Z
acta,ckan_diputados:3318,ECON.DEUDA,ECON,1,0.7,agente:texto,2026-07-22T20:54:48Z
acta,ckan_diputados:3318,INFRA.OBRA,INFRA,0,0.7,agente:texto,2026-07-22T20:54:48Z
acta,ckan_diputados:3319,DEF.TRATADO,DEF,1,0.95,agente:texto,2026-07-22T20:55:27Z
acta,ckan_diputados:3319,DERSOC.DDHH,DERSOC,0,0.95,agente:texto,2026-07-22T20:55:27Z
acta,ckan_diputados:332,AUX.HOMENAJE,AUX,0,0.85,agente:texto,2026-07-22T20:40:08Z
acta,ckan_diputados:332,CULT.DEPORTE,CULT,1,0.85,agente:texto,2026-07-22T20:40:08Z
acta,ckan_diputados:332,DERSOC.DDHH,DERSOC,0,0.85,agente:texto,2026-07-22T20:40:08Z
acta,ckan_diputados:3320,DEF.TRATADO,DEF,1,0.95,agente:texto,2026-07-22T20:44:40Z
acta,ckan_diputados:3320,PROD.COMEX,PROD,0,0.95,agente:texto,2026-07-22T20:44:40Z
acta,ckan_diputados:3322,ECON.PRESU,ECON,0,0.75,agente:texto,2026-07-22T20:42:04Z
acta,ckan_diputados:3322,POLINST.ETICA,POLINST,1,0.75,agente:texto,2026-07-22T20:42:04Z
acta,ckan_diputados:3323,ECON.DEUDA,ECON,1,0.95,agente:texto,2026-07-22T20:31:56Z
acta,ckan_diputados:3323,ECON.PRESU,ECON,0,0.95,agente:texto,2026-07-22T20:31:56Z
acta,ckan_diputados:3323,POLINST.CONST,POLINST,0,0.95,agente:texto,2026-07-22T20:31:56Z
acta,ckan_diputados:3324,DESSOC.ASIST,DESSOC,0,0.95,agente:texto,2026-07-22T21:05:17Z
acta,ckan_diputados:3324,ECON.EMERG,ECON,1,0.95,agente:texto,2026-07-22T21:05:17Z
acta,ckan_diputados:3325,DERSOC.DDHH,DERSOC,1,0.95,agente:texto,2026-07-22T20:48:29Z
acta,ckan_diputados:3325,DESSOC.ASIST,DESSOC,0,0.95,agente:texto,2026-07-22T20:48:29Z
acta,ckan_diputados:3325,JUST.JUDIC,JUST,0,0.95,agente:texto,2026-07-22T20:48:29Z
acta,ckan_diputados:3326,AUX.TRAMITE,AUX,1,0.95,agente:texto,2026-07-22T21:11:00Z
acta,ckan_diputados:3327,ECON.COPART,ECON,0,0.95,agente:texto,2026-07-22T20:36:31Z
acta,ckan_diputados:3327,ECON.EMERG,ECON,1,0.95,agente:texto,2026-07-22T20:36:31Z
acta,ckan_diputados:3327,PROD.AGRO,PROD,0,0.95,agente:texto,2026-07-22T20:36:31Z
acta,ckan_diputados:3328,DESSOC.PNC,DESSOC,0,0.95,agente:texto,2026-07-22T20:28:33Z
acta,ckan_diputados:3328,ECON.PRESU,ECON,0,0.95,agente:texto,2026-07-22T20:28:33Z
acta,ckan_diputados:3328,TRAB.PREV,TRAB,1,0.95,agente:texto,2026-07-22T20:28:33Z
acta,ckan_diputados:3330,AUX.HOMENAJE,AUX,0,0.85,agente:texto,2026-07-22T20:38:49Z
acta,ckan_diputados:3330,DERSOC.NINEZ,DERSOC,0,0.85,agente:texto,2026-07-22T20:38:49Z
acta,ckan_diputados:3330,DESSOC.ASIST,DESSOC,0,0.85,agente:texto,2026-07-22T20:38:49Z
acta,ckan_diputados:3330,SALUD.SISTEMA,SALUD,1,0.85,agente:texto,2026-07-22T20:38:49Z
acta,ckan_diputados:3332,AUX.TRAMITE,AUX,1,0.95,agente:texto,2026-07-22T21:10:55Z
acta,ckan_diputados:3333,AUX.TRAMITE,AUX,0,0.95,agente:texto,2026-07-22T20:34:02Z
acta,ckan_diputados:3333,DESSOC.PNC,DESSOC,1,0.95,agente:texto,2026-07-22T20:34:02Z
acta,ckan_diputados:3334,AUX.TRAMITE,AUX,1,0.99,manual,2026-09-07T19:08:32Z
acta,ckan_diputados:3335,JUST.CIVCOM,JUST,0,0.95,agente:texto,2026-07-22T20:40:39Z
acta,ckan_diputados:3335,JUST.PENAL,JUST,1,0.95,agente:texto,2026-07-22T20:40:39Z
acta,ckan_diputados:3336,JUST.CIVCOM,JUST,0,0.95,agente:texto,2026-07-22T20:40:47Z
acta,ckan_diputados:3336,JUST.PENAL,JUST,1,0.95,agente:texto,2026-07-22T20:40:47Z
acta,ckan_diputados:3337,JUST.CIVCOM,JUST,0,0.95,agente:texto,2026-07-22T20:41:16Z
acta,ckan_diputados:3337,JUST.PENAL,JUST,1,0.95,agente:texto,2026-07-22T20:41:16Z
acta,ckan_diputados:3338,JUST.CIVCOM,JUST,0,0.95,agente:texto,2026-07-22T20:41:10Z
acta,ckan_diputados:3338,JUST.PENAL,JUST,1,0.95,agente:texto,2026-07-22T20:41:10Z
acta,ckan_diputados:3339,DESREG.SOCIED,DESREG,0,0.95,agente:texto,2026-07-22T20:41:13Z
acta,ckan_diputados:3339,JUST.CIVCOM,JUST,0,0.95,agente:texto,2026-07-22T20:41:13Z
acta,ckan_diputados:3339,JUST.PENAL,JUST,1,0.95,agente:texto,2026-07-22T20:41:13Z
acta,ckan_diputados:334,ECON.PRESU,ECON,1,0.95,agente:texto,2026-07-22T20:58:18Z
acta,ckan_diputados:3340,JUST.CIVCOM,JUST,0,0.95,agente:texto,2026-07-22T20:40:59Z
acta,ckan_diputados:3340,JUST.PENAL,JUST,1,0.95,agente:texto,2026-07-22T20:40:59Z
acta,ckan_diputados:3341,JUST.CIVCOM,JUST,0,0.95,agente:texto,2026-07-22T20:41:07Z
acta,ckan_diputados:3341,JUST.PENAL,JUST,1,0.95,agente:texto,2026-07-22T20:41:07Z
acta,ckan_diputados:3342,JUST.CIVCOM,JUST,0,0.95,agente:texto,2026-07-22T20:41:05Z
acta,ckan_diputados:3342,JUST.PENAL,JUST,1,0.95,agente:texto,2026-07-22T20:41:05Z
acta,ckan_diputados:3343,DERSOC.DDHH,DERSOC,0,0.95,agente:texto,2026-07-22T20:41:02Z
acta,ckan_diputados:3343,JUST.CIVCOM,JUST,0,0.95,agente:texto,2026-07-22T20:41:02Z
acta,ckan_diputados:3343,JUST.PENAL,JUST,1,0.95,agente:texto,2026-07-22T20:41:02Z
acta,ckan_diputados:3344,DERSOC.DDHH,DERSOC,0,0.95,agente:texto,2026-07-22T20:41:29Z
acta,ckan_diputados:3344,JUST.CIVCOM,JUST,0,0.95,agente:texto,2026-07-22T20:41:29Z
acta,ckan_diputados:3344,JUST.PENAL,JUST,1,0.95,agente:texto,2026-07-22T20:41:29Z
acta,ckan_diputados:3345,DERSOC.DDHH,DERSOC,0,0.95,agente:texto,2026-07-22T20:40:57Z
acta,ckan_diputados:3345,JUST.CIVCOM,JUST,0,0.95,agente:texto,2026-07-22T20:40:57Z
acta,ckan_diputados:3345,JUST.PENAL,JUST,1,0.95,agente:texto,2026-07-22T20:40:57Z
acta,ckan_diputados:3346,JUST.CIVCOM,JUST,0,0.95,agente:texto,2026-07-22T20:41:22Z
acta,ckan_diputados:3346,JUST.PENAL,JUST,1,0.95,agente:texto,2026-07-22T20:41:22Z
acta,ckan_diputados:3347,JUST.CIVCOM,JUST,0,0.95,agente:texto,2026-07-22T20:40:41Z
acta,ckan_diputados:3347,JUST.PENAL,JUST,1,0.95,agente:texto,2026-07-22T20:40:41Z
acta,ckan_diputados:3348,JUST.CIVCOM,JUST,0,0.95,agente:texto,2026-07-22T20:40:44Z
acta,ckan_diputados:3348,JUST.PENAL,JUST,1,0.95,agente:texto,2026-07-22T20:40:44Z
acta,ckan_diputados:3349,DEF.TRATADO,DEF,1,0.95,agente:texto,2026-07-22T20:39:30Z
acta,ckan_diputados:3349,PROD.COMEX,PROD,0,0.95,agente:texto,2026-07-22T20:39:30Z
acta,ckan_diputados:335,AUX.TRAMITE,AUX,1,0.95,agente:texto,2026-07-22T20:48:08Z
acta,ckan_diputados:3350,ECON.EMERG,ECON,1,0.95,agente:texto,2026-07-22T20:43:28Z
acta,ckan_diputados:3350,PROD.AGRO,PROD,0,0.95,agente:texto,2026-07-22T20:43:28Z
acta,ckan_diputados:3351,JUST.PENAL,JUST,1,0.95,agente:texto,2026-07-22T20:40:12Z
acta,ckan_diputados:3351,TRAB.PREV,TRAB,0,0.95,agente:texto,2026-07-22T20:40:12Z
acta,ckan_diputados:3352,DESSOC.ASIST,DESSOC,0,0.95,agente:texto,2026-07-22T20:55:12Z
acta,ckan_diputados:3352,ECON.TRIB,ECON,1,0.95,agente:texto,2026-07-22T20:55:12Z
acta,ckan_diputados:3352,ENER.COMBUS,ENER,0,0.95,agente:texto,2026-07-22T20:55:12Z
acta,ckan_diputados:3352,ENER.ELEC,ENER,0,0.95,agente:texto,2026-07-22T20:55:12Z
acta,ckan_diputados:3352,ENER.TARIFA,ENER,0,0.95,agente:texto,2026-07-22T20:55:12Z
acta,ckan_diputados:3352,PROD.INDPYME,PROD,0,0.95,agente:texto,2026-07-22T20:55:12Z
acta,ckan_diputados:3353,TRAB.LABOR,TRAB,1,0.95,agente:texto,2026-07-22T21:07:13Z
acta,ckan_diputados:3354,ECON.DEUDA,ECON,1,0.95,agente:texto,2026-07-22T20:31:52Z
acta,ckan_diputados:3354,ECON.PRESU,ECON,0,0.95,agente:texto,2026-07-22T20:31:52Z
acta,ckan_diputados:3354,POLINST.ORGEST,POLINST,0,0.95,agente:texto,2026-07-22T20:31:52Z
acta,ckan_diputados:3355,AUX.HOMENAJE,AUX,1,1.0,agente:texto,2026-07-22T20:45:08Z
acta,ckan_diputados:336,JUST.JUDIC,JUST,1,0.95,agente:texto,2026-07-22T20:33:37Z
acta,ckan_diputados:337,DEF.TRATADO,DEF,1,0.95,agente:texto,2026-07-22T20:34:40Z
acta,ckan_diputados:337,ENER.HIDRO,ENER,0,0.95,agente:texto,2026-07-22T20:34:40Z
acta,ckan_diputados:338,DEF.DEFENSA,DEF,1,0.95,agente:texto,2026-07-22T20:34:07Z
acta,ckan_diputados:338,DEF.TRATADO,DEF,0,0.95,agente:texto,2026-07-22T20:34:07Z
acta,ckan_diputados:339,AUX.HOMENAJE,AUX,1,0.85,agente:texto,2026-07-22T20:59:35Z
acta,ckan_diputados:34,JUST.JUDIC,JUST,1,0.95,agente:texto,2026-07-22T20:59:48Z
acta,ckan_diputados:34,POLINST.ORGEST,POLINST,0,0.95,agente:texto,2026-07-22T20:59:48Z
acta,ckan_diputados:340,AUX.HOMENAJE,AUX,1,0.95,agente:texto,2026-07-22T20:59:32Z
acta,ckan_diputados:341,DEF.DEFENSA,DEF,1,0.95,agente:texto,2026-07-22T20:38:34Z
acta,ckan_diputados:341,DEF.TRATADO,DEF,0,0.95,agente:texto,2026-07-22T20:38:34Z
acta,ckan_diputados:342,AUX.TRAMITE,AUX,0,0.85,agente:texto,2026-07-22T20:43:15Z
acta,ckan_diputados:342,DESREG.EMPUB,DESREG,1,0.85,agente:texto,2026-07-22T20:43:15Z
acta,ckan_diputados:343,JUST.CIVCOM,JUST,0,0.9,agente:texto,2026-07-22T20:39:51Z
acta,ckan_diputados:343,JUST.JUDIC,JUST,1,0.9,agente:texto,2026-07-22T20:39:51Z
acta,ckan_diputados:344,DERSOC.DDHH,DERSOC,0,0.95,agente:texto,2026-07-22T20:51:02Z
acta,ckan_diputados:344,SALUD.DISCAP,SALUD,1,0.95,agente:texto,2026-07-22T20:51:02Z
acta,ckan_diputados:345,DEF.TRATADO,DEF,1,0.95,agente:texto,2026-07-22T20:38:11Z
acta,ckan_diputados:345,ECON.TRIB,ECON,0,0.95,agente:texto,2026-07-22T20:38:11Z
acta,ckan_diputados:346,AUX.HOMENAJE,AUX,1,0.95,agente:texto,2026-07-22T20:49:11Z
acta,ckan_diputados:347,DEF.DEFENSA,DEF,0,0.95,agente:texto,2026-07-22T20:30:23Z
acta,ckan_diputados:347,TRAB.PREV,TRAB,1,0.95,agente:texto,2026-07-22T20:30:23Z
acta,ckan_diputados:348,ECON.COPART,ECON,0,0.95,agente:texto,2026-07-22T20:32:42Z
acta,ckan_diputados:348,INFRA.TRANSP,INFRA,1,0.95,agente:texto,2026-07-22T20:32:42Z
acta,ckan_diputados:348,SALUD.SISTEMA,SALUD,0,0.95,agente:texto,2026-07-22T20:32:42Z
acta,ckan_diputados:349,DESREG.SOCIED,DESREG,0,0.85,agente:texto,2026-07-22T21:09:36Z
acta,ckan_diputados:349,EDU.BASICA,EDU,1,0.85,agente:texto,2026-07-22T21:09:36Z
acta,ckan_diputados:35,JUST.JUDIC,JUST,1,0.85,agente:texto,2026-07-22T21:06:33Z
acta,ckan_diputados:350,TRAB.LABOR,TRAB,1,0.95,agente:texto,2026-07-22T20:55:47Z
acta,ckan_diputados:353,DERSOC.DDHH,DERSOC,0,0.85,agente:texto,2026-07-22T20:44:37Z
acta,ckan_diputados:353,DERSOC.GENERO,DERSOC,0,0.85,agente:texto,2026-07-22T20:44:37Z
acta,ckan_diputados:353,SALUD.SISTEMA,SALUD,1,0.85,agente:texto,2026-07-22T20:44:37Z
acta,ckan_diputados:354,AUX.HOMENAJE,AUX,0,0.85,agente:texto,2026-07-22T20:33:43Z
acta,ckan_diputados:354,CULT.CULTURA,CULT,1,0.85,agente:texto,2026-07-22T20:33:43Z
acta,ckan_diputados:355,TRAB.LABOR,TRAB,1,0.95,agente:texto,2026-07-22T20:58:49Z
acta,ckan_diputados:356,JUST.CIVCOM,JUST,0,0.95,agente:texto,2026-07-22T20:50:38Z
acta,ckan_diputados:356,TRAB.LABOR,TRAB,1,0.95,agente:texto,2026-07-22T20:50:38Z
acta,ckan_diputados:357,JUST.CIVCOM,JUST,0,0.95,agente:texto,2026-07-22T20:48:38Z
acta,ckan_diputados:357,TRAB.LABOR,TRAB,1,0.95,agente:texto,2026-07-22T20:48:38Z
acta,ckan_diputados:358,TRAB.LABOR,TRAB,1,0.95,agente:texto,2026-07-22T20:51:05Z
acta,ckan_diputados:359,TRAB.LABOR,TRAB,1,0.95,agente:texto,2026-07-22T20:53:08Z
acta,ckan_diputados:36,DEF.DEFENSA,DEF,1,0.95,agente:texto,2026-07-22T20:30:33Z
acta,ckan_diputados:36,DEF.TRATADO,DEF,0,0.95,agente:texto,2026-07-22T20:30:33Z
acta,ckan_diputados:360,DESREG.DESECO,DESREG,0,0.95,agente:texto,2026-07-22T20:52:06Z
acta,ckan_diputados:360,SALUD.MEDIC,SALUD,1,0.95,agente:texto,2026-07-22T20:52:06Z
acta,ckan_diputados:361,ECON.COPART,ECON,0,0.95,agente:texto,2026-07-22T20:35:21Z
acta,ckan_diputados:361,INFRA.TRANSP,INFRA,1,0.95,agente:texto,2026-07-22T20:35:21Z
acta,ckan_diputados:362,ECON.COPART,ECON,0,0.95,agente:texto,2026-07-22T20:35:43Z
acta,ckan_diputados:362,INFRA.TRANSP,INFRA,1,0.95,agente:texto,2026-07-22T20:35:43Z
acta,ckan_diputados:363,INFRA.TRANSP,INFRA,1,0.95,agente:texto,2026-07-22T20:28:27Z
acta,ckan_diputados:363,POLINST.ORGEST,POLINST,0,0.95,agente:texto,2026-07-22T20:28:27Z
acta,ckan_diputados:364,CYT.CIBER,CYT,0,0.95,agente:texto,2026-07-22T20:47:15Z
acta,ckan_diputados:364,CYT.CIENCIA,CYT,1,0.95,agente:texto,2026-07-22T20:47:15Z
acta,ckan_diputados:364,CYT.INNOV,CYT,0,0.95,agente:texto,2026-07-22T20:47:15Z
acta,ckan_diputados:364,INFRA.TELECOM,INFRA,0,0.95,agente:texto,2026-07-22T20:47:15Z
acta,ckan_diputados:365,DESREG.EMPUB,DESREG,0,0.95,agente:texto,2026-07-22T20:30:10Z
acta,ckan_diputados:365,ENER.HIDRO,ENER,1,0.95,agente:texto,2026-07-22T20:30:10Z
acta,ckan_diputados:365,JUST.PROPIED,JUST,0,0.95,agente:texto,2026-07-22T20:30:10Z
acta,ckan_diputados:3655,DERSOC.ORIGIN,DERSOC,1,0.95,agente:texto,2026-07-22T20:42:56Z
acta,ckan_diputados:3655,JUST.PROPIED,JUST,0,0.95,agente:texto,2026-07-22T20:42:56Z
acta,ckan_diputados:3655,POLINST.ETICA,POLINST,0,0.95,agente:texto,2026-07-22T20:42:56Z
acta,ckan_diputados:3656,DERSOC.ORIGIN,DERSOC,1,0.95,agente:texto,2026-07-22T20:32:25Z
acta,ckan_diputados:3656,DESSOC.ASIST,DESSOC,0,0.95,agente:texto,2026-07-22T20:32:25Z
acta,ckan_diputados:3656,ECON.EMERG,ECON,0,0.95,agente:texto,2026-07-22T20:32:25Z
acta,ckan_diputados:3656,JUST.PROPIED,JUST,0,0.95,agente:texto,2026-07-22T20:32:25Z
acta,ckan_diputados:3657,AUX.HOMENAJE,AUX,1,0.95,agente:texto,2026-07-22T20:58:58Z
acta,ckan_diputados:3658,ECON.EMERG,ECON,1,0.95,agente:texto,2026-07-22T20:59:01Z
acta,ckan_diputados:3659,JUST.CIVCOM,JUST,0,0.85,agente:texto,2026-07-22T20:59:04Z
acta,ckan_diputados:3659,JUST.JUDIC,JUST,1,0.85,agente:texto,2026-07-22T20:59:04Z
acta,ckan_diputados:366,DEF.EXTERIOR,DEF,0,0.95,agente:texto,2026-07-22T20:30:07Z
acta,ckan_diputados:366,DESREG.EMPUB,DESREG,0,0.95,agente:texto,2026-07-22T20:30:07Z
acta,ckan_diputados:366,ENER.HIDRO,ENER,1,0.95,agente:texto,2026-07-22T20:30:07Z
acta,ckan_diputados:366,JUST.PROPIED,JUST,0,0.95,agente:texto,2026-07-22T20:30:07Z
acta,ckan_diputados:3660,DESREG.SOCIED,DESREG,1,0.85,agente:texto,2026-07-22T20:53:43Z
acta,ckan_diputados:3660,JUST.CIVCOM,JUST,0,0.85,agente:texto,2026-07-22T20:53:43Z
acta,ckan_diputados:3661,DEF.DEFENSA,DEF,1,0.85,agente:texto,2026-07-22T20:41:40Z
acta,ckan_diputados:3661,POLINST.ORGEST,POLINST,0,0.85,agente:texto,2026-07-22T20:41:40Z
acta,ckan_diputados:3662,JUST.CIVCOM,JUST,0,0.85,agente:texto,2026-07-22T20:59:07Z
acta,ckan_diputados:3662,JUST.JUDIC,JUST,1,0.85,agente:texto,2026-07-22T20:59:07Z
acta,ckan_diputados:3664,ENER.ELEC,ENER,0,0.95,agente:texto,2026-07-22T20:31:10Z
acta,ckan_diputados:3664,ENER.RENOV,ENER,1,0.95,agente:texto,2026-07-22T20:31:10Z
acta,ckan_diputados:3664,PROD.INVER,PROD,0,0.95,agente:texto,2026-07-22T20:31:10Z
acta,ckan_diputados:3665,AUX.HOMENAJE,AUX,1,0.95,agente:texto,2026-07-22T20:40:30Z
acta,ckan_diputados:3666,AUX.HOMENAJE,AUX,0,0.85,agente:texto,2026-07-22T20:46:26Z
acta,ckan_diputados:3666,CULT.CULTURA,CULT,1,0.85,agente:texto,2026-07-22T20:46:26Z
acta,ckan_diputados:3667,DEF.TRATADO,DEF,1,0.95,agente:texto,2026-07-22T20:28:24Z
acta,ckan_diputados:3667,PROD.COMEX,PROD,0,0.95,agente:texto,2026-07-22T20:28:24Z
acta,ckan_diputados:3668,ECON.PRESU,ECON,0,0.9,agente:texto,2026-07-22T21:03:30Z
acta,ckan_diputados:3668,INFRA.OBRA,INFRA,0,0.9,agente:texto,2026-07-22T21:03:30Z
acta,ckan_diputados:3668,INFRA.VIVIENDA,INFRA,1,0.9,agente:texto,2026-07-22T21:03:30Z
acta,ckan_diputados:3669,JUST.CIVCOM,JUST,0,0.75,agente:texto,2026-07-22T20:58:52Z
acta,ckan_diputados:3669,JUST.JUDIC,JUST,1,0.75,agente:texto,2026-07-22T20:58:52Z
acta,ckan_diputados:367,DESREG.EMPUB,DESREG,0,0.95,agente:texto,2026-07-22T20:30:13Z
acta,ckan_diputados:367,ENER.HIDRO,ENER,1,0.95,agente:texto,2026-07-22T20:30:13Z
acta,ckan_diputados:367,JUST.PROPIED,JUST,0,0.95,agente:texto,2026-07-22T20:30:13Z
acta,ckan_diputados:3670,JUST.CIVCOM,JUST,0,0.75,agente:texto,2026-07-22T20:58:56Z
acta,ckan_diputados:3670,JUST.JUDIC,JUST,1,0.75,agente:texto,2026-07-22T20:58:56Z
acta,ckan_diputados:3671,POLINST.ORGEST,POLINST,0,0.85,agente:texto,2026-07-22T20:48:45Z
acta,ckan_diputados:3671,TRAB.LABOR,TRAB,1,0.85,agente:texto,2026-07-22T20:48:45Z
acta,ckan_diputados:3672,AUX.TRAMITE,AUX,0,0.95,agente:texto,2026-07-22T20:42:53Z
acta,ckan_diputados:3672,DERSOC.ORIGIN,DERSOC,1,0.95,agente:texto,2026-07-22T20:42:53Z
acta,ckan_diputados:3672,JUST.PROPIED,JUST,0,0.95,agente:texto,2026-07-22T20:42:53Z
acta,ckan_diputados:3673,AUX.TRAMITE,AUX,1,0.95,agente:texto,2026-07-22T20:40:23Z
acta,ckan_diputados:3674,AUX.TRAMITE,AUX,1,0.95,agente:texto,2026-07-22T20:34:24Z
acta,ckan_diputados:3675,ECON.TRIB,ECON,1,0.95,agente:texto,2026-07-22T20:55:14Z
acta,ckan_diputados:3676,DERSOC.ORIGIN,DERSOC,1,0.95,agente:texto,2026-07-22T20:48:35Z
acta,ckan_diputados:3676,ECON.EMERG,ECON,0,0.95,agente:texto,2026-07-22T20:48:35Z
acta,ckan_diputados:3676,JUST.PROPIED,JUST,0,0.95,agente:texto,2026-07-22T20:48:35Z
acta,ckan_diputados:3677,DERSOC.DDHH,DERSOC,0,0.95,agente:texto,2026-07-22T20:40:54Z
acta,ckan_diputados:3677,JUST.CIVCOM,JUST,0,0.95,agente:texto,2026-07-22T20:40:54Z
acta,ckan_diputados:3677,JUST.PENAL,JUST,1,0.95,agente:texto,2026-07-22T20:40:54Z
acta,ckan_diputados:3678,DEF.TRATADO,DEF,1,0.95,agente:texto,2026-07-22T20:35:46Z
acta,ckan_diputados:3678,DERSOC.DDHH,DERSOC,0,0.95,agente:texto,2026-07-22T20:35:46Z
acta,ckan_diputados:3678,JUST.NARCO,JUST,0,0.95,agente:texto,2026-07-22T20:35:46Z
acta,ckan_diputados:3679,CULT.CULTURA,CULT,0,0.95,agente:texto,2026-07-22T20:31:13Z
acta,ckan_diputados:3679,DEF.TRATADO,DEF,1,0.95,agente:texto,2026-07-22T20:31:13Z
acta,ckan_diputados:3679,JUST.NARCO,JUST,0,0.95,agente:texto,2026-07-22T20:31:13Z
acta,ckan_diputados:368,POLINST.ELECT,POLINST,1,0.95,agente:texto,2026-07-22T21:03:20Z
acta,ckan_diputados:3680,DESREG.DESECO,DESREG,1,0.9,agente:texto,2026-07-22T20:43:42Z
acta,ckan_diputados:3680,JUST.CIVCOM,JUST,0,0.9,agente:texto,2026-07-22T20:43:42Z
acta,ckan_diputados:3680,PROD.COMEX,PROD,0,0.9,agente:texto,2026-07-22T20:43:42Z
acta,ckan_diputados:3681,DESREG.DESECO,DESREG,1,0.95,agente:texto,2026-07-22T20:43:49Z
acta,ckan_diputados:3681,JUST.CIVCOM,JUST,0,0.95,agente:texto,2026-07-22T20:43:49Z
acta,ckan_diputados:3681,JUST.JUDIC,JUST,0,0.95,agente:texto,2026-07-22T20:43:49Z
acta,ckan_diputados:3682,DESREG.DESECO,DESREG,1,0.95,agente:texto,2026-07-22T20:43:46Z
acta,ckan_diputados:3682,JUST.CIVCOM,JUST,0,0.95,agente:texto,2026-07-22T20:43:46Z
acta,ckan_diputados:3682,JUST.JUDIC,JUST,0,0.95,agente:texto,2026-07-22T20:43:46Z
acta,ckan_diputados:3682,PROD.COMEX,PROD,0,0.95,agente:texto,2026-07-22T20:43:46Z
acta,ckan_diputados:3683,DESREG.DESECO,DESREG,0,0.7,agente:texto,2026-07-22T21:09:17Z
acta,ckan_diputados:3683,ECON.PRESU,ECON,0,0.7,agente:texto,2026-07-22T21:09:17Z
acta,ckan_diputados:3683,PROD.INVER,PROD,1,0.7,agente:texto,2026-07-22T21:09:17Z
acta,ckan_diputados:3684,DESREG.DESECO,DESREG,0,0.7,agente:texto,2026-07-22T21:09:13Z
acta,ckan_diputados:3684,ECON.PRESU,ECON,0,0.7,agente:texto,2026-07-22T21:09:13Z
acta,ckan_diputados:3684,PROD.INVER,PROD,1,0.7,agente:texto,2026-07-22T21:09:13Z
acta,ckan_diputados:3685,DESREG.MODEST,DESREG,1,0.85,agente:texto,2026-07-22T20:39:22Z
acta,ckan_diputados:3685,ECON.PRESU,ECON,0,0.85,agente:texto,2026-07-22T20:39:22Z
acta,ckan_diputados:3685,POLINST.ORGEST,POLINST,0,0.85,agente:texto,2026-07-22T20:39:22Z
acta,ckan_diputados:3686,JUST.JUDIC,JUST,1,0.95,agente:texto,2026-07-22T20:47:21Z
acta,ckan_diputados:3687,JUST.PENAL,JUST,1,0.95,agente:texto,2026-07-22T20:59:45Z
acta,ckan_diputados:3688,AMB.BOSQUE,AMB,1,0.85,agente:texto,2026-07-22T20:49:20Z
acta,ckan_diputados:3688,ECON.COPART,ECON,0,0.85,agente:texto,2026-07-22T20:49:20Z
acta,ckan_diputados:3688,INFRA.OBRA,INFRA,0,0.85,agente:texto,2026-07-22T20:49:20Z
acta,ckan_diputados:3689,AMB.BOSQUE,AMB,1,0.9,agente:texto,2026-07-22T20:51:14Z
acta,ckan_diputados:3689,DESREG.MODEST,DESREG,0,0.9,agente:texto,2026-07-22T20:51:14Z
acta,ckan_diputados:3689,INFRA.OBRA,INFRA,0,0.9,agente:texto,2026-07-22T20:51:14Z
acta,ckan_diputados:369,POLINST.ELECT,POLINST,1,0.95,agente:texto,2026-07-22T21:02:59Z
acta,ckan_diputados:3690,DESREG.MODEST,DESREG,0,0.95,agente:texto,2026-07-22T21:07:34Z
acta,ckan_diputados:3690,ECON.COPART,ECON,0,0.95,agente:texto,2026-07-22T21:07:34Z
acta,ckan_diputados:3690,PROD.INDPYME,PROD,1,0.95,agente:texto,2026-07-22T21:07:34Z
acta,ckan_diputados:3691,CYT.CIBER,CYT,0,0.95,agente:texto,2026-07-22T20:50:33Z
acta,ckan_diputados:3691,DEF.TRATADO,DEF,1,0.95,agente:texto,2026-07-22T20:50:33Z
acta,ckan_diputados:3691,JUST.PENAL,JUST,0,0.95,agente:texto,2026-07-22T20:50:33Z
acta,ckan_diputados:3692,DEF.EXTERIOR,DEF,0,0.85,agente:texto,2026-07-22T21:03:41Z
acta,ckan_diputados:3692,DESREG.DESECO,DESREG,0,0.85,agente:texto,2026-07-22T21:03:41Z
acta,ckan_diputados:3692,INFRA.TRANSP,INFRA,0,0.85,agente:texto,2026-07-22T21:03:41Z
acta,ckan_diputados:3692,PROD.COMEX,PROD,1,0.85,agente:texto,2026-07-22T21:03:41Z
acta,ckan_diputados:3693,DEF.DEFENSA,DEF,1,0.95,agente:texto,2026-07-22T20:40:36Z
acta,ckan_diputados:3693,DEF.EXTERIOR,DEF,0,0.95,agente:texto,2026-07-22T20:40:36Z
acta,ckan_diputados:3693,DEF.TRATADO,DEF,0,0.95,agente:texto,2026-07-22T20:40:36Z
acta,ckan_diputados:3694,DEF.EXTERIOR,DEF,0,0.85,agente:texto,2026-07-22T21:04:09Z
acta,ckan_diputados:3694,INFRA.TRANSP,INFRA,1,0.85,agente:texto,2026-07-22T21:04:09Z
acta,ckan_diputados:3694,PROD.COMEX,PROD,0,0.85,agente:texto,2026-07-22T21:04:09Z
acta,ckan_diputados:3695,DEF.EXTERIOR,DEF,0,0.85,agente:texto,2026-07-22T21:04:00Z
acta,ckan_diputados:3695,INFRA.TRANSP,INFRA,1,0.85,agente:texto,2026-07-22T21:04:00Z
acta,ckan_diputados:3695,PROD.COMEX,PROD,0,0.85,agente:texto,2026-07-22T21:04:00Z
acta,ckan_diputados:3696,DEF.EXTERIOR,DEF,0,0.85,agente:texto,2026-07-22T21:03:57Z
acta,ckan_diputados:3696,INFRA.TRANSP,INFRA,1,0.85,agente:texto,2026-07-22T21:03:57Z
acta,ckan_diputados:3696,PROD.COMEX,PROD,0,0.85,agente:texto,2026-07-22T21:03:57Z
acta,ckan_diputados:3697,DEF.EXTERIOR,DEF,0,0.85,agente:texto,2026-07-22T21:04:04Z
acta,ckan_diputados:3697,INFRA.TRANSP,INFRA,1,0.85,agente:texto,2026-07-22T21:04:04Z
acta,ckan_diputados:3697,PROD.COMEX,PROD,0,0.85,agente:texto,2026-07-22T21:04:04Z
acta,ckan_diputados:3698,DEF.EXTERIOR,DEF,0,0.85,agente:texto,2026-07-22T21:04:16Z
acta,ckan_diputados:3698,INFRA.TRANSP,INFRA,1,0.85,agente:texto,2026-07-22T21:04:16Z
acta,ckan_diputados:3698,PROD.COMEX,PROD,0,0.85,agente:texto,2026-07-22T21:04:16Z
acta,ckan_diputados:3699,DEF.EXTERIOR,DEF,0,0.85,agente:texto,2026-07-22T21:04:13Z
acta,ckan_diputados:3699,INFRA.TRANSP,INFRA,1,0.85,agente:texto,2026-07-22T21:04:13Z
acta,ckan_diputados:3699,PROD.COMEX,PROD,0,0.85,agente:texto,2026-07-22T21:04:13Z
acta,ckan_diputados:37,JUST.JUDIC,JUST,1,0.95,agente:texto,2026-07-22T20:51:37Z
acta,ckan_diputados:370,POLINST.ELECT,POLINST,1,0.95,agente:texto,2026-07-22T21:02:57Z
acta,ckan_diputados:3700,DEF.EXTERIOR,DEF,0,0.85,agente:texto,2026-07-22T21:04:34Z
acta,ckan_diputados:3700,INFRA.TRANSP,INFRA,1,0.85,agente:texto,2026-07-22T21:04:34Z
acta,ckan_diputados:3700,PROD.COMEX,PROD,0,0.85,agente:texto,2026-07-22T21:04:34Z
acta,ckan_diputados:3701,DEF.EXTERIOR,DEF,0,0.85,agente:texto,2026-07-22T21:04:31Z
acta,ckan_diputados:3701,INFRA.TRANSP,INFRA,1,0.85,agente:texto,2026-07-22T21:04:31Z
acta,ckan_diputados:3701,PROD.COMEX,PROD,0,0.85,agente:texto,2026-07-22T21:04:31Z
acta,ckan_diputados:3702,DEF.EXTERIOR,DEF,0,0.9,agente:texto,2026-07-22T21:04:27Z
acta,ckan_diputados:3702,INFRA.TRANSP,INFRA,1,0.9,agente:texto,2026-07-22T21:04:27Z
acta,ckan_diputados:3702,PROD.COMEX,PROD,0,0.9,agente:texto,2026-07-22T21:04:27Z
acta,ckan_diputados:3703,DEF.EXTERIOR,DEF,0,0.85,agente:texto,2026-07-22T21:04:37Z
acta,ckan_diputados:3703,INFRA.TRANSP,INFRA,1,0.85,agente:texto,2026-07-22T21:04:37Z
acta,ckan_diputados:3703,PROD.COMEX,PROD,0,0.85,agente:texto,2026-07-22T21:04:37Z
acta,ckan_diputados:3704,DEF.EXTERIOR,DEF,0,0.85,agente:texto,2026-07-22T21:04:20Z
acta,ckan_diputados:3704,INFRA.TRANSP,INFRA,1,0.85,agente:texto,2026-07-22T21:04:20Z
acta,ckan_diputados:3704,PROD.COMEX,PROD,0,0.85,agente:texto,2026-07-22T21:04:20Z
acta,ckan_diputados:3705,DEF.EXTERIOR,DEF,0,0.85,agente:texto,2026-07-22T21:04:23Z
acta,ckan_diputados:3705,INFRA.TRANSP,INFRA,1,0.85,agente:texto,2026-07-22T21:04:23Z
acta,ckan_diputados:3705,PROD.COMEX,PROD,0,0.85,agente:texto,2026-07-22T21:04:23Z
acta,ckan_diputados:3706,DEF.EXTERIOR,DEF,0,0.85,agente:texto,2026-07-22T21:04:48Z
acta,ckan_diputados:3706,INFRA.TRANSP,INFRA,1,0.85,agente:texto,2026-07-22T21:04:48Z
acta,ckan_diputados:3706,PROD.COMEX,PROD,0,0.85,agente:texto,2026-07-22T21:04:48Z
acta,ckan_diputados:3707,DEF.EXTERIOR,DEF,0,0.85,agente:texto,2026-07-22T21:04:41Z
acta,ckan_diputados:3707,INFRA.TRANSP,INFRA,1,0.85,agente:texto,2026-07-22T21:04:41Z
acta,ckan_diputados:3707,PROD.COMEX,PROD,0,0.85,agente:texto,2026-07-22T21:04:41Z
acta,ckan_diputados:3708,DEF.EXTERIOR,DEF,0,0.85,agente:texto,2026-07-22T21:04:44Z
acta,ckan_diputados:3708,INFRA.TRANSP,INFRA,1,0.85,agente:texto,2026-07-22T21:04:44Z
acta,ckan_diputados:3708,PROD.COMEX,PROD,0,0.85,agente:texto,2026-07-22T21:04:44Z
acta,ckan_diputados:3709,DEF.EXTERIOR,DEF,0,0.85,agente:texto,2026-07-22T21:04:51Z
acta,ckan_diputados:3709,INFRA.TRANSP,INFRA,1,0.85,agente:texto,2026-07-22T21:04:51Z
acta,ckan_diputados:3709,PROD.COMEX,PROD,0,0.85,agente:texto,2026-07-22T21:04:51Z
acta,ckan_diputados:371,POLINST.ELECT,POLINST,1,0.95,agente:texto,2026-07-22T21:03:23Z
acta,ckan_diputados:3710,DESREG.DESECO,DESREG,0,0.85,agente:texto,2026-07-22T20:55:00Z
acta,ckan_diputados:3710,INFRA.TRANSP,INFRA,0,0.85,agente:texto,2026-07-22T20:55:00Z
acta,ckan_diputados:3710,PROD.INDPYME,PROD,0,0.85,agente:texto,2026-07-22T20:55:00Z
acta,ckan_diputados:3710,PROD.INVER,PROD,1,0.85,agente:texto,2026-07-22T20:55:00Z
acta,ckan_diputados:3712,AUX.HOMENAJE,AUX,0,0.85,agente:texto,2026-07-22T20:49:29Z
acta,ckan_diputados:3712,DEF.DEFENSA,DEF,1,0.85,agente:texto,2026-07-22T20:49:29Z
acta,ckan_diputados:3713,AUX.HOMENAJE,AUX,1,0.95,agente:texto,2026-07-22T20:34:45Z
acta,ckan_diputados:3714,JUST.SEGINT,JUST,1,0.95,agente:texto,2026-07-22T20:45:56Z
acta,ckan_diputados:3715,DESREG.MODEST,DESREG,0,0.9,agente:texto,2026-07-22T20:45:59Z
acta,ckan_diputados:3715,JUST.SEGINT,JUST,1,0.9,agente:texto,2026-07-22T20:45:59Z
acta,ckan_diputados:3716,DERSOC.DDHH,DERSOC,0,0.85,agente:texto,2026-07-22T20:43:38Z
acta,ckan_diputados:3716,JUST.PENAL,JUST,0,0.85,agente:texto,2026-07-22T20:43:38Z
acta,ckan_diputados:3716,JUST.SEGINT,JUST,1,0.85,agente:texto,2026-07-22T20:43:38Z
acta,ckan_diputados:3716,POLINST.ORGEST,POLINST,0,0.85,agente:texto,2026-07-22T20:43:38Z
acta,ckan_diputados:3717,AUX.HOMENAJE,AUX,0,0.95,agente:texto,2026-07-22T20:35:16Z
acta,ckan_diputados:3717,CULT.CULTURA,CULT,1,0.95,agente:texto,2026-07-22T20:35:16Z
acta,ckan_diputados:3718,DERSOC.DDHH,DERSOC,0,0.95,agente:texto,2026-07-22T20:45:14Z
acta,ckan_diputados:3718,SALUD.DISCAP,SALUD,1,0.95,agente:texto,2026-07-22T20:45:14Z
acta,ckan_diputados:3719,AUX.HOMENAJE,AUX,0,0.85,agente:texto,2026-07-22T20:45:26Z
acta,ckan_diputados:3719,CULT.CULTURA,CULT,1,0.85,agente:texto,2026-07-22T20:45:26Z
acta,ckan_diputados:372,POLINST.ELECT,POLINST,1,0.95,agente:texto,2026-07-22T21:03:06Z
acta,ckan_diputados:3727,TRAB.PREV,TRAB,1,0.95,agente:texto,2026-07-22T21:11:06Z
acta,ckan_diputados:3728,TRAB.PREV,TRAB,1,0.95,agente:texto,2026-07-22T21:11:09Z
acta,ckan_diputados:3729,TRAB.PREV,TRAB,1,0.95,agente:texto,2026-07-22T21:11:11Z
acta,ckan_diputados:373,POLINST.ELECT,POLINST,1,0.95,agente:texto,2026-07-22T21:03:14Z
acta,ckan_diputados:3730,TRAB.PREV,TRAB,1,0.95,agente:texto,2026-07-22T21:11:03Z
acta,ckan_diputados:3731,ECON.TRIB,ECON,1,0.95,agente:texto,2026-07-22T21:02:06Z
acta,ckan_diputados:3731,JUST.CIVCOM,JUST,0,0.95,agente:texto,2026-07-22T21:02:06Z
acta,ckan_diputados:3732,ECON.TRIB,ECON,1,0.95,agente:texto,2026-07-22T21:02:13Z
acta,ckan_diputados:3732,JUST.CIVCOM,JUST,0,0.95,agente:texto,2026-07-22T21:02:13Z
acta,ckan_diputados:3733,ECON.TRIB,ECON,1,0.95,agente:texto,2026-07-22T21:02:10Z
acta,ckan_diputados:3733,JUST.CIVCOM,JUST,0,0.95,agente:texto,2026-07-22T21:02:10Z
acta,ckan_diputados:3734,ECON.TRIB,ECON,1,0.95,agente:texto,2026-07-22T21:02:33Z
acta,ckan_diputados:3734,JUST.CIVCOM,JUST,0,0.95,agente:texto,2026-07-22T21:02:33Z
acta,ckan_diputados:3735,ECON.TRIB,ECON,1,0.95,agente:texto,2026-07-22T21:02:24Z
acta,ckan_diputados:3735,JUST.CIVCOM,JUST,0,0.95,agente:texto,2026-07-22T21:02:24Z
acta,ckan_diputados:3736,DESREG.SOCIED,DESREG,0,0.95,agente:texto,2026-07-22T21:02:27Z
acta,ckan_diputados:3736,ECON.TRIB,ECON,1,0.95,agente:texto,2026-07-22T21:02:27Z
acta,ckan_diputados:3737,DESREG.SOCIED,DESREG,0,0.95,agente:texto,2026-07-22T21:02:19Z
acta,ckan_diputados:3737,ECON.TRIB,ECON,1,0.95,agente:texto,2026-07-22T21:02:19Z
acta,ckan_diputados:3738,AUX.TRAMITE,AUX,1,0.95,agente:texto,2026-07-22T20:50:35Z
acta,ckan_diputados:3739,DERSOC.DDHH,DERSOC,0,0.85,agente:texto,2026-07-22T20:44:49Z
acta,ckan_diputados:3739,JUST.JUDIC,JUST,0,0.85,agente:texto,2026-07-22T20:44:49Z
acta,ckan_diputados:3739,POLINST.ORGEST,POLINST,1,0.85,agente:texto,2026-07-22T20:44:49Z
acta,ckan_diputados:374,POLINST.ELECT,POLINST,1,0.95,agente:texto,2026-07-22T21:03:09Z
acta,ckan_diputados:3741,ECON.PRESU,ECON,1,0.99,agente:texto,2026-07-22T21:00:55Z
acta,ckan_diputados:3742,ECON.PRESU,ECON,1,0.95,agente:texto,2026-07-22T21:00:21Z
acta,ckan_diputados:3743,ECON.PRESU,ECON,1,0.95,agente:texto,2026-07-22T21:00:18Z
acta,ckan_diputados:3744,ECON.PRESU,ECON,1,0.99,agente:texto,2026-07-22T21:00:35Z
acta,ckan_diputados:3745,ECON.PRESU,ECON,1,0.95,agente:texto,2026-07-22T21:00:30Z
acta,ckan_diputados:3746,ECON.PRESU,ECON,1,0.95,agente:texto,2026-07-22T21:00:33Z
acta,ckan_diputados:3747,ECON.PRESU,ECON,1,0.95,agente:texto,2026-07-22T21:00:28Z
acta,ckan_diputados:3748,ECON.PRESU,ECON,1,0.95,agente:texto,2026-07-22T21:00:23Z
acta,ckan_diputados:3749,ECON.PRESU,ECON,1,0.95,agente:texto,2026-07-22T21:00:25Z
acta,ckan_diputados:375,POLINST.ELECT,POLINST,1,0.95,agente:texto,2026-07-22T21:03:16Z
acta,ckan_diputados:3750,ECON.PRESU,ECON,1,0.95,agente:texto,2026-07-22T21:00:50Z
acta,ckan_diputados:3751,ECON.PRESU,ECON,1,0.95,agente:texto,2026-07-22T21:00:52Z
acta,ckan_diputados:3752,ECON.PRESU,ECON,0,0.85,agente:texto,2026-07-22T20:36:04Z
acta,ckan_diputados:3752,POLINST.ETICA,POLINST,1,0.85,agente:texto,2026-07-22T20:36:04Z
acta,ckan_diputados:3752,POLINST.ORGEST,POLINST,0,0.85,agente:texto,2026-07-22T20:36:04Z
acta,ckan_diputados:3753,DEF.TRATADO,DEF,0,0.95,agente:texto,2026-07-22T20:45:17Z
acta,ckan_diputados:3753,ECON.COPART,ECON,1,0.95,agente:texto,2026-07-22T20:45:17Z
acta,ckan_diputados:3754,ECON.PRESU,ECON,0,0.95,agente:texto,2026-07-22T20:41:53Z
acta,ckan_diputados:3754,ECON.TRIB,ECON,1,0.95,agente:texto,2026-07-22T20:41:53Z
acta,ckan_diputados:3754,TRAB.PREV,TRAB,0,0.95,agente:texto,2026-07-22T20:41:53Z
acta,ckan_diputados:3755,ECON.PRESU,ECON,0,0.95,agente:texto,2026-07-22T20:41:49Z
acta,ckan_diputados:3755,ECON.TRIB,ECON,1,0.95,agente:texto,2026-07-22T20:41:49Z
acta,ckan_diputados:3755,TRAB.PREV,TRAB,0,0.95,agente:texto,2026-07-22T20:41:49Z
acta,ckan_diputados:3756,ECON.PRESU,ECON,0,0.95,agente:texto,2026-07-22T20:41:43Z
acta,ckan_diputados:3756,ECON.TRIB,ECON,1,0.95,agente:texto,2026-07-22T20:41:43Z
acta,ckan_diputados:3756,TRAB.PREV,TRAB,0,0.95,agente:texto,2026-07-22T20:41:43Z
acta,ckan_diputados:3757,ECON.PRESU,ECON,0,0.95,agente:texto,2026-07-22T20:41:46Z
acta,ckan_diputados:3757,ECON.TRIB,ECON,1,0.95,agente:texto,2026-07-22T20:41:46Z
acta,ckan_diputados:3757,TRAB.PREV,TRAB,0,0.95,agente:texto,2026-07-22T20:41:46Z
acta,ckan_diputados:3758,CULT.DEPORTE,CULT,1,0.95,agente:texto,2026-07-22T20:51:19Z
acta,ckan_diputados:3758,SALUD.SISTEMA,SALUD,0,0.95,agente:texto,2026-07-22T20:51:19Z
acta,ckan_diputados:376,POLINST.ELECT,POLINST,1,0.95,agente:texto,2026-07-22T21:03:01Z
acta,ckan_diputados:3762,AUX.HOMENAJE,AUX,1,0.95,agente:texto,2026-07-22T20:42:15Z
acta,ckan_diputados:3763,CULT.DEPORTE,CULT,1,0.95,agente:texto,2026-07-22T20:44:24Z
acta,ckan_diputados:3763,SALUD.SISTEMA,SALUD,0,0.95,agente:texto,2026-07-22T20:44:24Z
acta,ckan_diputados:3764,DERSOC.NINEZ,DERSOC,0,0.95,agente:texto,2026-07-22T20:36:15Z
acta,ckan_diputados:3764,JUST.PENAL,JUST,1,0.95,agente:texto,2026-07-22T20:36:15Z
acta,ckan_diputados:3765,DESREG.DESECO,DESREG,1,0.85,agente:texto,2026-07-22T21:01:29Z
acta,ckan_diputados:3765,DESREG.MODEST,DESREG,0,0.85,agente:texto,2026-07-22T21:01:29Z
acta,ckan_diputados:3765,INFRA.OBRA,INFRA,0,0.85,agente:texto,2026-07-22T21:01:29Z
acta,ckan_diputados:3766,DESREG.DESECO,DESREG,1,0.85,agente:texto,2026-07-22T21:00:59Z
acta,ckan_diputados:3766,DESREG.MODEST,DESREG,0,0.85,agente:texto,2026-07-22T21:00:59Z
acta,ckan_diputados:3766,PROD.INDPYME,PROD,0,0.85,agente:texto,2026-07-22T21:00:59Z
acta,ckan_diputados:3767,DESREG.MODEST,DESREG,1,0.95,agente:texto,2026-07-22T21:02:04Z
acta,ckan_diputados:3767,POLINST.ORGEST,POLINST,0,0.95,agente:texto,2026-07-22T21:02:04Z
acta,ckan_diputados:3769,ECON.PRESU,ECON,0,0.85,agente:texto,2026-07-22T21:06:26Z
acta,ckan_diputados:3769,ENER.TARIFA,ENER,1,0.85,agente:texto,2026-07-22T21:06:26Z
acta,ckan_diputados:3769,INFRA.TELECOM,INFRA,0,0.85,agente:texto,2026-07-22T21:06:26Z
acta,ckan_diputados:3769,INFRA.TRANSP,INFRA,0,0.85,agente:texto,2026-07-22T21:06:26Z
acta,ckan_diputados:377,POLINST.ELECT,POLINST,1,0.95,agente:texto,2026-07-22T21:03:04Z
acta,ckan_diputados:3770,DESREG.DESECO,DESREG,0,0.95,agente:texto,2026-07-22T21:07:25Z
acta,ckan_diputados:3770,ENER.TARIFA,ENER,1,0.95,agente:texto,2026-07-22T21:07:25Z
acta,ckan_diputados:3771,AUX.TRAMITE,AUX,1,0.99,manual,2026-09-07T19:08:32Z
acta,ckan_diputados:3771,ECON.COPART,ECON,0,0.95,agente:texto,2026-07-22T21:05:46Z
acta,ckan_diputados:3771,ENER.TARIFA,ENER,1,0.95,agente:texto,2026-07-22T21:05:46Z
acta,ckan_diputados:3772,ECON.EMERG,ECON,1,0.95,agente:texto,2026-07-22T20:50:21Z
acta,ckan_diputados:3772,ENER.TARIFA,ENER,0,0.95,agente:texto,2026-07-22T20:50:21Z
acta,ckan_diputados:3773,DESREG.MODEST,DESREG,0,0.85,agente:texto,2026-07-22T20:50:14Z
acta,ckan_diputados:3773,ENER.TARIFA,ENER,1,0.85,agente:texto,2026-07-22T20:50:14Z
acta,ckan_diputados:3773,INFRA.TELECOM,INFRA,0,0.85,agente:texto,2026-07-22T20:50:14Z
acta,ckan_diputados:3773,INFRA.TRANSP,INFRA,0,0.85,agente:texto,2026-07-22T20:50:14Z
acta,ckan_diputados:3774,ENER.TARIFA,ENER,1,0.7,agente:texto,2026-07-22T21:00:00Z
acta,ckan_diputados:3774,INFRA.TRANSP,INFRA,0,0.7,agente:texto,2026-07-22T21:00:00Z
acta,ckan_diputados:3775,DESSOC.ASIST,DESSOC,0,0.85,agente:texto,2026-07-22T20:39:05Z
acta,ckan_diputados:3775,ENER.TARIFA,ENER,1,0.85,agente:texto,2026-07-22T20:39:05Z
acta,ckan_diputados:3775,INFRA.OBRA,INFRA,0,0.85,agente:texto,2026-07-22T20:39:05Z
acta,ckan_diputados:3776,DESREG.SOCIED,DESREG,0,0.75,agente:texto,2026-07-22T20:59:14Z
acta,ckan_diputados:3776,ENER.TARIFA,ENER,1,0.75,agente:texto,2026-07-22T20:59:14Z
acta,ckan_diputados:3776,INFRA.TRANSP,INFRA,0,0.75,agente:texto,2026-07-22T20:59:14Z
acta,ckan_diputados:3776,TRAB.LABOR,TRAB,0,0.75,agente:texto,2026-07-22T20:59:14Z
acta,ckan_diputados:3777,ENER.ELEC,ENER,1,0.95,agente:texto,2026-07-22T20:38:40Z
acta,ckan_diputados:3777,ENER.TARIFA,ENER,0,0.95,agente:texto,2026-07-22T20:38:40Z
acta,ckan_diputados:3778,ENER.ELEC,ENER,1,0.95,agente:texto,2026-07-22T20:38:57Z
acta,ckan_diputados:3778,ENER.TARIFA,ENER,0,0.95,agente:texto,2026-07-22T20:38:57Z
acta,ckan_diputados:3779,ECON.COPART,ECON,0,0.95,agente:texto,2026-07-22T20:48:20Z
acta,ckan_diputados:3779,ENER.ELEC,ENER,0,0.95,agente:texto,2026-07-22T20:48:20Z
acta,ckan_diputados:3779,ENER.TARIFA,ENER,1,0.95,agente:texto,2026-07-22T20:48:20Z
acta,ckan_diputados:378,POLINST.ELECT,POLINST,1,0.95,agente:texto,2026-07-22T21:03:25Z
acta,ckan_diputados:3780,ECON.COPART,ECON,0,0.95,agente:texto,2026-07-22T20:44:33Z
acta,ckan_diputados:3780,ENER.TARIFA,ENER,1,0.95,agente:texto,2026-07-22T20:44:33Z
acta,ckan_diputados:3781,ECON.COPART,ECON,0,0.95,agente:texto,2026-07-22T20:29:44Z
acta,ckan_diputados:3781,ENER.HIDRO,ENER,0,0.95,agente:texto,2026-07-22T20:29:44Z
acta,ckan_diputados:3781,ENER.TARIFA,ENER,1,0.95,agente:texto,2026-07-22T20:29:44Z
acta,ckan_diputados:3782,CULT.CULTURA,CULT,0,0.98,agente:texto,2026-07-22T20:53:25Z
acta,ckan_diputados:3782,DESREG.DESECO,DESREG,0,0.98,agente:texto,2026-07-22T20:53:25Z
acta,ckan_diputados:3782,ENER.COMBUS,ENER,0,0.98,agente:texto,2026-07-22T20:53:25Z
acta,ckan_diputados:3782,ENER.ELEC,ENER,0,0.98,agente:texto,2026-07-22T20:53:25Z
acta,ckan_diputados:3782,ENER.TARIFA,ENER,1,0.98,agente:texto,2026-07-22T20:53:25Z
acta,ckan_diputados:3783,ECON.COPART,ECON,0,0.95,agente:texto,2026-07-22T21:00:16Z
acta,ckan_diputados:3783,ECON.TRIB,ECON,1,0.95,agente:texto,2026-07-22T21:00:16Z
acta,ckan_diputados:3783,ENER.COMBUS,ENER,0,0.95,agente:texto,2026-07-22T21:00:16Z
acta,ckan_diputados:3784,ECON.COPART,ECON,0,0.95,agente:texto,2026-07-22T20:59:10Z
acta,ckan_diputados:3784,ENER.TARIFA,ENER,1,0.95,agente:texto,2026-07-22T20:59:10Z
acta,ckan_diputados:3784,PROD.REGESP,PROD,0,0.95,agente:texto,2026-07-22T20:59:10Z
acta,ckan_diputados:3785,ENER.COMBUS,ENER,0,0.95,agente:texto,2026-07-22T20:36:45Z
acta,ckan_diputados:3785,ENER.HIDRO,ENER,1,0.95,agente:texto,2026-07-22T20:36:45Z
acta,ckan_diputados:3785,ENER.TARIFA,ENER,0,0.95,agente:texto,2026-07-22T20:36:45Z
acta,ckan_diputados:3786,AMB.AGUA,AMB,0,0.95,agente:texto,2026-07-22T20:48:48Z
acta,ckan_diputados:3786,DESSOC.ASIST,DESSOC,0,0.95,agente:texto,2026-07-22T20:48:48Z
acta,ckan_diputados:3786,ENER.TARIFA,ENER,1,0.95,agente:texto,2026-07-22T20:48:48Z
acta,ckan_diputados:3786,INFRA.VIVIENDA,INFRA,0,0.95,agente:texto,2026-07-22T20:48:48Z
acta,ckan_diputados:3787,ECON.TRIB,ECON,1,0.95,agente:texto,2026-07-22T20:40:21Z
acta,ckan_diputados:3787,ENER.TARIFA,ENER,0,0.95,agente:texto,2026-07-22T20:40:21Z
acta,ckan_diputados:3788,ECON.COPART,ECON,0,0.95,agente:texto,2026-07-22T20:42:19Z
acta,ckan_diputados:3788,ENER.COMBUS,ENER,0,0.95,agente:texto,2026-07-22T20:42:19Z
acta,ckan_diputados:3788,ENER.TARIFA,ENER,1,0.95,agente:texto,2026-07-22T20:42:19Z
acta,ckan_diputados:3789,ECON.TRIB,ECON,1,0.95,agente:texto,2026-07-22T20:48:56Z
acta,ckan_diputados:3789,ENER.COMBUS,ENER,0,0.95,agente:texto,2026-07-22T20:48:56Z
acta,ckan_diputados:3789,ENER.HIDRO,ENER,0,0.95,agente:texto,2026-07-22T20:48:56Z
acta,ckan_diputados:379,POLINST.ELECT,POLINST,1,0.95,agente:texto,2026-07-22T21:03:27Z
acta,ckan_diputados:3790,DESSOC.ASIST,DESSOC,0,0.95,agente:texto,2026-07-22T21:01:12Z
acta,ckan_diputados:3790,ECON.TRIB,ECON,1,0.95,agente:texto,2026-07-22T21:01:12Z
acta,ckan_diputados:3791,DESSOC.ASIST,DESSOC,0,0.7,agente:texto,2026-07-22T20:53:21Z
acta,ckan_diputados:3791,ECON.PRESU,ECON,1,0.7,agente:texto,2026-07-22T20:53:21Z
acta,ckan_diputados:3791,ECON.TRIB,ECON,0,0.7,agente:texto,2026-07-22T20:53:21Z
acta,ckan_diputados:3792,ECON.TRIB,ECON,1,0.95,agente:texto,2026-07-22T20:48:51Z
acta,ckan_diputados:3793,ECON.TRIB,ECON,1,0.95,agente:texto,2026-07-22T20:47:30Z
acta,ckan_diputados:3793,PROD.COMEX,PROD,0,0.95,agente:texto,2026-07-22T20:47:30Z
acta,ckan_diputados:3793,PROD.INDPYME,PROD,0,0.95,agente:texto,2026-07-22T20:47:30Z
acta,ckan_diputados:3794,ECON.TRIB,ECON,1,0.95,agente:texto,2026-07-22T20:59:43Z
acta,ckan_diputados:3795,DERSOC.DDHH,DERSOC,0,0.6,agente:texto,2026-07-22T21:05:40Z
acta,ckan_diputados:3795,DESSOC.ASIST,DESSOC,1,0.6,agente:texto,2026-07-22T21:05:40Z
acta,ckan_diputados:3795,POLINST.ORGEST,POLINST,0,0.6,agente:texto,2026-07-22T21:05:40Z
acta,ckan_diputados:3796,ECON.EMERG,ECON,1,0.9,agente:texto,2026-07-22T20:49:25Z
acta,ckan_diputados:3796,ECON.TRIB,ECON,0,0.9,agente:texto,2026-07-22T20:49:25Z
acta,ckan_diputados:3796,ENER.TARIFA,ENER,0,0.9,agente:texto,2026-07-22T20:49:25Z
acta,ckan_diputados:3797,DERSOC.DDHH,DERSOC,0,0.85,agente:texto,2026-07-22T20:59:41Z
acta,ckan_diputados:3797,SALUD.SISTEMA,SALUD,1,0.85,agente:texto,2026-07-22T20:59:41Z
acta,ckan_diputados:3798,ECON.EMERG,ECON,0,0.85,agente:texto,2026-07-22T20:55:50Z
acta,ckan_diputados:3798,ECON.PRESU,ECON,1,0.85,agente:texto,2026-07-22T20:55:50Z
acta,ckan_diputados:3798,TRAB.PREV,TRAB,0,0.85,agente:texto,2026-07-22T20:55:50Z
acta,ckan_diputados:38,JUST.PROPIED,JUST,1,0.9,agente:texto,2026-07-22T20:42:13Z
acta,ckan_diputados:38,POLINST.ORGEST,POLINST,0,0.9,agente:texto,2026-07-22T20:42:13Z
acta,ckan_diputados:380,DERSOC.GENERO,DERSOC,0,0.95,agente:texto,2026-07-22T20:38:37Z
acta,ckan_diputados:380,JUST.PENAL,JUST,1,0.95,agente:texto,2026-07-22T20:38:37Z
acta,ckan_diputados:3800,DESREG.DESECO,DESREG,0,0.75,agente:texto,2026-07-22T21:08:53Z
acta,ckan_diputados:3800,ECON.PRESU,ECON,0,0.75,agente:texto,2026-07-22T21:08:53Z
acta,ckan_diputados:3800,PROD.INVER,PROD,1,0.75,agente:texto,2026-07-22T21:08:53Z
acta,ckan_diputados:3801,ECON.TRIB,ECON,1,0.95,agente:texto,2026-07-22T20:45:45Z
acta,ckan_diputados:3801,PROD.INDPYME,PROD,0,0.95,agente:texto,2026-07-22T20:45:45Z
acta,ckan_diputados:3801,TRAB.LABOR,TRAB,0,0.95,agente:texto,2026-07-22T20:45:45Z
acta,ckan_diputados:3802,DESREG.DESECO,DESREG,1,0.95,agente:texto,2026-07-22T21:04:58Z
acta,ckan_diputados:3802,JUST.CIVCOM,JUST,0,0.95,agente:texto,2026-07-22T21:04:58Z
acta,ckan_diputados:3802,PROD.COMEX,PROD,0,0.95,agente:texto,2026-07-22T21:04:58Z
acta,ckan_diputados:3803,ECON.EMERG,ECON,0,0.85,agente:texto,2026-07-22T21:06:53Z
acta,ckan_diputados:3803,ENER.TARIFA,ENER,1,0.85,agente:texto,2026-07-22T21:06:53Z
acta,ckan_diputados:3803,INFRA.TELECOM,INFRA,0,0.85,agente:texto,2026-07-22T21:06:53Z
acta,ckan_diputados:3803,INFRA.TRANSP,INFRA,0,0.85,agente:texto,2026-07-22T21:06:53Z
acta,ckan_diputados:3804,DESREG.DESECO,DESREG,0,0.85,agente:texto,2026-07-22T21:01:58Z
acta,ckan_diputados:3804,ECON.PRESU,ECON,0,0.85,agente:texto,2026-07-22T21:01:58Z
acta,ckan_diputados:3804,ENER.TARIFA,ENER,1,0.85,agente:texto,2026-07-22T21:01:58Z
acta,ckan_diputados:3805,DERSOC.DDHH,DERSOC,0,0.95,agente:texto,2026-07-22T21:07:37Z
acta,ckan_diputados:3805,DERSOC.GENERO,DERSOC,0,0.95,agente:texto,2026-07-22T21:07:37Z
acta,ckan_diputados:3805,JUST.CIVCOM,JUST,1,0.95,agente:texto,2026-07-22T21:07:37Z
acta,ckan_diputados:3805,SALUD.SISTEMA,SALUD,0,0.95,agente:texto,2026-07-22T21:07:37Z
acta,ckan_diputados:3807,DESREG.EMPUB,DESREG,0,0.85,agente:texto,2026-07-22T20:52:03Z
acta,ckan_diputados:3807,DESREG.SOCIED,DESREG,1,0.85,agente:texto,2026-07-22T20:52:03Z
acta,ckan_diputados:3807,INFRA.TELECOM,INFRA,0,0.85,agente:texto,2026-07-22T20:52:03Z
acta,ckan_diputados:3809,DEF.TRATADO,DEF,1,0.85,agente:texto,2026-07-22T20:59:55Z
acta,ckan_diputados:3809,ECON.DEUDA,ECON,0,0.85,agente:texto,2026-07-22T20:59:55Z
acta,ckan_diputados:3809,POLINST.ETICA,POLINST,0,0.85,agente:texto,2026-07-22T20:59:55Z
acta,ckan_diputados:381,DESREG.EMPUB,DESREG,0,0.95,agente:texto,2026-07-22T20:28:40Z
acta,ckan_diputados:381,ECON.COPART,ECON,0,0.95,agente:texto,2026-07-22T20:28:40Z
acta,ckan_diputados:381,INFRA.TRANSP,INFRA,1,0.95,agente:texto,2026-07-22T20:28:40Z
acta,ckan_diputados:3810,TRAB.EMPLEOPUB,TRAB,0,0.95,agente:texto,2026-07-22T21:03:33Z
acta,ckan_diputados:3810,TRAB.PREV,TRAB,1,0.95,agente:texto,2026-07-22T21:03:33Z
acta,ckan_diputados:3811,DEF.DEFENSA,DEF,1,0.95,agente:texto,2026-07-22T20:35:13Z
acta,ckan_diputados:3811,DERSOC.DDHH,DERSOC,0,0.95,agente:texto,2026-07-22T20:35:13Z
acta,ckan_diputados:3812,DESREG.EMPUB,DESREG,0,0.85,agente:texto,2026-07-22T21:08:04Z
acta,ckan_diputados:3812,ECON.EMERG,ECON,0,0.85,agente:texto,2026-07-22T21:08:04Z
acta,ckan_diputados:3812,TRAB.EMPLEOPUB,TRAB,1,0.85,agente:texto,2026-07-22T21:08:04Z
acta,ckan_diputados:3817,CYT.CIENCIA,CYT,0,0.95,agente:texto,2026-07-22T20:44:55Z
acta,ckan_diputados:3817,JUST.CIVCOM,JUST,0,0.95,agente:texto,2026-07-22T20:44:55Z
acta,ckan_diputados:3817,SALUD.SISTEMA,SALUD,1,0.95,agente:texto,2026-07-22T20:44:55Z
acta,ckan_diputados:3818,ECON.TRIB,ECON,0,0.95,agente:texto,2026-07-22T20:54:38Z
acta,ckan_diputados:3818,JUST.NARCO,JUST,0,0.95,agente:texto,2026-07-22T20:54:38Z
acta,ckan_diputados:3818,JUST.PENAL,JUST,1,0.95,agente:texto,2026-07-22T20:54:38Z
acta,ckan_diputados:3819,DEF.TRATADO,DEF,1,0.95,agente:texto,2026-07-22T20:37:01Z
acta,ckan_diputados:3819,PROD.COMEX,PROD,0,0.95,agente:texto,2026-07-22T20:37:01Z
acta,ckan_diputados:382,DESREG.EMPUB,DESREG,0,0.95,agente:texto,2026-07-22T20:28:44Z
acta,ckan_diputados:382,ECON.COPART,ECON,0,0.95,agente:texto,2026-07-22T20:28:44Z
acta,ckan_diputados:382,INFRA.TRANSP,INFRA,1,0.95,agente:texto,2026-07-22T20:28:44Z
acta,ckan_diputados:3820,JUST.CIVCOM,JUST,1,0.95,agente:texto,2026-07-22T21:09:29Z
acta,ckan_diputados:3820,PROD.COMEX,PROD,0,0.95,agente:texto,2026-07-22T21:09:29Z
acta,ckan_diputados:3821,DEF.TRATADO,DEF,1,0.95,agente:texto,2026-07-22T20:39:54Z
acta,ckan_diputados:3821,ENER.HIDRO,ENER,0,0.95,agente:texto,2026-07-22T20:39:54Z
acta,ckan_diputados:3822,INFRA.TRANSP,INFRA,0,0.75,agente:texto,2026-07-22T20:44:59Z
acta,ckan_diputados:3822,JUST.SEGINT,JUST,1,0.75,agente:texto,2026-07-22T20:44:59Z
acta,ckan_diputados:3823,AMB.BOSQUE,AMB,1,0.95,agente:texto,2026-07-22T20:50:02Z
acta,ckan_diputados:3823,ECON.COPART,ECON,0,0.95,agente:texto,2026-07-22T20:50:02Z
acta,ckan_diputados:3823,INFRA.OBRA,INFRA,0,0.95,agente:texto,2026-07-22T20:50:02Z
acta,ckan_diputados:3824,AMB.BOSQUE,AMB,1,0.85,agente:texto,2026-07-22T20:42:28Z
acta,ckan_diputados:3824,ECON.COPART,ECON,0,0.85,agente:texto,2026-07-22T20:42:28Z
acta,ckan_diputados:3824,POLINST.ORGEST,POLINST,0,0.85,agente:texto,2026-07-22T20:42:28Z
acta,ckan_diputados:3825,AMB.AGUA,AMB,0,0.8,agente:texto,2026-07-22T20:44:00Z
acta,ckan_diputados:3825,AMB.BOSQUE,AMB,0,0.8,agente:texto,2026-07-22T20:44:00Z
acta,ckan_diputados:3825,AMB.CLIMA,AMB,0,0.8,agente:texto,2026-07-22T20:44:00Z
acta,ckan_diputados:3825,AMB.MINER,AMB,0,0.8,agente:texto,2026-07-22T20:44:00Z
acta,ckan_diputados:3825,AMB.RESID,AMB,0,0.8,agente:texto,2026-07-22T20:44:00Z
acta,ckan_diputados:3825,POLINST.ETICA,POLINST,1,0.8,agente:texto,2026-07-22T20:44:00Z
acta,ckan_diputados:3826,DESREG.SOCIED,DESREG,1,0.7,agente:texto,2026-07-22T21:03:12Z
acta,ckan_diputados:3826,POLINST.ORGEST,POLINST,0,0.7,agente:texto,2026-07-22T21:03:12Z
acta,ckan_diputados:3827,DERSOC.GENERO,DERSOC,1,0.95,agente:texto,2026-07-22T20:51:55Z
acta,ckan_diputados:3827,DERSOC.NINEZ,DERSOC,0,0.95,agente:texto,2026-07-22T20:51:55Z
acta,ckan_diputados:3827,DESSOC.ASIST,DESSOC,0,0.95,agente:texto,2026-07-22T20:51:55Z
acta,ckan_diputados:3828,DESREG.DESECO,DESREG,0,0.85,agente:texto,2026-07-22T20:31:22Z
acta,ckan_diputados:3828,DESSOC.ASIST,DESSOC,1,0.85,agente:texto,2026-07-22T20:31:22Z
acta,ckan_diputados:3828,PROD.AGRO,PROD,0,0.85,agente:texto,2026-07-22T20:31:22Z
acta,ckan_diputados:3828,SALUD.MEDIC,SALUD,0,0.85,agente:texto,2026-07-22T20:31:22Z
acta,ckan_diputados:3829,DESSOC.ASIST,DESSOC,0,0.95,agente:texto,2026-07-22T20:35:24Z
acta,ckan_diputados:3829,INFRA.VIVIENDA,INFRA,1,0.95,agente:texto,2026-07-22T20:35:24Z
acta,ckan_diputados:3829,JUST.CIVCOM,JUST,0,0.95,agente:texto,2026-07-22T20:35:24Z
acta,ckan_diputados:3829,JUST.PROPIED,JUST,0,0.95,agente:texto,2026-07-22T20:35:24Z
acta,ckan_diputados:383,DESREG.EMPUB,DESREG,0,0.95,agente:texto,2026-07-22T20:28:36Z
acta,ckan_diputados:383,ECON.COPART,ECON,0,0.95,agente:texto,2026-07-22T20:28:36Z
acta,ckan_diputados:383,INFRA.TRANSP,INFRA,1,0.95,agente:texto,2026-07-22T20:28:36Z
acta,ckan_diputados:3830,AUX.SINCLASIF,AUX,1,0.0,agente:texto,2026-07-22T20:59:17Z
acta,ckan_diputados:3831,DEF.TRATADO,DEF,1,0.95,agente:texto,2026-07-22T20:29:03Z
acta,ckan_diputados:3831,ECON.TRIB,ECON,0,0.95,agente:texto,2026-07-22T20:29:03Z
acta,ckan_diputados:3832,ECON.PRESU,ECON,1,0.95,agente:texto,2026-07-22T20:59:38Z
acta,ckan_diputados:3833,DEF.TRATADO,DEF,0,0.95,agente:texto,2026-07-22T20:45:54Z
acta,ckan_diputados:3833,ECON.COPART,ECON,1,0.95,agente:texto,2026-07-22T20:45:54Z
acta,ckan_diputados:3833,ECON.TRIB,ECON,0,0.95,agente:texto,2026-07-22T20:45:54Z
acta,ckan_diputados:3834,DESREG.DESECO,DESREG,0,0.95,agente:texto,2026-07-22T21:06:36Z
acta,ckan_diputados:3834,PROD.AGRO,PROD,1,0.95,agente:texto,2026-07-22T21:06:36Z
acta,ckan_diputados:3834,PROD.INDPYME,PROD,0,0.95,agente:texto,2026-07-22T21:06:36Z
acta,ckan_diputados:3835,ECON.TRIB,ECON,1,0.95,agente:texto,2026-07-22T21:05:37Z
acta,ckan_diputados:3836,ECON.TRIB,ECON,1,0.95,agente:texto,2026-07-22T20:54:41Z
acta,ckan_diputados:3837,AUX.TRAMITE,AUX,1,0.95,agente:texto,2026-07-22T20:50:30Z
acta,ckan_diputados:3838,ECON.COPART,ECON,0,0.85,agente:texto,2026-07-22T20:34:14Z
acta,ckan_diputados:3838,INFRA.OBRA,INFRA,1,0.85,agente:texto,2026-07-22T20:34:14Z
acta,ckan_diputados:3838,INFRA.TRANSP,INFRA,0,0.85,agente:texto,2026-07-22T20:34:14Z
acta,ckan_diputados:3839,ECON.TRIB,ECON,1,0.95,agente:texto,2026-07-22T20:54:01Z
acta,ckan_diputados:384,DEF.TRATADO,DEF,0,0.75,agente:texto,2026-07-22T20:41:20Z
acta,ckan_diputados:384,ECON.DEUDA,ECON,1,0.75,agente:texto,2026-07-22T20:41:20Z
acta,ckan_diputados:384,ECON.PRESU,ECON,0,0.75,agente:texto,2026-07-22T20:41:20Z
acta,ckan_diputados:3840,AMB.BOSQUE,AMB,1,0.95,agente:texto,2026-07-22T20:41:37Z
acta,ckan_diputados:3840,DEF.TRATADO,DEF,0,0.95,agente:texto,2026-07-22T20:41:37Z
acta,ckan_diputados:3840,POLINST.ORGEST,POLINST,0,0.95,agente:texto,2026-07-22T20:41:37Z
acta,ckan_diputados:3841,AMB.BOSQUE,AMB,1,0.9,agente:texto,2026-07-22T20:53:40Z
acta,ckan_diputados:3841,ECON.TRIB,ECON,0,0.9,agente:texto,2026-07-22T20:53:40Z
acta,ckan_diputados:3841,PROD.AGRO,PROD,0,0.9,agente:texto,2026-07-22T20:53:40Z
acta,ckan_diputados:3841,PROD.INVER,PROD,0,0.9,agente:texto,2026-07-22T20:53:40Z
acta,ckan_diputados:3842,AMB.CLIMA,AMB,1,0.85,agente:texto,2026-07-22T20:36:37Z
acta,ckan_diputados:3842,DESREG.DESECO,DESREG,0,0.85,agente:texto,2026-07-22T20:36:37Z
acta,ckan_diputados:3842,ENER.RENOV,ENER,0,0.85,agente:texto,2026-07-22T20:36:37Z
acta,ckan_diputados:3842,PROD.COMEX,PROD,0,0.85,agente:texto,2026-07-22T20:36:37Z
acta,ckan_diputados:3843,SALUD.MEDIC,SALUD,1,0.85,agente:texto,2026-07-22T20:51:59Z
acta,ckan_diputados:3843,SALUD.SISTEMA,SALUD,0,0.85,agente:texto,2026-07-22T20:51:59Z
acta,ckan_diputados:3844,CULT.DEPORTE,CULT,1,0.95,agente:texto,2026-07-22T20:31:15Z
acta,ckan_diputados:3844,SALUD.SISTEMA,SALUD,0,0.95,agente:texto,2026-07-22T20:31:15Z
acta,ckan_diputados:3845,AMB.AGUA,AMB,1,0.95,agente:texto,2026-07-22T20:49:49Z
acta,ckan_diputados:3845,AMB.BOSQUE,AMB,0,0.95,agente:texto,2026-07-22T20:49:49Z
acta,ckan_diputados:3845,PROD.AGRO,PROD,0,0.95,agente:texto,2026-07-22T20:49:49Z
acta,ckan_diputados:3846,DESSOC.ASIST,DESSOC,0,0.85,agente:texto,2026-07-22T20:52:09Z
acta,ckan_diputados:3846,INFRA.VIVIENDA,INFRA,1,0.85,agente:texto,2026-07-22T20:52:09Z
acta,ckan_diputados:3846,JUST.PROPIED,JUST,0,0.85,agente:texto,2026-07-22T20:52:09Z
acta,ckan_diputados:3847,JUST.JUDIC,JUST,1,0.95,agente:texto,2026-07-22T21:06:14Z
acta,ckan_diputados:3848,JUST.CIVCOM,JUST,1,0.95,agente:texto,2026-07-22T20:45:29Z
acta,ckan_diputados:3848,JUST.JUDIC,JUST,0,0.95,agente:texto,2026-07-22T20:45:29Z
acta,ckan_diputados:385,JUST.PENAL,JUST,1,0.95,agente:texto,2026-07-22T20:43:25Z
acta,ckan_diputados:3850,CYT.CIBER,CYT,0,0.95,agente:texto,2026-07-22T20:32:52Z
acta,ckan_diputados:3850,DEF.TRATADO,DEF,1,0.95,agente:texto,2026-07-22T20:32:52Z
acta,ckan_diputados:3850,DERSOC.DDHH,DERSOC,0,0.95,agente:texto,2026-07-22T20:32:52Z
acta,ckan_diputados:3851,DESREG.SOCIED,DESREG,0,0.95,agente:texto,2026-07-22T20:48:41Z
acta,ckan_diputados:3851,JUST.CIVCOM,JUST,1,0.95,agente:texto,2026-07-22T20:48:41Z
acta,ckan_diputados:3852,DEF.DEFENSA,DEF,1,0.95,agente:texto,2026-07-22T20:35:27Z
acta,ckan_diputados:3852,DEF.TRATADO,DEF,0,0.95,agente:texto,2026-07-22T20:35:27Z
acta,ckan_diputados:3853,AUX.TRAMITE,AUX,1,0.95,agente:texto,2026-07-22T20:41:34Z
acta,ckan_diputados:3854,DESREG.MODEST,DESREG,0,0.85,agente:texto,2026-07-22T21:07:11Z
acta,ckan_diputados:3854,EDU.BASICA,EDU,1,0.85,agente:texto,2026-07-22T21:07:11Z
acta,ckan_diputados:3856,DESREG.SOCIED,DESREG,0,0.95,agente:texto,2026-07-22T20:29:51Z
acta,ckan_diputados:3856,ECON.PRESU,ECON,0,0.95,agente:texto,2026-07-22T20:29:51Z
acta,ckan_diputados:3856,ECON.TRIB,ECON,1,0.95,agente:texto,2026-07-22T20:29:51Z
acta,ckan_diputados:3857,CULT.DEPORTE,CULT,0,0.95,agente:texto,2026-07-22T20:56:16Z
acta,ckan_diputados:3857,JUST.PENAL,JUST,1,0.95,agente:texto,2026-07-22T20:56:16Z
acta,ckan_diputados:3857,JUST.SEGINT,JUST,0,0.95,agente:texto,2026-07-22T20:56:16Z
acta,ckan_diputados:3858,CULT.DEPORTE,CULT,0,0.95,agente:texto,2026-07-22T20:54:20Z
acta,ckan_diputados:3858,JUST.PENAL,JUST,1,0.95,agente:texto,2026-07-22T20:54:20Z
acta,ckan_diputados:3858,JUST.SEGINT,JUST,0,0.95,agente:texto,2026-07-22T20:54:20Z
acta,ckan_diputados:3859,JUST.PENAL,JUST,1,0.95,agente:texto,2026-07-22T20:53:50Z
acta,ckan_diputados:3859,JUST.SEGINT,JUST,0,0.95,agente:texto,2026-07-22T20:53:50Z
acta,ckan_diputados:386,DEF.EXTERIOR,DEF,0,0.95,agente:texto,2026-07-22T20:34:57Z
acta,ckan_diputados:386,DEF.TRATADO,DEF,1,0.95,agente:texto,2026-07-22T20:34:57Z
acta,ckan_diputados:386,JUST.SEGINT,JUST,0,0.95,agente:texto,2026-07-22T20:34:57Z
acta,ckan_diputados:3860,AUX.TRAMITE,AUX,1,0.95,agente:texto,2026-07-22T20:57:11Z
acta,ckan_diputados:3862,DERSOC.DDHH,DERSOC,0,0.95,agente:texto,2026-07-22T20:45:48Z
acta,ckan_diputados:3862,DERSOC.GENERO,DERSOC,1,0.95,agente:texto,2026-07-22T20:45:48Z
acta,ckan_diputados:3862,POLINST.ORGEST,POLINST,0,0.95,agente:texto,2026-07-22T20:45:48Z
acta,ckan_diputados:3863,DEF.TRATADO,DEF,1,0.95,agente:texto,2026-07-22T20:33:51Z
acta,ckan_diputados:3863,PROD.COMEX,PROD,0,0.95,agente:texto,2026-07-22T20:33:51Z
acta,ckan_diputados:3864,ECON.TRIB,ECON,1,0.95,agente:texto,2026-07-22T20:44:27Z
acta,ckan_diputados:3865,ENER.TARIFA,ENER,1,0.95,agente:texto,2026-07-22T20:33:56Z
acta,ckan_diputados:3865,SALUD.DISCAP,SALUD,0,0.95,agente:texto,2026-07-22T20:33:56Z
acta,ckan_diputados:3866,DESREG.DESECO,DESREG,0,0.85,agente:texto,2026-07-22T20:30:04Z
acta,ckan_diputados:3866,ECON.MON,ECON,1,0.85,agente:texto,2026-07-22T20:30:04Z
acta,ckan_diputados:3866,ECON.TRIB,ECON,0,0.85,agente:texto,2026-07-22T20:30:04Z
acta,ckan_diputados:3867,AUX.HOMENAJE,AUX,0,0.85,agente:texto,2026-07-22T21:03:44Z
acta,ckan_diputados:3867,CULT.DEPORTE,CULT,1,0.85,agente:texto,2026-07-22T21:03:44Z
acta,ckan_diputados:3868,AMB.BOSQUE,AMB,1,0.7,agente:texto,2026-07-22T21:01:26Z
acta,ckan_diputados:3868,AUX.HOMENAJE,AUX,0,0.7,agente:texto,2026-07-22T21:01:26Z
acta,ckan_diputados:3869,AUX.HOMENAJE,AUX,0,0.85,agente:texto,2026-07-22T20:47:49Z
acta,ckan_diputados:3869,DERSOC.GENERO,DERSOC,1,0.85,agente:texto,2026-07-22T20:47:49Z
acta,ckan_diputados:387,ECON.DEUDA,ECON,0,0.95,agente:texto,2026-07-22T20:51:00Z
acta,ckan_diputados:387,ECON.MON,ECON,1,0.95,agente:texto,2026-07-22T20:51:00Z
acta,ckan_diputados:3870,POLINST.ELECT,POLINST,1,0.95,agente:texto,2026-07-22T20:52:39Z
acta,ckan_diputados:3871,AMB.RESID,AMB,1,0.95,agente:texto,2026-07-22T20:42:31Z
acta,ckan_diputados:3871,AUX.SINCLASIF,AUX,1,0.99,manual,2026-09-07T19:08:32Z
acta,ckan_diputados:3871,JUST.PENAL,JUST,0,0.95,agente:texto,2026-07-22T20:42:31Z
acta,ckan_diputados:3871,PROD.AGRO,PROD,0,0.95,agente:texto,2026-07-22T20:42:31Z
acta,ckan_diputados:3872,DESREG.SOCIED,DESREG,0,0.95,agente:texto,2026-07-22T20:35:03Z
acta,ckan_diputados:3872,JUST.CIVCOM,JUST,1,0.95,agente:texto,2026-07-22T20:35:03Z
acta,ckan_diputados:3873,JUST.JUDIC,JUST,0,0.95,agente:texto,2026-07-22T20:36:42Z
acta,ckan_diputados:3873,JUST.NARCO,JUST,0,0.95,agente:texto,2026-07-22T20:36:42Z
acta,ckan_diputados:3873,JUST.PENAL,JUST,1,0.95,agente:texto,2026-07-22T20:36:42Z
acta,ckan_diputados:3874,CYT.INNOV,CYT,1,0.95,agente:texto,2026-07-22T21:06:23Z
acta,ckan_diputados:3874,ECON.EMERG,ECON,0,0.95,agente:texto,2026-07-22T21:06:23Z
acta,ckan_diputados:3874,PROD.INVER,PROD,0,0.95,agente:texto,2026-07-22T21:06:23Z
acta,ckan_diputados:3875,CYT.INNOV,CYT,1,0.95,agente:texto,2026-07-22T21:06:20Z
acta,ckan_diputados:3875,DESREG.DESECO,DESREG,0,0.95,agente:texto,2026-07-22T21:06:20Z
acta,ckan_diputados:3875,PROD.INVER,PROD,0,0.95,agente:texto,2026-07-22T21:06:20Z
acta,ckan_diputados:3876,CYT.INNOV,CYT,1,0.95,agente:texto,2026-07-22T21:06:17Z
acta,ckan_diputados:3876,DESREG.DESECO,DESREG,0,0.95,agente:texto,2026-07-22T21:06:17Z
acta,ckan_diputados:3876,ECON.TRIB,ECON,0,0.95,agente:texto,2026-07-22T21:06:17Z
acta,ckan_diputados:3876,PROD.INVER,PROD,0,0.95,agente:texto,2026-07-22T21:06:17Z
acta,ckan_diputados:3877,DESREG.SOCIED,DESREG,0,0.85,agente:texto,2026-07-22T21:07:29Z
acta,ckan_diputados:3877,SALUD.SISTEMA,SALUD,1,0.85,agente:texto,2026-07-22T21:07:29Z
acta,ckan_diputados:3878,ECON.COPART,ECON,0,0.95,agente:texto,2026-07-22T20:34:54Z
acta,ckan_diputados:3878,ECON.EMERG,ECON,1,0.95,agente:texto,2026-07-22T20:34:54Z
acta,ckan_diputados:3878,PROD.AGRO,PROD,0,0.95,agente:texto,2026-07-22T20:34:54Z
acta,ckan_diputados:3879,AUX.HOMENAJE,AUX,0,0.85,agente:texto,2026-07-22T20:43:23Z
acta,ckan_diputados:3879,CULT.CULTURA,CULT,1,0.85,agente:texto,2026-07-22T20:43:23Z
acta,ckan_diputados:388,DEF.DEFENSA,DEF,1,0.95,agente:texto,2026-07-22T20:34:51Z
acta,ckan_diputados:388,DEF.EXTERIOR,DEF,0,0.95,agente:texto,2026-07-22T20:34:51Z
acta,ckan_diputados:388,DEF.TRATADO,DEF,0,0.95,agente:texto,2026-07-22T20:34:51Z
acta,ckan_diputados:3880,AUX.HOMENAJE,AUX,1,0.95,agente:texto,2026-07-22T20:46:13Z
acta,ckan_diputados:3881,AUX.HOMENAJE,AUX,0,0.6,agente:texto,2026-07-22T20:47:18Z
acta,ckan_diputados:3881,SALUD.DISCAP,SALUD,1,0.6,agente:texto,2026-07-22T20:47:18Z
acta,ckan_diputados:3882,AUX.HOMENAJE,AUX,1,0.95,agente:texto,2026-07-22T20:58:31Z
acta,ckan_diputados:3883,AUX.HOMENAJE,AUX,0,0.75,agente:texto,2026-07-22T21:01:34Z
acta,ckan_diputados:3883,SALUD.DISCAP,SALUD,1,0.75,agente:texto,2026-07-22T21:01:34Z
acta,ckan_diputados:3884,AUX.HOMENAJE,AUX,1,0.95,agente:texto,2026-07-22T20:55:23Z
acta,ckan_diputados:3885,AUX.HOMENAJE,AUX,1,0.95,agente:texto,2026-07-22T20:53:48Z
acta,ckan_diputados:3886,AUX.HOMENAJE,AUX,0,0.65,agente:texto,2026-07-22T20:51:33Z
acta,ckan_diputados:3886,CULT.CULTURA,CULT,1,0.65,agente:texto,2026-07-22T20:51:33Z
acta,ckan_diputados:3887,ECON.COPART,ECON,0,0.95,agente:texto,2026-07-22T20:40:33Z
acta,ckan_diputados:3887,ECON.EMERG,ECON,1,0.95,agente:texto,2026-07-22T20:40:33Z
acta,ckan_diputados:3887,PROD.AGRO,PROD,0,0.95,agente:texto,2026-07-22T20:40:33Z
acta,ckan_diputados:3888,AUX.TRAMITE,AUX,1,0.95,agente:texto,2026-07-22T20:43:21Z
acta,ckan_diputados:3889,POLINST.ETICA,POLINST,0,0.95,agente:texto,2026-07-22T21:02:15Z
acta,ckan_diputados:3889,POLINST.PARTIDOS,POLINST,1,0.95,agente:texto,2026-07-22T21:02:15Z
acta,ckan_diputados:389,DERSOC.DDHH,DERSOC,0,0.95,agente:texto,2026-07-22T20:36:18Z
acta,ckan_diputados:389,DERSOC.NINEZ,DERSOC,0,0.95,agente:texto,2026-07-22T20:36:18Z
acta,ckan_diputados:389,JUST.PENAL,JUST,1,0.95,agente:texto,2026-07-22T20:36:18Z
acta,ckan_diputados:3890,POLINST.ETICA,POLINST,0,0.9,agente:texto,2026-07-22T21:04:54Z
acta,ckan_diputados:3890,POLINST.PARTIDOS,POLINST,1,0.9,agente:texto,2026-07-22T21:04:54Z
acta,ckan_diputados:3891,POLINST.ETICA,POLINST,0,0.95,agente:texto,2026-07-22T21:05:11Z
acta,ckan_diputados:3891,POLINST.PARTIDOS,POLINST,1,0.95,agente:texto,2026-07-22T21:05:11Z
acta,ckan_diputados:3892,POLINST.ETICA,POLINST,0,0.95,agente:texto,2026-07-22T21:05:08Z
acta,ckan_diputados:3892,POLINST.PARTIDOS,POLINST,1,0.95,agente:texto,2026-07-22T21:05:08Z
acta,ckan_diputados:3893,POLINST.ETICA,POLINST,0,0.95,agente:texto,2026-07-22T21:05:04Z
acta,ckan_diputados:3893,POLINST.PARTIDOS,POLINST,1,0.95,agente:texto,2026-07-22T21:05:04Z
acta,ckan_diputados:3894,POLINST.ETICA,POLINST,0,0.95,agente:texto,2026-07-22T21:06:41Z
acta,ckan_diputados:3894,POLINST.PARTIDOS,POLINST,1,0.95,agente:texto,2026-07-22T21:06:41Z
acta,ckan_diputados:3895,POLINST.ETICA,POLINST,0,0.95,agente:texto,2026-07-22T21:06:46Z
acta,ckan_diputados:3895,POLINST.PARTIDOS,POLINST,1,0.95,agente:texto,2026-07-22T21:06:46Z
acta,ckan_diputados:3896,POLINST.ETICA,POLINST,0,0.95,agente:texto,2026-07-22T21:06:44Z
acta,ckan_diputados:3896,POLINST.PARTIDOS,POLINST,1,0.95,agente:texto,2026-07-22T21:06:44Z
acta,ckan_diputados:3897,POLINST.ETICA,POLINST,0,0.95,agente:texto,2026-07-22T21:05:42Z
acta,ckan_diputados:3897,POLINST.PARTIDOS,POLINST,1,0.95,agente:texto,2026-07-22T21:05:42Z
acta,ckan_diputados:3898,POLINST.ETICA,POLINST,0,0.95,agente:texto,2026-07-22T21:05:56Z
acta,ckan_diputados:3898,POLINST.PARTIDOS,POLINST,1,0.95,agente:texto,2026-07-22T21:05:56Z
acta,ckan_diputados:3899,POLINST.ETICA,POLINST,0,0.95,agente:texto,2026-07-22T21:05:52Z
acta,ckan_diputados:3899,POLINST.PARTIDOS,POLINST,1,0.95,agente:texto,2026-07-22T21:05:52Z
acta,ckan_diputados:39,DESREG.SOCIED,DESREG,0,0.85,agente:texto,2026-07-22T21:07:17Z
acta,ckan_diputados:39,TRAB.EMPLEOPUB,TRAB,0,0.85,agente:texto,2026-07-22T21:07:17Z
acta,ckan_diputados:39,TRAB.LABOR,TRAB,1,0.85,agente:texto,2026-07-22T21:07:17Z
acta,ckan_diputados:390,AUX.TRAMITE,AUX,1,0.95,agente:texto,2026-07-22T20:43:35Z
acta,ckan_diputados:3900,AUX.SINCLASIF,AUX,1,0.99,manual,2026-09-07T19:08:32Z
acta,ckan_diputados:3900,DESREG.DESECO,DESREG,0,0.85,agente:texto,2026-07-22T20:52:15Z
acta,ckan_diputados:3900,PROD.COMEX,PROD,1,0.85,agente:texto,2026-07-22T20:52:15Z
acta,ckan_diputados:3900,PROD.REGESP,PROD,0,0.85,agente:texto,2026-07-22T20:52:15Z
acta,ckan_diputados:3901,DERSOC.DDHH,DERSOC,0,0.85,agente:texto,2026-07-22T20:48:26Z
acta,ckan_diputados:3901,DESSOC.ASIST,DESSOC,1,0.85,agente:texto,2026-07-22T20:48:26Z
acta,ckan_diputados:3901,ECON.PRESU,ECON,0,0.85,agente:texto,2026-07-22T20:48:26Z
acta,ckan_diputados:3902,INFRA.TRANSP,INFRA,1,0.8,agente:texto,2026-07-22T20:36:58Z
acta,ckan_diputados:3902,JUST.SEGINT,JUST,0,0.8,agente:texto,2026-07-22T20:36:58Z
acta,ckan_diputados:3903,AMB.AGUA,AMB,1,0.95,agente:texto,2026-07-22T20:33:35Z
acta,ckan_diputados:3903,DEF.TRATADO,DEF,0,0.95,agente:texto,2026-07-22T20:33:35Z
acta,ckan_diputados:3903,POLINST.ORGEST,POLINST,0,0.95,agente:texto,2026-07-22T20:33:35Z
acta,ckan_diputados:3904,DERSOC.DDHH,DERSOC,1,0.85,agente:texto,2026-07-22T20:55:08Z
acta,ckan_diputados:3904,JUST.CIVCOM,JUST,0,0.85,agente:texto,2026-07-22T20:55:08Z
acta,ckan_diputados:3904,POLINST.ETICA,POLINST,0,0.85,agente:texto,2026-07-22T20:55:08Z
acta,ckan_diputados:3905,DEF.TRATADO,DEF,1,0.95,agente:texto,2026-07-22T20:42:58Z
acta,ckan_diputados:3905,PROD.COMEX,PROD,0,0.95,agente:texto,2026-07-22T20:42:58Z
acta,ckan_diputados:3905,PROD.INVER,PROD,0,0.95,agente:texto,2026-07-22T20:42:58Z
acta,ckan_diputados:391,CYT.CIENCIA,CYT,0,0.95,agente:texto,2026-07-22T20:31:28Z
acta,ckan_diputados:391,DEF.TRATADO,DEF,1,0.95,agente:texto,2026-07-22T20:31:28Z
acta,ckan_diputados:391,DERSOC.DDHH,DERSOC,0,0.95,agente:texto,2026-07-22T20:31:28Z
acta,ckan_diputados:3918,AUX.SINCLASIF,AUX,1,0.0,agente:texto,2026-09-06T13:28:31Z
acta,ckan_diputados:392,JUST.PROPIED,JUST,1,0.95,agente:texto,2026-07-22T20:32:07Z
acta,ckan_diputados:392,POLINST.ORGEST,POLINST,0,0.95,agente:texto,2026-07-22T20:32:07Z
acta,ckan_diputados:3922,AUX.SINCLASIF,AUX,1,0.99,manual,2026-09-07T19:08:32Z
acta,ckan_diputados:393,DERSOC.DDHH,DERSOC,0,0.95,agente:texto,2026-07-22T21:00:13Z
acta,ckan_diputados:393,DERSOC.GENERO,DERSOC,1,0.95,agente:texto,2026-07-22T21:00:13Z
acta,ckan_diputados:393,JUST.CIVCOM,JUST,0,0.95,agente:texto,2026-07-22T21:00:13Z
acta,ckan_diputados:394,DERSOC.DDHH,DERSOC,0,0.95,agente:texto,2026-07-22T21:00:10Z
acta,ckan_diputados:394,DERSOC.GENERO,DERSOC,1,0.95,agente:texto,2026-07-22T21:00:10Z
acta,ckan_diputados:394,JUST.CIVCOM,JUST,0,0.95,agente:texto,2026-07-22T21:00:10Z
acta,ckan_diputados:395,DERSOC.DDHH,DERSOC,0,0.95,agente:texto,2026-07-22T21:00:04Z
acta,ckan_diputados:395,DERSOC.GENERO,DERSOC,1,0.95,agente:texto,2026-07-22T21:00:04Z
acta,ckan_diputados:395,JUST.CIVCOM,JUST,0,0.95,agente:texto,2026-07-22T21:00:04Z
acta,ckan_diputados:396,AMB.BOSQUE,AMB,0,0.95,agente:texto,2026-07-22T20:32:01Z
acta,ckan_diputados:396,DERSOC.ORIGIN,DERSOC,1,0.95,agente:texto,2026-07-22T20:32:01Z
acta,ckan_diputados:396,JUST.PROPIED,JUST,0,0.95,agente:texto,2026-07-22T20:32:01Z
acta,ckan_diputados:3960,AUX.TRAMITE,AUX,1,0.95,agente:texto,2026-07-22T21:30:19Z
acta,ckan_diputados:3961,AUX.TRAMITE,AUX,1,1.0,agente:texto,2026-07-22T21:30:24Z
acta,ckan_diputados:3962,AUX.TRAMITE,AUX,1,1.0,agente:texto,2026-07-22T21:30:26Z
acta,ckan_diputados:3963,AUX.SINCLASIF,AUX,1,0.0,agente:texto,2026-07-22T21:30:28Z
acta,ckan_diputados:397,DERSOC.DDHH,DERSOC,0,0.85,agente:texto,2026-07-22T21:03:53Z
acta,ckan_diputados:397,SALUD.SISTEMA,SALUD,1,0.85,agente:texto,2026-07-22T21:03:53Z
acta,ckan_diputados:398,SALUD.MEDIC,SALUD,0,0.95,agente:texto,2026-07-22T21:02:48Z
acta,ckan_diputados:398,SALUD.SISTEMA,SALUD,1,0.95,agente:texto,2026-07-22T21:02:48Z
acta,ckan_diputados:399,JUST.PENAL,JUST,1,0.95,agente:texto,2026-07-22T20:32:38Z
acta,ckan_diputados:399,TRAB.PREV,TRAB,0,0.95,agente:texto,2026-07-22T20:32:38Z
acta,ckan_diputados:4,AUX.TRAMITE,AUX,0,0.7,agente:texto,2026-07-22T20:50:51Z
acta,ckan_diputados:4,ECON.EMERG,ECON,1,0.7,agente:texto,2026-07-22T20:50:51Z
acta,ckan_diputados:40,JUST.PENAL,JUST,1,0.95,agente:texto,2026-07-22T20:49:14Z
acta,ckan_diputados:400,DEF.TRATADO,DEF,0,0.95,agente:texto,2026-07-22T20:30:43Z
acta,ckan_diputados:400,DERSOC.DDHH,DERSOC,0,0.95,agente:texto,2026-07-22T20:30:43Z
acta,ckan_diputados:400,DERSOC.GENERO,DERSOC,1,0.95,agente:texto,2026-07-22T20:30:43Z
acta,ckan_diputados:400,POLINST.CONST,POLINST,0,0.95,agente:texto,2026-07-22T20:30:43Z
acta,ckan_diputados:401,AMB.CLIMA,AMB,0,0.95,agente:texto,2026-07-22T20:30:50Z
acta,ckan_diputados:401,ECON.DEUDA,ECON,0,0.95,agente:texto,2026-07-22T20:30:50Z
acta,ckan_diputados:401,ECON.EMERG,ECON,0,0.95,agente:texto,2026-07-22T20:30:50Z
acta,ckan_diputados:401,PROD.AGRO,PROD,1,0.95,agente:texto,2026-07-22T20:30:50Z
acta,ckan_diputados:402,DESREG.DESECO,DESREG,0,0.85,agente:texto,2026-07-22T20:44:46Z
acta,ckan_diputados:402,PROD.COMEX,PROD,0,0.85,agente:texto,2026-07-22T20:44:46Z
acta,ckan_diputados:402,SALUD.SISTEMA,SALUD,1,0.85,agente:texto,2026-07-22T20:44:46Z
acta,ckan_diputados:403,CYT.INNOV,CYT,0,0.85,agente:texto,2026-07-22T20:46:57Z
acta,ckan_diputados:403,ECON.TRIB,ECON,0,0.85,agente:texto,2026-07-22T20:46:57Z
acta,ckan_diputados:403,PROD.COMEX,PROD,0,0.85,agente:texto,2026-07-22T20:46:57Z
acta,ckan_diputados:403,PROD.INVER,PROD,1,0.85,agente:texto,2026-07-22T20:46:57Z
acta,ckan_diputados:404,CYT.INNOV,CYT,1,0.9,agente:texto,2026-07-22T20:47:04Z
acta,ckan_diputados:404,ECON.TRIB,ECON,0,0.9,agente:texto,2026-07-22T20:47:04Z
acta,ckan_diputados:404,PROD.COMEX,PROD,0,0.9,agente:texto,2026-07-22T20:47:04Z
acta,ckan_diputados:404,PROD.INVER,PROD,0,0.9,agente:texto,2026-07-22T20:47:04Z
acta,ckan_diputados:405,DEF.EXTERIOR,DEF,0,0.85,agente:texto,2026-07-22T20:47:37Z
acta,ckan_diputados:405,DERSOC.DDHH,DERSOC,1,0.85,agente:texto,2026-07-22T20:47:37Z
acta,ckan_diputados:405,JUST.SEGINT,JUST,0,0.85,agente:texto,2026-07-22T20:47:37Z
acta,ckan_diputados:406,DESSOC.ASIST,DESSOC,0,0.95,agente:texto,2026-07-22T21:01:51Z
acta,ckan_diputados:406,ECON.EMERG,ECON,0,0.95,agente:texto,2026-07-22T21:01:51Z
acta,ckan_diputados:406,PROD.AGRO,PROD,1,0.95,agente:texto,2026-07-22T21:01:51Z
acta,ckan_diputados:407,AUX.TRAMITE,AUX,1,0.95,agente:texto,2026-07-22T20:51:08Z
acta,ckan_diputados:408,CULT.DEPORTE,CULT,0,0.75,agente:texto,2026-07-22T21:07:03Z
acta,ckan_diputados:408,DESSOC.ASIST,DESSOC,0,0.75,agente:texto,2026-07-22T21:07:03Z
acta,ckan_diputados:408,INFRA.VIVIENDA,INFRA,0,0.75,agente:texto,2026-07-22T21:07:03Z
acta,ckan_diputados:408,PROD.AGRO,PROD,1,0.75,agente:texto,2026-07-22T21:07:03Z
acta,ckan_diputados:409,DESREG.DESECO,DESREG,0,0.95,agente:texto,2026-07-22T20:36:55Z
acta,ckan_diputados:409,POLINST.ORGEST,POLINST,0,0.95,agente:texto,2026-07-22T20:36:55Z
acta,ckan_diputados:409,SALUD.SISTEMA,SALUD,1,0.95,agente:texto,2026-07-22T20:36:55Z
acta,ckan_diputados:41,AUX.TRAMITE,AUX,1,0.95,agente:texto,2026-07-22T20:45:50Z
acta,ckan_diputados:410,JUST.NARCO,JUST,0,0.95,agente:texto,2026-07-22T20:29:24Z
acta,ckan_diputados:410,JUST.PENAL,JUST,1,0.95,agente:texto,2026-07-22T20:29:24Z
acta,ckan_diputados:411,CULT.MEDIOS,CULT,0,0.85,agente:texto,2026-07-22T20:46:24Z
acta,ckan_diputados:411,JUST.SEGINT,JUST,0,0.85,agente:texto,2026-07-22T20:46:24Z
acta,ckan_diputados:411,POLINST.ETICA,POLINST,1,0.85,agente:texto,2026-07-22T20:46:24Z
acta,ckan_diputados:412,TRAB.LABOR,TRAB,1,0.95,agente:texto,2026-07-22T20:53:33Z
acta,ckan_diputados:414,DESREG.SOCIED,DESREG,0,0.95,agente:texto,2026-07-22T20:33:18Z
acta,ckan_diputados:414,ECON.EMERG,ECON,0,0.95,agente:texto,2026-07-22T20:33:18Z
acta,ckan_diputados:414,JUST.CIVCOM,JUST,1,0.95,agente:texto,2026-07-22T20:33:18Z
acta,ckan_diputados:414,TRAB.LABOR,TRAB,0,0.95,agente:texto,2026-07-22T20:33:18Z
acta,ckan_diputados:415,DEF.TRATADO,DEF,1,0.95,agente:texto,2026-07-22T20:42:50Z
acta,ckan_diputados:416,AUX.TRAMITE,AUX,1,0.95,agente:texto,2026-07-22T20:38:14Z
acta,ckan_diputados:417,AUX.HOMENAJE,AUX,0,0.85,agente:texto,2026-07-22T20:47:40Z
acta,ckan_diputados:417,DERSOC.DDHH,DERSOC,1,0.85,agente:texto,2026-07-22T20:47:40Z
acta,ckan_diputados:418,DERSOC.DDHH,DERSOC,0,0.95,agente:texto,2026-07-22T20:53:28Z
acta,ckan_diputados:418,JUST.PENAL,JUST,1,0.95,agente:texto,2026-07-22T20:53:28Z
acta,ckan_diputados:419,ECON.PRESU,ECON,0,0.95,agente:texto,2026-07-22T20:29:57Z
acta,ckan_diputados:419,PROD.AGRO,PROD,1,0.95,agente:texto,2026-07-22T20:29:57Z
acta,ckan_diputados:42,DESREG.EMPUB,DESREG,1,0.9,agente:texto,2026-07-22T20:44:12Z
acta,ckan_diputados:42,ECON.PRESU,ECON,0,0.9,agente:texto,2026-07-22T20:44:12Z
acta,ckan_diputados:42,ENER.HIDRO,ENER,0,0.9,agente:texto,2026-07-22T20:44:12Z
acta,ckan_diputados:42,TRAB.EMPLEOPUB,TRAB,0,0.9,agente:texto,2026-07-22T20:44:12Z
acta,ckan_diputados:420,DEF.TRATADO,DEF,1,0.95,agente:texto,2026-07-22T20:32:18Z
acta,ckan_diputados:420,TRAB.ART,TRAB,0,0.95,agente:texto,2026-07-22T20:32:18Z
acta,ckan_diputados:421,JUST.PENAL,JUST,0,0.95,agente:texto,2026-07-22T20:53:36Z
acta,ckan_diputados:421,TRAB.LABOR,TRAB,1,0.95,agente:texto,2026-07-22T20:53:36Z
acta,ckan_diputados:424,CYT.CIENCIA,CYT,0,0.95,agente:texto,2026-07-22T20:28:51Z
acta,ckan_diputados:424,PROD.INDPYME,PROD,0,0.95,agente:texto,2026-07-22T20:28:51Z
acta,ckan_diputados:424,SALUD.MEDIC,SALUD,1,0.95,agente:texto,2026-07-22T20:28:51Z
acta,ckan_diputados:424,SALUD.SISTEMA,SALUD,0,0.95,agente:texto,2026-07-22T20:28:51Z
acta,ckan_diputados:426,ECON.PRESU,ECON,1,0.95,agente:texto,2026-07-22T20:54:23Z
acta,ckan_diputados:427,DESREG.EMPUB,DESREG,0,0.85,agente:texto,2026-07-22T20:31:39Z
acta,ckan_diputados:427,ECON.COPART,ECON,0,0.85,agente:texto,2026-07-22T20:31:39Z
acta,ckan_diputados:427,INFRA.TRANSP,INFRA,1,0.85,agente:texto,2026-07-22T20:31:39Z
acta,ckan_diputados:428,DESREG.SOCIED,DESREG,0,0.95,agente:texto,2026-07-22T20:40:15Z
acta,ckan_diputados:428,TRAB.LABOR,TRAB,1,0.95,agente:texto,2026-07-22T20:40:15Z
acta,ckan_diputados:429,ECON.EMERG,ECON,1,0.95,agente:texto,2026-07-22T20:49:41Z
acta,ckan_diputados:43,AUX.HOMENAJE,AUX,0,0.85,agente:texto,2026-07-22T20:39:40Z
acta,ckan_diputados:43,DEF.DEFENSA,DEF,1,0.85,agente:texto,2026-07-22T20:39:40Z
acta,ckan_diputados:43,DEF.EXTERIOR,DEF,0,0.85,agente:texto,2026-07-22T20:39:40Z
acta,ckan_diputados:431,ECON.EMERG,ECON,0,0.95,agente:texto,2026-07-22T20:33:32Z
acta,ckan_diputados:431,ECON.TRIB,ECON,1,0.95,agente:texto,2026-07-22T20:33:32Z
acta,ckan_diputados:432,ECON.TRIB,ECON,1,0.95,agente:texto,2026-07-22T20:50:05Z
acta,ckan_diputados:433,DEF.TRATADO,DEF,1,0.95,agente:texto,2026-07-22T20:30:56Z
acta,ckan_diputados:433,PROD.COMEX,PROD,0,0.95,agente:texto,2026-07-22T20:30:56Z
acta,ckan_diputados:434,EDU.BASICA,EDU,0,0.95,agente:texto,2026-07-22T20:50:25Z
acta,ckan_diputados:434,JUST.PENAL,JUST,1,0.95,agente:texto,2026-07-22T20:50:25Z
acta,ckan_diputados:435,ECON.TRIB,ECON,1,0.95,agente:texto,2026-07-22T20:50:07Z
acta,ckan_diputados:436,ECON.TRIB,ECON,0,0.95,agente:texto,2026-07-22T20:53:59Z
acta,ckan_diputados:436,ENER.HIDRO,ENER,1,0.95,agente:texto,2026-07-22T20:53:59Z
acta,ckan_diputados:436,PROD.COMEX,PROD,0,0.95,agente:texto,2026-07-22T20:53:59Z
acta,ckan_diputados:437,JUST.CIVCOM,JUST,0,0.95,agente:texto,2026-07-22T20:39:18Z
acta,ckan_diputados:437,TRAB.LABOR,TRAB,1,0.95,agente:texto,2026-07-22T20:39:18Z
acta,ckan_diputados:438,DESREG.DESECO,DESREG,0,0.9,agente:texto,2026-07-22T21:09:32Z
acta,ckan_diputados:438,INFRA.TELECOM,INFRA,1,0.9,agente:texto,2026-07-22T21:09:32Z
acta,ckan_diputados:439,AUX.HOMENAJE,AUX,0,0.7,agente:texto,2026-07-22T20:45:36Z
acta,ckan_diputados:439,DESREG.DESECO,DESREG,0,0.7,agente:texto,2026-07-22T20:45:36Z
acta,ckan_diputados:439,PROD.INDPYME,PROD,1,0.7,agente:texto,2026-07-22T20:45:36Z
acta,ckan_diputados:44,AMB.CLIMA,AMB,1,0.95,agente:texto,2026-07-22T20:39:48Z
acta,ckan_diputados:44,DEF.TRATADO,DEF,0,0.95,agente:texto,2026-07-22T20:39:48Z
acta,ckan_diputados:440,JUST.PENAL,JUST,1,0.95,agente:texto,2026-07-22T20:52:13Z
acta,ckan_diputados:440,JUST.SEGINT,JUST,0,0.95,agente:texto,2026-07-22T20:52:13Z
acta,ckan_diputados:441,DEF.DEFENSA,DEF,1,0.95,agente:texto,2026-07-22T20:35:51Z
acta,ckan_diputados:441,DEF.TRATADO,DEF,0,0.95,agente:texto,2026-07-22T20:35:51Z
acta,ckan_diputados:442,DEF.DEFENSA,DEF,1,0.95,agente:texto,2026-07-22T20:35:53Z
acta,ckan_diputados:442,DEF.TRATADO,DEF,0,0.95,agente:texto,2026-07-22T20:35:53Z
acta,ckan_diputados:443,ECON.MON,ECON,0,0.95,agente:texto,2026-07-22T20:48:53Z
acta,ckan_diputados:443,JUST.NARCO,JUST,0,0.95,agente:texto,2026-07-22T20:48:53Z
acta,ckan_diputados:443,JUST.PENAL,JUST,1,0.95,agente:texto,2026-07-22T20:48:53Z
acta,ckan_diputados:444,ECON.TRIB,ECON,0,0.95,agente:texto,2026-07-22T20:46:15Z
acta,ckan_diputados:444,JUST.PENAL,JUST,1,0.95,agente:texto,2026-07-22T20:46:15Z
acta,ckan_diputados:445,DEF.DEFENSA,DEF,1,0.95,agente:texto,2026-07-22T20:35:48Z
acta,ckan_diputados:445,DEF.TRATADO,DEF,0,0.95,agente:texto,2026-07-22T20:35:48Z
acta,ckan_diputados:446,AMB.AGUA,AMB,1,0.95,agente:texto,2026-07-22T20:39:45Z
acta,ckan_diputados:446,DESREG.MODEST,DESREG,0,0.95,agente:texto,2026-07-22T20:39:45Z
acta,ckan_diputados:446,JUST.JUDIC,JUST,0,0.95,agente:texto,2026-07-22T20:39:45Z
acta,ckan_diputados:446,JUST.PENAL,JUST,0,0.95,agente:texto,2026-07-22T20:39:45Z
acta,ckan_diputados:447,PROD.AGRO,PROD,0,0.95,agente:texto,2026-07-22T20:53:54Z
acta,ckan_diputados:447,TRAB.LABOR,TRAB,1,0.95,agente:texto,2026-07-22T20:53:54Z
acta,ckan_diputados:448,DERSOC.MIGRA,DERSOC,0,0.9,agente:texto,2026-07-22T20:49:32Z
acta,ckan_diputados:448,JUST.PROPIED,JUST,1,0.9,agente:texto,2026-07-22T20:49:32Z
acta,ckan_diputados:448,PROD.AGRO,PROD,0,0.9,agente:texto,2026-07-22T20:49:32Z
acta,ckan_diputados:45,DEF.TRATADO,DEF,1,0.95,agente:texto,2026-07-22T20:42:40Z
acta,ckan_diputados:45,PROD.COMEX,PROD,0,0.95,agente:texto,2026-07-22T20:42:40Z
acta,ckan_diputados:450,AMB.MINER,AMB,0,0.95,agente:texto,2026-07-22T20:34:22Z
acta,ckan_diputados:450,DESREG.EMPUB,DESREG,0,0.95,agente:texto,2026-07-22T20:34:22Z
acta,ckan_diputados:450,ENER.ELEC,ENER,1,0.95,agente:texto,2026-07-22T20:34:22Z
acta,ckan_diputados:450,PROD.INVER,PROD,0,0.95,agente:texto,2026-07-22T20:34:22Z
acta,ckan_diputados:452,DEF.TRATADO,DEF,1,0.95,agente:texto,2026-07-22T20:30:36Z
acta,ckan_diputados:454,AMB.AGUA,AMB,0,0.95,agente:texto,2026-07-22T20:34:11Z
acta,ckan_diputados:454,AMB.BOSQUE,AMB,0,0.95,agente:texto,2026-07-22T20:34:11Z
acta,ckan_diputados:454,CYT.PI,CYT,0,0.95,agente:texto,2026-07-22T20:34:11Z
acta,ckan_diputados:454,DEF.TRATADO,DEF,1,0.95,agente:texto,2026-07-22T20:34:11Z
acta,ckan_diputados:459,DEF.TRATADO,DEF,0,0.95,agente:texto,2026-07-22T20:42:37Z
acta,ckan_diputados:459,ECON.DEUDA,ECON,1,0.95,agente:texto,2026-07-22T20:42:37Z
acta,ckan_diputados:459,POLINST.ETICA,POLINST,0,0.95,agente:texto,2026-07-22T20:42:37Z
acta,ckan_diputados:46,DERSOC.DDHH,DERSOC,1,0.95,agente:texto,2026-07-22T20:53:17Z
acta,ckan_diputados:46,ECON.PRESU,ECON,0,0.95,agente:texto,2026-07-22T20:53:17Z
acta,ckan_diputados:46,JUST.JUDIC,JUST,0,0.95,agente:texto,2026-07-22T20:53:17Z
acta,ckan_diputados:461,INFRA.VIVIENDA,INFRA,0,0.95,agente:texto,2026-07-22T20:33:14Z
acta,ckan_diputados:461,JUST.CIVCOM,JUST,1,0.95,agente:texto,2026-07-22T20:33:14Z
acta,ckan_diputados:47,DERSOC.DDHH,DERSOC,0,0.85,agente:texto,2026-07-22T20:46:38Z
acta,ckan_diputados:47,DESREG.SOCIED,DESREG,1,0.85,agente:texto,2026-07-22T20:46:38Z
acta,ckan_diputados:47,JUST.CIVCOM,JUST,0,0.85,agente:texto,2026-07-22T20:46:38Z
acta,ckan_diputados:476,AUX.TRAMITE,AUX,1,0.95,agente:texto,2026-07-22T20:47:54Z
acta,ckan_diputados:477,DESREG.EMPUB,DESREG,0,0.95,agente:texto,2026-07-22T20:38:46Z
acta,ckan_diputados:477,ECON.PRESU,ECON,0,0.95,agente:texto,2026-07-22T20:38:46Z
acta,ckan_diputados:477,INFRA.VIVIENDA,INFRA,1,0.95,agente:texto,2026-07-22T20:38:46Z
acta,ckan_diputados:48,DESREG.EMPUB,DESREG,0,0.95,agente:texto,2026-07-22T20:35:10Z
acta,ckan_diputados:48,ECON.EMERG,ECON,0,0.95,agente:texto,2026-07-22T20:35:10Z
acta,ckan_diputados:48,INFRA.TRANSP,INFRA,1,0.95,agente:texto,2026-07-22T20:35:10Z
acta,ckan_diputados:49,CULT.DEPORTE,CULT,1,0.95,agente:texto,2026-07-22T20:41:32Z
acta,ckan_diputados:49,SALUD.SISTEMA,SALUD,0,0.95,agente:texto,2026-07-22T20:41:32Z
acta,ckan_diputados:5,CULT.CULTURA,CULT,1,0.85,agente:texto,2026-07-22T21:06:56Z
acta,ckan_diputados:5,DESREG.SOCIED,DESREG,0,0.85,agente:texto,2026-07-22T21:06:56Z
acta,ckan_diputados:50,AUX.HOMENAJE,AUX,0,0.75,agente:texto,2026-07-22T20:29:11Z
acta,ckan_diputados:50,CULT.CULTURA,CULT,1,0.75,agente:texto,2026-07-22T20:29:11Z
acta,ckan_diputados:51,AMB.RESID,AMB,0,0.95,agente:texto,2026-07-22T20:30:20Z
acta,ckan_diputados:51,ECON.PRESU,ECON,0,0.95,agente:texto,2026-07-22T20:30:20Z
acta,ckan_diputados:51,PROD.COMEX,PROD,1,0.95,agente:texto,2026-07-22T20:30:20Z
acta,ckan_diputados:52,AUX.TRAMITE,AUX,1,1.0,agente:texto,2026-07-22T21:07:19Z
acta,ckan_diputados:53,AMB.MINER,AMB,0,0.95,agente:texto,2026-07-22T20:31:35Z
acta,ckan_diputados:53,ECON.PRESU,ECON,0,0.95,agente:texto,2026-07-22T20:31:35Z
acta,ckan_diputados:53,PROD.COMEX,PROD,1,0.95,agente:texto,2026-07-22T20:31:35Z
acta,ckan_diputados:54,DERSOC.DDHH,DERSOC,0,0.95,agente:texto,2026-07-22T20:51:47Z
acta,ckan_diputados:54,POLINST.CONST,POLINST,0,0.95,agente:texto,2026-07-22T20:51:47Z
acta,ckan_diputados:54,SALUD.DISCAP,SALUD,1,0.95,agente:texto,2026-07-22T20:51:47Z
acta,ckan_diputados:55,CULT.DEPORTE,CULT,1,0.95,agente:texto,2026-07-22T21:01:40Z
acta,ckan_diputados:55,DESREG.SOCIED,DESREG,0,0.95,agente:texto,2026-07-22T21:01:40Z
acta,ckan_diputados:56,EDU.SUPERIOR,EDU,1,0.95,agente:texto,2026-07-22T20:54:57Z
acta,ckan_diputados:57,DERSOC.DDHH,DERSOC,0,0.95,agente:texto,2026-07-22T21:01:32Z
acta,ckan_diputados:57,JUST.PENAL,JUST,1,0.95,agente:texto,2026-07-22T21:01:32Z
acta,ckan_diputados:58,AMB.MINER,AMB,1,0.95,agente:texto,2026-07-22T20:43:56Z
acta,ckan_diputados:58,JUST.CIVCOM,JUST,0,0.95,agente:texto,2026-07-22T20:43:56Z
acta,ckan_diputados:59,AUX.HOMENAJE,AUX,1,0.95,agente:texto,2026-07-22T21:06:08Z
acta,ckan_diputados:6,CULT.DEPORTE,CULT,1,0.95,agente:texto,2026-07-22T21:06:30Z
acta,ckan_diputados:6,DESREG.MODEST,DESREG,0,0.95,agente:texto,2026-07-22T21:06:30Z
acta,ckan_diputados:60,TRAB.LABOR,TRAB,1,0.95,agente:texto,2026-07-22T20:50:44Z
acta,ckan_diputados:61,DERSOC.GENERO,DERSOC,0,0.95,agente:texto,2026-07-22T20:55:20Z
acta,ckan_diputados:61,JUST.CIVCOM,JUST,0,0.95,agente:texto,2026-07-22T20:55:20Z
acta,ckan_diputados:61,TRAB.LABOR,TRAB,1,0.95,agente:texto,2026-07-22T20:55:20Z
acta,ckan_diputados:62,TRAB.LABOR,TRAB,1,0.95,agente:texto,2026-07-22T20:58:46Z
acta,ckan_diputados:63,TRAB.LABOR,TRAB,1,0.95,agente:texto,2026-07-22T21:00:44Z
acta,ckan_diputados:65,CULT.CULTURA,CULT,1,0.95,agente:texto,2026-07-22T20:32:20Z
acta,ckan_diputados:65,JUST.PROPIED,JUST,0,0.95,agente:texto,2026-07-22T20:32:20Z
acta,ckan_diputados:66,DEF.DEFENSA,DEF,0,0.95,agente:texto,2026-07-22T20:29:18Z
acta,ckan_diputados:66,DESREG.EMPUB,DESREG,1,0.95,agente:texto,2026-07-22T20:29:18Z
acta,ckan_diputados:66,POLINST.ORGEST,POLINST,0,0.95,agente:texto,2026-07-22T20:29:18Z
acta,ckan_diputados:67,DERSOC.DDHH,DERSOC,0,0.85,agente:texto,2026-07-22T21:07:55Z
acta,ckan_diputados:67,SALUD.SISTEMA,SALUD,1,0.85,agente:texto,2026-07-22T21:07:55Z
acta,ckan_diputados:68,DERSOC.DDHH,DERSOC,0,0.85,agente:texto,2026-07-22T21:08:08Z
acta,ckan_diputados:68,JUST.CIVCOM,JUST,0,0.85,agente:texto,2026-07-22T21:08:08Z
acta,ckan_diputados:68,SALUD.SISTEMA,SALUD,1,0.85,agente:texto,2026-07-22T21:08:08Z
acta,ckan_diputados:69,DERSOC.DDHH,DERSOC,0,0.85,agente:texto,2026-07-22T21:07:52Z
acta,ckan_diputados:69,JUST.CIVCOM,JUST,0,0.85,agente:texto,2026-07-22T21:07:52Z
acta,ckan_diputados:69,SALUD.SISTEMA,SALUD,1,0.85,agente:texto,2026-07-22T21:07:52Z
acta,ckan_diputados:7,CULT.DEPORTE,CULT,1,0.95,agente:texto,2026-07-22T21:07:21Z
acta,ckan_diputados:70,DERSOC.DDHH,DERSOC,0,0.85,agente:texto,2026-07-22T21:07:58Z
acta,ckan_diputados:70,SALUD.SISTEMA,SALUD,1,0.85,agente:texto,2026-07-22T21:07:58Z
acta,ckan_diputados:71,DERSOC.DDHH,DERSOC,0,0.85,agente:texto,2026-07-22T21:08:01Z
acta,ckan_diputados:71,SALUD.SISTEMA,SALUD,1,0.85,agente:texto,2026-07-22T21:08:01Z
acta,ckan_diputados:72,DESREG.EMPUB,DESREG,1,0.9,agente:texto,2026-07-22T20:44:16Z
acta,ckan_diputados:72,ECON.PRESU,ECON,0,0.9,agente:texto,2026-07-22T20:44:16Z
acta,ckan_diputados:72,ENER.HIDRO,ENER,0,0.9,agente:texto,2026-07-22T20:44:16Z
acta,ckan_diputados:72,TRAB.EMPLEOPUB,TRAB,0,0.9,agente:texto,2026-07-22T20:44:16Z
acta,ckan_diputados:73,DEF.DEFENSA,DEF,0,0.95,agente:texto,2026-07-22T20:49:09Z
acta,ckan_diputados:73,EDU.SUPERIOR,EDU,1,0.95,agente:texto,2026-07-22T20:49:09Z
acta,ckan_diputados:74,DESREG.MODEST,DESREG,0,0.75,agente:texto,2026-07-22T21:09:40Z
acta,ckan_diputados:74,DESSOC.ASIST,DESSOC,0,0.75,agente:texto,2026-07-22T21:09:40Z
acta,ckan_diputados:74,TRAB.LABOR,TRAB,1,0.75,agente:texto,2026-07-22T21:09:40Z
acta,ckan_diputados:75,CULT.MEDIOS,CULT,0,0.9,agente:texto,2026-07-22T20:42:44Z
acta,ckan_diputados:75,DERSOC.DDHH,DERSOC,1,0.9,agente:texto,2026-07-22T20:42:44Z
acta,ckan_diputados:75,DERSOC.GENERO,DERSOC,0,0.9,agente:texto,2026-07-22T20:42:44Z
acta,ckan_diputados:75,JUST.NARCO,JUST,0,0.9,agente:texto,2026-07-22T20:42:44Z
acta,ckan_diputados:75,JUST.PENALJUV,JUST,0,0.9,agente:texto,2026-07-22T20:42:44Z
acta,ckan_diputados:76,AUX.HOMENAJE,AUX,1,0.95,agente:texto,2026-07-22T20:46:08Z
acta,ckan_diputados:77,DESREG.DESECO,DESREG,0,0.95,agente:texto,2026-07-22T20:54:08Z
acta,ckan_diputados:77,PROD.AGRO,PROD,1,0.95,agente:texto,2026-07-22T20:54:08Z
acta,ckan_diputados:77,PROD.COMEX,PROD,0,0.95,agente:texto,2026-07-22T20:54:08Z
acta,ckan_diputados:78,DESREG.EMPUB,DESREG,0,0.95,agente:texto,2026-07-22T20:54:45Z
acta,ckan_diputados:78,ECON.PRESU,ECON,0,0.95,agente:texto,2026-07-22T20:54:45Z
acta,ckan_diputados:78,PROD.AGRO,PROD,1,0.95,agente:texto,2026-07-22T20:54:45Z
acta,ckan_diputados:79,AUX.HOMENAJE,AUX,1,0.95,agente:texto,2026-07-22T20:45:31Z
acta,ckan_diputados:8,DERSOC.NINEZ,DERSOC,0,0.95,agente:texto,2026-07-22T20:44:22Z
acta,ckan_diputados:8,JUST.PENAL,JUST,1,0.95,agente:texto,2026-07-22T20:44:22Z
acta,ckan_diputados:80,CULT.CULTURA,CULT,1,0.95,agente:texto,2026-07-22T20:54:26Z
acta,ckan_diputados:80,DESREG.MODEST,DESREG,0,0.95,agente:texto,2026-07-22T20:54:26Z
acta,ckan_diputados:80,POLINST.ORGEST,POLINST,0,0.95,agente:texto,2026-07-22T20:54:26Z
acta,ckan_diputados:81,TRAB.EMPLEOPUB,TRAB,0,0.95,agente:texto,2026-07-22T21:01:20Z
acta,ckan_diputados:81,TRAB.LABOR,TRAB,1,0.95,agente:texto,2026-07-22T21:01:20Z
acta,ckan_diputados:82,DERSOC.DDHH,DERSOC,0,0.95,agente:texto,2026-07-22T21:02:38Z
acta,ckan_diputados:82,SALUD.MENTAL,SALUD,1,0.95,agente:texto,2026-07-22T21:02:38Z
acta,ckan_diputados:82,SALUD.SISTEMA,SALUD,0,0.95,agente:texto,2026-07-22T21:02:38Z
acta,ckan_diputados:83,CYT.CIENCIA,CYT,0,0.95,agente:texto,2026-07-22T20:36:22Z
acta,ckan_diputados:83,DESREG.EMPUB,DESREG,0,0.95,agente:texto,2026-07-22T20:36:22Z
acta,ckan_diputados:83,PROD.INDPYME,PROD,0,0.95,agente:texto,2026-07-22T20:36:22Z
acta,ckan_diputados:83,SALUD.MEDIC,SALUD,1,0.95,agente:texto,2026-07-22T20:36:22Z
acta,ckan_diputados:84,TRAB.LABOR,TRAB,1,0.95,agente:texto,2026-07-22T20:49:36Z
acta,ckan_diputados:85,ECON.TRIB,ECON,1,0.9,agente:texto,2026-07-22T20:29:47Z
acta,ckan_diputados:85,EDU.BASICA,EDU,0,0.9,agente:texto,2026-07-22T20:29:47Z
acta,ckan_diputados:85,TRAB.LABOR,TRAB,0,0.9,agente:texto,2026-07-22T20:29:47Z
acta,ckan_diputados:86,AUX.TRAMITE,AUX,1,0.95,agente:texto,2026-07-22T20:49:53Z
acta,ckan_diputados:87,DESREG.DESECO,DESREG,0,0.95,agente:texto,2026-07-22T20:49:02Z
acta,ckan_diputados:87,ENER.HIDRO,ENER,1,0.95,agente:texto,2026-07-22T20:49:02Z
acta,ckan_diputados:87,PROD.INVER,PROD,0,0.95,agente:texto,2026-07-22T20:49:02Z
acta,ckan_diputados:88,DERSOC.NINEZ,DERSOC,0,0.95,agente:texto,2026-07-22T20:43:31Z
acta,ckan_diputados:88,EDU.BASICA,EDU,1,0.95,agente:texto,2026-07-22T20:43:31Z
acta,ckan_diputados:89,DERSOC.DDHH,DERSOC,0,0.95,agente:texto,2026-07-22T20:29:06Z
acta,ckan_diputados:89,EDU.SUPERIOR,EDU,1,0.95,agente:texto,2026-07-22T20:29:06Z
acta,ckan_diputados:89,POLINST.ORGEST,POLINST,0,0.95,agente:texto,2026-07-22T20:29:06Z
acta,ckan_diputados:9,DERSOC.DDHH,DERSOC,0,0.9,agente:texto,2026-07-22T20:45:23Z
acta,ckan_diputados:9,DESSOC.ASIST,DESSOC,0,0.9,agente:texto,2026-07-22T20:45:23Z
acta,ckan_diputados:9,JUST.PROPIED,JUST,1,0.9,agente:texto,2026-07-22T20:45:23Z
acta,ckan_diputados:90,CULT.CULTURA,CULT,0,0.95,agente:texto,2026-07-22T20:49:59Z
acta,ckan_diputados:90,DESREG.MODEST,DESREG,0,0.95,agente:texto,2026-07-22T20:49:59Z
acta,ckan_diputados:90,EDU.SUPERIOR,EDU,1,0.95,agente:texto,2026-07-22T20:49:59Z
acta,ckan_diputados:91,EDU.SUPERIOR,EDU,1,0.95,agente:texto,2026-07-22T21:06:04Z
acta,ckan_diputados:92,EDU.SUPERIOR,EDU,1,0.95,agente:texto,2026-07-22T20:52:41Z
acta,ckan_diputados:93,DESREG.MODEST,DESREG,0,0.95,agente:texto,2026-07-22T20:53:06Z
acta,ckan_diputados:93,EDU.SUPERIOR,EDU,1,0.95,agente:texto,2026-07-22T20:53:06Z
acta,ckan_diputados:94,EDU.SUPERIOR,EDU,1,0.95,agente:texto,2026-07-22T21:01:23Z
acta,ckan_diputados:95,EDU.SUPERIOR,EDU,1,0.95,agente:texto,2026-07-22T21:07:31Z
acta,ckan_diputados:96,EDU.SUPERIOR,EDU,1,0.95,agente:texto,2026-07-22T20:53:45Z
acta,ckan_diputados:97,EDU.SUPERIOR,EDU,1,0.95,agente:texto,2026-07-22T20:54:32Z
acta,ckan_diputados:98,AMB.AGUA,AMB,0,0.95,agente:texto,2026-07-22T20:32:33Z
acta,ckan_diputados:98,AUX.SINCLASIF,AUX,1,0.99,manual,2026-09-07T19:08:32Z
acta,ckan_diputados:98,DEF.TRATADO,DEF,1,0.95,agente:texto,2026-07-22T20:32:33Z
acta,ckan_diputados:99,DEF.TRATADO,DEF,1,0.95,agente:texto,2026-07-22T20:36:27Z
acta,ckan_diputados:99,DERSOC.DDHH,DERSOC,0,0.95,agente:texto,2026-07-22T20:36:27Z
acta,ckan_diputados:99,DERSOC.GENERO,DERSOC,0,0.95,agente:texto,2026-07-22T20:36:27Z
acta,ckan_diputados:99,POLINST.CONST,POLINST,0,0.95,agente:texto,2026-07-22T20:36:27Z
acta,decada_votada:dip:1,ECON.DEUDA,ECON,1,0.75,manual,2026-09-07T19:08:32Z
acta,decada_votada:dip:1005,DEF.TRATADO,DEF,1,0.95,agente:texto,2026-09-06T14:43:12Z
acta,decada_votada:dip:1006,AUX.TRAMITE,AUX,1,0.95,agente:texto,2026-09-06T14:40:11Z
acta,decada_votada:dip:1007,JUST.JUDIC,JUST,1,0.95,agente:texto,2026-09-06T13:43:23Z
acta,decada_votada:dip:1008,ECON.TRIB,ECON,1,0.95,agente:texto,2026-09-06T13:29:11Z
acta,decada_votada:dip:1009,ECON.TRIB,ECON,1,0.95,agente:texto,2026-09-06T13:29:39Z
acta,decada_votada:dip:1010,ECON.TRIB,ECON,1,0.95,agente:texto,2026-09-06T13:29:41Z
acta,decada_votada:dip:1011,ECON.PRESU,ECON,0,0.95,agente:texto,2026-09-06T13:29:26Z
acta,decada_votada:dip:1011,ECON.TRIB,ECON,1,0.95,agente:texto,2026-09-06T13:29:26Z
acta,decada_votada:dip:1012,ECON.PRESU,ECON,0,0.95,agente:texto,2026-09-06T13:29:31Z
acta,decada_votada:dip:1012,ECON.TRIB,ECON,1,0.95,agente:texto,2026-09-06T13:29:31Z
acta,decada_votada:dip:1013,ECON.TRIB,ECON,1,0.95,agente:texto,2026-09-06T13:29:22Z
acta,decada_votada:dip:1014,ECON.PRESU,ECON,0,0.95,agente:texto,2026-09-06T13:29:44Z
acta,decada_votada:dip:1014,ECON.TRIB,ECON,1,0.95,agente:texto,2026-09-06T13:29:44Z
acta,decada_votada:dip:1015,ECON.TRIB,ECON,1,0.95,agente:texto,2026-09-06T13:29:33Z
acta,decada_votada:dip:1016,ECON.TRIB,ECON,1,0.95,agente:texto,2026-09-06T13:29:28Z
acta,decada_votada:dip:1017,ECON.PRESU,ECON,0,0.95,agente:texto,2026-09-06T13:29:36Z
acta,decada_votada:dip:1017,ECON.TRIB,ECON,1,0.95,agente:texto,2026-09-06T13:29:36Z
acta,decada_votada:dip:1018,ECON.TRIB,ECON,1,0.95,agente:texto,2026-09-06T13:29:20Z
acta,decada_votada:dip:1023,CULT.MEDIOS,CULT,0,0.85,agente:texto,2026-09-06T14:43:21Z
acta,decada_votada:dip:1023,TRAB.LABOR,TRAB,1,0.85,agente:texto,2026-09-06T14:43:21Z
acta,decada_votada:dip:1025,DERSOC.DDHH,DERSOC,0,0.95,agente:texto,2026-09-06T13:40:22Z
acta,decada_votada:dip:1025,JUST.PENAL,JUST,1,0.95,agente:texto,2026-09-06T13:40:22Z
acta,decada_votada:dip:1027,DESREG.DESECO,DESREG,0,0.85,agente:texto,2026-09-06T13:39:52Z
acta,decada_votada:dip:1027,ECON.PRESU,ECON,0,0.85,agente:texto,2026-09-06T13:39:52Z
acta,decada_votada:dip:1027,ENER.HIDRO,ENER,0,0.85,agente:texto,2026-09-06T13:39:52Z
acta,decada_votada:dip:1027,INFRA.OBRA,INFRA,1,0.85,agente:texto,2026-09-06T13:39:52Z
acta,decada_votada:dip:1028,AUX.SINCLASIF,AUX,1,0.0,agente:texto,2026-09-06T13:49:52Z
acta,decada_votada:dip:1029,AUX.TRAMITE,AUX,1,0.95,agente:texto,2026-09-06T13:28:54Z
acta,decada_votada:dip:1032,DESREG.EMPUB,DESREG,0,0.95,agente:texto,2026-09-06T14:04:17Z
acta,decada_votada:dip:1032,JUST.CIVCOM,JUST,1,0.95,agente:texto,2026-09-06T14:04:17Z
acta,decada_votada:dip:1033,DEF.DEFENSA,DEF,0,0.95,agente:texto,2026-09-06T14:03:38Z
acta,decada_votada:dip:1033,TRAB.EMPLEOPUB,TRAB,1,0.95,agente:texto,2026-09-06T14:03:38Z
acta,decada_votada:dip:1033,TRAB.PREV,TRAB,0,0.95,agente:texto,2026-09-06T14:03:38Z
acta,decada_votada:dip:1036,CULT.CULTURA,CULT,0,0.85,agente:texto,2026-09-06T14:10:18Z
acta,decada_votada:dip:1036,EDU.BASICA,EDU,1,0.85,agente:texto,2026-09-06T14:10:18Z
acta,decada_votada:dip:1036,EDU.SUPERIOR,EDU,0,0.85,agente:texto,2026-09-06T14:10:18Z
acta,decada_votada:dip:1038,ECON.DEUDA,ECON,1,0.95,agente:texto,2026-09-06T13:56:20Z
acta,decada_votada:dip:1038,ECON.PRESU,ECON,0,0.95,agente:texto,2026-09-06T13:56:20Z
acta,decada_votada:dip:1040,JUST.PENAL,JUST,1,0.95,agente:texto,2026-09-06T14:23:10Z
acta,decada_votada:dip:1044,DESREG.SOCIED,DESREG,0,0.95,agente:texto,2026-09-06T14:15:41Z
acta,decada_votada:dip:1044,ECON.TRIB,ECON,1,0.95,agente:texto,2026-09-06T14:15:41Z
acta,decada_votada:dip:1044,PROD.INDPYME,PROD,0,0.95,agente:texto,2026-09-06T14:15:41Z
acta,decada_votada:dip:1053,EDU.SUPERIOR,EDU,1,0.95,agente:texto,2026-09-06T14:41:08Z
acta,decada_votada:dip:1057,AUX.TRAMITE,AUX,1,0.95,agente:texto,2026-09-06T13:31:41Z
acta,decada_votada:dip:106,AUX.TRAMITE,AUX,0,0.95,agente:texto,2026-09-06T14:26:02Z
acta,decada_votada:dip:106,SALUD.DISCAP,SALUD,1,0.95,agente:texto,2026-09-06T14:26:02Z
acta,decada_votada:dip:1063,DEF.DEFENSA,DEF,1,0.95,agente:texto,2026-09-06T13:34:26Z
acta,decada_votada:dip:1063,DEF.EXTERIOR,DEF,0,0.95,agente:texto,2026-09-06T13:34:26Z
acta,decada_votada:dip:1063,DEF.TRATADO,DEF,0,0.95,agente:texto,2026-09-06T13:34:26Z
acta,decada_votada:dip:1063,INFRA.OBRA,INFRA,0,0.95,agente:texto,2026-09-06T13:34:26Z
acta,decada_votada:dip:1069,AMB.AGUA,AMB,0,0.95,agente:texto,2026-09-06T14:12:09Z
acta,decada_votada:dip:1069,ECON.EMERG,ECON,1,0.95,agente:texto,2026-09-06T14:12:09Z
acta,decada_votada:dip:1069,PROD.AGRO,PROD,0,0.95,agente:texto,2026-09-06T14:12:09Z
acta,decada_votada:dip:1071,CULT.DEPORTE,CULT,1,0.95,agente:texto,2026-09-06T14:32:37Z
acta,decada_votada:dip:1071,DESREG.EMPUB,DESREG,0,0.95,agente:texto,2026-09-06T14:32:37Z
acta,decada_votada:dip:1071,ECON.EMERG,ECON,0,0.95,agente:texto,2026-09-06T14:32:37Z
acta,decada_votada:dip:1072,AUX.SINCLASIF,AUX,1,0.0,agente:texto,2026-09-06T14:32:17Z
acta,decada_votada:dip:1075,DESREG.EMPUB,DESREG,0,0.95,agente:texto,2026-09-06T13:39:02Z
acta,decada_votada:dip:1075,PROD.INDPYME,PROD,0,0.95,agente:texto,2026-09-06T13:39:02Z
acta,decada_votada:dip:1075,SALUD.MEDIC,SALUD,1,0.95,agente:texto,2026-09-06T13:39:02Z
acta,decada_votada:dip:1075,SALUD.SISTEMA,SALUD,0,0.95,agente:texto,2026-09-06T13:39:02Z
acta,decada_votada:dip:1078,CYT.PI,CYT,1,0.95,agente:texto,2026-09-06T14:25:57Z
acta,decada_votada:dip:1078,JUST.CIVCOM,JUST,0,0.95,agente:texto,2026-09-06T14:25:57Z
acta,decada_votada:dip:1089,POLINST.CONST,POLINST,1,0.85,agente:texto,2026-09-06T14:02:41Z
acta,decada_votada:dip:1089,POLINST.ORGEST,POLINST,0,0.85,agente:texto,2026-09-06T14:02:41Z
acta,decada_votada:dip:1090,JUST.CIVCOM,JUST,0,0.95,agente:texto,2026-09-06T13:53:05Z
acta,decada_votada:dip:1090,POLINST.CONST,POLINST,1,0.95,agente:texto,2026-09-06T13:53:05Z
acta,decada_votada:dip:1090,POLINST.ORGEST,POLINST,0,0.95,agente:texto,2026-09-06T13:53:05Z
acta,decada_votada:dip:1091,POLINST.CONST,POLINST,1,0.85,agente:texto,2026-09-06T13:51:52Z
acta,decada_votada:dip:1091,POLINST.ETICA,POLINST,0,0.85,agente:texto,2026-09-06T13:51:52Z
acta,decada_votada:dip:1092,POLINST.CONST,POLINST,1,0.9,agente:texto,2026-09-06T13:54:09Z
acta,decada_votada:dip:1092,POLINST.ORGEST,POLINST,0,0.9,agente:texto,2026-09-06T13:54:09Z
acta,decada_votada:dip:1093,POLINST.CONST,POLINST,1,0.95,agente:texto,2026-09-06T13:52:43Z
acta,decada_votada:dip:1093,POLINST.ORGEST,POLINST,0,0.95,agente:texto,2026-09-06T13:52:43Z
acta,decada_votada:dip:1094,POLINST.CONST,POLINST,1,0.92,agente:texto,2026-09-06T13:53:01Z
acta,decada_votada:dip:1094,POLINST.ETICA,POLINST,0,0.92,agente:texto,2026-09-06T13:53:01Z
acta,decada_votada:dip:1097,AUX.SINCLASIF,AUX,1,0.0,agente:texto,2026-09-06T14:38:23Z
acta,decada_votada:dip:11,ECON.PRESU,ECON,0,0.99,manual,2026-09-07T19:08:32Z
acta,decada_votada:dip:11,ECON.TRIB,ECON,1,0.99,manual,2026-09-07T19:08:32Z
acta,decada_votada:dip:1109,DESREG.DESECO,DESREG,1,0.85,agente:texto,2026-09-06T13:53:37Z
acta,decada_votada:dip:1109,ENER.COMBUS,ENER,0,0.85,agente:texto,2026-09-06T13:53:37Z
acta,decada_votada:dip:1109,JUST.CIVCOM,JUST,0,0.85,agente:texto,2026-09-06T13:53:37Z
acta,decada_votada:dip:1110,AUX.SINCLASIF,AUX,1,0.0,agente:texto,2026-09-06T14:38:05Z
acta,decada_votada:dip:1121,AUX.TRAMITE,AUX,1,0.95,agente:texto,2026-09-06T13:36:44Z
acta,decada_votada:dip:1122,DEF.EXTERIOR,DEF,0,0.95,agente:texto,2026-09-06T14:17:03Z
acta,decada_votada:dip:1122,DEF.TRATADO,DEF,1,0.95,agente:texto,2026-09-06T14:17:03Z
acta,decada_votada:dip:1122,PROD.AGRO,PROD,0,0.95,agente:texto,2026-09-06T14:17:03Z
acta,decada_votada:dip:1123,JUST.JUDIC,JUST,1,0.95,agente:texto,2026-09-06T14:05:18Z
acta,decada_votada:dip:1123,POLINST.ORGEST,POLINST,0,0.95,agente:texto,2026-09-06T14:05:18Z
acta,decada_votada:dip:1123,TRAB.EMPLEOPUB,TRAB,0,0.95,agente:texto,2026-09-06T14:05:18Z
acta,decada_votada:dip:1124,DEF.TRATADO,DEF,1,0.95,agente:texto,2026-09-06T14:50:58Z
acta,decada_votada:dip:1124,PROD.AGRO,PROD,0,0.95,agente:texto,2026-09-06T14:50:58Z
acta,decada_votada:dip:1124,PROD.COMEX,PROD,0,0.95,agente:texto,2026-09-06T14:50:58Z
acta,decada_votada:dip:1125,ECON.PRESU,ECON,0,0.95,agente:texto,2026-09-06T14:30:29Z
acta,decada_votada:dip:1125,TRAB.PREV,TRAB,1,0.95,agente:texto,2026-09-06T14:30:29Z
acta,decada_votada:dip:1134,AUX.TRAMITE,AUX,1,0.95,agente:texto,2026-09-06T13:32:37Z
acta,decada_votada:dip:1137,AUX.TRAMITE,AUX,0,0.85,agente:texto,2026-09-06T14:14:58Z
acta,decada_votada:dip:1137,ECON.PRESU,ECON,1,0.85,agente:texto,2026-09-06T14:14:58Z
acta,decada_votada:dip:1138,AUX.TRAMITE,AUX,1,0.95,agente:texto,2026-09-06T14:35:21Z
acta,decada_votada:dip:1139,DEF.DEFENSA,DEF,1,0.95,agente:texto,2026-09-06T14:03:16Z
acta,decada_votada:dip:1139,DEF.EXTERIOR,DEF,0,0.95,agente:texto,2026-09-06T14:03:16Z
acta,decada_votada:dip:1139,DEF.TRATADO,DEF,0,0.95,agente:texto,2026-09-06T14:03:16Z
acta,decada_votada:dip:1140,ECON.EMERG,ECON,0,0.95,agente:texto,2026-09-06T13:55:30Z
acta,decada_votada:dip:1140,ECON.TRIB,ECON,1,0.95,agente:texto,2026-09-06T13:55:30Z
acta,decada_votada:dip:1141,ECON.DEUDA,ECON,0,0.85,agente:texto,2026-09-06T14:01:36Z
acta,decada_votada:dip:1141,ECON.EMERG,ECON,0,0.85,agente:texto,2026-09-06T14:01:36Z
acta,decada_votada:dip:1141,JUST.CIVCOM,JUST,1,0.85,agente:texto,2026-09-06T14:01:36Z
acta,decada_votada:dip:118,POLINST.CONST,POLINST,1,0.75,manual,2026-09-07T19:08:32Z
acta,decada_votada:dip:121,JUST.PENAL,JUST,1,0.99,manual,2026-09-07T19:08:32Z
acta,decada_votada:dip:135,DEF.DEFENSA,DEF,1,0.95,agente:texto,2026-09-06T14:25:30Z
acta,decada_votada:dip:135,DEF.EXTERIOR,DEF,0,0.95,agente:texto,2026-09-06T14:25:30Z
acta,decada_votada:dip:135,DEF.TRATADO,DEF,0,0.95,agente:texto,2026-09-06T14:25:30Z
acta,decada_votada:dip:136,DEF.DEFENSA,DEF,1,0.95,agente:texto,2026-09-06T14:50:36Z
acta,decada_votada:dip:136,DEF.EXTERIOR,DEF,0,0.95,agente:texto,2026-09-06T14:50:36Z
acta,decada_votada:dip:136,DEF.TRATADO,DEF,0,0.95,agente:texto,2026-09-06T14:50:36Z
acta,decada_votada:dip:137,DEF.DEFENSA,DEF,1,0.95,agente:texto,2026-09-06T14:34:11Z
acta,decada_votada:dip:137,DEF.TRATADO,DEF,0,0.95,agente:texto,2026-09-06T14:34:11Z
acta,decada_votada:dip:138,DEF.DEFENSA,DEF,1,0.95,agente:texto,2026-09-06T14:45:52Z
acta,decada_votada:dip:138,DEF.TRATADO,DEF,0,0.95,agente:texto,2026-09-06T14:45:52Z
acta,decada_votada:dip:139,AUX.TRAMITE,AUX,0,0.85,agente:texto,2026-09-06T14:20:38Z
acta,decada_votada:dip:139,DERSOC.DDHH,DERSOC,0,0.85,agente:texto,2026-09-06T14:20:38Z
acta,decada_votada:dip:139,JUST.SEGINT,JUST,1,0.85,agente:texto,2026-09-06T14:20:38Z
acta,decada_votada:dip:140,DESREG.DESECO,DESREG,0,0.95,agente:texto,2026-09-06T14:43:41Z
acta,decada_votada:dip:140,ECON.TRIB,ECON,1,0.95,agente:texto,2026-09-06T14:43:41Z
acta,decada_votada:dip:140,INFRA.OBRA,INFRA,0,0.95,agente:texto,2026-09-06T14:43:41Z
acta,decada_votada:dip:140,PROD.INDPYME,PROD,0,0.95,agente:texto,2026-09-06T14:43:41Z
acta,decada_votada:dip:140,PROD.INVER,PROD,0,0.95,agente:texto,2026-09-06T14:43:41Z
acta,decada_votada:dip:161,AUX.TRAMITE,AUX,0,0.75,agente:texto,2026-09-06T14:01:51Z
acta,decada_votada:dip:161,POLINST.CONST,POLINST,1,0.75,agente:texto,2026-09-06T14:01:51Z
acta,decada_votada:dip:162,ECON.EMERG,ECON,0,0.75,agente:texto,2026-09-06T13:57:39Z
acta,decada_votada:dip:162,POLINST.CONST,POLINST,1,0.75,agente:texto,2026-09-06T13:57:39Z
acta,decada_votada:dip:162,POLINST.ORGEST,POLINST,0,0.75,agente:texto,2026-09-06T13:57:39Z
acta,decada_votada:dip:163,ECON.EMERG,ECON,0,0.85,agente:texto,2026-09-06T14:01:27Z
acta,decada_votada:dip:163,POLINST.CONST,POLINST,1,0.85,agente:texto,2026-09-06T14:01:27Z
acta,decada_votada:dip:163,POLINST.ORGEST,POLINST,0,0.85,agente:texto,2026-09-06T14:01:27Z
acta,decada_votada:dip:164,AUX.TRAMITE,AUX,0,0.75,agente:texto,2026-09-06T14:01:23Z
acta,decada_votada:dip:164,POLINST.CONST,POLINST,1,0.75,agente:texto,2026-09-06T14:01:23Z
acta,decada_votada:dip:165,AUX.TRAMITE,AUX,1,0.95,agente:texto,2026-09-06T14:01:30Z
acta,decada_votada:dip:166,AUX.TRAMITE,AUX,0,0.75,agente:texto,2026-09-06T14:01:48Z
acta,decada_votada:dip:166,POLINST.CONST,POLINST,1,0.75,agente:texto,2026-09-06T14:01:48Z
acta,decada_votada:dip:167,DERSOC.DDHH,DERSOC,0,0.95,agente:texto,2026-09-06T14:46:39Z
acta,decada_votada:dip:167,DERSOC.NINEZ,DERSOC,1,0.95,agente:texto,2026-09-06T14:46:39Z
acta,decada_votada:dip:167,JUST.CIVCOM,JUST,0,0.95,agente:texto,2026-09-06T14:46:39Z
acta,decada_votada:dip:169,DEF.DEFENSA,DEF,0,0.9,agente:texto,2026-09-06T14:16:30Z
acta,decada_votada:dip:169,DERSOC.DDHH,DERSOC,0,0.9,agente:texto,2026-09-06T14:16:30Z
acta,decada_votada:dip:169,TRAB.PREV,TRAB,1,0.9,agente:texto,2026-09-06T14:16:30Z
acta,decada_votada:dip:196,ECON.PRESU,ECON,1,0.99,manual,2026-09-07T19:08:32Z
acta,decada_votada:dip:225,DEF.TRATADO,DEF,1,0.95,agente:texto,2026-09-06T14:49:34Z
acta,decada_votada:dip:225,JUST.SEGINT,JUST,0,0.95,agente:texto,2026-09-06T14:49:34Z
acta,decada_votada:dip:227,ECON.PRESU,ECON,0,0.95,agente:texto,2026-09-06T14:23:51Z
acta,decada_votada:dip:227,ECON.TRIB,ECON,1,0.95,agente:texto,2026-09-06T14:23:51Z
acta,decada_votada:dip:227,INFRA.OBRA,INFRA,0,0.95,agente:texto,2026-09-06T14:23:51Z
acta,decada_votada:dip:227,INFRA.TRANSP,INFRA,0,0.95,agente:texto,2026-09-06T14:23:51Z
acta,decada_votada:dip:228,DEF.EXTERIOR,DEF,1,0.95,agente:texto,2026-09-06T13:49:08Z
acta,decada_votada:dip:228,DEF.TRATADO,DEF,0,0.95,agente:texto,2026-09-06T13:49:08Z
acta,decada_votada:dip:228,POLINST.CONST,POLINST,0,0.95,agente:texto,2026-09-06T13:49:08Z
acta,decada_votada:dip:229,DESREG.EMPUB,DESREG,0,0.95,agente:texto,2026-09-06T14:15:20Z
acta,decada_votada:dip:229,ENER.ELEC,ENER,1,0.95,agente:texto,2026-09-06T14:15:20Z
acta,decada_votada:dip:229,ENER.TARIFA,ENER,0,0.95,agente:texto,2026-09-06T14:15:20Z
acta,decada_votada:dip:232,DESREG.SOCIED,DESREG,0,0.95,agente:texto,2026-09-06T14:03:42Z
acta,decada_votada:dip:232,INFRA.VIVIENDA,INFRA,0,0.95,agente:texto,2026-09-06T14:03:42Z
acta,decada_votada:dip:232,JUST.CIVCOM,JUST,1,0.95,agente:texto,2026-09-06T14:03:42Z
acta,decada_votada:dip:234,AUX.TRAMITE,AUX,1,0.95,agente:texto,2026-09-06T14:01:04Z
acta,decada_votada:dip:235,AUX.TRAMITE,AUX,1,0.95,agente:texto,2026-09-06T14:09:46Z
acta,decada_votada:dip:24,DESREG.SOCIED,DESREG,0,0.95,agente:texto,2026-09-06T14:15:13Z
acta,decada_votada:dip:24,ECON.DEUDA,ECON,0,0.95,agente:texto,2026-09-06T14:15:13Z
acta,decada_votada:dip:24,JUST.CIVCOM,JUST,1,0.95,agente:texto,2026-09-06T14:15:13Z
acta,decada_votada:dip:242,DEF.DEFENSA,DEF,1,0.95,agente:texto,2026-09-06T13:47:41Z
acta,decada_votada:dip:242,DEF.TRATADO,DEF,0,0.95,agente:texto,2026-09-06T13:47:41Z
acta,decada_votada:dip:249,ECON.EMERG,ECON,0,0.95,agente:texto,2026-09-06T13:33:47Z
acta,decada_votada:dip:249,ECON.TRIB,ECON,1,0.95,agente:texto,2026-09-06T13:33:47Z
acta,decada_votada:dip:250,ECON.EMERG,ECON,0,0.95,agente:texto,2026-09-06T13:39:23Z
acta,decada_votada:dip:250,ECON.TRIB,ECON,1,0.95,agente:texto,2026-09-06T13:39:23Z
acta,decada_votada:dip:250,SALUD.ADICC,SALUD,0,0.95,agente:texto,2026-09-06T13:39:23Z
acta,decada_votada:dip:252,ECON.EMERG,ECON,1,0.95,agente:texto,2026-09-06T14:12:18Z
acta,decada_votada:dip:252,INFRA.OBRA,INFRA,0,0.95,agente:texto,2026-09-06T14:12:18Z
acta,decada_votada:dip:252,INFRA.TRANSP,INFRA,0,0.95,agente:texto,2026-09-06T14:12:18Z
acta,decada_votada:dip:254,ECON.TRIB,ECON,1,0.95,agente:texto,2026-09-06T14:03:49Z
acta,decada_votada:dip:254,PROD.COMEX,PROD,0,0.95,agente:texto,2026-09-06T14:03:49Z
acta,decada_votada:dip:255,CYT.CIENCIA,CYT,0,0.85,agente:texto,2026-09-06T14:35:49Z
acta,decada_votada:dip:255,ECON.PRESU,ECON,1,0.85,agente:texto,2026-09-06T14:35:49Z
acta,decada_votada:dip:255,EDU.SUPERIOR,EDU,0,0.85,agente:texto,2026-09-06T14:35:49Z
acta,decada_votada:dip:255,TRAB.EMPLEOPUB,TRAB,0,0.85,agente:texto,2026-09-06T14:35:49Z
acta,decada_votada:dip:257,ECON.EMERG,ECON,0,0.95,agente:texto,2026-09-06T13:35:22Z
acta,decada_votada:dip:257,ECON.TRIB,ECON,1,0.95,agente:texto,2026-09-06T13:35:22Z
acta,decada_votada:dip:258,ECON.EMERG,ECON,0,0.95,agente:texto,2026-09-06T13:36:31Z
acta,decada_votada:dip:258,ECON.TRIB,ECON,1,0.95,agente:texto,2026-09-06T13:36:31Z
acta,decada_votada:dip:259,ECON.EMERG,ECON,0,0.95,agente:texto,2026-09-06T13:36:26Z
acta,decada_votada:dip:259,ECON.TRIB,ECON,1,0.95,agente:texto,2026-09-06T13:36:26Z
acta,decada_votada:dip:260,ECON.EMERG,ECON,0,0.95,agente:texto,2026-09-06T13:36:20Z
acta,decada_votada:dip:260,ECON.TRIB,ECON,1,0.95,agente:texto,2026-09-06T13:36:20Z
acta,decada_votada:dip:261,ECON.EMERG,ECON,0,0.95,agente:texto,2026-09-06T13:36:17Z
acta,decada_votada:dip:261,ECON.TRIB,ECON,1,0.95,agente:texto,2026-09-06T13:36:17Z
acta,decada_votada:dip:262,ECON.EMERG,ECON,0,0.95,agente:texto,2026-09-06T13:36:23Z
acta,decada_votada:dip:262,ECON.TRIB,ECON,1,0.95,agente:texto,2026-09-06T13:36:23Z
acta,decada_votada:dip:263,ECON.EMERG,ECON,0,0.95,agente:texto,2026-09-06T13:36:38Z
acta,decada_votada:dip:263,ECON.TRIB,ECON,1,0.95,agente:texto,2026-09-06T13:36:38Z
acta,decada_votada:dip:264,ECON.PRESU,ECON,0,0.95,agente:texto,2026-09-06T13:42:54Z
acta,decada_votada:dip:264,ECON.TRIB,ECON,1,0.95,agente:texto,2026-09-06T13:42:54Z
acta,decada_votada:dip:264,SALUD.ADICC,SALUD,0,0.95,agente:texto,2026-09-06T13:42:54Z
acta,decada_votada:dip:265,ECON.EMERG,ECON,0,0.95,agente:texto,2026-09-06T13:45:03Z
acta,decada_votada:dip:265,ECON.TRIB,ECON,1,0.95,agente:texto,2026-09-06T13:45:03Z
acta,decada_votada:dip:265,SALUD.ADICC,SALUD,0,0.95,agente:texto,2026-09-06T13:45:03Z
acta,decada_votada:dip:266,ECON.PRESU,ECON,0,0.95,agente:texto,2026-09-06T13:44:54Z
acta,decada_votada:dip:266,ECON.TRIB,ECON,1,0.95,agente:texto,2026-09-06T13:44:54Z
acta,decada_votada:dip:266,SALUD.ADICC,SALUD,0,0.95,agente:texto,2026-09-06T13:44:54Z
acta,decada_votada:dip:267,ECON.EMERG,ECON,0,0.95,agente:texto,2026-09-06T13:44:38Z
acta,decada_votada:dip:267,ECON.TRIB,ECON,1,0.95,agente:texto,2026-09-06T13:44:38Z
acta,decada_votada:dip:267,SALUD.ADICC,SALUD,0,0.95,agente:texto,2026-09-06T13:44:38Z
acta,decada_votada:dip:268,ECON.PRESU,ECON,0,0.95,agente:texto,2026-09-06T13:44:57Z
acta,decada_votada:dip:268,ECON.TRIB,ECON,1,0.95,agente:texto,2026-09-06T13:44:57Z
acta,decada_votada:dip:268,SALUD.ADICC,SALUD,0,0.95,agente:texto,2026-09-06T13:44:57Z
acta,decada_votada:dip:269,ECON.EMERG,ECON,0,0.95,agente:texto,2026-09-06T13:45:12Z
acta,decada_votada:dip:269,ECON.TRIB,ECON,1,0.95,agente:texto,2026-09-06T13:45:12Z
acta,decada_votada:dip:269,SALUD.ADICC,SALUD,0,0.95,agente:texto,2026-09-06T13:45:12Z
acta,decada_votada:dip:270,ECON.PRESU,ECON,0,0.95,agente:texto,2026-09-06T13:44:50Z
acta,decada_votada:dip:270,ECON.TRIB,ECON,1,0.95,agente:texto,2026-09-06T13:44:50Z
acta,decada_votada:dip:270,SALUD.ADICC,SALUD,0,0.95,agente:texto,2026-09-06T13:44:50Z
acta,decada_votada:dip:283,ECON.PRESU,ECON,1,0.95,agente:texto,2026-09-06T14:50:38Z
acta,decada_votada:dip:294,ECON.DEUDA,ECON,0,0.95,agente:texto,2026-09-06T13:54:56Z
acta,decada_votada:dip:294,ECON.MON,ECON,1,0.95,agente:texto,2026-09-06T13:54:56Z
acta,decada_votada:dip:294,POLINST.ORGEST,POLINST,0,0.95,agente:texto,2026-09-06T13:54:56Z
acta,decada_votada:dip:296,DEF.TRATADO,DEF,1,0.95,agente:texto,2026-09-06T13:36:52Z
acta,decada_votada:dip:296,JUST.PENAL,JUST,0,0.95,agente:texto,2026-09-06T13:36:52Z
acta,decada_votada:dip:296,PROD.COMEX,PROD,0,0.95,agente:texto,2026-09-06T13:36:52Z
acta,decada_votada:dip:297,ECON.DEUDA,ECON,0,0.95,agente:texto,2026-09-06T14:25:40Z
acta,decada_votada:dip:297,ECON.MON,ECON,1,0.95,agente:texto,2026-09-06T14:25:40Z
acta,decada_votada:dip:297,ECON.PRESU,ECON,0,0.95,agente:texto,2026-09-06T14:25:40Z
acta,decada_votada:dip:298,ECON.EMERG,ECON,1,0.95,agente:texto,2026-09-06T14:42:48Z
acta,decada_votada:dip:298,ECON.PRESU,ECON,0,0.95,agente:texto,2026-09-06T14:42:48Z
acta,decada_votada:dip:298,POLINST.ORGEST,POLINST,0,0.95,agente:texto,2026-09-06T14:42:48Z
acta,decada_votada:dip:3,ECON.PRESU,ECON,1,0.95,agente:texto,2026-09-06T14:18:19Z
acta,decada_votada:dip:3,TRAB.PREV,TRAB,0,0.95,agente:texto,2026-09-06T14:18:19Z
acta,decada_votada:dip:308,DERSOC.DDHH,DERSOC,0,0.85,agente:texto,2026-09-06T14:45:32Z
acta,decada_votada:dip:308,JUST.PENAL,JUST,1,0.85,agente:texto,2026-09-06T14:45:32Z
acta,decada_votada:dip:308,POLINST.CONST,POLINST,0,0.85,agente:texto,2026-09-06T14:45:32Z
acta,decada_votada:dip:309,ECON.PRESU,ECON,0,0.85,agente:texto,2026-09-06T14:07:59Z
acta,decada_votada:dip:309,ENER.ELEC,ENER,1,0.85,agente:texto,2026-09-06T14:07:59Z
acta,decada_votada:dip:309,ENER.HIDRO,ENER,0,0.85,agente:texto,2026-09-06T14:07:59Z
acta,decada_votada:dip:309,INFRA.TRANSP,INFRA,0,0.85,agente:texto,2026-09-06T14:07:59Z
acta,decada_votada:dip:310,ECON.PRESU,ECON,0,0.95,agente:texto,2026-09-06T14:08:03Z
acta,decada_votada:dip:310,ENER.ELEC,ENER,1,0.95,agente:texto,2026-09-06T14:08:03Z
acta,decada_votada:dip:310,ENER.HIDRO,ENER,0,0.95,agente:texto,2026-09-06T14:08:03Z
acta,decada_votada:dip:310,INFRA.TRANSP,INFRA,0,0.95,agente:texto,2026-09-06T14:08:03Z
acta,decada_votada:dip:311,ECON.PRESU,ECON,0,0.9,agente:texto,2026-09-06T14:07:30Z
acta,decada_votada:dip:311,ENER.ELEC,ENER,1,0.9,agente:texto,2026-09-06T14:07:30Z
acta,decada_votada:dip:311,ENER.HIDRO,ENER,0,0.9,agente:texto,2026-09-06T14:07:30Z
acta,decada_votada:dip:311,INFRA.TRANSP,INFRA,0,0.9,agente:texto,2026-09-06T14:07:30Z
acta,decada_votada:dip:312,ECON.PRESU,ECON,0,0.92,agente:texto,2026-09-06T14:07:53Z
acta,decada_votada:dip:312,ENER.ELEC,ENER,1,0.92,agente:texto,2026-09-06T14:07:53Z
acta,decada_votada:dip:312,ENER.HIDRO,ENER,0,0.92,agente:texto,2026-09-06T14:07:53Z
acta,decada_votada:dip:312,INFRA.TRANSP,INFRA,0,0.92,agente:texto,2026-09-06T14:07:53Z
acta,decada_votada:dip:313,ECON.PRESU,ECON,0,0.95,agente:texto,2026-09-06T14:07:56Z
acta,decada_votada:dip:313,ENER.ELEC,ENER,1,0.95,agente:texto,2026-09-06T14:07:56Z
acta,decada_votada:dip:313,ENER.HIDRO,ENER,0,0.95,agente:texto,2026-09-06T14:07:56Z
acta,decada_votada:dip:313,INFRA.TRANSP,INFRA,0,0.95,agente:texto,2026-09-06T14:07:56Z
acta,decada_votada:dip:314,ECON.PRESU,ECON,0,0.9,agente:texto,2026-09-06T14:07:33Z
acta,decada_votada:dip:314,ENER.ELEC,ENER,1,0.9,agente:texto,2026-09-06T14:07:33Z
acta,decada_votada:dip:314,ENER.HIDRO,ENER,0,0.9,agente:texto,2026-09-06T14:07:33Z
acta,decada_votada:dip:314,INFRA.TRANSP,INFRA,0,0.9,agente:texto,2026-09-06T14:07:33Z
acta,decada_votada:dip:315,ECON.PRESU,ECON,0,0.9,agente:texto,2026-09-06T14:07:40Z
acta,decada_votada:dip:315,ENER.ELEC,ENER,1,0.9,agente:texto,2026-09-06T14:07:40Z
acta,decada_votada:dip:315,ENER.HIDRO,ENER,0,0.9,agente:texto,2026-09-06T14:07:40Z
acta,decada_votada:dip:315,INFRA.TRANSP,INFRA,0,0.9,agente:texto,2026-09-06T14:07:40Z
acta,decada_votada:dip:316,ECON.PRESU,ECON,0,0.9,agente:texto,2026-09-06T14:07:43Z
acta,decada_votada:dip:316,ENER.ELEC,ENER,1,0.9,agente:texto,2026-09-06T14:07:43Z
acta,decada_votada:dip:316,ENER.HIDRO,ENER,0,0.9,agente:texto,2026-09-06T14:07:43Z
acta,decada_votada:dip:316,INFRA.TRANSP,INFRA,0,0.9,agente:texto,2026-09-06T14:07:43Z
acta,decada_votada:dip:317,DESREG.EMPUB,DESREG,0,0.9,agente:texto,2026-09-06T14:07:37Z
acta,decada_votada:dip:317,ECON.PRESU,ECON,0,0.9,agente:texto,2026-09-06T14:07:37Z
acta,decada_votada:dip:317,ENER.ELEC,ENER,1,0.9,agente:texto,2026-09-06T14:07:37Z
acta,decada_votada:dip:317,ENER.HIDRO,ENER,0,0.9,agente:texto,2026-09-06T14:07:37Z
acta,decada_votada:dip:317,INFRA.TRANSP,INFRA,0,0.9,agente:texto,2026-09-06T14:07:37Z
acta,decada_votada:dip:318,ECON.PRESU,ECON,0,0.9,agente:texto,2026-09-06T14:07:07Z
acta,decada_votada:dip:318,ENER.ELEC,ENER,1,0.9,agente:texto,2026-09-06T14:07:07Z
acta,decada_votada:dip:318,ENER.HIDRO,ENER,0,0.9,agente:texto,2026-09-06T14:07:07Z
acta,decada_votada:dip:318,INFRA.TRANSP,INFRA,0,0.9,agente:texto,2026-09-06T14:07:07Z
acta,decada_votada:dip:319,ECON.PRESU,ECON,0,0.9,agente:texto,2026-09-06T14:06:56Z
acta,decada_votada:dip:319,ENER.ELEC,ENER,1,0.9,agente:texto,2026-09-06T14:06:56Z
acta,decada_votada:dip:319,ENER.HIDRO,ENER,0,0.9,agente:texto,2026-09-06T14:06:56Z
acta,decada_votada:dip:319,INFRA.TRANSP,INFRA,0,0.9,agente:texto,2026-09-06T14:06:56Z
acta,decada_votada:dip:320,ECON.PRESU,ECON,0,0.9,agente:texto,2026-09-06T14:05:02Z
acta,decada_votada:dip:320,ENER.ELEC,ENER,1,0.9,agente:texto,2026-09-06T14:05:02Z
acta,decada_votada:dip:320,ENER.HIDRO,ENER,0,0.9,agente:texto,2026-09-06T14:05:02Z
acta,decada_votada:dip:320,INFRA.OBRA,INFRA,0,0.9,agente:texto,2026-09-06T14:05:02Z
acta,decada_votada:dip:320,INFRA.TRANSP,INFRA,0,0.9,agente:texto,2026-09-06T14:05:02Z
acta,decada_votada:dip:341,DERSOC.DDHH,DERSOC,0,0.95,agente:texto,2026-09-06T14:49:21Z
acta,decada_votada:dip:341,JUST.PENAL,JUST,1,0.95,agente:texto,2026-09-06T14:49:21Z
acta,decada_votada:dip:341,POLINST.CONST,POLINST,0,0.95,agente:texto,2026-09-06T14:49:21Z
acta,decada_votada:dip:343,AUX.TRAMITE,AUX,1,0.95,agente:texto,2026-09-06T14:31:55Z
acta,decada_votada:dip:344,JUST.NARCO,JUST,0,0.95,agente:texto,2026-09-06T14:50:47Z
acta,decada_votada:dip:344,JUST.PENAL,JUST,1,0.95,agente:texto,2026-09-06T14:50:47Z
acta,decada_votada:dip:347,AMB.AGUA,AMB,0,0.95,agente:texto,2026-09-06T14:09:58Z
acta,decada_votada:dip:347,DESREG.EMPUB,DESREG,1,0.95,agente:texto,2026-09-06T14:09:58Z
acta,decada_votada:dip:347,DESREG.SOCIED,DESREG,0,0.95,agente:texto,2026-09-06T14:09:58Z
acta,decada_votada:dip:347,JUST.CIVCOM,JUST,0,0.95,agente:texto,2026-09-06T14:09:58Z
acta,decada_votada:dip:350,AUX.TRAMITE,AUX,1,0.95,agente:texto,2026-09-06T14:41:32Z
acta,decada_votada:dip:351,AUX.TRAMITE,AUX,1,0.95,agente:texto,2026-09-06T14:31:45Z
acta,decada_votada:dip:352,AUX.TRAMITE,AUX,1,0.95,agente:texto,2026-09-06T14:19:23Z
acta,decada_votada:dip:352,DERSOC.DDHH,DERSOC,0,0.75,manual,2026-09-07T19:08:32Z
acta,decada_votada:dip:352,POLINST.ORGEST,POLINST,1,0.75,manual,2026-09-07T19:08:32Z
acta,decada_votada:dip:353,AMB.CLIMA,AMB,0,0.95,agente:texto,2026-09-06T14:39:56Z
acta,decada_votada:dip:353,CYT.INNOV,CYT,0,0.95,agente:texto,2026-09-06T14:39:56Z
acta,decada_votada:dip:353,ENER.COMBUS,ENER,0,0.95,agente:texto,2026-09-06T14:39:56Z
acta,decada_votada:dip:353,ENER.RENOV,ENER,1,0.95,agente:texto,2026-09-06T14:39:56Z
acta,decada_votada:dip:353,PROD.INVER,PROD,0,0.95,agente:texto,2026-09-06T14:39:56Z
acta,decada_votada:dip:356,JUST.JUDIC,JUST,0,0.95,agente:texto,2026-09-06T14:12:11Z
acta,decada_votada:dip:356,JUST.PENAL,JUST,1,0.95,agente:texto,2026-09-06T14:12:11Z
acta,decada_votada:dip:356,POLINST.ORGEST,POLINST,0,0.95,agente:texto,2026-09-06T14:12:11Z
acta,decada_votada:dip:358,AUX.TRAMITE,AUX,0,0.85,agente:texto,2026-09-06T13:28:58Z
acta,decada_votada:dip:358,CULT.CULTURA,CULT,1,0.85,agente:texto,2026-09-06T13:28:58Z
acta,decada_votada:dip:358,JUST.CIVCOM,JUST,0,0.85,agente:texto,2026-09-06T13:28:58Z
acta,decada_votada:dip:360,ECON.TRIB,ECON,0,0.85,agente:texto,2026-09-06T13:56:06Z
acta,decada_votada:dip:360,JUST.PENAL,JUST,1,0.85,agente:texto,2026-09-06T13:56:06Z
acta,decada_votada:dip:360,JUST.SEGINT,JUST,0,0.85,agente:texto,2026-09-06T13:56:06Z
acta,decada_votada:dip:360,POLINST.ORGEST,POLINST,0,0.85,agente:texto,2026-09-06T13:56:06Z
acta,decada_votada:dip:367,DEF.DEFENSA,DEF,0,0.95,agente:texto,2026-09-06T14:51:38Z
acta,decada_votada:dip:367,DEF.TRATADO,DEF,1,0.95,agente:texto,2026-09-06T14:51:38Z
acta,decada_votada:dip:367,JUST.SEGINT,JUST,0,0.95,agente:texto,2026-09-06T14:51:38Z
acta,decada_votada:dip:369,TRAB.LABOR,TRAB,1,0.95,agente:texto,2026-09-06T14:33:29Z
acta,decada_votada:dip:372,DEF.TRATADO,DEF,0,0.85,agente:texto,2026-09-06T13:53:56Z
acta,decada_votada:dip:372,DESREG.EMPUB,DESREG,0,0.85,agente:texto,2026-09-06T13:53:56Z
acta,decada_votada:dip:372,ENER.ELEC,ENER,1,0.85,agente:texto,2026-09-06T13:53:56Z
acta,decada_votada:dip:377,CULT.CULTURA,CULT,0,0.95,agente:texto,2026-09-06T14:14:51Z
acta,decada_votada:dip:377,DEF.TRATADO,DEF,1,0.95,agente:texto,2026-09-06T14:14:51Z
acta,decada_votada:dip:38,AUX.TRAMITE,AUX,1,0.95,agente:texto,2026-09-06T13:41:21Z
acta,decada_votada:dip:382,DEF.EXTERIOR,DEF,0,0.95,agente:texto,2026-09-06T13:42:23Z
acta,decada_votada:dip:382,DEF.TRATADO,DEF,1,0.95,agente:texto,2026-09-06T13:42:23Z
acta,decada_votada:dip:383,DEF.TRATADO,DEF,1,0.95,agente:texto,2026-09-06T14:06:30Z
acta,decada_votada:dip:389,JUST.CIVCOM,JUST,0,0.95,agente:texto,2026-09-06T14:49:42Z
acta,decada_votada:dip:389,POLINST.CONST,POLINST,1,0.95,agente:texto,2026-09-06T14:49:42Z
acta,decada_votada:dip:389,POLINST.ORGEST,POLINST,0,0.95,agente:texto,2026-09-06T14:49:42Z
acta,decada_votada:dip:391,POLINST.CONST,POLINST,1,0.95,agente:texto,2026-09-06T14:49:31Z
acta,decada_votada:dip:391,POLINST.ETICA,POLINST,0,0.95,agente:texto,2026-09-06T14:49:31Z
acta,decada_votada:dip:392,AUX.HOMENAJE,AUX,1,1.0,agente:texto,2026-09-06T14:47:08Z
acta,decada_votada:dip:395,DEF.EXTERIOR,DEF,0,0.95,agente:texto,2026-09-06T14:38:59Z
acta,decada_votada:dip:395,DEF.TRATADO,DEF,1,0.95,agente:texto,2026-09-06T14:38:59Z
acta,decada_votada:dip:395,JUST.SEGINT,JUST,0,0.95,agente:texto,2026-09-06T14:38:59Z
acta,decada_votada:dip:396,DEF.TRATADO,DEF,1,0.75,agente:texto,2026-09-06T14:05:33Z
acta,decada_votada:dip:396,POLINST.ORGEST,POLINST,0,0.75,agente:texto,2026-09-06T14:05:33Z
acta,decada_votada:dip:4,ECON.PRESU,ECON,1,0.95,agente:texto,2026-09-06T14:18:16Z
acta,decada_votada:dip:4,TRAB.PREV,TRAB,0,0.95,agente:texto,2026-09-06T14:18:16Z
acta,decada_votada:dip:401,AUX.TRAMITE,AUX,1,0.95,agente:texto,2026-09-06T14:18:46Z
acta,decada_votada:dip:407,JUST.JUDIC,JUST,1,0.95,agente:texto,2026-09-06T14:24:49Z
acta,decada_votada:dip:409,ENER.HIDRO,ENER,0,0.85,agente:texto,2026-09-06T14:32:52Z
acta,decada_votada:dip:409,JUST.PROPIED,JUST,1,0.85,agente:texto,2026-09-06T14:32:52Z
acta,decada_votada:dip:409,TRAB.EMPLEOPUB,TRAB,0,0.85,agente:texto,2026-09-06T14:32:52Z
acta,decada_votada:dip:411,DEF.DEFENSA,DEF,1,0.9,agente:texto,2026-09-06T14:37:33Z
acta,decada_votada:dip:411,DEF.EXTERIOR,DEF,0,0.9,agente:texto,2026-09-06T14:37:33Z
acta,decada_votada:dip:411,DEF.TRATADO,DEF,0,0.9,agente:texto,2026-09-06T14:37:33Z
acta,decada_votada:dip:413,DEF.TRATADO,DEF,0,0.85,agente:texto,2026-09-06T13:53:49Z
acta,decada_votada:dip:413,DESREG.EMPUB,DESREG,1,0.85,agente:texto,2026-09-06T13:53:49Z
acta,decada_votada:dip:413,INFRA.TRANSP,INFRA,0,0.85,agente:texto,2026-09-06T13:53:49Z
acta,decada_votada:dip:414,DEF.TRATADO,DEF,1,0.95,agente:texto,2026-09-06T14:45:27Z
acta,decada_votada:dip:414,JUST.PENAL,JUST,0,0.95,agente:texto,2026-09-06T14:45:27Z
acta,decada_votada:dip:415,DEF.TRATADO,DEF,1,0.95,agente:texto,2026-09-06T13:43:15Z
acta,decada_votada:dip:415,JUST.NARCO,JUST,0,0.95,agente:texto,2026-09-06T13:43:15Z
acta,decada_votada:dip:415,JUST.SEGINT,JUST,0,0.95,agente:texto,2026-09-06T13:43:15Z
acta,decada_votada:dip:418,AUX.TRAMITE,AUX,1,0.95,agente:texto,2026-09-06T13:41:35Z
acta,decada_votada:dip:429,DEF.DEFENSA,DEF,1,0.95,agente:texto,2026-09-06T14:29:04Z
acta,decada_votada:dip:429,DEF.TRATADO,DEF,0,0.95,agente:texto,2026-09-06T14:29:04Z
acta,decada_votada:dip:43,ECON.MON,ECON,1,0.85,agente:texto,2026-09-06T13:56:24Z
acta,decada_votada:dip:43,ECON.TRIB,ECON,0,0.85,agente:texto,2026-09-06T13:56:24Z
acta,decada_votada:dip:43,JUST.CIVCOM,JUST,0,0.85,agente:texto,2026-09-06T13:56:24Z
acta,decada_votada:dip:438,JUST.JUDIC,JUST,1,0.95,agente:texto,2026-09-06T14:46:41Z
acta,decada_votada:dip:44,JUST.JUDIC,JUST,1,0.75,manual,2026-09-07T19:08:32Z
acta,decada_votada:dip:441,DESREG.DESECO,DESREG,0,0.95,agente:texto,2026-09-06T14:40:14Z
acta,decada_votada:dip:441,ENER.HIDRO,ENER,1,0.95,agente:texto,2026-09-06T14:40:14Z
acta,decada_votada:dip:441,PROD.INVER,PROD,0,0.95,agente:texto,2026-09-06T14:40:14Z
acta,decada_votada:dip:444,DESREG.EMPUB,DESREG,0,0.95,agente:texto,2026-09-06T14:23:08Z
acta,decada_votada:dip:444,EDU.SUPERIOR,EDU,1,0.95,agente:texto,2026-09-06T14:23:08Z
acta,decada_votada:dip:444,INFRA.VIVIENDA,INFRA,0,0.95,agente:texto,2026-09-06T14:23:08Z
acta,decada_votada:dip:447,ECON.PRESU,ECON,0,0.9,agente:texto,2026-09-06T14:37:31Z
acta,decada_votada:dip:447,INFRA.TRANSP,INFRA,0,0.9,agente:texto,2026-09-06T14:37:31Z
acta,decada_votada:dip:447,SALUD.DISCAP,SALUD,1,0.9,agente:texto,2026-09-06T14:37:31Z
acta,decada_votada:dip:452,DEF.TRATADO,DEF,1,0.95,agente:texto,2026-09-06T14:34:52Z
acta,decada_votada:dip:452,DESREG.SOCIED,DESREG,0,0.95,agente:texto,2026-09-06T14:34:52Z
acta,decada_votada:dip:456,DEF.TRATADO,DEF,1,0.95,agente:texto,2026-09-06T13:43:20Z
acta,decada_votada:dip:457,DEF.TRATADO,DEF,1,0.95,agente:texto,2026-09-06T14:32:48Z
acta,decada_votada:dip:457,PROD.COMEX,PROD,0,0.95,agente:texto,2026-09-06T14:32:48Z
acta,decada_votada:dip:459,DESREG.DESECO,DESREG,1,0.75,agente:texto,2026-09-06T14:31:06Z
acta,decada_votada:dip:459,ECON.TRIB,ECON,0,0.75,agente:texto,2026-09-06T14:31:06Z
acta,decada_votada:dip:459,PROD.COMEX,PROD,0,0.75,agente:texto,2026-09-06T14:31:06Z
acta,decada_votada:dip:46,JUST.JUDIC,JUST,1,0.75,manual,2026-09-07T19:08:32Z
acta,decada_votada:dip:464,ECON.PRESU,ECON,0,0.95,agente:texto,2026-09-06T14:21:11Z
acta,decada_votada:dip:464,ECON.TRIB,ECON,1,0.95,agente:texto,2026-09-06T14:21:11Z
acta,decada_votada:dip:464,POLINST.ETICA,POLINST,0,0.95,agente:texto,2026-09-06T14:21:11Z
acta,decada_votada:dip:465,AMB.BOSQUE,AMB,1,0.9,agente:texto,2026-09-06T14:35:41Z
acta,decada_votada:dip:465,DEF.DEFENSA,DEF,0,0.9,agente:texto,2026-09-06T14:35:41Z
acta,decada_votada:dip:465,POLINST.ETICA,POLINST,0,0.9,agente:texto,2026-09-06T14:35:41Z
acta,decada_votada:dip:467,JUST.CIVCOM,JUST,0,0.9,agente:texto,2026-09-06T13:54:36Z
acta,decada_votada:dip:467,TRAB.PREV,TRAB,1,0.9,agente:texto,2026-09-06T13:54:36Z
acta,decada_votada:dip:472,CULT.CULTURA,CULT,0,0.95,agente:texto,2026-09-06T14:23:01Z
acta,decada_votada:dip:472,DEF.DEFENSA,DEF,0,0.95,agente:texto,2026-09-06T14:23:01Z
acta,decada_votada:dip:472,DEF.TRATADO,DEF,1,0.95,agente:texto,2026-09-06T14:23:01Z
acta,decada_votada:dip:473,AUX.HOMENAJE,AUX,0,0.9,agente:texto,2026-09-06T14:44:04Z
acta,decada_votada:dip:473,CULT.CULTURA,CULT,1,0.9,agente:texto,2026-09-06T14:44:04Z
acta,decada_votada:dip:482,DEF.DEFENSA,DEF,0,0.95,agente:texto,2026-09-06T14:16:17Z
acta,decada_votada:dip:482,DEF.TRATADO,DEF,1,0.95,agente:texto,2026-09-06T14:16:17Z
acta,decada_votada:dip:485,DERSOC.DDHH,DERSOC,0,0.95,agente:texto,2026-09-06T14:37:47Z
acta,decada_votada:dip:485,DERSOC.ORIGIN,DERSOC,1,0.95,agente:texto,2026-09-06T14:37:47Z
acta,decada_votada:dip:485,ECON.EMERG,ECON,0,0.95,agente:texto,2026-09-06T14:37:47Z
acta,decada_votada:dip:485,JUST.PROPIED,JUST,0,0.95,agente:texto,2026-09-06T14:37:47Z
acta,decada_votada:dip:486,CULT.DEPORTE,CULT,0,0.95,agente:texto,2026-09-06T14:02:00Z
acta,decada_votada:dip:486,DEF.TRATADO,DEF,1,0.95,agente:texto,2026-09-06T14:02:00Z
acta,decada_votada:dip:486,SALUD.ADICC,SALUD,0,0.95,agente:texto,2026-09-06T14:02:00Z
acta,decada_votada:dip:487,DEF.TRATADO,DEF,0,0.99,manual,2026-09-07T19:08:32Z
acta,decada_votada:dip:487,DERSOC.DDHH,DERSOC,1,0.99,manual,2026-09-07T19:08:32Z
acta,decada_votada:dip:488,DEF.TRATADO,DEF,0,0.95,agente:texto,2026-09-06T13:57:35Z
acta,decada_votada:dip:488,EDU.SUPERIOR,EDU,1,0.95,agente:texto,2026-09-06T13:57:35Z
acta,decada_votada:dip:489,AMB.CLIMA,AMB,0,0.95,agente:texto,2026-09-06T14:05:39Z
acta,decada_votada:dip:489,DEF.TRATADO,DEF,1,0.95,agente:texto,2026-09-06T14:05:39Z
acta,decada_votada:dip:489,INFRA.TELECOM,INFRA,0,0.95,agente:texto,2026-09-06T14:05:39Z
acta,decada_votada:dip:490,DESREG.MODEST,DESREG,0,0.95,agente:texto,2026-09-06T13:52:00Z
acta,decada_votada:dip:490,ECON.TRIB,ECON,0,0.95,agente:texto,2026-09-06T13:52:00Z
acta,decada_votada:dip:490,JUST.JUDIC,JUST,1,0.95,agente:texto,2026-09-06T13:52:00Z
acta,decada_votada:dip:493,AUX.TRAMITE,AUX,1,0.95,agente:texto,2026-09-06T14:04:56Z
acta,decada_votada:dip:496,AUX.HOMENAJE,AUX,0,0.85,agente:texto,2026-09-06T14:42:44Z
acta,decada_votada:dip:496,CULT.CULTURA,CULT,1,0.99,manual,2026-09-07T19:08:32Z
acta,decada_votada:dip:497,JUST.CIVCOM,JUST,1,0.95,agente:texto,2026-09-06T14:44:40Z
acta,decada_votada:dip:498,AUX.HOMENAJE,AUX,1,0.95,agente:texto,2026-09-06T14:48:24Z
acta,decada_votada:dip:501,AUX.HOMENAJE,AUX,1,0.95,agente:texto,2026-09-06T13:46:39Z
acta,decada_votada:dip:503,DERSOC.DDHH,DERSOC,0,0.95,agente:texto,2026-09-06T14:01:08Z
acta,decada_votada:dip:503,JUST.PENAL,JUST,1,0.95,agente:texto,2026-09-06T14:01:08Z
acta,decada_votada:dip:503,POLINST.ORGEST,POLINST,0,0.95,agente:texto,2026-09-06T14:01:08Z
acta,decada_votada:dip:504,DESREG.EMPUB,DESREG,0,0.6,agente:texto,2026-09-06T14:29:07Z
acta,decada_votada:dip:504,ECON.COPART,ECON,0,0.6,agente:texto,2026-09-06T14:29:07Z
acta,decada_votada:dip:504,INFRA.VIVIENDA,INFRA,1,0.6,agente:texto,2026-09-06T14:29:07Z
acta,decada_votada:dip:506,JUST.CIVCOM,JUST,0,0.95,agente:texto,2026-09-06T14:43:26Z
acta,decada_votada:dip:506,SALUD.DISCAP,SALUD,1,0.95,agente:texto,2026-09-06T14:43:26Z
acta,decada_votada:dip:508,ECON.DEUDA,ECON,0,0.95,agente:texto,2026-09-06T13:47:10Z
acta,decada_votada:dip:508,ECON.EMERG,ECON,1,0.95,agente:texto,2026-09-06T13:47:10Z
acta,decada_votada:dip:508,ECON.MON,ECON,0,0.95,agente:texto,2026-09-06T13:47:10Z
acta,decada_votada:dip:508,JUST.CIVCOM,JUST,0,0.95,agente:texto,2026-09-06T13:47:10Z
acta,decada_votada:dip:518,POLINST.ELECT,POLINST,0,0.95,agente:texto,2026-09-06T14:40:05Z
acta,decada_votada:dip:518,POLINST.PARTIDOS,POLINST,1,0.95,agente:texto,2026-09-06T14:40:05Z
acta,decada_votada:dip:52,POLINST.CONST,POLINST,0,0.95,agente:texto,2026-09-06T14:02:10Z
acta,decada_votada:dip:52,POLINST.ELECT,POLINST,1,0.95,agente:texto,2026-09-06T14:02:10Z
acta,decada_votada:dip:52,POLINST.PARTIDOS,POLINST,0,0.95,agente:texto,2026-09-06T14:02:10Z
acta,decada_votada:dip:524,DEF.DEFENSA,DEF,0,0.95,agente:texto,2026-09-06T13:39:29Z
acta,decada_votada:dip:524,DESREG.EMPUB,DESREG,1,0.95,agente:texto,2026-09-06T13:39:29Z
acta,decada_votada:dip:524,ECON.PRESU,ECON,0,0.95,agente:texto,2026-09-06T13:39:29Z
acta,decada_votada:dip:525,JUST.JUDIC,JUST,1,0.95,agente:texto,2026-09-06T14:23:37Z
acta,decada_votada:dip:525,POLINST.CONST,POLINST,0,0.95,agente:texto,2026-09-06T14:23:37Z
acta,decada_votada:dip:53,POLINST.CONST,POLINST,0,0.95,agente:texto,2026-09-06T14:04:04Z
acta,decada_votada:dip:53,POLINST.ELECT,POLINST,1,0.95,agente:texto,2026-09-06T14:04:04Z
acta,decada_votada:dip:53,POLINST.PARTIDOS,POLINST,0,0.95,agente:texto,2026-09-06T14:04:04Z
acta,decada_votada:dip:530,EDU.BASICA,EDU,1,0.99,manual,2026-09-07T19:08:32Z
acta,decada_votada:dip:532,DEF.TRATADO,DEF,1,0.95,agente:texto,2026-09-06T13:56:38Z
acta,decada_votada:dip:532,DERSOC.DDHH,DERSOC,0,0.95,agente:texto,2026-09-06T13:56:38Z
acta,decada_votada:dip:532,DERSOC.GENERO,DERSOC,0,0.95,agente:texto,2026-09-06T13:56:38Z
acta,decada_votada:dip:537,DERSOC.DDHH,DERSOC,0,0.95,agente:texto,2026-09-06T14:45:56Z
acta,decada_votada:dip:537,DERSOC.NINEZ,DERSOC,0,0.95,agente:texto,2026-09-06T14:45:56Z
acta,decada_votada:dip:537,JUST.SEGINT,JUST,1,0.95,agente:texto,2026-09-06T14:45:56Z
acta,decada_votada:dip:537,TRAB.EMPLEOPUB,TRAB,0,0.95,agente:texto,2026-09-06T14:45:56Z
acta,decada_votada:dip:539,AUX.TRAMITE,AUX,1,0.95,agente:texto,2026-09-06T14:49:45Z
acta,decada_votada:dip:54,POLINST.CONST,POLINST,0,0.95,agente:texto,2026-09-06T14:04:53Z
acta,decada_votada:dip:54,POLINST.ELECT,POLINST,1,0.95,agente:texto,2026-09-06T14:04:53Z
acta,decada_votada:dip:54,POLINST.PARTIDOS,POLINST,0,0.95,agente:texto,2026-09-06T14:04:53Z
acta,decada_votada:dip:543,ECON.TRIB,ECON,1,0.95,agente:texto,2026-09-06T13:43:28Z
acta,decada_votada:dip:543,TRAB.LABOR,TRAB,0,0.95,agente:texto,2026-09-06T13:43:28Z
acta,decada_votada:dip:547,ECON.DEUDA,ECON,1,0.95,agente:texto,2026-09-06T14:32:15Z
acta,decada_votada:dip:547,ECON.PRESU,ECON,0,0.95,agente:texto,2026-09-06T14:32:15Z
acta,decada_votada:dip:547,TRAB.PREV,TRAB,0,0.95,agente:texto,2026-09-06T14:32:15Z
acta,decada_votada:dip:548,AUX.TRAMITE,AUX,0,0.85,agente:texto,2026-09-06T14:30:36Z
acta,decada_votada:dip:548,INFRA.OBRA,INFRA,0,0.85,agente:texto,2026-09-06T14:30:36Z
acta,decada_votada:dip:548,JUST.PROPIED,JUST,1,0.85,agente:texto,2026-09-06T14:30:36Z
acta,decada_votada:dip:55,POLINST.CONST,POLINST,0,0.95,agente:texto,2026-09-06T14:04:01Z
acta,decada_votada:dip:55,POLINST.ELECT,POLINST,1,0.95,agente:texto,2026-09-06T14:04:01Z
acta,decada_votada:dip:55,POLINST.PARTIDOS,POLINST,0,0.95,agente:texto,2026-09-06T14:04:01Z
acta,decada_votada:dip:556,AUX.HOMENAJE,AUX,1,0.95,agente:texto,2026-09-06T14:44:09Z
acta,decada_votada:dip:56,POLINST.CONST,POLINST,0,0.95,agente:texto,2026-09-06T14:04:29Z
acta,decada_votada:dip:56,POLINST.ELECT,POLINST,1,0.95,agente:texto,2026-09-06T14:04:29Z
acta,decada_votada:dip:56,POLINST.PARTIDOS,POLINST,0,0.95,agente:texto,2026-09-06T14:04:29Z
acta,decada_votada:dip:560,ECON.COPART,ECON,0,0.85,agente:texto,2026-09-06T14:28:08Z
acta,decada_votada:dip:560,JUST.PROPIED,JUST,1,0.85,agente:texto,2026-09-06T14:28:08Z
acta,decada_votada:dip:561,AUX.HOMENAJE,AUX,1,0.95,agente:texto,2026-09-06T14:49:47Z
acta,decada_votada:dip:564,DERSOC.GENERO,DERSOC,0,0.95,agente:texto,2026-09-06T14:41:53Z
acta,decada_votada:dip:564,DERSOC.NINEZ,DERSOC,0,0.95,agente:texto,2026-09-06T14:41:53Z
acta,decada_votada:dip:564,TRAB.LABOR,TRAB,1,0.95,agente:texto,2026-09-06T14:41:53Z
acta,decada_votada:dip:567,DESREG.EMPUB,DESREG,0,0.9,agente:texto,2026-09-06T14:03:28Z
acta,decada_votada:dip:567,ECON.COPART,ECON,0,0.9,agente:texto,2026-09-06T14:03:28Z
acta,decada_votada:dip:567,JUST.PROPIED,JUST,1,0.9,agente:texto,2026-09-06T14:03:28Z
acta,decada_votada:dip:568,DESREG.EMPUB,DESREG,0,0.85,agente:texto,2026-09-06T14:09:15Z
acta,decada_votada:dip:568,ECON.COPART,ECON,0,0.85,agente:texto,2026-09-06T14:09:15Z
acta,decada_votada:dip:568,JUST.PROPIED,JUST,1,0.85,agente:texto,2026-09-06T14:09:15Z
acta,decada_votada:dip:569,CULT.MEDIOS,CULT,0,0.7,agente:texto,2026-09-06T14:24:40Z
acta,decada_votada:dip:569,DESREG.SOCIED,DESREG,1,0.7,agente:texto,2026-09-06T14:24:40Z
acta,decada_votada:dip:569,POLINST.ETICA,POLINST,0,0.7,agente:texto,2026-09-06T14:24:40Z
acta,decada_votada:dip:57,POLINST.CONST,POLINST,0,0.95,agente:texto,2026-09-06T14:04:35Z
acta,decada_votada:dip:57,POLINST.ELECT,POLINST,1,0.95,agente:texto,2026-09-06T14:04:35Z
acta,decada_votada:dip:57,POLINST.PARTIDOS,POLINST,0,0.95,agente:texto,2026-09-06T14:04:35Z
acta,decada_votada:dip:570,AMB.CLIMA,AMB,0,0.85,agente:texto,2026-09-06T14:17:50Z
acta,decada_votada:dip:570,AMB.RESID,AMB,1,0.85,agente:texto,2026-09-06T14:17:50Z
acta,decada_votada:dip:570,DESREG.DESECO,DESREG,0,0.85,agente:texto,2026-09-06T14:17:50Z
acta,decada_votada:dip:570,PROD.COMEX,PROD,0,0.85,agente:texto,2026-09-06T14:17:50Z
acta,decada_votada:dip:571,DEF.TRATADO,DEF,1,0.95,agente:texto,2026-09-06T13:57:19Z
acta,decada_votada:dip:571,ECON.TRIB,ECON,0,0.95,agente:texto,2026-09-06T13:57:19Z
acta,decada_votada:dip:572,DEF.EXTERIOR,DEF,0,0.95,agente:texto,2026-09-06T13:47:27Z
acta,decada_votada:dip:572,DEF.TRATADO,DEF,1,0.95,agente:texto,2026-09-06T13:47:27Z
acta,decada_votada:dip:573,AMB.AGUA,AMB,0,0.95,agente:texto,2026-09-06T14:33:50Z
acta,decada_votada:dip:573,DEF.EXTERIOR,DEF,0,0.95,agente:texto,2026-09-06T14:33:50Z
acta,decada_votada:dip:573,DEF.TRATADO,DEF,1,0.95,agente:texto,2026-09-06T14:33:50Z
acta,decada_votada:dip:579,DEF.TRATADO,DEF,1,0.95,agente:texto,2026-09-06T14:18:08Z
acta,decada_votada:dip:579,INFRA.TRANSP,INFRA,0,0.95,agente:texto,2026-09-06T14:18:08Z
acta,decada_votada:dip:58,POLINST.ELECT,POLINST,1,0.95,agente:texto,2026-09-06T14:04:32Z
acta,decada_votada:dip:58,POLINST.PARTIDOS,POLINST,0,0.95,agente:texto,2026-09-06T14:04:32Z
acta,decada_votada:dip:580,DESREG.EMPUB,DESREG,0,0.85,agente:texto,2026-09-06T14:32:08Z
acta,decada_votada:dip:580,ECON.COPART,ECON,0,0.85,agente:texto,2026-09-06T14:32:08Z
acta,decada_votada:dip:580,JUST.PROPIED,JUST,1,0.85,agente:texto,2026-09-06T14:32:08Z
acta,decada_votada:dip:59,POLINST.CONST,POLINST,0,0.95,agente:texto,2026-09-06T14:04:07Z
acta,decada_votada:dip:59,POLINST.ELECT,POLINST,1,0.95,agente:texto,2026-09-06T14:04:07Z
acta,decada_votada:dip:59,POLINST.PARTIDOS,POLINST,0,0.95,agente:texto,2026-09-06T14:04:07Z
acta,decada_votada:dip:592,DERSOC.DDHH,DERSOC,0,0.85,agente:texto,2026-09-06T13:39:42Z
acta,decada_votada:dip:592,DERSOC.GENERO,DERSOC,0,0.85,agente:texto,2026-09-06T13:39:42Z
acta,decada_votada:dip:592,SALUD.SISTEMA,SALUD,1,0.85,agente:texto,2026-09-06T13:39:42Z
acta,decada_votada:dip:594,DEF.TRATADO,DEF,1,0.95,agente:texto,2026-09-06T14:43:29Z
acta,decada_votada:dip:594,DERSOC.DDHH,DERSOC,0,0.95,agente:texto,2026-09-06T14:43:29Z
acta,decada_votada:dip:594,JUST.JUDIC,JUST,0,0.95,agente:texto,2026-09-06T14:43:29Z
acta,decada_votada:dip:596,DESREG.EMPUB,DESREG,0,0.95,agente:texto,2026-09-06T14:40:31Z
acta,decada_votada:dip:596,JUST.PROPIED,JUST,1,0.95,agente:texto,2026-09-06T14:40:31Z
acta,decada_votada:dip:596,POLINST.ORGEST,POLINST,0,0.95,agente:texto,2026-09-06T14:40:31Z
acta,decada_votada:dip:597,DESREG.EMPUB,DESREG,0,0.9,agente:texto,2026-09-06T14:49:54Z
acta,decada_votada:dip:597,ECON.COPART,ECON,0,0.9,agente:texto,2026-09-06T14:49:54Z
acta,decada_votada:dip:597,JUST.PROPIED,JUST,1,0.9,agente:texto,2026-09-06T14:49:54Z
acta,decada_votada:dip:599,AUX.HOMENAJE,AUX,0,0.85,agente:texto,2026-09-06T14:48:12Z
acta,decada_votada:dip:599,CULT.CULTURA,CULT,1,0.85,agente:texto,2026-09-06T14:48:12Z
acta,decada_votada:dip:599,CULT.DEPORTE,CULT,0,0.85,agente:texto,2026-09-06T14:48:12Z
acta,decada_votada:dip:605,AUX.HOMENAJE,AUX,0,0.7,agente:texto,2026-09-06T14:30:17Z
acta,decada_votada:dip:605,PROD.AGRO,PROD,1,0.7,agente:texto,2026-09-06T14:30:17Z
acta,decada_votada:dip:606,AUX.HOMENAJE,AUX,1,0.95,agente:texto,2026-09-06T14:30:14Z
acta,decada_votada:dip:607,DEF.TRATADO,DEF,1,0.95,agente:texto,2026-09-06T14:30:56Z
acta,decada_votada:dip:607,JUST.PENAL,JUST,0,0.95,agente:texto,2026-09-06T14:30:56Z
acta,decada_votada:dip:608,DESREG.EMPUB,DESREG,0,0.85,agente:texto,2026-09-06T14:28:19Z
acta,decada_votada:dip:608,JUST.PROPIED,JUST,1,0.85,agente:texto,2026-09-06T14:28:19Z
acta,decada_votada:dip:608,POLINST.ORGEST,POLINST,0,0.85,agente:texto,2026-09-06T14:28:19Z
acta,decada_votada:dip:61,AUX.TRAMITE,AUX,0,0.95,agente:texto,2026-09-06T14:32:05Z
acta,decada_votada:dip:61,CULT.CULTURA,CULT,1,0.95,agente:texto,2026-09-06T14:32:05Z
acta,decada_votada:dip:612,ECON.COPART,ECON,0,0.95,agente:texto,2026-09-06T14:25:16Z
acta,decada_votada:dip:612,ENER.HIDRO,ENER,1,0.95,agente:texto,2026-09-06T14:25:16Z
acta,decada_votada:dip:612,JUST.PROPIED,JUST,0,0.95,agente:texto,2026-09-06T14:25:16Z
acta,decada_votada:dip:618,AUX.HOMENAJE,AUX,0,0.9,agente:texto,2026-09-06T13:28:26Z
acta,decada_votada:dip:618,CULT.CULTURA,CULT,0,0.9,agente:texto,2026-09-06T13:28:26Z
acta,decada_votada:dip:618,DEF.TRATADO,DEF,0,0.9,agente:texto,2026-09-06T13:28:26Z
acta,decada_votada:dip:618,DERSOC.MIGRA,DERSOC,1,0.9,agente:texto,2026-09-06T13:28:26Z
acta,decada_votada:dip:618,INFRA.OBRA,INFRA,0,0.9,agente:texto,2026-09-06T13:28:26Z
acta,decada_votada:dip:618,INFRA.TRANSP,INFRA,0,0.9,agente:texto,2026-09-06T13:28:26Z
acta,decada_votada:dip:618,POLINST.ETICA,POLINST,0,0.9,agente:texto,2026-09-06T13:28:26Z
acta,decada_votada:dip:618,SALUD.MEDIC,SALUD,0,0.9,agente:texto,2026-09-06T13:28:26Z
acta,decada_votada:dip:619,ECON.EMERG,ECON,0,0.95,agente:texto,2026-09-06T14:44:33Z
acta,decada_votada:dip:619,ENER.HIDRO,ENER,1,0.95,agente:texto,2026-09-06T14:44:33Z
acta,decada_votada:dip:619,PROD.COMEX,PROD,0,0.95,agente:texto,2026-09-06T14:44:33Z
acta,decada_votada:dip:62,AUX.TRAMITE,AUX,1,0.95,agente:texto,2026-09-06T14:02:59Z
acta,decada_votada:dip:622,DESSOC.ASIST,DESSOC,0,0.95,agente:texto,2026-09-06T14:39:40Z
acta,decada_votada:dip:622,ECON.EMERG,ECON,1,0.95,agente:texto,2026-09-06T14:39:40Z
acta,decada_votada:dip:622,SALUD.SISTEMA,SALUD,0,0.95,agente:texto,2026-09-06T14:39:40Z
acta,decada_votada:dip:622,TRAB.EMPLEOPUB,TRAB,0,0.95,agente:texto,2026-09-06T14:39:40Z
acta,decada_votada:dip:628,DESREG.EMPUB,DESREG,1,0.85,agente:texto,2026-09-06T13:32:21Z
acta,decada_votada:dip:628,DESREG.MODEST,DESREG,0,0.85,agente:texto,2026-09-06T13:32:21Z
acta,decada_votada:dip:628,ECON.COPART,ECON,0,0.85,agente:texto,2026-09-06T13:32:21Z
acta,decada_votada:dip:630,CULT.CULTURA,CULT,1,0.7,agente:texto,2026-09-06T14:29:46Z
acta,decada_votada:dip:630,CULT.DEPORTE,CULT,0,0.7,agente:texto,2026-09-06T14:29:46Z
acta,decada_votada:dip:630,DESREG.SOCIED,DESREG,0,0.7,agente:texto,2026-09-06T14:29:46Z
acta,decada_votada:dip:631,ECON.TRIB,ECON,1,0.95,agente:texto,2026-09-06T14:52:21Z
acta,decada_votada:dip:631,PROD.INDPYME,PROD,0,0.95,agente:texto,2026-09-06T14:52:21Z
acta,decada_votada:dip:632,DEF.TRATADO,DEF,0,0.85,agente:texto,2026-09-06T14:52:25Z
acta,decada_votada:dip:632,DESREG.EMPUB,DESREG,1,0.85,agente:texto,2026-09-06T14:52:25Z
acta,decada_votada:dip:632,INFRA.OBRA,INFRA,0,0.85,agente:texto,2026-09-06T14:52:25Z
acta,decada_votada:dip:634,AUX.TRAMITE,AUX,1,0.99,manual,2026-09-07T19:08:32Z
acta,decada_votada:dip:66,AUX.TRAMITE,AUX,0,0.95,agente:texto,2026-09-06T14:30:26Z
acta,decada_votada:dip:66,ECON.PRESU,ECON,1,0.95,agente:texto,2026-09-06T14:30:26Z
acta,decada_votada:dip:665,AMB.RESID,AMB,1,0.75,agente:texto,2026-09-06T14:35:45Z
acta,decada_votada:dip:665,DESREG.DESECO,DESREG,0,0.75,agente:texto,2026-09-06T14:35:45Z
acta,decada_votada:dip:665,SALUD.SISTEMA,SALUD,0,0.75,agente:texto,2026-09-06T14:35:45Z
acta,decada_votada:dip:666,AUX.HOMENAJE,AUX,1,0.95,agente:texto,2026-09-06T14:31:11Z
acta,decada_votada:dip:667,AMB.AGUA,AMB,0,0.85,agente:texto,2026-09-06T14:40:57Z
acta,decada_votada:dip:667,DERSOC.DDHH,DERSOC,0,0.85,agente:texto,2026-09-06T14:40:57Z
acta,decada_votada:dip:667,SALUD.SISTEMA,SALUD,1,0.85,agente:texto,2026-09-06T14:40:57Z
acta,decada_votada:dip:669,AUX.TRAMITE,AUX,1,0.95,agente:texto,2026-09-06T13:32:44Z
acta,decada_votada:dip:675,ECON.COPART,ECON,0,0.65,agente:texto,2026-09-06T13:58:13Z
acta,decada_votada:dip:675,ECON.PRESU,ECON,1,0.65,agente:texto,2026-09-06T13:58:13Z
acta,decada_votada:dip:675,EDU.SUPERIOR,EDU,0,0.65,agente:texto,2026-09-06T13:58:13Z
acta,decada_votada:dip:676,ECON.COPART,ECON,0,0.95,agente:texto,2026-09-06T14:10:27Z
acta,decada_votada:dip:676,ECON.EMERG,ECON,1,0.95,agente:texto,2026-09-06T14:10:27Z
acta,decada_votada:dip:677,ECON.COPART,ECON,0,0.85,agente:texto,2026-09-06T14:17:40Z
acta,decada_votada:dip:677,JUST.SEGINT,JUST,0,0.85,agente:texto,2026-09-06T14:17:40Z
acta,decada_votada:dip:677,POLINST.ORGEST,POLINST,1,0.85,agente:texto,2026-09-06T14:17:40Z
acta,decada_votada:dip:679,AUX.SINCLASIF,AUX,1,0.0,agente:texto,2026-09-06T13:41:57Z
acta,decada_votada:dip:680,AUX.TRAMITE,AUX,0,0.95,agente:texto,2026-09-06T13:31:44Z
acta,decada_votada:dip:680,JUST.JUDIC,JUST,0,0.95,agente:texto,2026-09-06T13:31:44Z
acta,decada_votada:dip:680,PROD.AGRO,PROD,1,0.95,agente:texto,2026-09-06T13:31:44Z
acta,decada_votada:dip:680,SALUD.MEDIC,SALUD,0,0.95,agente:texto,2026-09-06T13:31:44Z
acta,decada_votada:dip:683,AUX.TRAMITE,AUX,1,0.95,agente:texto,2026-09-06T13:29:53Z
acta,decada_votada:dip:688,AUX.TRAMITE,AUX,1,1.0,agente:texto,2026-09-06T13:36:47Z
acta,decada_votada:dip:689,JUST.JUDIC,JUST,0,0.9,agente:texto,2026-09-06T14:45:29Z
acta,decada_votada:dip:689,JUST.PENAL,JUST,1,0.9,agente:texto,2026-09-06T14:45:29Z
acta,decada_votada:dip:690,AUX.TRAMITE,AUX,1,0.95,agente:texto,2026-09-06T13:35:57Z
acta,decada_votada:dip:693,DEF.TRATADO,DEF,1,0.95,agente:texto,2026-09-06T14:38:10Z
acta,decada_votada:dip:693,JUST.PENAL,JUST,0,0.95,agente:texto,2026-09-06T14:38:10Z
acta,decada_votada:dip:695,AUX.TRAMITE,AUX,1,0.95,agente:texto,2026-09-06T13:44:01Z
acta,decada_votada:dip:696,AUX.TRAMITE,AUX,1,0.95,agente:texto,2026-09-06T14:44:29Z
acta,decada_votada:dip:699,AUX.TRAMITE,AUX,1,0.95,agente:texto,2026-09-06T14:41:24Z
acta,decada_votada:dip:700,AUX.TRAMITE,AUX,1,0.95,agente:texto,2026-09-06T13:46:07Z
acta,decada_votada:dip:703,DEF.DEFENSA,DEF,1,0.95,agente:texto,2026-09-06T14:42:55Z
acta,decada_votada:dip:703,DEF.TRATADO,DEF,0,0.95,agente:texto,2026-09-06T14:42:55Z
acta,decada_votada:dip:705,AUX.HOMENAJE,AUX,0,0.95,agente:texto,2026-09-06T13:34:15Z
acta,decada_votada:dip:705,CYT.PI,CYT,0,0.95,agente:texto,2026-09-06T13:34:15Z
acta,decada_votada:dip:705,DERSOC.DDHH,DERSOC,0,0.95,agente:texto,2026-09-06T13:34:15Z
acta,decada_votada:dip:705,DESSOC.PNC,DESSOC,1,0.95,agente:texto,2026-09-06T13:34:15Z
acta,decada_votada:dip:705,ENER.HIDRO,ENER,0,0.95,agente:texto,2026-09-06T13:34:15Z
acta,decada_votada:dip:709,DEF.EXTERIOR,DEF,1,0.9,agente:texto,2026-09-06T13:50:26Z
acta,decada_votada:dip:71,ECON.TRIB,ECON,1,0.95,agente:texto,2026-09-06T14:18:37Z
acta,decada_votada:dip:71,PROD.COMEX,PROD,0,0.95,agente:texto,2026-09-06T14:18:37Z
acta,decada_votada:dip:718,AUX.TRAMITE,AUX,1,0.95,agente:texto,2026-09-06T14:36:40Z
acta,decada_votada:dip:72,ECON.TRIB,ECON,1,0.95,agente:texto,2026-09-06T14:18:40Z
acta,decada_votada:dip:72,PROD.COMEX,PROD,0,0.95,agente:texto,2026-09-06T14:18:40Z
acta,decada_votada:dip:724,AUX.HOMENAJE,AUX,0,0.85,agente:texto,2026-09-06T14:35:13Z
acta,decada_votada:dip:724,CULT.CULTURA,CULT,1,0.85,agente:texto,2026-09-06T14:35:13Z
acta,decada_votada:dip:724,DERSOC.DDHH,DERSOC,0,0.85,agente:texto,2026-09-06T14:35:13Z
acta,decada_votada:dip:726,DERSOC.DDHH,DERSOC,0,0.85,agente:texto,2026-09-06T14:39:14Z
acta,decada_votada:dip:726,JUST.CIVCOM,JUST,0,0.85,agente:texto,2026-09-06T14:39:14Z
acta,decada_votada:dip:726,SALUD.SISTEMA,SALUD,1,0.85,agente:texto,2026-09-06T14:39:14Z
acta,decada_votada:dip:727,DESSOC.PNC,DESSOC,0,0.95,agente:texto,2026-09-06T13:53:28Z
acta,decada_votada:dip:727,JUST.PROPIED,JUST,1,0.95,agente:texto,2026-09-06T13:53:28Z
acta,decada_votada:dip:727,TRAB.PREV,TRAB,0,0.95,agente:texto,2026-09-06T13:53:28Z
acta,decada_votada:dip:728,AUX.TRAMITE,AUX,1,0.95,agente:texto,2026-09-06T13:56:53Z
acta,decada_votada:dip:73,ECON.TRIB,ECON,1,0.95,agente:texto,2026-09-06T13:45:29Z
acta,decada_votada:dip:73,PROD.INVER,PROD,0,0.95,agente:texto,2026-09-06T13:45:29Z
acta,decada_votada:dip:73,TRAB.EMPLEOPUB,TRAB,0,0.95,agente:texto,2026-09-06T13:45:29Z
acta,decada_votada:dip:730,ECON.EMERG,ECON,1,0.95,agente:texto,2026-09-06T14:21:55Z
acta,decada_votada:dip:730,ENER.ELEC,ENER,0,0.95,agente:texto,2026-09-06T14:21:55Z
acta,decada_votada:dip:730,ENER.HIDRO,ENER,0,0.95,agente:texto,2026-09-06T14:21:55Z
acta,decada_votada:dip:730,ENER.TARIFA,ENER,0,0.95,agente:texto,2026-09-06T14:21:55Z
acta,decada_votada:dip:730,POLINST.ORGEST,POLINST,0,0.95,agente:texto,2026-09-06T14:21:55Z
acta,decada_votada:dip:732,AUX.TRAMITE,AUX,1,0.95,agente:texto,2026-09-06T13:32:42Z
acta,decada_votada:dip:736,AUX.TRAMITE,AUX,1,0.95,agente:texto,2026-09-06T14:05:20Z
acta,decada_votada:dip:738,DERSOC.MIGRA,DERSOC,0,0.75,agente:texto,2026-09-06T14:33:24Z
acta,decada_votada:dip:738,ECON.TRIB,ECON,0,0.75,agente:texto,2026-09-06T14:33:24Z
acta,decada_votada:dip:738,JUST.SEGINT,JUST,1,0.75,agente:texto,2026-09-06T14:33:24Z
acta,decada_votada:dip:739,ECON.EMERG,ECON,0,0.85,agente:texto,2026-09-06T13:50:35Z
acta,decada_votada:dip:739,ECON.TRIB,ECON,0,0.85,agente:texto,2026-09-06T13:50:35Z
acta,decada_votada:dip:739,SALUD.SISTEMA,SALUD,1,0.85,agente:texto,2026-09-06T13:50:35Z
acta,decada_votada:dip:74,ECON.TRIB,ECON,1,0.99,manual,2026-09-07T19:08:32Z
acta,decada_votada:dip:74,PROD.INVER,PROD,0,0.95,agente:texto,2026-09-06T13:46:20Z
acta,decada_votada:dip:74,TRAB.EMPLEOPUB,TRAB,0,0.95,agente:texto,2026-09-06T13:46:20Z
acta,decada_votada:dip:747,ECON.COPART,ECON,0,0.85,agente:texto,2026-09-06T14:05:08Z
acta,decada_votada:dip:747,INFRA.OBRA,INFRA,0,0.85,agente:texto,2026-09-06T14:05:08Z
acta,decada_votada:dip:747,JUST.JUDIC,JUST,1,0.85,agente:texto,2026-09-06T14:05:08Z
acta,decada_votada:dip:749,CYT.PI,CYT,1,0.95,agente:texto,2026-09-06T14:01:17Z
acta,decada_votada:dip:749,DERSOC.DDHH,DERSOC,0,0.95,agente:texto,2026-09-06T14:01:17Z
acta,decada_votada:dip:749,SALUD.DISCAP,SALUD,0,0.95,agente:texto,2026-09-06T14:01:17Z
acta,decada_votada:dip:75,ECON.TRIB,ECON,1,0.95,agente:texto,2026-09-06T13:46:17Z
acta,decada_votada:dip:75,PROD.INVER,PROD,0,0.95,agente:texto,2026-09-06T13:46:17Z
acta,decada_votada:dip:75,TRAB.EMPLEOPUB,TRAB,0,0.95,agente:texto,2026-09-06T13:46:17Z
acta,decada_votada:dip:753,AUX.TRAMITE,AUX,1,1.0,agente:texto,2026-09-06T13:29:17Z
acta,decada_votada:dip:756,DEF.DEFENSA,DEF,0,0.95,agente:texto,2026-09-06T14:49:28Z
acta,decada_votada:dip:756,JUST.JUDIC,JUST,0,0.95,agente:texto,2026-09-06T14:49:28Z
acta,decada_votada:dip:756,JUST.PENAL,JUST,1,0.95,agente:texto,2026-09-06T14:49:28Z
acta,decada_votada:dip:76,CULT.CULTURA,CULT,1,0.95,agente:texto,2026-09-06T13:54:44Z
acta,decada_votada:dip:76,CULT.MEDIOS,CULT,0,0.95,agente:texto,2026-09-06T13:54:44Z
acta,decada_votada:dip:76,CYT.CIENCIA,CYT,0,0.95,agente:texto,2026-09-06T13:54:44Z
acta,decada_votada:dip:76,CYT.INNOV,CYT,0,0.95,agente:texto,2026-09-06T13:54:44Z
acta,decada_votada:dip:76,DEF.DEFENSA,DEF,0,0.95,agente:texto,2026-09-06T13:54:44Z
acta,decada_votada:dip:76,DESREG.EMPUB,DESREG,0,0.95,agente:texto,2026-09-06T13:54:44Z
acta,decada_votada:dip:76,INFRA.TELECOM,INFRA,0,0.95,agente:texto,2026-09-06T13:54:44Z
acta,decada_votada:dip:761,ECON.DEUDA,ECON,1,0.9,agente:texto,2026-09-06T14:17:27Z
acta,decada_votada:dip:761,ECON.PRESU,ECON,0,0.9,agente:texto,2026-09-06T14:17:27Z
acta,decada_votada:dip:761,TRAB.PREV,TRAB,0,0.9,agente:texto,2026-09-06T14:17:27Z
acta,decada_votada:dip:764,DEF.DEFENSA,DEF,1,0.95,agente:texto,2026-09-06T14:35:55Z
acta,decada_votada:dip:764,DEF.TRATADO,DEF,0,0.95,agente:texto,2026-09-06T14:35:55Z
acta,decada_votada:dip:765,AUX.TRAMITE,AUX,1,1.0,agente:texto,2026-09-06T13:34:29Z
acta,decada_votada:dip:766,JUST.CIVCOM,JUST,1,0.95,agente:texto,2026-09-06T13:42:04Z
acta,decada_votada:dip:766,POLINST.ORGEST,POLINST,0,0.95,agente:texto,2026-09-06T13:42:04Z
acta,decada_votada:dip:767,AUX.TRAMITE,AUX,0,0.95,agente:texto,2026-09-06T14:33:47Z
acta,decada_votada:dip:767,SALUD.DISCAP,SALUD,1,0.95,agente:texto,2026-09-06T14:33:47Z
acta,decada_votada:dip:77,CULT.CULTURA,CULT,1,0.95,agente:texto,2026-09-06T13:54:52Z
acta,decada_votada:dip:77,CULT.MEDIOS,CULT,0,0.95,agente:texto,2026-09-06T13:54:52Z
acta,decada_votada:dip:77,CYT.CIENCIA,CYT,0,0.95,agente:texto,2026-09-06T13:54:52Z
acta,decada_votada:dip:77,DEF.DEFENSA,DEF,0,0.95,agente:texto,2026-09-06T13:54:52Z
acta,decada_votada:dip:77,DESREG.EMPUB,DESREG,0,0.95,agente:texto,2026-09-06T13:54:52Z
acta,decada_votada:dip:77,INFRA.TELECOM,INFRA,0,0.95,agente:texto,2026-09-06T13:54:52Z
acta,decada_votada:dip:770,AUX.TRAMITE,AUX,1,0.95,agente:texto,2026-09-06T13:45:14Z
acta,decada_votada:dip:774,EDU.SUPERIOR,EDU,1,0.85,agente:texto,2026-09-06T14:14:43Z
acta,decada_votada:dip:774,INFRA.VIVIENDA,INFRA,0,0.85,agente:texto,2026-09-06T14:14:43Z
acta,decada_votada:dip:776,DESREG.DESECO,DESREG,0,0.9,agente:texto,2026-09-06T13:48:51Z
acta,decada_votada:dip:776,ECON.EMERG,ECON,0,0.9,agente:texto,2026-09-06T13:48:51Z
acta,decada_votada:dip:776,ECON.TRIB,ECON,1,0.9,agente:texto,2026-09-06T13:48:51Z
acta,decada_votada:dip:78,CULT.CULTURA,CULT,1,0.95,agente:texto,2026-09-06T13:54:48Z
acta,decada_votada:dip:78,CULT.MEDIOS,CULT,0,0.95,agente:texto,2026-09-06T13:54:48Z
acta,decada_votada:dip:78,CYT.CIENCIA,CYT,0,0.95,agente:texto,2026-09-06T13:54:48Z
acta,decada_votada:dip:78,DEF.DEFENSA,DEF,0,0.95,agente:texto,2026-09-06T13:54:48Z
acta,decada_votada:dip:78,INFRA.TELECOM,INFRA,0,0.95,agente:texto,2026-09-06T13:54:48Z
acta,decada_votada:dip:783,CULT.DEPORTE,CULT,1,0.7,agente:texto,2026-09-06T14:02:19Z
acta,decada_votada:dip:783,DESREG.EMPUB,DESREG,0,0.7,agente:texto,2026-09-06T14:02:19Z
acta,decada_votada:dip:783,INFRA.VIVIENDA,INFRA,0,0.7,agente:texto,2026-09-06T14:02:19Z
acta,decada_votada:dip:784,DESREG.EMPUB,DESREG,1,0.85,agente:texto,2026-09-06T14:02:22Z
acta,decada_votada:dip:784,ECON.COPART,ECON,0,0.85,agente:texto,2026-09-06T14:02:22Z
acta,decada_votada:dip:784,INFRA.OBRA,INFRA,0,0.85,agente:texto,2026-09-06T14:02:22Z
acta,decada_votada:dip:789,DERSOC.DDHH,DERSOC,0,0.95,agente:texto,2026-09-06T14:44:16Z
acta,decada_votada:dip:789,TRAB.EMPLEOPUB,TRAB,0,0.95,agente:texto,2026-09-06T14:44:16Z
acta,decada_votada:dip:789,TRAB.PREV,TRAB,1,0.95,agente:texto,2026-09-06T14:44:16Z
acta,decada_votada:dip:79,CULT.CULTURA,CULT,1,0.95,agente:texto,2026-09-06T13:54:32Z
acta,decada_votada:dip:79,CULT.MEDIOS,CULT,0,0.95,agente:texto,2026-09-06T13:54:32Z
acta,decada_votada:dip:79,CYT.CIENCIA,CYT,0,0.95,agente:texto,2026-09-06T13:54:32Z
acta,decada_votada:dip:79,DEF.DEFENSA,DEF,0,0.95,agente:texto,2026-09-06T13:54:32Z
acta,decada_votada:dip:79,DESREG.EMPUB,DESREG,0,0.95,agente:texto,2026-09-06T13:54:32Z
acta,decada_votada:dip:79,INFRA.TELECOM,INFRA,0,0.95,agente:texto,2026-09-06T13:54:32Z
acta,decada_votada:dip:790,DERSOC.DDHH,DERSOC,0,0.85,agente:texto,2026-09-06T14:06:53Z
acta,decada_votada:dip:790,DESSOC.ASIST,DESSOC,0,0.85,agente:texto,2026-09-06T14:06:53Z
acta,decada_votada:dip:790,SALUD.MENTAL,SALUD,0,0.85,agente:texto,2026-09-06T14:06:53Z
acta,decada_votada:dip:790,SALUD.SISTEMA,SALUD,1,0.85,agente:texto,2026-09-06T14:06:53Z
acta,decada_votada:dip:791,SALUD.MEDIC,SALUD,0,0.95,agente:texto,2026-09-06T14:16:39Z
acta,decada_votada:dip:791,SALUD.SISTEMA,SALUD,1,0.95,agente:texto,2026-09-06T14:16:39Z
acta,decada_votada:dip:797,ECON.PRESU,ECON,0,0.95,agente:texto,2026-09-06T13:31:50Z
acta,decada_votada:dip:797,TRAB.PREV,TRAB,1,0.95,agente:texto,2026-09-06T13:31:50Z
acta,decada_votada:dip:798,TRAB.PREV,TRAB,1,0.95,agente:texto,2026-09-06T13:53:30Z
acta,decada_votada:dip:80,CULT.CULTURA,CULT,1,0.95,agente:texto,2026-09-06T13:54:13Z
acta,decada_votada:dip:80,CULT.MEDIOS,CULT,0,0.95,agente:texto,2026-09-06T13:54:13Z
acta,decada_votada:dip:80,CYT.CIENCIA,CYT,0,0.95,agente:texto,2026-09-06T13:54:13Z
acta,decada_votada:dip:80,DEF.DEFENSA,DEF,0,0.95,agente:texto,2026-09-06T13:54:13Z
acta,decada_votada:dip:80,INFRA.TELECOM,INFRA,0,0.95,agente:texto,2026-09-06T13:54:13Z
acta,decada_votada:dip:800,POLINST.ORGEST,POLINST,1,0.99,manual,2026-09-07T19:08:32Z
acta,decada_votada:dip:803,AUX.TRAMITE,AUX,1,0.95,agente:texto,2026-09-06T13:40:27Z
acta,decada_votada:dip:805,CULT.CULTURA,CULT,0,0.95,agente:texto,2026-09-06T14:38:03Z
acta,decada_votada:dip:805,DERSOC.DDHH,DERSOC,1,0.95,agente:texto,2026-09-06T14:38:03Z
acta,decada_votada:dip:809,AUX.HOMENAJE,AUX,1,0.95,agente:texto,2026-09-06T14:25:43Z
acta,decada_votada:dip:81,CULT.CULTURA,CULT,1,0.95,agente:texto,2026-09-06T13:54:22Z
acta,decada_votada:dip:81,CULT.MEDIOS,CULT,0,0.95,agente:texto,2026-09-06T13:54:22Z
acta,decada_votada:dip:81,CYT.CIENCIA,CYT,0,0.95,agente:texto,2026-09-06T13:54:22Z
acta,decada_votada:dip:81,DEF.DEFENSA,DEF,0,0.95,agente:texto,2026-09-06T13:54:22Z
acta,decada_votada:dip:81,INFRA.TELECOM,INFRA,0,0.95,agente:texto,2026-09-06T13:54:22Z
acta,decada_votada:dip:810,AUX.HOMENAJE,AUX,0,0.9,agente:texto,2026-09-06T14:21:45Z
acta,decada_votada:dip:810,CULT.CULTURA,CULT,1,0.9,agente:texto,2026-09-06T14:21:45Z
acta,decada_votada:dip:812,ECON.TRIB,ECON,1,0.95,agente:texto,2026-09-06T14:01:10Z
acta,decada_votada:dip:816,AMB.CLIMA,AMB,0,0.9,agente:texto,2026-09-06T14:11:23Z
acta,decada_votada:dip:816,DESREG.DESECO,DESREG,0,0.9,agente:texto,2026-09-06T14:11:23Z
acta,decada_votada:dip:816,ECON.TRIB,ECON,0,0.9,agente:texto,2026-09-06T14:11:23Z
acta,decada_votada:dip:816,ENER.COMBUS,ENER,0,0.9,agente:texto,2026-09-06T14:11:23Z
acta,decada_votada:dip:816,ENER.RENOV,ENER,0,0.9,agente:texto,2026-09-06T14:11:23Z
acta,decada_votada:dip:816,PROD.AGRO,PROD,1,0.9,agente:texto,2026-09-06T14:11:23Z
acta,decada_votada:dip:818,ECON.TRIB,ECON,0,0.95,agente:texto,2026-09-06T13:47:21Z
acta,decada_votada:dip:818,PROD.AGRO,PROD,1,0.95,agente:texto,2026-09-06T13:47:21Z
acta,decada_votada:dip:818,PROD.COMEX,PROD,0,0.95,agente:texto,2026-09-06T13:47:21Z
acta,decada_votada:dip:82,CULT.CULTURA,CULT,1,0.95,agente:texto,2026-09-06T13:54:18Z
acta,decada_votada:dip:82,CULT.MEDIOS,CULT,0,0.95,agente:texto,2026-09-06T13:54:18Z
acta,decada_votada:dip:82,CYT.CIENCIA,CYT,0,0.95,agente:texto,2026-09-06T13:54:18Z
acta,decada_votada:dip:82,DEF.DEFENSA,DEF,0,0.95,agente:texto,2026-09-06T13:54:18Z
acta,decada_votada:dip:82,DESREG.EMPUB,DESREG,0,0.95,agente:texto,2026-09-06T13:54:18Z
acta,decada_votada:dip:82,INFRA.TELECOM,INFRA,0,0.95,agente:texto,2026-09-06T13:54:18Z
acta,decada_votada:dip:820,AUX.HOMENAJE,AUX,1,0.95,agente:texto,2026-09-06T14:30:03Z
acta,decada_votada:dip:822,DESREG.DESECO,DESREG,0,0.85,agente:texto,2026-09-06T14:46:31Z
acta,decada_votada:dip:822,DESREG.EMPUB,DESREG,1,0.85,agente:texto,2026-09-06T14:46:31Z
acta,decada_votada:dip:822,ENER.HIDRO,ENER,0,0.85,agente:texto,2026-09-06T14:46:31Z
acta,decada_votada:dip:823,DESREG.EMPUB,DESREG,1,0.85,agente:texto,2026-09-06T14:38:32Z
acta,decada_votada:dip:823,DESREG.SOCIED,DESREG,0,0.85,agente:texto,2026-09-06T14:38:32Z
acta,decada_votada:dip:823,ENER.HIDRO,ENER,0,0.85,agente:texto,2026-09-06T14:38:32Z
acta,decada_votada:dip:824,DESREG.EMPUB,DESREG,1,0.85,agente:texto,2026-09-06T14:49:51Z
acta,decada_votada:dip:824,DESREG.MODEST,DESREG,0,0.85,agente:texto,2026-09-06T14:49:51Z
acta,decada_votada:dip:824,ENER.HIDRO,ENER,0,0.85,agente:texto,2026-09-06T14:49:51Z
acta,decada_votada:dip:825,DESREG.EMPUB,DESREG,1,0.85,agente:texto,2026-09-06T14:03:46Z
acta,decada_votada:dip:825,DESREG.SOCIED,DESREG,0,0.85,agente:texto,2026-09-06T14:03:46Z
acta,decada_votada:dip:825,INFRA.TRANSP,INFRA,0,0.85,agente:texto,2026-09-06T14:03:46Z
acta,decada_votada:dip:826,DESREG.EMPUB,DESREG,1,0.85,agente:texto,2026-09-06T14:05:42Z
acta,decada_votada:dip:826,DESREG.SOCIED,DESREG,0,0.85,agente:texto,2026-09-06T14:05:42Z
acta,decada_votada:dip:826,INFRA.TRANSP,INFRA,0,0.85,agente:texto,2026-09-06T14:05:42Z
acta,decada_votada:dip:827,AUX.TRAMITE,AUX,1,0.95,agente:texto,2026-09-06T13:52:25Z
acta,decada_votada:dip:829,DERSOC.DDHH,DERSOC,1,0.9,agente:texto,2026-09-06T13:46:28Z
acta,decada_votada:dip:829,JUST.JUDIC,JUST,0,0.9,agente:texto,2026-09-06T13:46:28Z
acta,decada_votada:dip:829,POLINST.ORGEST,POLINST,0,0.9,agente:texto,2026-09-06T13:46:28Z
acta,decada_votada:dip:833,ECON.TRIB,ECON,0,0.95,agente:texto,2026-09-06T13:41:27Z
acta,decada_votada:dip:833,PROD.AGRO,PROD,1,0.95,agente:texto,2026-09-06T13:41:27Z
acta,decada_votada:dip:833,PROD.COMEX,PROD,0,0.95,agente:texto,2026-09-06T13:41:27Z
acta,decada_votada:dip:835,DEF.TRATADO,DEF,0,0.85,agente:texto,2026-09-06T13:46:42Z
acta,decada_votada:dip:835,INFRA.TRANSP,INFRA,0,0.85,agente:texto,2026-09-06T13:46:42Z
acta,decada_votada:dip:835,JUST.SEGINT,JUST,1,0.85,agente:texto,2026-09-06T13:46:42Z
acta,decada_votada:dip:836,AMB.AGUA,AMB,1,0.9,agente:texto,2026-09-06T14:09:19Z
acta,decada_votada:dip:836,INFRA.TRANSP,INFRA,0,0.9,agente:texto,2026-09-06T14:09:19Z
acta,decada_votada:dip:836,JUST.SEGINT,JUST,0,0.9,agente:texto,2026-09-06T14:09:19Z
acta,decada_votada:dip:838,DERSOC.DDHH,DERSOC,1,0.95,agente:texto,2026-09-06T14:03:55Z
acta,decada_votada:dip:838,DERSOC.NINEZ,DERSOC,0,0.95,agente:texto,2026-09-06T14:03:55Z
acta,decada_votada:dip:838,JUST.CIVCOM,JUST,0,0.95,agente:texto,2026-09-06T14:03:55Z
acta,decada_votada:dip:841,DEF.TRATADO,DEF,0,0.9,agente:texto,2026-09-06T14:17:46Z
acta,decada_votada:dip:841,JUST.JUDIC,JUST,1,0.9,agente:texto,2026-09-06T14:17:46Z
acta,decada_votada:dip:841,POLINST.ORGEST,POLINST,0,0.9,agente:texto,2026-09-06T14:17:46Z
acta,decada_votada:dip:847,AUX.HOMENAJE,AUX,1,0.95,agente:texto,2026-09-06T13:49:22Z
acta,decada_votada:dip:856,CULT.CULTURA,CULT,1,0.7,agente:texto,2026-09-06T14:08:22Z
acta,decada_votada:dip:856,CULT.DEPORTE,CULT,0,0.7,agente:texto,2026-09-06T14:08:22Z
acta,decada_votada:dip:856,TRAB.EMPLEOPUB,TRAB,0,0.7,agente:texto,2026-09-06T14:08:22Z
acta,decada_votada:dip:859,DERSOC.DDHH,DERSOC,1,0.9,agente:texto,2026-09-06T13:42:50Z
acta,decada_votada:dip:859,ECON.PRESU,ECON,0,0.9,agente:texto,2026-09-06T13:42:50Z
acta,decada_votada:dip:859,JUST.PENAL,JUST,0,0.9,agente:texto,2026-09-06T13:42:50Z
acta,decada_votada:dip:859,JUST.SEGINT,JUST,0,0.9,agente:texto,2026-09-06T13:42:50Z
acta,decada_votada:dip:860,JUST.JUDIC,JUST,0,0.95,agente:texto,2026-09-06T14:09:03Z
acta,decada_votada:dip:860,JUST.PENAL,JUST,1,0.95,agente:texto,2026-09-06T14:09:03Z
acta,decada_votada:dip:865,JUST.JUDIC,JUST,1,0.95,agente:texto,2026-09-06T14:31:50Z
acta,decada_votada:dip:866,DESREG.SOCIED,DESREG,0,0.85,agente:texto,2026-09-06T13:43:03Z
acta,decada_votada:dip:866,PROD.AGRO,PROD,0,0.85,agente:texto,2026-09-06T13:43:03Z
acta,decada_votada:dip:866,TRAB.LABOR,TRAB,0,0.85,agente:texto,2026-09-06T13:43:03Z
acta,decada_votada:dip:866,TRAB.SINDIC,TRAB,1,0.85,agente:texto,2026-09-06T13:43:03Z
acta,decada_votada:dip:867,DEF.TRATADO,DEF,1,0.95,agente:texto,2026-09-06T14:11:26Z
acta,decada_votada:dip:867,DERSOC.DDHH,DERSOC,0,0.95,agente:texto,2026-09-06T14:11:26Z
acta,decada_votada:dip:867,SALUD.DISCAP,SALUD,0,0.95,agente:texto,2026-09-06T14:11:26Z
acta,decada_votada:dip:868,AUX.SINCLASIF,AUX,1,0.0,agente:texto,2026-09-06T13:45:16Z
acta,decada_votada:dip:869,JUST.JUDIC,JUST,1,0.95,agente:texto,2026-09-06T14:48:18Z
acta,decada_votada:dip:871,PROD.AGRO,PROD,0,0.95,agente:texto,2026-09-06T13:55:57Z
acta,decada_votada:dip:871,TRAB.LABOR,TRAB,0,0.95,agente:texto,2026-09-06T13:55:57Z
acta,decada_votada:dip:871,TRAB.SINDIC,TRAB,1,0.95,agente:texto,2026-09-06T13:55:57Z
acta,decada_votada:dip:874,SALUD.MENTAL,SALUD,0,0.9,agente:texto,2026-09-06T14:40:20Z
acta,decada_votada:dip:874,SALUD.SISTEMA,SALUD,1,0.9,agente:texto,2026-09-06T14:40:20Z
acta,decada_votada:dip:875,SALUD.MENTAL,SALUD,0,0.95,agente:texto,2026-09-06T14:36:18Z
acta,decada_votada:dip:875,SALUD.SISTEMA,SALUD,1,0.95,agente:texto,2026-09-06T14:36:18Z
acta,decada_votada:dip:876,DEF.TRATADO,DEF,0,0.95,agente:texto,2026-09-06T13:46:48Z
acta,decada_votada:dip:876,DERSOC.DDHH,DERSOC,1,0.95,agente:texto,2026-09-06T13:46:48Z
acta,decada_votada:dip:876,POLINST.ORGEST,POLINST,0,0.95,agente:texto,2026-09-06T13:46:48Z
acta,decada_votada:dip:879,AMB.CLIMA,AMB,0,0.95,agente:texto,2026-09-06T14:38:42Z
acta,decada_votada:dip:879,DESREG.DESECO,DESREG,0,0.95,agente:texto,2026-09-06T14:38:42Z
acta,decada_votada:dip:879,ENER.ELEC,ENER,1,0.95,agente:texto,2026-09-06T14:38:42Z
acta,decada_votada:dip:879,PROD.COMEX,PROD,0,0.95,agente:texto,2026-09-06T14:38:42Z
acta,decada_votada:dip:880,DESREG.DESECO,DESREG,0,0.95,agente:texto,2026-09-06T13:48:31Z
acta,decada_votada:dip:880,ECON.TRIB,ECON,0,0.95,agente:texto,2026-09-06T13:48:31Z
acta,decada_votada:dip:880,PROD.COMEX,PROD,0,0.95,agente:texto,2026-09-06T13:48:31Z
acta,decada_votada:dip:880,PROD.INDPYME,PROD,1,0.95,agente:texto,2026-09-06T13:48:31Z
acta,decada_votada:dip:882,AUX.SINCLASIF,AUX,1,0.0,agente:texto,2026-09-06T14:15:00Z
acta,decada_votada:dip:883,DESSOC.ASIST,DESSOC,0,0.95,agente:texto,2026-09-06T14:30:23Z
acta,decada_votada:dip:883,ECON.COPART,ECON,0,0.95,agente:texto,2026-09-06T14:30:23Z
acta,decada_votada:dip:883,ECON.TRIB,ECON,1,0.95,agente:texto,2026-09-06T14:30:23Z
acta,decada_votada:dip:883,PROD.AGRO,PROD,0,0.95,agente:texto,2026-09-06T14:30:23Z
acta,decada_votada:dip:884,DESSOC.ASIST,DESSOC,0,0.95,agente:texto,2026-09-06T14:35:03Z
acta,decada_votada:dip:884,ECON.COPART,ECON,0,0.95,agente:texto,2026-09-06T14:35:03Z
acta,decada_votada:dip:884,ECON.TRIB,ECON,1,0.95,agente:texto,2026-09-06T14:35:03Z
acta,decada_votada:dip:884,PROD.AGRO,PROD,0,0.95,agente:texto,2026-09-06T14:35:03Z
acta,decada_votada:dip:885,DESSOC.ASIST,DESSOC,0,0.95,agente:texto,2026-09-06T14:35:06Z
acta,decada_votada:dip:885,ECON.COPART,ECON,0,0.95,agente:texto,2026-09-06T14:35:06Z
acta,decada_votada:dip:885,ECON.TRIB,ECON,1,0.95,agente:texto,2026-09-06T14:35:06Z
acta,decada_votada:dip:885,PROD.AGRO,PROD,0,0.95,agente:texto,2026-09-06T14:35:06Z
acta,decada_votada:dip:886,JUST.JUDIC,JUST,0,0.95,agente:texto,2026-09-06T14:36:22Z
acta,decada_votada:dip:886,POLINST.ETICA,POLINST,0,0.95,agente:texto,2026-09-06T14:36:22Z
acta,decada_votada:dip:886,PROD.AGRO,PROD,1,0.95,agente:texto,2026-09-06T14:36:22Z
acta,decada_votada:dip:886,PROD.COMEX,PROD,0,0.95,agente:texto,2026-09-06T14:36:22Z
acta,decada_votada:dip:889,AUX.TRAMITE,AUX,1,0.95,agente:texto,2026-09-06T13:30:10Z
acta,decada_votada:dip:89,ECON.DEUDA,ECON,1,0.85,agente:texto,2026-09-06T13:51:56Z
acta,decada_votada:dip:89,ECON.PRESU,ECON,0,0.85,agente:texto,2026-09-06T13:51:56Z
acta,decada_votada:dip:89,JUST.CIVCOM,JUST,0,0.85,agente:texto,2026-09-06T13:51:56Z
acta,decada_votada:dip:891,DEF.EXTERIOR,DEF,0,0.95,agente:texto,2026-09-06T14:38:35Z
acta,decada_votada:dip:891,DEF.TRATADO,DEF,1,0.95,agente:texto,2026-09-06T14:38:35Z
acta,decada_votada:dip:891,PROD.COMEX,PROD,0,0.95,agente:texto,2026-09-06T14:38:35Z
acta,decada_votada:dip:894,AMB.AGUA,AMB,0,0.95,agente:texto,2026-09-06T14:41:45Z
acta,decada_votada:dip:894,ECON.COPART,ECON,0,0.95,agente:texto,2026-09-06T14:41:45Z
acta,decada_votada:dip:894,ECON.EMERG,ECON,1,0.95,agente:texto,2026-09-06T14:41:45Z
acta,decada_votada:dip:894,PROD.AGRO,PROD,0,0.95,agente:texto,2026-09-06T14:41:45Z
acta,decada_votada:dip:896,AUX.TRAMITE,AUX,1,0.95,agente:texto,2026-09-06T14:34:49Z
acta,decada_votada:dip:897,AUX.TRAMITE,AUX,0,0.85,agente:texto,2026-09-06T14:26:51Z
acta,decada_votada:dip:897,JUST.JUDIC,JUST,1,0.85,agente:texto,2026-09-06T14:26:51Z
acta,decada_votada:dip:90,ECON.DEUDA,ECON,1,0.85,agente:texto,2026-09-06T13:53:21Z
acta,decada_votada:dip:90,ECON.PRESU,ECON,0,0.85,agente:texto,2026-09-06T13:53:21Z
acta,decada_votada:dip:90,JUST.CIVCOM,JUST,0,0.85,agente:texto,2026-09-06T13:53:21Z
acta,decada_votada:dip:902,INFRA.TRANSP,INFRA,1,0.95,agente:texto,2026-09-06T14:01:41Z
acta,decada_votada:dip:903,AUX.TRAMITE,AUX,0,0.95,agente:texto,2026-09-06T13:45:06Z
acta,decada_votada:dip:903,JUST.NARCO,JUST,1,0.95,agente:texto,2026-09-06T13:45:06Z
acta,decada_votada:dip:903,JUST.SEGINT,JUST,0,0.95,agente:texto,2026-09-06T13:45:06Z
acta,decada_votada:dip:907,AUX.TRAMITE,AUX,1,0.95,agente:texto,2026-09-06T14:18:05Z
acta,decada_votada:dip:91,DESREG.EMPUB,DESREG,0,0.95,agente:texto,2026-09-06T14:28:56Z
acta,decada_votada:dip:91,ECON.EMERG,ECON,1,0.95,agente:texto,2026-09-06T14:28:56Z
acta,decada_votada:dip:91,ECON.MON,ECON,0,0.95,agente:texto,2026-09-06T14:28:56Z
acta,decada_votada:dip:91,INFRA.OBRA,INFRA,0,0.95,agente:texto,2026-09-06T14:28:56Z
acta,decada_votada:dip:914,ECON.TRIB,ECON,1,0.95,agente:texto,2026-09-06T14:22:13Z
acta,decada_votada:dip:915,DEF.TRATADO,DEF,1,0.95,agente:texto,2026-09-06T13:53:17Z
acta,decada_votada:dip:915,ECON.DEUDA,ECON,0,0.95,agente:texto,2026-09-06T13:53:17Z
acta,decada_votada:dip:916,DEF.DEFENSA,DEF,1,0.95,agente:texto,2026-09-06T13:55:04Z
acta,decada_votada:dip:916,DEF.TRATADO,DEF,0,0.95,agente:texto,2026-09-06T13:55:04Z
acta,decada_votada:dip:917,TRAB.PREV,TRAB,1,0.95,agente:texto,2026-09-06T14:04:41Z
acta,decada_votada:dip:918,TRAB.PREV,TRAB,1,0.98,agente:texto,2026-09-06T14:21:42Z
acta,decada_votada:dip:919,ECON.PRESU,ECON,0,0.95,agente:texto,2026-09-06T14:22:08Z
acta,decada_votada:dip:919,TRAB.PREV,TRAB,1,0.95,agente:texto,2026-09-06T14:22:08Z
acta,decada_votada:dip:92,DESREG.DESECO,DESREG,0,0.95,agente:texto,2026-09-06T14:44:20Z
acta,decada_votada:dip:92,ECON.EMERG,ECON,1,0.95,agente:texto,2026-09-06T14:44:20Z
acta,decada_votada:dip:92,ECON.MON,ECON,0,0.95,agente:texto,2026-09-06T14:44:20Z
acta,decada_votada:dip:92,INFRA.OBRA,INFRA,0,0.95,agente:texto,2026-09-06T14:44:20Z
acta,decada_votada:dip:920,ECON.PRESU,ECON,0,0.95,agente:texto,2026-09-06T14:21:08Z
acta,decada_votada:dip:920,TRAB.PREV,TRAB,1,0.95,agente:texto,2026-09-06T14:21:08Z
acta,decada_votada:dip:921,ECON.PRESU,ECON,0,0.95,agente:texto,2026-09-06T14:22:05Z
acta,decada_votada:dip:921,TRAB.PREV,TRAB,1,0.95,agente:texto,2026-09-06T14:22:05Z
acta,decada_votada:dip:922,TRAB.PREV,TRAB,1,0.95,agente:texto,2026-09-06T14:22:02Z
acta,decada_votada:dip:923,ECON.PRESU,ECON,0,0.95,agente:texto,2026-09-06T14:22:00Z
acta,decada_votada:dip:923,TRAB.PREV,TRAB,1,0.95,agente:texto,2026-09-06T14:22:00Z
acta,decada_votada:dip:924,TRAB.PREV,TRAB,1,0.95,agente:texto,2026-09-06T14:21:57Z
acta,decada_votada:dip:925,ECON.PRESU,ECON,0,0.95,agente:texto,2026-09-06T14:21:14Z
acta,decada_votada:dip:925,TRAB.PREV,TRAB,1,0.95,agente:texto,2026-09-06T14:21:14Z
acta,decada_votada:dip:926,TRAB.PREV,TRAB,1,0.95,agente:texto,2026-09-06T14:21:29Z
acta,decada_votada:dip:927,TRAB.PREV,TRAB,1,0.95,agente:texto,2026-09-06T14:20:43Z
acta,decada_votada:dip:928,TRAB.PREV,TRAB,1,0.95,agente:texto,2026-09-06T14:20:53Z
acta,decada_votada:dip:929,TRAB.PREV,TRAB,1,0.95,agente:texto,2026-09-06T14:21:01Z
acta,decada_votada:dip:93,DEF.DEFENSA,DEF,1,0.95,agente:texto,2026-09-06T14:07:23Z
acta,decada_votada:dip:93,DEF.TRATADO,DEF,0,0.95,agente:texto,2026-09-06T14:07:23Z
acta,decada_votada:dip:930,ECON.PRESU,ECON,0,0.95,agente:texto,2026-09-06T14:21:04Z
acta,decada_votada:dip:930,TRAB.PREV,TRAB,1,0.95,agente:texto,2026-09-06T14:21:04Z
acta,decada_votada:dip:931,TRAB.PREV,TRAB,1,0.95,agente:texto,2026-09-06T14:15:50Z
acta,decada_votada:dip:932,TRAB.PREV,TRAB,1,0.95,agente:texto,2026-09-06T14:20:58Z
acta,decada_votada:dip:933,TRAB.PREV,TRAB,1,0.95,agente:texto,2026-09-06T14:20:50Z
acta,decada_votada:dip:934,ECON.PRESU,ECON,0,0.95,agente:texto,2026-09-06T14:17:30Z
acta,decada_votada:dip:934,TRAB.PREV,TRAB,1,0.95,agente:texto,2026-09-06T14:17:30Z
acta,decada_votada:dip:935,ECON.EMERG,ECON,0,0.95,agente:texto,2026-09-06T13:58:16Z
acta,decada_votada:dip:935,ECON.TRIB,ECON,1,0.95,agente:texto,2026-09-06T13:58:16Z
acta,decada_votada:dip:936,ECON.EMERG,ECON,0,0.95,agente:texto,2026-09-06T14:15:57Z
acta,decada_votada:dip:936,ECON.TRIB,ECON,1,0.95,agente:texto,2026-09-06T14:15:57Z
acta,decada_votada:dip:937,ECON.EMERG,ECON,0,0.95,agente:texto,2026-09-06T14:16:10Z
acta,decada_votada:dip:937,ECON.PRESU,ECON,0,0.95,agente:texto,2026-09-06T14:16:10Z
acta,decada_votada:dip:937,ECON.TRIB,ECON,1,0.95,agente:texto,2026-09-06T14:16:10Z
acta,decada_votada:dip:938,ECON.EMERG,ECON,0,0.95,agente:texto,2026-09-06T14:16:03Z
acta,decada_votada:dip:938,ECON.TRIB,ECON,1,0.95,agente:texto,2026-09-06T14:16:03Z
acta,decada_votada:dip:939,ECON.EMERG,ECON,0,0.95,agente:texto,2026-09-06T14:17:00Z
acta,decada_votada:dip:939,ECON.PRESU,ECON,0,0.95,agente:texto,2026-09-06T14:17:00Z
acta,decada_votada:dip:939,ECON.TRIB,ECON,1,0.95,agente:texto,2026-09-06T14:17:00Z
acta,decada_votada:dip:940,ECON.EMERG,ECON,0,0.95,agente:texto,2026-09-06T14:16:01Z
acta,decada_votada:dip:940,ECON.PRESU,ECON,0,0.95,agente:texto,2026-09-06T14:16:01Z
acta,decada_votada:dip:940,ECON.TRIB,ECON,1,0.95,agente:texto,2026-09-06T14:16:01Z
acta,decada_votada:dip:949,ECON.COPART,ECON,0,0.85,agente:texto,2026-09-06T14:23:28Z
acta,decada_votada:dip:949,ECON.TRIB,ECON,1,0.85,agente:texto,2026-09-06T14:23:28Z
acta,decada_votada:dip:952,DESREG.EMPUB,DESREG,1,0.95,agente:texto,2026-09-06T14:35:24Z
acta,decada_votada:dip:952,INFRA.TRANSP,INFRA,0,0.95,agente:texto,2026-09-06T14:35:24Z
acta,decada_votada:dip:952,JUST.PROPIED,JUST,0,0.95,agente:texto,2026-09-06T14:35:24Z
acta,decada_votada:dip:954,DERSOC.DDHH,DERSOC,1,0.95,agente:texto,2026-09-06T14:18:13Z
acta,decada_votada:dip:954,JUST.PENAL,JUST,0,0.95,agente:texto,2026-09-06T14:18:13Z
acta,decada_votada:dip:955,AUX.TRAMITE,AUX,1,1.0,agente:texto,2026-09-06T13:33:32Z
acta,decada_votada:dip:957,ECON.MON,ECON,0,0.95,agente:texto,2026-09-06T14:33:59Z
acta,decada_votada:dip:957,ECON.TRIB,ECON,1,0.95,agente:texto,2026-09-06T14:33:59Z
acta,decada_votada:dip:957,PROD.INDPYME,PROD,0,0.95,agente:texto,2026-09-06T14:33:59Z
acta,decada_votada:dip:957,TRAB.EMPLEOPUB,TRAB,0,0.95,agente:texto,2026-09-06T14:33:59Z
acta,decada_votada:dip:957,TRAB.LABOR,TRAB,0,0.95,agente:texto,2026-09-06T14:33:59Z
acta,decada_votada:dip:958,DESREG.DESECO,DESREG,0,0.95,agente:texto,2026-09-06T14:39:04Z
acta,decada_votada:dip:958,ECON.MON,ECON,0,0.95,agente:texto,2026-09-06T14:39:04Z
acta,decada_votada:dip:958,ECON.TRIB,ECON,1,0.95,agente:texto,2026-09-06T14:39:04Z
acta,decada_votada:dip:958,PROD.INDPYME,PROD,0,0.95,agente:texto,2026-09-06T14:39:04Z
acta,decada_votada:dip:958,TRAB.EMPLEOPUB,TRAB,0,0.95,agente:texto,2026-09-06T14:39:04Z
acta,decada_votada:dip:959,DESREG.DESECO,DESREG,0,0.9,agente:texto,2026-09-06T14:45:49Z
acta,decada_votada:dip:959,ECON.TRIB,ECON,0,0.9,agente:texto,2026-09-06T14:45:49Z
acta,decada_votada:dip:959,SALUD.ADICC,SALUD,1,0.9,agente:texto,2026-09-06T14:45:49Z
acta,decada_votada:dip:960,AUX.SINCLASIF,AUX,1,0.0,agente:texto,2026-09-06T13:31:12Z
acta,decada_votada:dip:962,ECON.TRIB,ECON,1,0.95,agente:texto,2026-09-06T14:47:48Z
acta,decada_votada:dip:966,DERSOC.DDHH,DERSOC,0,0.95,agente:texto,2026-09-06T14:19:39Z
acta,decada_votada:dip:966,DERSOC.GENERO,DERSOC,1,0.95,agente:texto,2026-09-06T14:19:39Z
acta,decada_votada:dip:966,JUST.PENAL,JUST,0,0.95,agente:texto,2026-09-06T14:19:39Z
acta,decada_votada:dip:967,AUX.TRAMITE,AUX,1,0.95,agente:texto,2026-09-06T13:37:50Z
acta,decada_votada:dip:968,DESREG.SOCIED,DESREG,0,0.95,agente:texto,2026-09-06T13:49:34Z
acta,decada_votada:dip:968,INFRA.VIVIENDA,INFRA,1,0.95,agente:texto,2026-09-06T13:49:34Z
acta,decada_votada:dip:968,JUST.CIVCOM,JUST,0,0.95,agente:texto,2026-09-06T13:49:34Z
acta,decada_votada:dip:972,ECON.DEUDA,ECON,0,0.85,agente:texto,2026-09-06T13:37:31Z
acta,decada_votada:dip:972,INFRA.VIVIENDA,INFRA,0,0.85,agente:texto,2026-09-06T13:37:31Z
acta,decada_votada:dip:972,JUST.CIVCOM,JUST,1,0.85,agente:texto,2026-09-06T13:37:31Z
acta,decada_votada:dip:973,DESREG.DESECO,DESREG,0,0.95,agente:texto,2026-09-06T14:50:28Z
acta,decada_votada:dip:973,PROD.INDPYME,PROD,0,0.95,agente:texto,2026-09-06T14:50:28Z
acta,decada_votada:dip:973,TRAB.LABOR,TRAB,1,0.95,agente:texto,2026-09-06T14:50:28Z
acta,decada_votada:dip:975,POLINST.ELECT,POLINST,1,0.95,agente:texto,2026-09-06T13:45:09Z
acta,decada_votada:dip:977,AUX.TRAMITE,AUX,1,1.0,agente:texto,2026-09-06T13:56:02Z
acta,decada_votada:dip:990,AUX.SINCLASIF,AUX,1,0.0,agente:texto,2026-09-06T13:41:15Z
acta,decada_votada:dip:991,AUX.TRAMITE,AUX,1,0.95,agente:texto,2026-09-06T13:41:52Z
acta,decada_votada:dip:992,CULT.MEDIOS,CULT,1,0.95,agente:texto,2026-09-06T14:43:23Z
acta,decada_votada:sen:100,AUX.TRAMITE,AUX,0,0.95,agente:texto,2026-09-06T14:25:51Z
acta,decada_votada:sen:100,JUST.PROPIED,JUST,1,0.95,agente:texto,2026-09-06T14:25:51Z
acta,decada_votada:sen:1000,AUX.HOMENAJE,AUX,0,0.85,agente:texto,2026-09-06T13:49:14Z
acta,decada_votada:sen:1000,CULT.CULTURA,CULT,1,0.85,agente:texto,2026-09-06T13:49:14Z
acta,decada_votada:sen:1002,DERSOC.GENERO,DERSOC,0,0.95,agente:texto,2026-09-06T14:39:31Z
acta,decada_votada:sen:1002,JUST.CIVCOM,JUST,1,0.95,agente:texto,2026-09-06T14:39:31Z
acta,decada_votada:sen:1006,ECON.EMERG,ECON,1,0.95,agente:texto,2026-09-06T13:32:18Z
acta,decada_votada:sen:1006,ECON.PRESU,ECON,0,0.95,agente:texto,2026-09-06T13:32:18Z
acta,decada_votada:sen:1006,ECON.TRIB,ECON,0,0.95,agente:texto,2026-09-06T13:32:18Z
acta,decada_votada:sen:1008,ECON.EMERG,ECON,0,0.95,agente:texto,2026-09-06T13:43:54Z
acta,decada_votada:sen:1008,ECON.TRIB,ECON,1,0.95,agente:texto,2026-09-06T13:43:54Z
acta,decada_votada:sen:1009,ECON.EMERG,ECON,0,0.95,agente:texto,2026-09-06T13:41:19Z
acta,decada_votada:sen:1009,ECON.TRIB,ECON,1,0.95,agente:texto,2026-09-06T13:41:19Z
acta,decada_votada:sen:1010,ECON.EMERG,ECON,0,0.95,agente:texto,2026-09-06T13:40:53Z
acta,decada_votada:sen:1010,ECON.TRIB,ECON,1,0.95,agente:texto,2026-09-06T13:40:53Z
acta,decada_votada:sen:1011,ECON.EMERG,ECON,0,0.95,agente:texto,2026-09-06T13:40:44Z
acta,decada_votada:sen:1011,ECON.TRIB,ECON,1,0.95,agente:texto,2026-09-06T13:40:44Z
acta,decada_votada:sen:1012,ECON.EMERG,ECON,0,0.95,agente:texto,2026-09-06T13:39:45Z
acta,decada_votada:sen:1012,ECON.TRIB,ECON,1,0.95,agente:texto,2026-09-06T13:39:45Z
acta,decada_votada:sen:1013,ECON.EMERG,ECON,0,0.95,agente:texto,2026-09-06T13:39:48Z
acta,decada_votada:sen:1013,ECON.TRIB,ECON,1,0.95,agente:texto,2026-09-06T13:39:48Z
acta,decada_votada:sen:1014,TRAB.LABOR,TRAB,1,0.95,agente:texto,2026-09-06T14:16:12Z
acta,decada_votada:sen:1015,AUX.TRAMITE,AUX,1,0.95,agente:texto,2026-09-06T14:52:11Z
acta,decada_votada:sen:1016,CYT.CIBER,CYT,1,0.85,agente:texto,2026-09-06T14:46:03Z
acta,decada_votada:sen:1016,DESREG.SOCIED,DESREG,0,0.85,agente:texto,2026-09-06T14:46:03Z
acta,decada_votada:sen:1016,ECON.TRIB,ECON,0,0.85,agente:texto,2026-09-06T14:46:03Z
acta,decada_votada:sen:1016,PROD.INDPYME,PROD,0,0.85,agente:texto,2026-09-06T14:46:03Z
acta,decada_votada:sen:1017,DESREG.EMPUB,DESREG,0,0.85,agente:texto,2026-09-06T13:30:51Z
acta,decada_votada:sen:1017,ECON.MON,ECON,0,0.85,agente:texto,2026-09-06T13:30:51Z
acta,decada_votada:sen:1017,ENER.HIDRO,ENER,1,0.85,agente:texto,2026-09-06T13:30:51Z
acta,decada_votada:sen:1018,JUST.JUDIC,JUST,1,0.95,agente:texto,2026-09-06T14:08:34Z
acta,decada_votada:sen:1019,AUX.TRAMITE,AUX,1,0.95,agente:texto,2026-09-06T13:31:47Z
acta,decada_votada:sen:1020,DEF.EXTERIOR,DEF,1,0.95,agente:texto,2026-09-06T13:30:23Z
acta,decada_votada:sen:1020,POLINST.ORGEST,POLINST,0,0.95,agente:texto,2026-09-06T13:30:23Z
acta,decada_votada:sen:1022,AUX.TRAMITE,AUX,1,0.95,agente:texto,2026-09-06T13:29:55Z
acta,decada_votada:sen:1024,AUX.HOMENAJE,AUX,1,0.95,agente:texto,2026-09-06T14:25:07Z
acta,decada_votada:sen:1025,AUX.TRAMITE,AUX,0,0.85,agente:texto,2026-09-06T14:09:00Z
acta,decada_votada:sen:1025,POLINST.ORGEST,POLINST,1,0.85,agente:texto,2026-09-06T14:09:00Z
acta,decada_votada:sen:1026,DERSOC.DDHH,DERSOC,0,0.95,agente:texto,2026-09-06T13:50:13Z
acta,decada_votada:sen:1026,JUST.CIVCOM,JUST,1,0.95,agente:texto,2026-09-06T13:50:13Z
acta,decada_votada:sen:1027,DERSOC.DDHH,DERSOC,0,0.95,agente:texto,2026-09-06T13:45:55Z
acta,decada_votada:sen:1027,JUST.CIVCOM,JUST,1,0.95,agente:texto,2026-09-06T13:45:55Z
acta,decada_votada:sen:1028,DERSOC.DDHH,DERSOC,0,0.95,agente:texto,2026-09-06T13:46:55Z
acta,decada_votada:sen:1028,JUST.CIVCOM,JUST,1,0.95,agente:texto,2026-09-06T13:46:55Z
acta,decada_votada:sen:1029,DERSOC.DDHH,DERSOC,0,0.95,agente:texto,2026-09-06T13:45:47Z
acta,decada_votada:sen:1029,JUST.CIVCOM,JUST,1,0.95,agente:texto,2026-09-06T13:45:47Z
acta,decada_votada:sen:1030,DERSOC.DDHH,DERSOC,0,0.95,agente:texto,2026-09-06T13:46:51Z
acta,decada_votada:sen:1030,JUST.CIVCOM,JUST,1,0.95,agente:texto,2026-09-06T13:46:51Z
acta,decada_votada:sen:1031,DESREG.DESECO,DESREG,0,0.95,agente:texto,2026-09-06T13:45:44Z
acta,decada_votada:sen:1031,JUST.CIVCOM,JUST,1,0.95,agente:texto,2026-09-06T13:45:44Z
acta,decada_votada:sen:1032,DEF.DEFENSA,DEF,0,0.85,agente:texto,2026-09-06T13:57:05Z
acta,decada_votada:sen:1032,JUST.CIVCOM,JUST,0,0.85,agente:texto,2026-09-06T13:57:05Z
acta,decada_votada:sen:1032,TRAB.PREV,TRAB,1,0.85,agente:texto,2026-09-06T13:57:05Z
acta,decada_votada:sen:1035,AUX.TRAMITE,AUX,0,0.95,agente:texto,2026-09-06T14:03:31Z
acta,decada_votada:sen:1035,ECON.TRIB,ECON,1,0.95,agente:texto,2026-09-06T14:03:31Z
acta,decada_votada:sen:1037,CYT.INNOV,CYT,0,0.9,agente:texto,2026-09-06T14:06:34Z
acta,decada_votada:sen:1037,DESREG.DESECO,DESREG,0,0.9,agente:texto,2026-09-06T14:06:34Z
acta,decada_votada:sen:1037,PROD.INDPYME,PROD,0,0.9,agente:texto,2026-09-06T14:06:34Z
acta,decada_votada:sen:1037,PROD.INVER,PROD,1,0.9,agente:texto,2026-09-06T14:06:34Z
acta,decada_votada:sen:1039,JUST.CIVCOM,JUST,0,0.95,agente:texto,2026-09-06T14:25:10Z
acta,decada_votada:sen:1039,JUST.PENAL,JUST,1,0.95,agente:texto,2026-09-06T14:25:10Z
acta,decada_votada:sen:1040,DERSOC.NINEZ,DERSOC,0,0.95,agente:texto,2026-09-06T13:43:42Z
acta,decada_votada:sen:1040,JUST.CIVCOM,JUST,0,0.95,agente:texto,2026-09-06T13:43:42Z
acta,decada_votada:sen:1040,TRAB.LABOR,TRAB,1,0.95,agente:texto,2026-09-06T13:43:42Z
acta,decada_votada:sen:1042,AUX.TRAMITE,AUX,1,0.95,agente:texto,2026-09-06T14:11:28Z
acta,decada_votada:sen:1047,DEF.TRATADO,DEF,1,0.95,agente:texto,2026-09-06T14:51:45Z
acta,decada_votada:sen:1048,DEF.TRATADO,DEF,0,0.85,agente:texto,2026-09-06T13:43:46Z
acta,decada_votada:sen:1048,JUST.SEGINT,JUST,1,0.85,agente:texto,2026-09-06T13:43:46Z
acta,decada_votada:sen:1048,POLINST.ORGEST,POLINST,0,0.85,agente:texto,2026-09-06T13:43:46Z
acta,decada_votada:sen:1049,DEF.TRATADO,DEF,0,0.9,agente:texto,2026-09-06T14:12:05Z
acta,decada_votada:sen:1049,JUST.JUDIC,JUST,1,0.9,agente:texto,2026-09-06T14:12:05Z
acta,decada_votada:sen:1049,POLINST.ORGEST,POLINST,0,0.9,agente:texto,2026-09-06T14:12:05Z
acta,decada_votada:sen:1051,ECON.TRIB,ECON,0,0.95,agente:texto,2026-09-06T14:50:41Z
acta,decada_votada:sen:1051,PROD.INVER,PROD,1,0.95,agente:texto,2026-09-06T14:50:41Z
acta,decada_votada:sen:1052,AUX.TRAMITE,AUX,1,0.95,agente:texto,2026-09-06T14:47:20Z
acta,decada_votada:sen:1053,AUX.TRAMITE,AUX,1,0.95,agente:texto,2026-09-06T14:34:16Z
acta,decada_votada:sen:1054,AUX.TRAMITE,AUX,1,0.95,agente:texto,2026-09-06T14:33:56Z
acta,decada_votada:sen:1056,INFRA.TRANSP,INFRA,0,0.85,agente:texto,2026-09-06T13:34:33Z
acta,decada_votada:sen:1056,JUST.SEGINT,JUST,1,0.85,agente:texto,2026-09-06T13:34:33Z
acta,decada_votada:sen:1057,INFRA.TRANSP,INFRA,0,0.85,agente:texto,2026-09-06T13:34:20Z
acta,decada_votada:sen:1057,JUST.SEGINT,JUST,1,0.85,agente:texto,2026-09-06T13:34:20Z
acta,decada_votada:sen:1058,AUX.TRAMITE,AUX,1,0.95,agente:texto,2026-09-06T14:45:59Z
acta,decada_votada:sen:1060,AUX.TRAMITE,AUX,1,0.95,agente:texto,2026-09-06T13:50:44Z
acta,decada_votada:sen:1063,DERSOC.DDHH,DERSOC,0,0.9,agente:texto,2026-09-06T13:57:42Z
acta,decada_votada:sen:1063,JUST.JUDIC,JUST,0,0.9,agente:texto,2026-09-06T13:57:42Z
acta,decada_votada:sen:1063,JUST.SEGINT,JUST,1,0.9,agente:texto,2026-09-06T13:57:42Z
acta,decada_votada:sen:1068,AUX.TRAMITE,AUX,0,0.85,agente:texto,2026-09-06T14:37:21Z
acta,decada_votada:sen:1068,ECON.TRIB,ECON,1,0.85,agente:texto,2026-09-06T14:37:21Z
acta,decada_votada:sen:1068,PROD.AGRO,PROD,0,0.85,agente:texto,2026-09-06T14:37:21Z
acta,decada_votada:sen:1069,INFRA.TELECOM,INFRA,0,0.95,agente:texto,2026-09-06T14:26:29Z
acta,decada_votada:sen:1069,INFRA.TRANSP,INFRA,0,0.95,agente:texto,2026-09-06T14:26:29Z
acta,decada_votada:sen:1069,JUST.PENAL,JUST,1,0.95,agente:texto,2026-09-06T14:26:29Z
acta,decada_votada:sen:1070,INFRA.TRANSP,INFRA,0,0.85,agente:texto,2026-09-06T13:40:25Z
acta,decada_votada:sen:1070,JUST.SEGINT,JUST,1,0.85,agente:texto,2026-09-06T13:40:25Z
acta,decada_votada:sen:1070,POLINST.ORGEST,POLINST,0,0.85,agente:texto,2026-09-06T13:40:25Z
acta,decada_votada:sen:1071,DESREG.MODEST,DESREG,0,0.85,agente:texto,2026-09-06T13:37:26Z
acta,decada_votada:sen:1071,INFRA.TRANSP,INFRA,0,0.85,agente:texto,2026-09-06T13:37:26Z
acta,decada_votada:sen:1071,JUST.SEGINT,JUST,1,0.85,agente:texto,2026-09-06T13:37:26Z
acta,decada_votada:sen:1071,POLINST.ORGEST,POLINST,0,0.85,agente:texto,2026-09-06T13:37:26Z
acta,decada_votada:sen:1072,DESREG.MODEST,DESREG,0,0.85,agente:texto,2026-09-06T13:35:47Z
acta,decada_votada:sen:1072,INFRA.TRANSP,INFRA,0,0.85,agente:texto,2026-09-06T13:35:47Z
acta,decada_votada:sen:1072,JUST.SEGINT,JUST,1,0.85,agente:texto,2026-09-06T13:35:47Z
acta,decada_votada:sen:1072,POLINST.ORGEST,POLINST,0,0.85,agente:texto,2026-09-06T13:35:47Z
acta,decada_votada:sen:1073,AUX.TRAMITE,AUX,0,0.85,agente:texto,2026-09-06T13:36:56Z
acta,decada_votada:sen:1073,DESREG.MODEST,DESREG,0,0.85,agente:texto,2026-09-06T13:36:56Z
acta,decada_votada:sen:1073,INFRA.TRANSP,INFRA,0,0.85,agente:texto,2026-09-06T13:36:56Z
acta,decada_votada:sen:1073,JUST.SEGINT,JUST,1,0.85,agente:texto,2026-09-06T13:36:56Z
acta,decada_votada:sen:1074,DESREG.MODEST,DESREG,0,0.85,agente:texto,2026-09-06T13:33:37Z
acta,decada_votada:sen:1074,INFRA.TRANSP,INFRA,0,0.85,agente:texto,2026-09-06T13:33:37Z
acta,decada_votada:sen:1074,JUST.SEGINT,JUST,1,0.85,agente:texto,2026-09-06T13:33:37Z
acta,decada_votada:sen:1074,POLINST.ORGEST,POLINST,0,0.85,agente:texto,2026-09-06T13:33:37Z
acta,decada_votada:sen:1075,DESREG.MODEST,DESREG,0,0.85,agente:texto,2026-09-06T13:36:42Z
acta,decada_votada:sen:1075,INFRA.TRANSP,INFRA,0,0.85,agente:texto,2026-09-06T13:36:42Z
acta,decada_votada:sen:1075,JUST.SEGINT,JUST,1,0.85,agente:texto,2026-09-06T13:36:42Z
acta,decada_votada:sen:1075,POLINST.ORGEST,POLINST,0,0.85,agente:texto,2026-09-06T13:36:42Z
acta,decada_votada:sen:1076,DESREG.MODEST,DESREG,0,0.85,agente:texto,2026-09-06T13:32:12Z
acta,decada_votada:sen:1076,INFRA.TRANSP,INFRA,0,0.85,agente:texto,2026-09-06T13:32:12Z
acta,decada_votada:sen:1076,JUST.SEGINT,JUST,1,0.85,agente:texto,2026-09-06T13:32:12Z
acta,decada_votada:sen:1076,POLINST.ORGEST,POLINST,0,0.85,agente:texto,2026-09-06T13:32:12Z
acta,decada_votada:sen:1077,AUX.TRAMITE,AUX,1,0.95,agente:texto,2026-09-06T13:32:39Z
acta,decada_votada:sen:1079,AUX.TRAMITE,AUX,1,0.95,agente:texto,2026-09-06T13:54:39Z
acta,decada_votada:sen:1082,DEF.TRATADO,DEF,1,0.95,agente:texto,2026-09-06T14:25:36Z
acta,decada_votada:sen:1082,PROD.AGRO,PROD,0,0.95,agente:texto,2026-09-06T14:25:36Z
acta,decada_votada:sen:1083,JUST.JUDIC,JUST,1,0.95,agente:texto,2026-09-06T13:46:26Z
acta,decada_votada:sen:1084,JUST.JUDIC,JUST,1,0.95,agente:texto,2026-09-06T13:45:52Z
acta,decada_votada:sen:1088,JUST.JUDIC,JUST,0,0.95,agente:texto,2026-09-06T13:52:34Z
acta,decada_votada:sen:1088,JUST.PENAL,JUST,1,0.95,agente:texto,2026-09-06T13:52:34Z
acta,decada_votada:sen:1090,DERSOC.DDHH,DERSOC,1,0.9,agente:texto,2026-09-06T14:30:00Z
acta,decada_votada:sen:1090,ECON.PRESU,ECON,0,0.9,agente:texto,2026-09-06T14:30:00Z
acta,decada_votada:sen:1090,JUST.PENAL,JUST,0,0.9,agente:texto,2026-09-06T14:30:00Z
acta,decada_votada:sen:1093,AUX.TRAMITE,AUX,1,0.95,agente:texto,2026-09-06T13:47:24Z
acta,decada_votada:sen:1096,AUX.TRAMITE,AUX,1,0.95,agente:texto,2026-09-06T14:09:08Z
acta,decada_votada:sen:1098,AMB.AGUA,AMB,0,0.95,agente:texto,2026-09-06T14:11:41Z
acta,decada_votada:sen:1098,AMB.BOSQUE,AMB,0,0.95,agente:texto,2026-09-06T14:11:41Z
acta,decada_votada:sen:1098,DEF.TRATADO,DEF,1,0.95,agente:texto,2026-09-06T14:11:41Z
acta,decada_votada:sen:1098,ECON.COPART,ECON,0,0.95,agente:texto,2026-09-06T14:11:41Z
acta,decada_votada:sen:1099,JUST.CIVCOM,JUST,1,0.95,agente:texto,2026-09-06T14:35:27Z
acta,decada_votada:sen:1099,JUST.JUDIC,JUST,0,0.95,agente:texto,2026-09-06T14:35:27Z
acta,decada_votada:sen:1100,PROD.INDPYME,PROD,1,0.99,manual,2026-09-07T19:08:32Z
acta,decada_votada:sen:1103,DEF.DEFENSA,DEF,1,0.95,agente:texto,2026-09-06T14:01:20Z
acta,decada_votada:sen:1103,DEF.EXTERIOR,DEF,0,0.95,agente:texto,2026-09-06T14:01:20Z
acta,decada_votada:sen:1103,DEF.TRATADO,DEF,0,0.95,agente:texto,2026-09-06T14:01:20Z
acta,decada_votada:sen:1104,AUX.TRAMITE,AUX,1,0.95,agente:texto,2026-09-06T13:41:10Z
acta,decada_votada:sen:1105,AUX.TRAMITE,AUX,1,0.95,agente:texto,2026-09-06T13:41:05Z
acta,decada_votada:sen:1106,JUST.SEGINT,JUST,0,0.95,agente:texto,2026-09-06T14:07:02Z
acta,decada_votada:sen:1106,POLINST.ETICA,POLINST,0,0.95,agente:texto,2026-09-06T14:07:02Z
acta,decada_votada:sen:1106,PROD.AGRO,PROD,1,0.95,agente:texto,2026-09-06T14:07:02Z
acta,decada_votada:sen:1106,PROD.COMEX,PROD,0,0.95,agente:texto,2026-09-06T14:07:02Z
acta,decada_votada:sen:1107,DEF.DEFENSA,DEF,0,0.95,agente:texto,2026-09-06T14:15:29Z
acta,decada_votada:sen:1107,JUST.JUDIC,JUST,0,0.95,agente:texto,2026-09-06T14:15:29Z
acta,decada_votada:sen:1107,JUST.PENAL,JUST,1,0.95,agente:texto,2026-09-06T14:15:29Z
acta,decada_votada:sen:1108,DEF.DEFENSA,DEF,0,0.95,agente:texto,2026-09-06T13:58:29Z
acta,decada_votada:sen:1108,JUST.JUDIC,JUST,0,0.95,agente:texto,2026-09-06T13:58:29Z
acta,decada_votada:sen:1108,JUST.PENAL,JUST,1,0.95,agente:texto,2026-09-06T13:58:29Z
acta,decada_votada:sen:1109,DEF.DEFENSA,DEF,0,0.95,agente:texto,2026-09-06T14:05:51Z
acta,decada_votada:sen:1109,JUST.PENAL,JUST,1,0.95,agente:texto,2026-09-06T14:05:51Z
acta,decada_votada:sen:1110,DEF.DEFENSA,DEF,0,0.95,agente:texto,2026-09-06T14:05:54Z
acta,decada_votada:sen:1110,JUST.JUDIC,JUST,0,0.95,agente:texto,2026-09-06T14:05:54Z
acta,decada_votada:sen:1110,JUST.PENAL,JUST,1,0.95,agente:texto,2026-09-06T14:05:54Z
acta,decada_votada:sen:1111,DEF.DEFENSA,DEF,0,0.95,agente:texto,2026-09-06T14:06:11Z
acta,decada_votada:sen:1111,JUST.JUDIC,JUST,0,0.95,agente:texto,2026-09-06T14:06:11Z
acta,decada_votada:sen:1111,JUST.PENAL,JUST,1,0.95,agente:texto,2026-09-06T14:06:11Z
acta,decada_votada:sen:1112,DEF.DEFENSA,DEF,0,0.95,agente:texto,2026-09-06T14:06:18Z
acta,decada_votada:sen:1112,JUST.JUDIC,JUST,0,0.95,agente:texto,2026-09-06T14:06:18Z
acta,decada_votada:sen:1112,JUST.PENAL,JUST,1,0.95,agente:texto,2026-09-06T14:06:18Z
acta,decada_votada:sen:1114,DEF.TRATADO,DEF,1,0.95,agente:texto,2026-09-06T14:21:20Z
acta,decada_votada:sen:1114,JUST.PENAL,JUST,0,0.95,agente:texto,2026-09-06T14:21:20Z
acta,decada_votada:sen:1115,DEF.TRATADO,DEF,1,0.95,agente:texto,2026-09-06T14:19:45Z
acta,decada_votada:sen:1115,PROD.AGRO,PROD,0,0.95,agente:texto,2026-09-06T14:19:45Z
acta,decada_votada:sen:1115,PROD.COMEX,PROD,0,0.95,agente:texto,2026-09-06T14:19:45Z
acta,decada_votada:sen:1116,DEF.TRATADO,DEF,1,0.95,agente:texto,2026-09-06T13:40:07Z
acta,decada_votada:sen:1116,EDU.SUPERIOR,EDU,0,0.95,agente:texto,2026-09-06T13:40:07Z
acta,decada_votada:sen:1119,AUX.TRAMITE,AUX,1,0.95,agente:texto,2026-09-06T14:37:18Z
acta,decada_votada:sen:1120,AUX.TRAMITE,AUX,1,0.95,agente:texto,2026-09-06T14:02:56Z
acta,decada_votada:sen:1121,SALUD.MENTAL,SALUD,0,0.95,agente:texto,2026-09-06T13:34:55Z
acta,decada_votada:sen:1121,SALUD.SISTEMA,SALUD,1,0.95,agente:texto,2026-09-06T13:34:55Z
acta,decada_votada:sen:1123,DESREG.EMPUB,DESREG,1,0.85,agente:texto,2026-09-06T14:05:12Z
acta,decada_votada:sen:1123,ECON.PRESU,ECON,0,0.85,agente:texto,2026-09-06T14:05:12Z
acta,decada_votada:sen:1123,INFRA.TRANSP,INFRA,0,0.85,agente:texto,2026-09-06T14:05:12Z
acta,decada_votada:sen:1124,DEF.DEFENSA,DEF,1,0.95,agente:texto,2026-09-06T13:47:38Z
acta,decada_votada:sen:1124,DEF.TRATADO,DEF,0,0.95,agente:texto,2026-09-06T13:47:38Z
acta,decada_votada:sen:1125,AUX.TRAMITE,AUX,0,0.95,agente:texto,2026-09-06T14:20:56Z
acta,decada_votada:sen:1125,DEF.TRATADO,DEF,1,0.95,agente:texto,2026-09-06T14:20:56Z
acta,decada_votada:sen:1125,ECON.DEUDA,ECON,0,0.95,agente:texto,2026-09-06T14:20:56Z
acta,decada_votada:sen:1127,AUX.TRAMITE,AUX,0,0.95,agente:texto,2026-09-06T13:52:17Z
acta,decada_votada:sen:1127,JUST.CIVCOM,JUST,1,0.95,agente:texto,2026-09-06T13:52:17Z
acta,decada_votada:sen:1128,DEF.TRATADO,DEF,1,0.95,agente:texto,2026-09-06T14:43:51Z
acta,decada_votada:sen:1128,TRAB.PREV,TRAB,0,0.95,agente:texto,2026-09-06T14:43:51Z
acta,decada_votada:sen:1129,JUST.JUDIC,JUST,1,0.95,agente:texto,2026-09-06T13:46:57Z
acta,decada_votada:sen:1130,JUST.JUDIC,JUST,1,0.95,agente:texto,2026-09-06T14:30:09Z
acta,decada_votada:sen:1132,AUX.TRAMITE,AUX,0,0.95,agente:texto,2026-09-06T13:40:19Z
acta,decada_votada:sen:1132,DERSOC.DDHH,DERSOC,1,0.95,agente:texto,2026-09-06T13:40:19Z
acta,decada_votada:sen:1132,POLINST.ORGEST,POLINST,0,0.95,agente:texto,2026-09-06T13:40:19Z
acta,decada_votada:sen:1133,AUX.TRAMITE,AUX,0,0.85,agente:texto,2026-09-06T13:35:50Z
acta,decada_votada:sen:1133,DEF.EXTERIOR,DEF,1,0.85,agente:texto,2026-09-06T13:35:50Z
acta,decada_votada:sen:1146,TRAB.PREV,TRAB,1,0.99,manual,2026-09-07T19:08:32Z
acta,decada_votada:sen:1155,AMB.BOSQUE,AMB,0,0.85,agente:texto,2026-09-06T13:48:02Z
acta,decada_votada:sen:1155,DEF.DEFENSA,DEF,1,0.85,agente:texto,2026-09-06T13:48:02Z
acta,decada_votada:sen:1155,DESREG.EMPUB,DESREG,0,0.85,agente:texto,2026-09-06T13:48:02Z
acta,decada_votada:sen:1155,ECON.COPART,ECON,0,0.85,agente:texto,2026-09-06T13:48:02Z
acta,decada_votada:sen:1155,INFRA.VIVIENDA,INFRA,0,0.85,agente:texto,2026-09-06T13:48:02Z
acta,decada_votada:sen:1156,AUX.TRAMITE,AUX,1,0.95,agente:texto,2026-09-06T14:08:40Z
acta,decada_votada:sen:1159,AUX.HOMENAJE,AUX,1,0.95,agente:texto,2026-09-06T14:50:44Z
acta,decada_votada:sen:1160,AUX.TRAMITE,AUX,1,0.95,agente:texto,2026-09-06T13:55:19Z
acta,decada_votada:sen:1161,CYT.CIENCIA,CYT,1,0.95,agente:texto,2026-09-06T14:35:38Z
acta,decada_votada:sen:1161,DEF.EXTERIOR,DEF,0,0.95,agente:texto,2026-09-06T14:35:38Z
acta,decada_votada:sen:1161,POLINST.ETICA,POLINST,0,0.95,agente:texto,2026-09-06T14:35:38Z
acta,decada_votada:sen:1162,AMB.CLIMA,AMB,0,0.85,agente:texto,2026-09-06T14:35:32Z
acta,decada_votada:sen:1162,DESREG.MODEST,DESREG,0,0.85,agente:texto,2026-09-06T14:35:32Z
acta,decada_votada:sen:1162,ECON.EMERG,ECON,1,0.85,agente:texto,2026-09-06T14:35:32Z
acta,decada_votada:sen:1162,PROD.AGRO,PROD,0,0.85,agente:texto,2026-09-06T14:35:32Z
acta,decada_votada:sen:1163,AMB.CLIMA,AMB,0,0.95,agente:texto,2026-09-06T14:19:53Z
acta,decada_votada:sen:1163,DESREG.DESECO,DESREG,0,0.95,agente:texto,2026-09-06T14:19:53Z
acta,decada_votada:sen:1163,ECON.EMERG,ECON,1,0.95,agente:texto,2026-09-06T14:19:53Z
acta,decada_votada:sen:1163,PROD.AGRO,PROD,0,0.95,agente:texto,2026-09-06T14:19:53Z
acta,decada_votada:sen:1163,PROD.COMEX,PROD,0,0.95,agente:texto,2026-09-06T14:19:53Z
acta,decada_votada:sen:1164,DESREG.DESECO,DESREG,0,0.9,agente:texto,2026-09-06T14:26:36Z
acta,decada_votada:sen:1164,ECON.TRIB,ECON,0,0.9,agente:texto,2026-09-06T14:26:36Z
acta,decada_votada:sen:1164,SALUD.ADICC,SALUD,1,0.9,agente:texto,2026-09-06T14:26:36Z
acta,decada_votada:sen:1165,AUX.TRAMITE,AUX,0,0.95,agente:texto,2026-09-06T14:49:04Z
acta,decada_votada:sen:1165,ECON.PRESU,ECON,1,0.95,agente:texto,2026-09-06T14:49:04Z
acta,decada_votada:sen:1166,AUX.TRAMITE,AUX,0,0.95,agente:texto,2026-09-06T14:19:18Z
acta,decada_votada:sen:1166,ECON.PRESU,ECON,1,0.95,agente:texto,2026-09-06T14:19:18Z
acta,decada_votada:sen:1167,ECON.PRESU,ECON,1,0.95,agente:texto,2026-09-06T14:18:25Z
acta,decada_votada:sen:1168,AUX.TRAMITE,AUX,0,0.95,agente:texto,2026-09-06T14:16:48Z
acta,decada_votada:sen:1168,ECON.PRESU,ECON,1,0.95,agente:texto,2026-09-06T14:16:48Z
acta,decada_votada:sen:1169,AUX.TRAMITE,AUX,0,0.95,agente:texto,2026-09-06T14:17:43Z
acta,decada_votada:sen:1169,ECON.PRESU,ECON,1,0.95,agente:texto,2026-09-06T14:17:43Z
acta,decada_votada:sen:1170,AUX.TRAMITE,AUX,0,0.95,agente:texto,2026-09-06T14:18:22Z
acta,decada_votada:sen:1170,ECON.PRESU,ECON,1,0.95,agente:texto,2026-09-06T14:18:22Z
acta,decada_votada:sen:1171,AUX.TRAMITE,AUX,0,0.95,agente:texto,2026-09-06T14:17:24Z
acta,decada_votada:sen:1171,ECON.PRESU,ECON,1,0.95,agente:texto,2026-09-06T14:17:24Z
acta,decada_votada:sen:1172,AUX.TRAMITE,AUX,0,0.95,agente:texto,2026-09-06T14:16:51Z
acta,decada_votada:sen:1172,ECON.PRESU,ECON,1,0.99,manual,2026-09-07T19:08:32Z
acta,decada_votada:sen:1173,AUX.TRAMITE,AUX,0,0.95,agente:texto,2026-09-06T14:16:20Z
acta,decada_votada:sen:1173,ECON.PRESU,ECON,1,0.95,agente:texto,2026-09-06T14:16:20Z
acta,decada_votada:sen:1174,AUX.TRAMITE,AUX,0,0.95,agente:texto,2026-09-06T14:07:20Z
acta,decada_votada:sen:1174,ECON.PRESU,ECON,1,0.95,agente:texto,2026-09-06T14:07:20Z
acta,decada_votada:sen:1175,AUX.TRAMITE,AUX,0,0.95,agente:texto,2026-09-06T14:21:48Z
acta,decada_votada:sen:1175,ECON.PRESU,ECON,1,0.95,agente:texto,2026-09-06T14:21:48Z
acta,decada_votada:sen:1176,AUX.TRAMITE,AUX,0,0.95,agente:texto,2026-09-06T14:21:27Z
acta,decada_votada:sen:1176,ECON.PRESU,ECON,1,0.95,agente:texto,2026-09-06T14:21:27Z
acta,decada_votada:sen:1177,ECON.PRESU,ECON,1,0.95,agente:texto,2026-09-06T14:21:51Z
acta,decada_votada:sen:1178,AUX.TRAMITE,AUX,0,0.95,agente:texto,2026-09-06T14:22:19Z
acta,decada_votada:sen:1178,ECON.PRESU,ECON,1,0.95,agente:texto,2026-09-06T14:22:19Z
acta,decada_votada:sen:1179,AUX.TRAMITE,AUX,0,0.95,agente:texto,2026-09-06T14:08:15Z
acta,decada_votada:sen:1179,ECON.PRESU,ECON,1,0.95,agente:texto,2026-09-06T14:08:15Z
acta,decada_votada:sen:1180,TRAB.PREV,TRAB,1,0.95,agente:texto,2026-09-06T14:02:54Z
acta,decada_votada:sen:1181,TRAB.PREV,TRAB,1,0.95,agente:texto,2026-09-06T13:47:12Z
acta,decada_votada:sen:1182,TRAB.PREV,TRAB,1,0.95,agente:texto,2026-09-06T13:47:03Z
acta,decada_votada:sen:1183,AUX.TRAMITE,AUX,0,0.95,agente:texto,2026-09-06T13:49:11Z
acta,decada_votada:sen:1183,TRAB.PREV,TRAB,1,0.95,agente:texto,2026-09-06T13:49:11Z
acta,decada_votada:sen:1184,AUX.TRAMITE,AUX,0,0.95,agente:texto,2026-09-06T13:48:34Z
acta,decada_votada:sen:1184,TRAB.PREV,TRAB,1,0.95,agente:texto,2026-09-06T13:48:34Z
acta,decada_votada:sen:1185,AUX.TRAMITE,AUX,0,0.95,agente:texto,2026-09-06T13:48:54Z
acta,decada_votada:sen:1185,TRAB.PREV,TRAB,1,0.95,agente:texto,2026-09-06T13:48:54Z
acta,decada_votada:sen:1186,AUX.TRAMITE,AUX,0,0.95,agente:texto,2026-09-06T13:49:20Z
acta,decada_votada:sen:1186,TRAB.PREV,TRAB,1,0.95,agente:texto,2026-09-06T13:49:20Z
acta,decada_votada:sen:1187,AUX.TRAMITE,AUX,0,0.95,agente:texto,2026-09-06T13:48:45Z
acta,decada_votada:sen:1187,TRAB.PREV,TRAB,1,0.95,agente:texto,2026-09-06T13:48:45Z
acta,decada_votada:sen:1189,DERSOC.DDHH,DERSOC,0,0.95,agente:texto,2026-09-06T13:41:32Z
acta,decada_votada:sen:1189,DERSOC.GENERO,DERSOC,1,0.95,agente:texto,2026-09-06T13:41:32Z
acta,decada_votada:sen:1189,JUST.PENAL,JUST,0,0.95,agente:texto,2026-09-06T13:41:32Z
acta,decada_votada:sen:1190,DERSOC.DDHH,DERSOC,0,0.95,agente:texto,2026-09-06T13:41:02Z
acta,decada_votada:sen:1190,DERSOC.GENERO,DERSOC,1,0.95,agente:texto,2026-09-06T13:41:02Z
acta,decada_votada:sen:1190,JUST.PENAL,JUST,0,0.95,agente:texto,2026-09-06T13:41:02Z
acta,decada_votada:sen:1193,DERSOC.DDHH,DERSOC,0,0.95,agente:texto,2026-09-06T14:32:31Z
acta,decada_votada:sen:1193,DERSOC.NINEZ,DERSOC,0,0.95,agente:texto,2026-09-06T14:32:31Z
acta,decada_votada:sen:1193,JUST.PENAL,JUST,1,0.95,agente:texto,2026-09-06T14:32:31Z
acta,decada_votada:sen:1194,DERSOC.DDHH,DERSOC,0,0.95,agente:texto,2026-09-06T14:08:18Z
acta,decada_votada:sen:1194,JUST.PENAL,JUST,1,0.95,agente:texto,2026-09-06T14:08:18Z
acta,decada_votada:sen:1194,JUST.SEGINT,JUST,0,0.95,agente:texto,2026-09-06T14:08:18Z
acta,decada_votada:sen:1195,DERSOC.DDHH,DERSOC,0,0.95,agente:texto,2026-09-06T14:11:53Z
acta,decada_votada:sen:1195,JUST.PENAL,JUST,1,0.95,agente:texto,2026-09-06T14:11:53Z
acta,decada_votada:sen:1195,JUST.SEGINT,JUST,0,0.95,agente:texto,2026-09-06T14:11:53Z
acta,decada_votada:sen:1196,ECON.TRIB,ECON,1,0.95,agente:texto,2026-09-06T13:47:30Z
acta,decada_votada:sen:1199,TRAB.LABOR,TRAB,1,0.95,agente:texto,2026-09-06T14:48:57Z
acta,decada_votada:sen:1200,TRAB.PREV,TRAB,1,0.95,agente:texto,2026-09-06T14:39:43Z
acta,decada_votada:sen:1201,DESREG.MODEST,DESREG,0,0.95,agente:texto,2026-09-06T13:29:51Z
acta,decada_votada:sen:1201,JUST.JUDIC,JUST,1,0.95,agente:texto,2026-09-06T13:29:51Z
acta,decada_votada:sen:1202,AUX.TRAMITE,AUX,1,0.95,agente:texto,2026-09-06T13:35:37Z
acta,decada_votada:sen:1203,AUX.TRAMITE,AUX,1,0.95,agente:texto,2026-09-06T13:52:32Z
acta,decada_votada:sen:1204,AUX.TRAMITE,AUX,0,0.75,agente:texto,2026-09-06T13:30:56Z
acta,decada_votada:sen:1204,DESREG.EMPUB,DESREG,1,0.75,agente:texto,2026-09-06T13:30:56Z
acta,decada_votada:sen:1204,INFRA.OBRA,INFRA,0,0.75,agente:texto,2026-09-06T13:30:56Z
acta,decada_votada:sen:1204,POLINST.ORGEST,POLINST,0,0.75,agente:texto,2026-09-06T13:30:56Z
acta,decada_votada:sen:1206,ECON.TRIB,ECON,1,0.95,agente:texto,2026-09-06T13:42:30Z
acta,decada_votada:sen:1207,AUX.TRAMITE,AUX,1,0.95,agente:texto,2026-09-06T14:43:00Z
acta,decada_votada:sen:1208,ECON.TRIB,ECON,1,0.95,agente:texto,2026-09-06T14:36:50Z
acta,decada_votada:sen:1208,ENER.COMBUS,ENER,0,0.95,agente:texto,2026-09-06T14:36:50Z
acta,decada_votada:sen:1209,ECON.EMERG,ECON,0,0.95,agente:texto,2026-09-06T13:30:37Z
acta,decada_votada:sen:1209,ECON.TRIB,ECON,1,0.95,agente:texto,2026-09-06T13:30:37Z
acta,decada_votada:sen:1210,ECON.EMERG,ECON,0,0.95,agente:texto,2026-09-06T13:30:29Z
acta,decada_votada:sen:1210,ECON.TRIB,ECON,1,0.95,agente:texto,2026-09-06T13:30:29Z
acta,decada_votada:sen:1211,ECON.EMERG,ECON,0,0.95,agente:texto,2026-09-06T13:30:26Z
acta,decada_votada:sen:1211,ECON.TRIB,ECON,1,0.95,agente:texto,2026-09-06T13:30:26Z
acta,decada_votada:sen:1212,ECON.EMERG,ECON,0,0.95,agente:texto,2026-09-06T13:30:19Z
acta,decada_votada:sen:1212,ECON.PRESU,ECON,0,0.95,agente:texto,2026-09-06T13:30:19Z
acta,decada_votada:sen:1212,ECON.TRIB,ECON,1,0.95,agente:texto,2026-09-06T13:30:19Z
acta,decada_votada:sen:1213,ECON.EMERG,ECON,0,0.95,agente:texto,2026-09-06T13:29:58Z
acta,decada_votada:sen:1213,ECON.TRIB,ECON,1,0.99,manual,2026-09-07T19:08:32Z
acta,decada_votada:sen:1214,ECON.EMERG,ECON,1,0.95,agente:texto,2026-09-06T14:28:13Z
acta,decada_votada:sen:1216,CYT.PI,CYT,0,0.85,agente:texto,2026-09-06T14:15:54Z
acta,decada_votada:sen:1216,JUST.CIVCOM,JUST,1,0.85,agente:texto,2026-09-06T14:15:54Z
acta,decada_votada:sen:1216,PROD.COMEX,PROD,0,0.85,agente:texto,2026-09-06T14:15:54Z
acta,decada_votada:sen:1217,AMB.CLIMA,AMB,0,0.85,agente:texto,2026-09-06T13:51:44Z
acta,decada_votada:sen:1217,ECON.PRESU,ECON,0,0.85,agente:texto,2026-09-06T13:51:44Z
acta,decada_votada:sen:1217,PROD.AGRO,PROD,1,0.85,agente:texto,2026-09-06T13:51:44Z
acta,decada_votada:sen:1218,AUX.HOMENAJE,AUX,0,0.9,agente:texto,2026-09-06T13:47:15Z
acta,decada_votada:sen:1218,DEF.DEFENSA,DEF,1,0.9,agente:texto,2026-09-06T13:47:15Z
acta,decada_votada:sen:1219,JUST.JUDIC,JUST,1,0.95,agente:texto,2026-09-06T14:46:06Z
acta,decada_votada:sen:1221,AUX.HOMENAJE,AUX,1,0.95,agente:texto,2026-09-06T14:28:11Z
acta,decada_votada:sen:1225,DESREG.EMPUB,DESREG,1,0.95,agente:texto,2026-09-06T13:40:56Z
acta,decada_votada:sen:1225,INFRA.TRANSP,INFRA,0,0.95,agente:texto,2026-09-06T13:40:56Z
acta,decada_votada:sen:1225,JUST.PROPIED,JUST,0,0.95,agente:texto,2026-09-06T13:40:56Z
acta,decada_votada:sen:1226,ECON.TRIB,ECON,1,0.85,agente:texto,2026-09-06T14:22:16Z
acta,decada_votada:sen:1226,PROD.AGRO,PROD,0,0.85,agente:texto,2026-09-06T14:22:16Z
acta,decada_votada:sen:1226,SALUD.ADICC,SALUD,0,0.85,agente:texto,2026-09-06T14:22:16Z
acta,decada_votada:sen:1228,DEF.DEFENSA,DEF,1,0.95,agente:texto,2026-09-06T14:26:19Z
acta,decada_votada:sen:1228,DEF.EXTERIOR,DEF,0,0.95,agente:texto,2026-09-06T14:26:19Z
acta,decada_votada:sen:1228,POLINST.ORGEST,POLINST,0,0.95,agente:texto,2026-09-06T14:26:19Z
acta,decada_votada:sen:1229,EDU.BASICA,EDU,1,0.85,agente:texto,2026-09-06T14:11:10Z
acta,decada_votada:sen:1229,POLINST.ORGEST,POLINST,0,0.85,agente:texto,2026-09-06T14:11:10Z
acta,decada_votada:sen:1231,DEF.TRATADO,DEF,1,0.95,agente:texto,2026-09-06T13:30:47Z
acta,decada_votada:sen:1231,INFRA.TELECOM,INFRA,0,0.95,agente:texto,2026-09-06T13:30:47Z
acta,decada_votada:sen:1232,JUST.PENAL,JUST,1,0.95,agente:texto,2026-09-06T14:47:51Z
acta,decada_votada:sen:1232,SALUD.MEDIC,SALUD,0,0.95,agente:texto,2026-09-06T14:47:51Z
acta,decada_votada:sen:1238,AUX.HOMENAJE,AUX,0,0.95,agente:texto,2026-09-06T14:34:27Z
acta,decada_votada:sen:1238,CULT.CULTURA,CULT,1,0.95,agente:texto,2026-09-06T14:34:27Z
acta,decada_votada:sen:1240,CYT.CIBER,CYT,0,0.85,agente:texto,2026-09-06T14:20:01Z
acta,decada_votada:sen:1240,DERSOC.DDHH,DERSOC,1,0.85,agente:texto,2026-09-06T14:20:01Z
acta,decada_votada:sen:1240,POLINST.ETICA,POLINST,0,0.85,agente:texto,2026-09-06T14:20:01Z
acta,decada_votada:sen:1241,AUX.HOMENAJE,AUX,0,0.85,agente:texto,2026-09-06T14:07:13Z
acta,decada_votada:sen:1241,CULT.CULTURA,CULT,1,0.85,agente:texto,2026-09-06T14:07:13Z
acta,decada_votada:sen:1242,AUX.TRAMITE,AUX,1,0.95,agente:texto,2026-09-06T13:53:43Z
acta,decada_votada:sen:1243,AUX.HOMENAJE,AUX,0,0.85,agente:texto,2026-09-06T14:16:15Z
acta,decada_votada:sen:1243,CULT.CULTURA,CULT,1,0.85,agente:texto,2026-09-06T14:16:15Z
acta,decada_votada:sen:1246,DEF.EXTERIOR,DEF,1,0.85,agente:texto,2026-09-06T14:26:23Z
acta,decada_votada:sen:1246,POLINST.ETICA,POLINST,0,0.85,agente:texto,2026-09-06T14:26:23Z
acta,decada_votada:sen:125,JUST.JUDIC,JUST,0,0.95,agente:texto,2026-09-06T14:38:13Z
acta,decada_votada:sen:125,JUST.PENAL,JUST,1,0.95,agente:texto,2026-09-06T14:38:13Z
acta,decada_votada:sen:1250,AMB.CLIMA,AMB,0,0.9,agente:texto,2026-09-06T14:01:01Z
acta,decada_votada:sen:1250,DESREG.DESECO,DESREG,0,0.9,agente:texto,2026-09-06T14:01:01Z
acta,decada_votada:sen:1250,ENER.ELEC,ENER,1,0.9,agente:texto,2026-09-06T14:01:01Z
acta,decada_votada:sen:1250,PROD.COMEX,PROD,0,0.9,agente:texto,2026-09-06T14:01:01Z
acta,decada_votada:sen:1253,JUST.JUDIC,JUST,1,0.95,agente:texto,2026-09-06T14:45:12Z
acta,decada_votada:sen:1254,DERSOC.DDHH,DERSOC,0,0.95,agente:texto,2026-09-06T14:38:52Z
acta,decada_votada:sen:1254,TRAB.EMPLEOPUB,TRAB,0,0.95,agente:texto,2026-09-06T14:38:52Z
acta,decada_votada:sen:1254,TRAB.PREV,TRAB,1,0.95,agente:texto,2026-09-06T14:38:52Z
acta,decada_votada:sen:1255,AUX.TRAMITE,AUX,1,0.95,agente:texto,2026-09-06T14:44:02Z
acta,decada_votada:sen:126,JUST.PENAL,JUST,1,0.95,agente:texto,2026-09-06T14:04:47Z
acta,decada_votada:sen:1260,AUX.TRAMITE,AUX,0,0.85,agente:texto,2026-09-06T14:23:14Z
acta,decada_votada:sen:1260,ECON.COPART,ECON,0,0.85,agente:texto,2026-09-06T14:23:14Z
acta,decada_votada:sen:1260,JUST.PROPIED,JUST,1,0.85,agente:texto,2026-09-06T14:23:14Z
acta,decada_votada:sen:1262,ECON.MON,ECON,0,0.95,agente:texto,2026-09-06T14:26:10Z
acta,decada_votada:sen:1262,ECON.TRIB,ECON,1,0.95,agente:texto,2026-09-06T14:26:10Z
acta,decada_votada:sen:1262,PROD.INDPYME,PROD,0,0.95,agente:texto,2026-09-06T14:26:10Z
acta,decada_votada:sen:1262,TRAB.EMPLEOPUB,TRAB,0,0.95,agente:texto,2026-09-06T14:26:10Z
acta,decada_votada:sen:1263,ECON.MON,ECON,0,0.95,agente:texto,2026-09-06T14:07:17Z
acta,decada_votada:sen:1263,ECON.TRIB,ECON,1,0.95,agente:texto,2026-09-06T14:07:17Z
acta,decada_votada:sen:1263,PROD.INDPYME,PROD,0,0.95,agente:texto,2026-09-06T14:07:17Z
acta,decada_votada:sen:1263,TRAB.EMPLEOPUB,TRAB,0,0.95,agente:texto,2026-09-06T14:07:17Z
acta,decada_votada:sen:1264,ECON.EMERG,ECON,0,0.95,agente:texto,2026-09-06T13:58:20Z
acta,decada_votada:sen:1264,ECON.MON,ECON,0,0.95,agente:texto,2026-09-06T13:58:20Z
acta,decada_votada:sen:1264,ECON.TRIB,ECON,1,0.95,agente:texto,2026-09-06T13:58:20Z
acta,decada_votada:sen:1264,PROD.INDPYME,PROD,0,0.95,agente:texto,2026-09-06T13:58:20Z
acta,decada_votada:sen:1264,TRAB.EMPLEOPUB,TRAB,0,0.95,agente:texto,2026-09-06T13:58:20Z
acta,decada_votada:sen:1265,ECON.EMERG,ECON,0,0.95,agente:texto,2026-09-06T13:57:23Z
acta,decada_votada:sen:1265,ECON.MON,ECON,0,0.95,agente:texto,2026-09-06T13:57:23Z
acta,decada_votada:sen:1265,ECON.TRIB,ECON,1,0.95,agente:texto,2026-09-06T13:57:23Z
acta,decada_votada:sen:1265,PROD.INDPYME,PROD,0,0.95,agente:texto,2026-09-06T13:57:23Z
acta,decada_votada:sen:1265,TRAB.EMPLEOPUB,TRAB,0,0.95,agente:texto,2026-09-06T13:57:23Z
acta,decada_votada:sen:1266,ECON.MON,ECON,0,0.95,agente:texto,2026-09-06T14:06:00Z
acta,decada_votada:sen:1266,ECON.TRIB,ECON,1,0.95,agente:texto,2026-09-06T14:06:00Z
acta,decada_votada:sen:1266,PROD.INDPYME,PROD,0,0.95,agente:texto,2026-09-06T14:06:00Z
acta,decada_votada:sen:1266,TRAB.EMPLEOPUB,TRAB,0,0.95,agente:texto,2026-09-06T14:06:00Z
acta,decada_votada:sen:1267,AUX.TRAMITE,AUX,0,0.95,agente:texto,2026-09-06T14:06:15Z
acta,decada_votada:sen:1267,ECON.EMERG,ECON,0,0.95,agente:texto,2026-09-06T14:06:15Z
acta,decada_votada:sen:1267,ECON.MON,ECON,0,0.95,agente:texto,2026-09-06T14:06:15Z
acta,decada_votada:sen:1267,ECON.TRIB,ECON,1,0.95,agente:texto,2026-09-06T14:06:15Z
acta,decada_votada:sen:1267,PROD.INDPYME,PROD,0,0.95,agente:texto,2026-09-06T14:06:15Z
acta,decada_votada:sen:1267,TRAB.EMPLEOPUB,TRAB,0,0.95,agente:texto,2026-09-06T14:06:15Z
acta,decada_votada:sen:1268,ECON.TRIB,ECON,1,0.95,agente:texto,2026-09-06T14:30:44Z
acta,decada_votada:sen:1269,AUX.TRAMITE,AUX,1,0.95,agente:texto,2026-09-06T14:18:27Z
acta,decada_votada:sen:1270,AUX.HOMENAJE,AUX,1,0.95,agente:texto,2026-09-06T13:52:49Z
acta,decada_votada:sen:1271,DESREG.SOCIED,DESREG,0,0.95,agente:texto,2026-09-06T14:11:45Z
acta,decada_votada:sen:1271,JUST.CIVCOM,JUST,0,0.95,agente:texto,2026-09-06T14:11:45Z
acta,decada_votada:sen:1271,PROD.AGRO,PROD,1,0.95,agente:texto,2026-09-06T14:11:45Z
acta,decada_votada:sen:1275,AUX.TRAMITE,AUX,0,0.85,agente:texto,2026-09-06T14:12:00Z
acta,decada_votada:sen:1275,DEF.EXTERIOR,DEF,1,0.85,agente:texto,2026-09-06T14:12:00Z
acta,decada_votada:sen:1276,AUX.TRAMITE,AUX,1,0.95,agente:texto,2026-09-06T14:11:37Z
acta,decada_votada:sen:1277,AUX.TRAMITE,AUX,1,0.95,agente:texto,2026-09-06T14:10:23Z
acta,decada_votada:sen:1278,AUX.HOMENAJE,AUX,0,0.85,agente:texto,2026-09-06T14:25:01Z
acta,decada_votada:sen:1278,CULT.CULTURA,CULT,1,0.85,agente:texto,2026-09-06T14:25:01Z
acta,decada_votada:sen:1279,AUX.HOMENAJE,AUX,0,0.75,agente:texto,2026-09-06T14:24:24Z
acta,decada_votada:sen:1279,CULT.CULTURA,CULT,1,0.75,agente:texto,2026-09-06T14:24:24Z
acta,decada_votada:sen:128,DERSOC.DDHH,DERSOC,1,0.95,agente:texto,2026-09-06T14:24:03Z
acta,decada_votada:sen:128,ECON.PRESU,ECON,0,0.95,agente:texto,2026-09-06T14:24:03Z
acta,decada_votada:sen:1281,AUX.HOMENAJE,AUX,1,0.95,agente:texto,2026-09-06T14:46:25Z
acta,decada_votada:sen:1282,AUX.TRAMITE,AUX,1,0.95,agente:texto,2026-09-06T14:33:31Z
acta,decada_votada:sen:1283,AUX.HOMENAJE,AUX,0,0.85,agente:texto,2026-09-06T14:47:14Z
acta,decada_votada:sen:1283,CULT.CULTURA,CULT,1,0.85,agente:texto,2026-09-06T14:47:14Z
acta,decada_votada:sen:1285,AUX.HOMENAJE,AUX,0,0.85,agente:texto,2026-09-06T14:31:59Z
acta,decada_votada:sen:1285,CULT.CULTURA,CULT,1,0.85,agente:texto,2026-09-06T14:31:59Z
acta,decada_votada:sen:1286,POLINST.ELECT,POLINST,1,0.95,agente:texto,2026-09-06T13:36:28Z
acta,decada_votada:sen:1287,AUX.TRAMITE,AUX,0,0.95,agente:texto,2026-09-06T14:03:58Z
acta,decada_votada:sen:1287,JUST.JUDIC,JUST,1,0.95,agente:texto,2026-09-06T14:03:58Z
acta,decada_votada:sen:1288,DESREG.SOCIED,DESREG,0,0.95,agente:texto,2026-09-06T13:44:07Z
acta,decada_votada:sen:1288,ECON.PRESU,ECON,0,0.95,agente:texto,2026-09-06T13:44:07Z
acta,decada_votada:sen:1288,PROD.INDPYME,PROD,1,0.99,manual,2026-09-07T19:08:32Z
acta,decada_votada:sen:1288,PROD.INVER,PROD,0,0.95,agente:texto,2026-09-06T13:44:07Z
acta,decada_votada:sen:1289,CULT.CULTURA,CULT,0,0.85,agente:texto,2026-09-06T14:47:17Z
acta,decada_votada:sen:1289,CULT.MEDIOS,CULT,1,0.85,agente:texto,2026-09-06T14:47:17Z
acta,decada_votada:sen:1289,INFRA.TELECOM,INFRA,0,0.85,agente:texto,2026-09-06T14:47:17Z
acta,decada_votada:sen:1290,ECON.EMERG,ECON,0,0.85,agente:texto,2026-09-06T14:01:57Z
acta,decada_votada:sen:1290,SALUD.SISTEMA,SALUD,1,0.85,agente:texto,2026-09-06T14:01:57Z
acta,decada_votada:sen:1291,ECON.DEUDA,ECON,0,0.85,agente:texto,2026-09-06T13:34:44Z
acta,decada_votada:sen:1291,INFRA.VIVIENDA,INFRA,0,0.85,agente:texto,2026-09-06T13:34:44Z
acta,decada_votada:sen:1291,JUST.CIVCOM,JUST,1,0.85,agente:texto,2026-09-06T13:34:44Z
acta,decada_votada:sen:1292,AUX.HOMENAJE,AUX,1,0.95,agente:texto,2026-09-06T14:16:45Z
acta,decada_votada:sen:1296,AMB.BOSQUE,AMB,1,0.85,agente:texto,2026-09-06T14:31:15Z
acta,decada_votada:sen:1296,AUX.TRAMITE,AUX,0,0.85,agente:texto,2026-09-06T14:31:15Z
acta,decada_votada:sen:1296,DEF.TRATADO,DEF,0,0.85,agente:texto,2026-09-06T14:31:15Z
acta,decada_votada:sen:1298,CULT.CULTURA,CULT,0,0.95,agente:texto,2026-09-06T14:01:54Z
acta,decada_votada:sen:1298,DERSOC.DDHH,DERSOC,0,0.95,agente:texto,2026-09-06T14:01:54Z
acta,decada_votada:sen:1298,JUST.PROPIED,JUST,1,0.95,agente:texto,2026-09-06T14:01:54Z
acta,decada_votada:sen:1299,DESSOC.ASIST,DESSOC,0,0.95,agente:texto,2026-09-06T13:54:06Z
acta,decada_votada:sen:1299,ECON.EMERG,ECON,1,0.95,agente:texto,2026-09-06T13:54:06Z
acta,decada_votada:sen:1299,INFRA.OBRA,INFRA,0,0.95,agente:texto,2026-09-06T13:54:06Z
acta,decada_votada:sen:130,DEF.TRATADO,DEF,1,0.95,agente:texto,2026-09-06T14:37:24Z
acta,decada_votada:sen:130,DERSOC.MIGRA,DERSOC,0,0.95,agente:texto,2026-09-06T14:37:24Z
acta,decada_votada:sen:1301,DEF.TRATADO,DEF,1,0.95,agente:texto,2026-09-06T14:44:45Z
acta,decada_votada:sen:1302,DEF.TRATADO,DEF,1,0.95,agente:texto,2026-09-06T14:47:40Z
acta,decada_votada:sen:1304,AMB.AGUA,AMB,0,0.95,agente:texto,2026-09-06T14:12:14Z
acta,decada_votada:sen:1304,DEF.TRATADO,DEF,1,0.95,agente:texto,2026-09-06T14:12:14Z
acta,decada_votada:sen:1305,DEF.TRATADO,DEF,1,0.95,agente:texto,2026-09-06T14:41:41Z
acta,decada_votada:sen:1306,AUX.HOMENAJE,AUX,0,0.85,agente:texto,2026-09-06T14:10:05Z
acta,decada_votada:sen:1306,CULT.CULTURA,CULT,1,0.85,agente:texto,2026-09-06T14:10:05Z
acta,decada_votada:sen:1307,DEF.TRATADO,DEF,1,0.95,agente:texto,2026-09-06T14:51:40Z
acta,decada_votada:sen:1307,TRAB.PREV,TRAB,0,0.95,agente:texto,2026-09-06T14:51:40Z
acta,decada_votada:sen:1309,AUX.TRAMITE,AUX,0,0.95,agente:texto,2026-09-06T13:51:07Z
acta,decada_votada:sen:1309,JUST.JUDIC,JUST,1,0.95,agente:texto,2026-09-06T13:51:07Z
acta,decada_votada:sen:131,AUX.TRAMITE,AUX,1,0.95,agente:texto,2026-09-06T13:56:51Z
acta,decada_votada:sen:1310,DEF.DEFENSA,DEF,1,0.95,agente:texto,2026-09-06T14:49:13Z
acta,decada_votada:sen:1310,DESREG.EMPUB,DESREG,0,0.95,agente:texto,2026-09-06T14:49:13Z
acta,decada_votada:sen:1311,DEF.DEFENSA,DEF,1,0.95,agente:texto,2026-09-06T14:37:08Z
acta,decada_votada:sen:1311,DESREG.EMPUB,DESREG,0,0.95,agente:texto,2026-09-06T14:37:08Z
acta,decada_votada:sen:1312,DEF.DEFENSA,DEF,1,0.95,agente:texto,2026-09-06T14:36:44Z
acta,decada_votada:sen:1312,DESREG.EMPUB,DESREG,0,0.95,agente:texto,2026-09-06T14:36:44Z
acta,decada_votada:sen:1313,DEF.DEFENSA,DEF,0,0.85,agente:texto,2026-09-06T14:37:12Z
acta,decada_votada:sen:1313,DESREG.EMPUB,DESREG,1,0.85,agente:texto,2026-09-06T14:37:12Z
acta,decada_votada:sen:1313,ECON.PRESU,ECON,0,0.85,agente:texto,2026-09-06T14:37:12Z
acta,decada_votada:sen:1314,DEF.DEFENSA,DEF,0,0.85,agente:texto,2026-09-06T14:37:02Z
acta,decada_votada:sen:1314,DESREG.EMPUB,DESREG,1,0.85,agente:texto,2026-09-06T14:37:02Z
acta,decada_votada:sen:1314,ECON.PRESU,ECON,0,0.85,agente:texto,2026-09-06T14:37:02Z
acta,decada_votada:sen:1316,DESREG.DESECO,DESREG,0,0.95,agente:texto,2026-09-06T14:31:02Z
acta,decada_votada:sen:1316,ENER.HIDRO,ENER,0,0.95,agente:texto,2026-09-06T14:31:02Z
acta,decada_votada:sen:1316,ENER.TARIFA,ENER,1,0.95,agente:texto,2026-09-06T14:31:02Z
acta,decada_votada:sen:1317,DEF.DEFENSA,DEF,1,0.95,agente:texto,2026-09-06T14:30:48Z
acta,decada_votada:sen:1317,DEF.EXTERIOR,DEF,0,0.95,agente:texto,2026-09-06T14:30:48Z
acta,decada_votada:sen:1317,DEF.TRATADO,DEF,0,0.95,agente:texto,2026-09-06T14:30:48Z
acta,decada_votada:sen:1318,DEF.DEFENSA,DEF,1,0.95,agente:texto,2026-09-06T13:42:32Z
acta,decada_votada:sen:1318,DEF.TRATADO,DEF,0,0.95,agente:texto,2026-09-06T13:42:32Z
acta,decada_votada:sen:132,AUX.TRAMITE,AUX,1,0.95,agente:texto,2026-09-06T13:55:43Z
acta,decada_votada:sen:1325,AUX.TRAMITE,AUX,1,0.95,agente:texto,2026-09-06T14:11:50Z
acta,decada_votada:sen:1326,CULT.CULTURA,CULT,1,0.99,manual,2026-09-07T19:08:32Z
acta,decada_votada:sen:1327,DERSOC.DDHH,DERSOC,0,0.85,agente:texto,2026-09-06T14:46:17Z
acta,decada_votada:sen:1327,JUST.PENAL,JUST,0,0.85,agente:texto,2026-09-06T14:46:17Z
acta,decada_votada:sen:1327,JUST.SEGINT,JUST,1,0.85,agente:texto,2026-09-06T14:46:17Z
acta,decada_votada:sen:133,AUX.TRAMITE,AUX,1,0.95,agente:texto,2026-09-06T14:23:20Z
acta,decada_votada:sen:1330,DEF.TRATADO,DEF,1,0.95,agente:texto,2026-09-06T14:46:23Z
acta,decada_votada:sen:1330,PROD.AGRO,PROD,0,0.95,agente:texto,2026-09-06T14:46:23Z
acta,decada_votada:sen:1330,PROD.COMEX,PROD,0,0.95,agente:texto,2026-09-06T14:46:23Z
acta,decada_votada:sen:1338,AUX.TRAMITE,AUX,1,0.95,agente:texto,2026-09-06T13:42:10Z
acta,decada_votada:sen:134,AUX.TRAMITE,AUX,1,0.95,agente:texto,2026-09-06T13:54:59Z
acta,decada_votada:sen:1347,CULT.CULTURA,CULT,0,0.95,agente:texto,2026-09-06T14:15:17Z
acta,decada_votada:sen:1347,CYT.PI,CYT,1,0.95,agente:texto,2026-09-06T14:15:17Z
acta,decada_votada:sen:1347,JUST.CIVCOM,JUST,0,0.95,agente:texto,2026-09-06T14:15:17Z
acta,decada_votada:sen:1348,DERSOC.DDHH,DERSOC,0,0.95,agente:texto,2026-09-06T14:11:03Z
acta,decada_votada:sen:1348,DERSOC.ORIGIN,DERSOC,1,0.95,agente:texto,2026-09-06T14:11:03Z
acta,decada_votada:sen:1348,JUST.PROPIED,JUST,0,0.95,agente:texto,2026-09-06T14:11:03Z
acta,decada_votada:sen:1349,AUX.HOMENAJE,AUX,0,0.7,agente:texto,2026-09-06T14:50:55Z
acta,decada_votada:sen:1349,TRAB.LABOR,TRAB,1,0.7,agente:texto,2026-09-06T14:50:55Z
acta,decada_votada:sen:135,AUX.TRAMITE,AUX,1,0.95,agente:texto,2026-09-06T13:55:07Z
acta,decada_votada:sen:1351,ECON.PRESU,ECON,0,0.95,agente:texto,2026-09-06T13:33:11Z
acta,decada_votada:sen:1351,ECON.TRIB,ECON,1,0.95,agente:texto,2026-09-06T13:33:11Z
acta,decada_votada:sen:1352,ECON.PRESU,ECON,0,0.95,agente:texto,2026-09-06T13:32:54Z
acta,decada_votada:sen:1352,ECON.TRIB,ECON,1,0.95,agente:texto,2026-09-06T13:32:54Z
acta,decada_votada:sen:1353,ECON.PRESU,ECON,0,0.95,agente:texto,2026-09-06T13:32:57Z
acta,decada_votada:sen:1353,ECON.TRIB,ECON,1,0.95,agente:texto,2026-09-06T13:32:57Z
acta,decada_votada:sen:1357,ECON.DEUDA,ECON,1,0.95,agente:texto,2026-09-06T13:42:40Z
acta,decada_votada:sen:1357,ECON.PRESU,ECON,0,0.95,agente:texto,2026-09-06T13:42:40Z
acta,decada_votada:sen:1359,CYT.CIENCIA,CYT,0,0.7,agente:texto,2026-09-06T14:26:06Z
acta,decada_votada:sen:1359,DERSOC.DDHH,DERSOC,0,0.7,agente:texto,2026-09-06T14:26:06Z
acta,decada_votada:sen:1359,JUST.JUDIC,JUST,1,0.7,agente:texto,2026-09-06T14:26:06Z
acta,decada_votada:sen:1359,POLINST.ORGEST,POLINST,0,0.7,agente:texto,2026-09-06T14:26:06Z
acta,decada_votada:sen:1360,JUST.PENAL,JUST,1,0.95,agente:texto,2026-09-06T13:39:08Z
acta,decada_votada:sen:1361,CYT.CIENCIA,CYT,0,0.95,agente:texto,2026-09-06T13:38:46Z
acta,decada_votada:sen:1361,JUST.PENAL,JUST,1,0.95,agente:texto,2026-09-06T13:38:46Z
acta,decada_votada:sen:1362,DERSOC.DDHH,DERSOC,0,0.95,agente:texto,2026-09-06T13:48:26Z
acta,decada_votada:sen:1362,JUST.JUDIC,JUST,0,0.95,agente:texto,2026-09-06T13:48:26Z
acta,decada_votada:sen:1362,JUST.PENAL,JUST,1,0.95,agente:texto,2026-09-06T13:48:26Z
acta,decada_votada:sen:1363,CULT.MEDIOS,CULT,0,0.95,agente:texto,2026-09-06T13:53:40Z
acta,decada_votada:sen:1363,DERSOC.DDHH,DERSOC,0,0.95,agente:texto,2026-09-06T13:53:40Z
acta,decada_votada:sen:1363,JUST.PENAL,JUST,1,0.95,agente:texto,2026-09-06T13:53:40Z
acta,decada_votada:sen:1364,AUX.TRAMITE,AUX,0,0.85,agente:texto,2026-09-06T14:34:40Z
acta,decada_votada:sen:1364,POLINST.ORGEST,POLINST,1,0.85,agente:texto,2026-09-06T14:34:40Z
acta,decada_votada:sen:1365,DESREG.EMPUB,DESREG,1,0.85,agente:texto,2026-09-06T13:28:21Z
acta,decada_votada:sen:1365,ECON.COPART,ECON,0,0.85,agente:texto,2026-09-06T13:28:21Z
acta,decada_votada:sen:1365,INFRA.OBRA,INFRA,0,0.85,agente:texto,2026-09-06T13:28:21Z
acta,decada_votada:sen:1366,AUX.TRAMITE,AUX,1,0.95,agente:texto,2026-09-06T14:12:20Z
acta,decada_votada:sen:1368,CYT.CIENCIA,CYT,1,0.95,agente:texto,2026-09-06T14:02:27Z
acta,decada_votada:sen:1368,PROD.AGRO,PROD,0,0.95,agente:texto,2026-09-06T14:02:27Z
acta,decada_votada:sen:1369,ECON.PRESU,ECON,0,0.95,agente:texto,2026-09-06T13:34:23Z
acta,decada_votada:sen:1369,PROD.AGRO,PROD,1,0.95,agente:texto,2026-09-06T13:34:23Z
acta,decada_votada:sen:1370,DERSOC.ORIGIN,DERSOC,1,0.95,agente:texto,2026-09-06T14:36:05Z
acta,decada_votada:sen:1370,ECON.EMERG,ECON,0,0.95,agente:texto,2026-09-06T14:36:05Z
acta,decada_votada:sen:1370,JUST.PROPIED,JUST,0,0.95,agente:texto,2026-09-06T14:36:05Z
acta,decada_votada:sen:1371,DERSOC.DDHH,DERSOC,1,0.95,agente:texto,2026-09-06T13:55:10Z
acta,decada_votada:sen:1371,JUST.PENAL,JUST,0,0.95,agente:texto,2026-09-06T13:55:10Z
acta,decada_votada:sen:1372,AUX.TRAMITE,AUX,0,0.95,agente:texto,2026-09-06T14:28:38Z
acta,decada_votada:sen:1372,ECON.EMERG,ECON,1,0.95,agente:texto,2026-09-06T14:28:38Z
acta,decada_votada:sen:1373,DESREG.DESECO,DESREG,0,0.95,agente:texto,2026-09-06T13:48:08Z
acta,decada_votada:sen:1373,ECON.TRIB,ECON,1,0.95,agente:texto,2026-09-06T13:48:08Z
acta,decada_votada:sen:1373,PROD.INDPYME,PROD,0,0.95,agente:texto,2026-09-06T13:48:08Z
acta,decada_votada:sen:1375,ECON.PRESU,ECON,0,0.85,agente:texto,2026-09-06T13:32:26Z
acta,decada_votada:sen:1375,ENER.HIDRO,ENER,1,0.85,agente:texto,2026-09-06T13:32:26Z
acta,decada_votada:sen:1375,INFRA.OBRA,INFRA,0,0.85,agente:texto,2026-09-06T13:32:26Z
acta,decada_votada:sen:1375,PROD.INVER,PROD,0,0.85,agente:texto,2026-09-06T13:32:26Z
acta,decada_votada:sen:1381,JUST.PENALJUV,JUST,1,0.95,agente:texto,2026-09-06T14:17:09Z
acta,decada_votada:sen:1383,AUX.TRAMITE,AUX,0,0.95,agente:texto,2026-09-06T14:20:32Z
acta,decada_votada:sen:1383,JUST.PENALJUV,JUST,1,0.95,agente:texto,2026-09-06T14:20:32Z
acta,decada_votada:sen:1384,AUX.TRAMITE,AUX,0,0.95,agente:texto,2026-09-06T14:20:14Z
acta,decada_votada:sen:1384,JUST.PENALJUV,JUST,1,0.95,agente:texto,2026-09-06T14:20:14Z
acta,decada_votada:sen:1385,JUST.PENALJUV,JUST,1,0.95,agente:texto,2026-09-06T14:19:33Z
acta,decada_votada:sen:1386,AUX.TRAMITE,AUX,0,0.95,agente:texto,2026-09-06T14:19:36Z
acta,decada_votada:sen:1386,JUST.PENALJUV,JUST,1,0.95,agente:texto,2026-09-06T14:19:36Z
acta,decada_votada:sen:1387,JUST.JUDIC,JUST,0,0.95,agente:texto,2026-09-06T14:30:06Z
acta,decada_votada:sen:1387,JUST.PENALJUV,JUST,1,0.95,agente:texto,2026-09-06T14:30:06Z
acta,decada_votada:sen:1388,JUST.PENALJUV,JUST,1,0.95,agente:texto,2026-09-06T14:29:13Z
acta,decada_votada:sen:1390,POLINST.ELECT,POLINST,1,0.85,agente:texto,2026-09-06T13:40:31Z
acta,decada_votada:sen:1390,POLINST.ETICA,POLINST,0,0.85,agente:texto,2026-09-06T13:40:31Z
acta,decada_votada:sen:1390,POLINST.PARTIDOS,POLINST,0,0.85,agente:texto,2026-09-06T13:40:31Z
acta,decada_votada:sen:1391,POLINST.ELECT,POLINST,1,0.95,agente:texto,2026-09-06T14:48:38Z
acta,decada_votada:sen:1391,POLINST.ETICA,POLINST,0,0.95,agente:texto,2026-09-06T14:48:38Z
acta,decada_votada:sen:1394,CULT.DEPORTE,CULT,1,0.95,agente:texto,2026-09-06T14:32:22Z
acta,decada_votada:sen:1394,DESREG.EMPUB,DESREG,0,0.95,agente:texto,2026-09-06T14:32:22Z
acta,decada_votada:sen:1397,DESREG.DESECO,DESREG,0,0.85,agente:texto,2026-09-06T14:14:37Z
acta,decada_votada:sen:1397,ENER.COMBUS,ENER,1,0.85,agente:texto,2026-09-06T14:14:37Z
acta,decada_votada:sen:1397,JUST.CIVCOM,JUST,0,0.85,agente:texto,2026-09-06T14:14:37Z
acta,decada_votada:sen:1399,JUST.CIVCOM,JUST,0,0.95,agente:texto,2026-09-06T14:37:05Z
acta,decada_votada:sen:1399,TRAB.LABOR,TRAB,1,0.95,agente:texto,2026-09-06T14:37:05Z
acta,decada_votada:sen:1400,EDU.SUPERIOR,EDU,1,0.95,agente:texto,2026-09-06T13:32:14Z
acta,decada_votada:sen:1401,DEF.DEFENSA,DEF,0,0.85,agente:texto,2026-09-06T13:41:43Z
acta,decada_votada:sen:1401,SALUD.DISCAP,SALUD,0,0.85,agente:texto,2026-09-06T13:41:43Z
acta,decada_votada:sen:1401,TRAB.EMPLEOPUB,TRAB,1,0.85,agente:texto,2026-09-06T13:41:43Z
acta,decada_votada:sen:1401,TRAB.PREV,TRAB,0,0.85,agente:texto,2026-09-06T13:41:43Z
acta,decada_votada:sen:1403,JUST.CIVCOM,JUST,1,0.95,agente:texto,2026-09-06T14:43:59Z
acta,decada_votada:sen:1404,AUX.TRAMITE,AUX,0,0.7,agente:texto,2026-09-06T13:41:13Z
acta,decada_votada:sen:1404,DESREG.EMPUB,DESREG,1,0.7,agente:texto,2026-09-06T13:41:13Z
acta,decada_votada:sen:1404,POLINST.ORGEST,POLINST,0,0.7,agente:texto,2026-09-06T13:41:13Z
acta,decada_votada:sen:1405,DERSOC.NINEZ,DERSOC,1,0.95,agente:texto,2026-09-06T14:06:40Z
acta,decada_votada:sen:1405,INFRA.TELECOM,INFRA,0,0.95,agente:texto,2026-09-06T14:06:40Z
acta,decada_votada:sen:1406,EDU.SUPERIOR,EDU,1,0.9,agente:texto,2026-09-06T14:19:12Z
acta,decada_votada:sen:1406,INFRA.VIVIENDA,INFRA,0,0.9,agente:texto,2026-09-06T14:19:12Z
acta,decada_votada:sen:1407,AUX.HOMENAJE,AUX,1,0.95,agente:texto,2026-09-06T14:41:56Z
acta,decada_votada:sen:1408,AUX.TRAMITE,AUX,1,0.95,agente:texto,2026-09-06T14:11:19Z
acta,decada_votada:sen:1408,DESSOC.ASIST,DESSOC,1,0.75,manual,2026-09-07T19:08:32Z
acta,decada_votada:sen:1410,AUX.HOMENAJE,AUX,0,0.75,agente:texto,2026-09-06T14:03:52Z
acta,decada_votada:sen:1410,DERSOC.DDHH,DERSOC,0,0.75,agente:texto,2026-09-06T14:03:52Z
acta,decada_votada:sen:1410,SALUD.SISTEMA,SALUD,1,0.75,agente:texto,2026-09-06T14:03:52Z
acta,decada_votada:sen:1411,AUX.TRAMITE,AUX,1,0.95,agente:texto,2026-09-06T14:29:16Z
acta,decada_votada:sen:1412,AUX.TRAMITE,AUX,1,0.95,agente:texto,2026-09-06T14:09:54Z
acta,decada_votada:sen:1413,AUX.TRAMITE,AUX,1,0.95,agente:texto,2026-09-06T14:20:16Z
acta,decada_votada:sen:1414,AUX.TRAMITE,AUX,0,0.95,agente:texto,2026-09-06T14:31:39Z
acta,decada_votada:sen:1414,TRAB.PREV,TRAB,1,0.95,agente:texto,2026-09-06T14:31:39Z
acta,decada_votada:sen:1415,AUX.SINCLASIF,AUX,1,0.0,agente:texto,2026-09-06T13:41:37Z
acta,decada_votada:sen:1416,AUX.HOMENAJE,AUX,1,0.95,agente:texto,2026-09-06T14:34:02Z
acta,decada_votada:sen:1417,JUST.JUDIC,JUST,1,0.95,agente:texto,2026-09-06T13:41:40Z
acta,decada_votada:sen:1418,DESREG.EMPUB,DESREG,0,0.9,agente:texto,2026-09-06T14:22:54Z
acta,decada_votada:sen:1418,ECON.PRESU,ECON,0,0.9,agente:texto,2026-09-06T14:22:54Z
acta,decada_votada:sen:1418,PROD.INDPYME,PROD,1,0.9,agente:texto,2026-09-06T14:22:54Z
acta,decada_votada:sen:1423,AMB.AGUA,AMB,0,0.95,agente:texto,2026-09-06T14:23:35Z
acta,decada_votada:sen:1423,ECON.COPART,ECON,0,0.95,agente:texto,2026-09-06T14:23:35Z
acta,decada_votada:sen:1423,ECON.EMERG,ECON,1,0.95,agente:texto,2026-09-06T14:23:35Z
acta,decada_votada:sen:1423,PROD.AGRO,PROD,0,0.95,agente:texto,2026-09-06T14:23:35Z
acta,decada_votada:sen:1425,AUX.TRAMITE,AUX,0,0.85,agente:texto,2026-09-06T13:38:26Z
acta,decada_votada:sen:1425,SALUD.MEDIC,SALUD,0,0.85,agente:texto,2026-09-06T13:38:26Z
acta,decada_votada:sen:1425,SALUD.SISTEMA,SALUD,1,0.85,agente:texto,2026-09-06T13:38:26Z
acta,decada_votada:sen:1427,CULT.DEPORTE,CULT,1,0.95,agente:texto,2026-09-06T14:39:59Z
acta,decada_votada:sen:1427,ECON.PRESU,ECON,0,0.95,agente:texto,2026-09-06T14:39:59Z
acta,decada_votada:sen:1428,AUX.TRAMITE,AUX,1,0.95,agente:texto,2026-09-06T13:42:35Z
acta,decada_votada:sen:1429,AUX.TRAMITE,AUX,1,0.95,agente:texto,2026-09-06T13:42:37Z
acta,decada_votada:sen:1431,AUX.TRAMITE,AUX,0,0.95,agente:texto,2026-09-06T13:49:38Z
acta,decada_votada:sen:1431,ECON.TRIB,ECON,1,0.95,agente:texto,2026-09-06T13:49:38Z
acta,decada_votada:sen:1432,JUST.CIVCOM,JUST,1,0.85,agente:texto,2026-09-06T13:45:37Z
acta,decada_votada:sen:1432,JUST.JUDIC,JUST,0,0.85,agente:texto,2026-09-06T13:45:37Z
acta,decada_votada:sen:1433,TRAB.LABOR,TRAB,1,0.95,agente:texto,2026-09-06T14:35:58Z
acta,decada_votada:sen:1434,ECON.COPART,ECON,0,0.95,agente:texto,2026-09-06T13:42:18Z
acta,decada_votada:sen:1434,ECON.TRIB,ECON,1,0.95,agente:texto,2026-09-06T13:42:18Z
acta,decada_votada:sen:1436,JUST.CIVCOM,JUST,0,0.95,agente:texto,2026-09-06T14:20:04Z
acta,decada_votada:sen:1436,TRAB.LABOR,TRAB,1,0.95,agente:texto,2026-09-06T14:20:04Z
acta,decada_votada:sen:1437,DEF.EXTERIOR,DEF,0,0.95,agente:texto,2026-09-06T13:32:51Z
acta,decada_votada:sen:1437,DEF.TRATADO,DEF,1,0.95,agente:texto,2026-09-06T13:32:51Z
acta,decada_votada:sen:1437,PROD.INVER,PROD,0,0.95,agente:texto,2026-09-06T13:32:51Z
acta,decada_votada:sen:1438,AMB.BOSQUE,AMB,0,0.95,agente:texto,2026-09-06T13:34:01Z
acta,decada_votada:sen:1438,DERSOC.ORIGIN,DERSOC,1,0.95,agente:texto,2026-09-06T13:34:01Z
acta,decada_votada:sen:1438,DESREG.MODEST,DESREG,0,0.95,agente:texto,2026-09-06T13:34:01Z
acta,decada_votada:sen:1438,JUST.PROPIED,JUST,0,0.95,agente:texto,2026-09-06T13:34:01Z
acta,decada_votada:sen:1439,AUX.TRAMITE,AUX,1,0.95,agente:texto,2026-09-06T14:48:46Z
acta,decada_votada:sen:1441,AUX.TRAMITE,AUX,0,0.95,agente:texto,2026-09-06T14:40:02Z
acta,decada_votada:sen:1441,ECON.DEUDA,ECON,1,0.95,agente:texto,2026-09-06T14:40:02Z
acta,decada_votada:sen:1442,AUX.TRAMITE,AUX,0,0.95,agente:texto,2026-09-06T14:36:01Z
acta,decada_votada:sen:1442,ECON.DEUDA,ECON,1,0.99,manual,2026-09-07T19:08:32Z
acta,decada_votada:sen:1442,ECON.PRESU,ECON,0,0.95,agente:texto,2026-09-06T14:36:01Z
acta,decada_votada:sen:1443,AUX.TRAMITE,AUX,0,0.95,agente:texto,2026-09-06T13:51:48Z
acta,decada_votada:sen:1443,ECON.DEUDA,ECON,1,0.99,manual,2026-09-07T19:08:32Z
acta,decada_votada:sen:1443,ECON.PRESU,ECON,0,0.95,agente:texto,2026-09-06T13:51:48Z
acta,decada_votada:sen:1444,AUX.TRAMITE,AUX,0,0.95,agente:texto,2026-09-06T14:28:50Z
acta,decada_votada:sen:1444,ECON.DEUDA,ECON,1,0.95,agente:texto,2026-09-06T14:28:50Z
acta,decada_votada:sen:1444,ECON.PRESU,ECON,0,0.95,agente:texto,2026-09-06T14:28:50Z
acta,decada_votada:sen:1445,AUX.TRAMITE,AUX,0,0.95,agente:texto,2026-09-06T14:27:28Z
acta,decada_votada:sen:1445,ECON.DEUDA,ECON,1,0.95,agente:texto,2026-09-06T14:27:28Z
acta,decada_votada:sen:1445,ECON.PRESU,ECON,0,0.95,agente:texto,2026-09-06T14:27:28Z
acta,decada_votada:sen:1446,AUX.TRAMITE,AUX,1,0.95,agente:texto,2026-09-06T14:31:36Z
acta,decada_votada:sen:1447,CULT.CULTURA,CULT,0,0.95,agente:texto,2026-09-06T13:35:40Z
acta,decada_votada:sen:1447,DEF.TRATADO,DEF,1,0.95,agente:texto,2026-09-06T13:35:40Z
acta,decada_votada:sen:1447,PROD.COMEX,PROD,0,0.95,agente:texto,2026-09-06T13:35:40Z
acta,decada_votada:sen:1451,AUX.TRAMITE,AUX,0,0.95,agente:texto,2026-09-06T14:52:09Z
acta,decada_votada:sen:1451,SALUD.DISCAP,SALUD,1,0.95,agente:texto,2026-09-06T14:52:09Z
acta,decada_votada:sen:1454,AUX.HOMENAJE,AUX,1,0.95,agente:texto,2026-09-06T14:39:46Z
acta,decada_votada:sen:1456,AUX.TRAMITE,AUX,1,0.95,agente:texto,2026-09-06T14:22:43Z
acta,decada_votada:sen:1457,AUX.TRAMITE,AUX,1,0.95,agente:texto,2026-09-06T13:48:23Z
acta,decada_votada:sen:1459,AUX.TRAMITE,AUX,1,0.95,agente:texto,2026-09-06T14:20:11Z
acta,decada_votada:sen:1460,AUX.HOMENAJE,AUX,1,0.95,agente:texto,2026-09-06T14:22:10Z
acta,decada_votada:sen:1461,DESREG.SOCIED,DESREG,0,0.95,agente:texto,2026-09-06T14:18:03Z
acta,decada_votada:sen:1461,JUST.CIVCOM,JUST,1,0.95,agente:texto,2026-09-06T14:18:03Z
acta,decada_votada:sen:1462,AUX.TRAMITE,AUX,0,0.95,agente:texto,2026-09-06T14:32:57Z
acta,decada_votada:sen:1462,JUST.CIVCOM,JUST,1,0.95,agente:texto,2026-09-06T14:32:57Z
acta,decada_votada:sen:1464,TRAB.LABOR,TRAB,1,0.95,agente:texto,2026-09-06T14:10:29Z
acta,decada_votada:sen:1466,INFRA.TRANSP,INFRA,0,0.85,agente:texto,2026-09-06T13:46:37Z
acta,decada_votada:sen:1466,JUST.PENAL,JUST,0,0.85,agente:texto,2026-09-06T13:46:37Z
acta,decada_votada:sen:1466,PROD.COMEX,PROD,1,0.85,agente:texto,2026-09-06T13:46:37Z
acta,decada_votada:sen:1467,AUX.HOMENAJE,AUX,0,0.85,agente:texto,2026-09-06T14:02:03Z
acta,decada_votada:sen:1467,CULT.CULTURA,CULT,1,0.85,agente:texto,2026-09-06T14:02:03Z
acta,decada_votada:sen:1469,AUX.HOMENAJE,AUX,1,0.95,agente:texto,2026-09-06T14:33:02Z
acta,decada_votada:sen:1471,DESREG.DESECO,DESREG,0,0.9,agente:texto,2026-09-06T13:36:10Z
acta,decada_votada:sen:1471,ECON.TRIB,ECON,1,0.9,agente:texto,2026-09-06T13:36:10Z
acta,decada_votada:sen:1471,TRAB.LABOR,TRAB,0,0.9,agente:texto,2026-09-06T13:36:10Z
acta,decada_votada:sen:1472,DERSOC.DDHH,DERSOC,0,0.95,agente:texto,2026-09-06T14:23:17Z
acta,decada_votada:sen:1472,DERSOC.GENERO,DERSOC,0,0.95,agente:texto,2026-09-06T14:23:17Z
acta,decada_votada:sen:1472,JUST.CIVCOM,JUST,1,0.95,agente:texto,2026-09-06T14:23:17Z
acta,decada_votada:sen:1473,DERSOC.DDHH,DERSOC,0,0.95,agente:texto,2026-09-06T13:40:16Z
acta,decada_votada:sen:1473,DERSOC.GENERO,DERSOC,0,0.95,agente:texto,2026-09-06T13:40:16Z
acta,decada_votada:sen:1473,JUST.CIVCOM,JUST,1,0.95,agente:texto,2026-09-06T13:40:16Z
acta,decada_votada:sen:1474,AUX.TRAMITE,AUX,1,0.95,agente:texto,2026-09-06T14:48:49Z
acta,decada_votada:sen:1475,CYT.CIENCIA,CYT,0,0.85,agente:texto,2026-09-06T13:58:23Z
acta,decada_votada:sen:1475,POLINST.ORGEST,POLINST,1,0.85,agente:texto,2026-09-06T13:58:23Z
acta,decada_votada:sen:1476,AUX.TRAMITE,AUX,0,0.85,agente:texto,2026-09-06T13:53:24Z
acta,decada_votada:sen:1476,POLINST.ORGEST,POLINST,1,0.85,agente:texto,2026-09-06T13:53:24Z
acta,decada_votada:sen:1477,DESREG.MODEST,DESREG,0,0.9,agente:texto,2026-09-06T13:50:19Z
acta,decada_votada:sen:1477,POLINST.ORGEST,POLINST,1,0.9,agente:texto,2026-09-06T13:50:19Z
acta,decada_votada:sen:1478,AUX.TRAMITE,AUX,0,0.95,agente:texto,2026-09-06T13:53:53Z
acta,decada_votada:sen:1478,DEF.TRATADO,DEF,1,0.95,agente:texto,2026-09-06T13:53:53Z
acta,decada_votada:sen:1478,ECON.DEUDA,ECON,0,0.95,agente:texto,2026-09-06T13:53:53Z
acta,decada_votada:sen:148,ECON.TRIB,ECON,1,0.95,agente:texto,2026-09-06T13:40:01Z
acta,decada_votada:sen:1480,DESREG.EMPUB,DESREG,0,0.85,agente:texto,2026-09-06T13:31:28Z
acta,decada_votada:sen:1480,EDU.SUPERIOR,EDU,0,0.85,agente:texto,2026-09-06T13:31:28Z
acta,decada_votada:sen:1480,INFRA.VIVIENDA,INFRA,0,0.85,agente:texto,2026-09-06T13:31:28Z
acta,decada_votada:sen:1480,JUST.PROPIED,JUST,1,0.85,agente:texto,2026-09-06T13:31:28Z
acta,decada_votada:sen:1481,DERSOC.DDHH,DERSOC,0,0.9,agente:texto,2026-09-06T13:50:04Z
acta,decada_votada:sen:1481,INFRA.OBRA,INFRA,0,0.9,agente:texto,2026-09-06T13:50:04Z
acta,decada_votada:sen:1481,SALUD.DISCAP,SALUD,1,0.9,agente:texto,2026-09-06T13:50:04Z
acta,decada_votada:sen:1482,DEF.DEFENSA,DEF,1,0.95,agente:texto,2026-09-06T13:47:18Z
acta,decada_votada:sen:1482,DEF.TRATADO,DEF,0,0.95,agente:texto,2026-09-06T13:47:18Z
acta,decada_votada:sen:1483,DEF.DEFENSA,DEF,1,0.95,agente:texto,2026-09-06T13:44:11Z
acta,decada_votada:sen:1483,DEF.TRATADO,DEF,0,0.95,agente:texto,2026-09-06T13:44:11Z
acta,decada_votada:sen:1484,DEF.DEFENSA,DEF,1,0.95,agente:texto,2026-09-06T13:44:34Z
acta,decada_votada:sen:1484,DEF.TRATADO,DEF,0,0.95,agente:texto,2026-09-06T13:44:34Z
acta,decada_votada:sen:149,AUX.TRAMITE,AUX,1,0.95,agente:texto,2026-09-06T14:43:38Z
acta,decada_votada:sen:1492,TRAB.LABOR,TRAB,1,0.95,agente:texto,2026-09-06T14:36:55Z
acta,decada_votada:sen:1492,TRAB.PREV,TRAB,0,0.95,agente:texto,2026-09-06T14:36:55Z
acta,decada_votada:sen:1493,TRAB.LABOR,TRAB,1,0.95,agente:texto,2026-09-06T14:49:16Z
acta,decada_votada:sen:1495,AUX.HOMENAJE,AUX,0,0.95,agente:texto,2026-09-06T14:18:43Z
acta,decada_votada:sen:1495,CULT.CULTURA,CULT,1,0.95,agente:texto,2026-09-06T14:18:43Z
acta,decada_votada:sen:1496,AUX.HOMENAJE,AUX,1,0.95,agente:texto,2026-09-06T14:05:35Z
acta,decada_votada:sen:1497,POLINST.ETICA,POLINST,1,0.75,manual,2026-09-07T19:08:32Z
acta,decada_votada:sen:1499,ECON.TRIB,ECON,0,0.7,agente:texto,2026-09-06T14:07:10Z
acta,decada_votada:sen:1499,JUST.CIVCOM,JUST,1,0.7,agente:texto,2026-09-06T14:07:10Z
acta,decada_votada:sen:1500,DERSOC.DDHH,DERSOC,0,0.95,agente:texto,2026-09-06T14:37:57Z
acta,decada_votada:sen:1500,JUST.PENAL,JUST,1,0.95,agente:texto,2026-09-06T14:37:57Z
acta,decada_votada:sen:1501,JUST.JUDIC,JUST,1,0.95,agente:texto,2026-09-06T13:34:06Z
acta,decada_votada:sen:1502,DEF.DEFENSA,DEF,1,0.95,agente:texto,2026-09-06T13:56:56Z
acta,decada_votada:sen:1502,DEF.EXTERIOR,DEF,0,0.95,agente:texto,2026-09-06T13:56:56Z
acta,decada_votada:sen:1502,DEF.TRATADO,DEF,0,0.95,agente:texto,2026-09-06T13:56:56Z
acta,decada_votada:sen:1503,POLINST.ETICA,POLINST,1,0.9,agente:texto,2026-09-06T14:41:03Z
acta,decada_votada:sen:1504,AUX.TRAMITE,AUX,0,0.9,agente:texto,2026-09-06T14:41:58Z
acta,decada_votada:sen:1504,POLINST.ETICA,POLINST,1,0.9,agente:texto,2026-09-06T14:41:58Z
acta,decada_votada:sen:1505,POLINST.ETICA,POLINST,1,0.95,agente:texto,2026-09-06T14:34:08Z
acta,decada_votada:sen:1506,AMB.AGUA,AMB,0,0.95,agente:texto,2026-09-06T13:38:00Z
acta,decada_votada:sen:1506,AMB.BOSQUE,AMB,1,0.95,agente:texto,2026-09-06T13:38:00Z
acta,decada_votada:sen:1506,ECON.PRESU,ECON,0,0.95,agente:texto,2026-09-06T13:38:00Z
acta,decada_votada:sen:1507,AMB.AGUA,AMB,0,0.95,agente:texto,2026-09-06T13:33:25Z
acta,decada_votada:sen:1507,AMB.BOSQUE,AMB,1,0.95,agente:texto,2026-09-06T13:33:25Z
acta,decada_votada:sen:1507,ECON.PRESU,ECON,0,0.95,agente:texto,2026-09-06T13:33:25Z
acta,decada_votada:sen:1508,TRAB.PREV,TRAB,1,0.95,agente:texto,2026-09-06T13:31:24Z
acta,decada_votada:sen:1509,TRAB.PREV,TRAB,1,0.95,agente:texto,2026-09-06T13:30:08Z
acta,decada_votada:sen:151,AUX.TRAMITE,AUX,0,0.95,agente:texto,2026-09-06T14:20:25Z
acta,decada_votada:sen:151,ECON.TRIB,ECON,1,0.95,agente:texto,2026-09-06T14:20:25Z
acta,decada_votada:sen:1510,TRAB.PREV,TRAB,1,0.95,agente:texto,2026-09-06T13:31:15Z
acta,decada_votada:sen:1511,ECON.PRESU,ECON,0,0.95,agente:texto,2026-09-06T13:30:05Z
acta,decada_votada:sen:1511,TRAB.PREV,TRAB,1,0.95,agente:texto,2026-09-06T13:30:05Z
acta,decada_votada:sen:1512,DESREG.DESECO,DESREG,0,0.95,agente:texto,2026-09-06T14:44:13Z
acta,decada_votada:sen:1512,JUST.PENAL,JUST,0,0.95,agente:texto,2026-09-06T14:44:13Z
acta,decada_votada:sen:1512,JUST.SEGINT,JUST,1,0.95,agente:texto,2026-09-06T14:44:13Z
acta,decada_votada:sen:1513,AMB.RESID,AMB,0,0.75,agente:texto,2026-09-06T13:45:59Z
acta,decada_votada:sen:1513,DESREG.DESECO,DESREG,0,0.75,agente:texto,2026-09-06T13:45:59Z
acta,decada_votada:sen:1513,PROD.COMEX,PROD,1,0.75,agente:texto,2026-09-06T13:45:59Z
acta,decada_votada:sen:1515,AUX.HOMENAJE,AUX,1,0.95,agente:texto,2026-09-06T13:48:48Z
acta,decada_votada:sen:1516,CULT.CULTURA,CULT,0,0.85,agente:texto,2026-09-06T13:54:26Z
acta,decada_votada:sen:1516,EDU.BASICA,EDU,1,0.85,agente:texto,2026-09-06T13:54:26Z
acta,decada_votada:sen:1516,EDU.SUPERIOR,EDU,0,0.85,agente:texto,2026-09-06T13:54:26Z
acta,decada_votada:sen:152,ECON.TRIB,ECON,1,0.95,agente:texto,2026-09-06T14:20:07Z
acta,decada_votada:sen:152,INFRA.OBRA,INFRA,0,0.95,agente:texto,2026-09-06T14:20:07Z
acta,decada_votada:sen:152,PROD.INDPYME,PROD,0,0.95,agente:texto,2026-09-06T14:20:07Z
acta,decada_votada:sen:152,PROD.INVER,PROD,0,0.95,agente:texto,2026-09-06T14:20:07Z
acta,decada_votada:sen:1520,AUX.TRAMITE,AUX,1,0.95,agente:texto,2026-09-06T14:09:23Z
acta,decada_votada:sen:1521,DESREG.EMPUB,DESREG,0,0.85,agente:texto,2026-09-06T14:26:54Z
acta,decada_votada:sen:1521,ECON.COPART,ECON,0,0.85,agente:texto,2026-09-06T14:26:54Z
acta,decada_votada:sen:1521,JUST.PROPIED,JUST,1,0.85,agente:texto,2026-09-06T14:26:54Z
acta,decada_votada:sen:1523,DESREG.DESECO,DESREG,0,0.95,agente:texto,2026-09-06T13:37:00Z
acta,decada_votada:sen:1523,INFRA.TRANSP,INFRA,1,0.95,agente:texto,2026-09-06T13:37:00Z
acta,decada_votada:sen:1523,PROD.COMEX,PROD,0,0.95,agente:texto,2026-09-06T13:37:00Z
acta,decada_votada:sen:1524,AMB.CLIMA,AMB,0,0.95,agente:texto,2026-09-06T13:47:01Z
acta,decada_votada:sen:1524,DESSOC.ASIST,DESSOC,0,0.95,agente:texto,2026-09-06T13:47:01Z
acta,decada_votada:sen:1524,ECON.EMERG,ECON,1,0.95,agente:texto,2026-09-06T13:47:01Z
acta,decada_votada:sen:1524,PROD.AGRO,PROD,0,0.95,agente:texto,2026-09-06T13:47:01Z
acta,decada_votada:sen:1525,CULT.DEPORTE,CULT,1,0.95,agente:texto,2026-09-06T13:39:33Z
acta,decada_votada:sen:1525,ECON.PRESU,ECON,0,0.95,agente:texto,2026-09-06T13:39:33Z
acta,decada_votada:sen:1525,JUST.CIVCOM,JUST,0,0.95,agente:texto,2026-09-06T13:39:33Z
acta,decada_votada:sen:1527,JUST.JUDIC,JUST,1,0.95,agente:texto,2026-09-06T14:30:11Z
acta,decada_votada:sen:1528,POLINST.CONST,POLINST,1,0.85,agente:texto,2026-09-06T13:33:05Z
acta,decada_votada:sen:153,ECON.PRESU,ECON,0,0.95,agente:texto,2026-09-06T14:05:05Z
acta,decada_votada:sen:153,ECON.TRIB,ECON,1,0.95,agente:texto,2026-09-06T14:05:05Z
acta,decada_votada:sen:153,INFRA.OBRA,INFRA,0,0.95,agente:texto,2026-09-06T14:05:05Z
acta,decada_votada:sen:153,PROD.INDPYME,PROD,0,0.95,agente:texto,2026-09-06T14:05:05Z
acta,decada_votada:sen:1535,SALUD.SISTEMA,SALUD,1,0.95,agente:texto,2026-09-06T14:10:20Z
acta,decada_votada:sen:1537,DESREG.DESECO,DESREG,0,0.95,agente:texto,2026-09-06T13:50:59Z
acta,decada_votada:sen:1537,SALUD.SISTEMA,SALUD,1,0.95,agente:texto,2026-09-06T13:50:59Z
acta,decada_votada:sen:154,ECON.TRIB,ECON,1,0.9,agente:texto,2026-09-06T14:06:28Z
acta,decada_votada:sen:154,INFRA.OBRA,INFRA,0,0.9,agente:texto,2026-09-06T14:06:28Z
acta,decada_votada:sen:154,PROD.INDPYME,PROD,0,0.9,agente:texto,2026-09-06T14:06:28Z
acta,decada_votada:sen:154,PROD.INVER,PROD,0,0.9,agente:texto,2026-09-06T14:06:28Z
acta,decada_votada:sen:1540,AUX.TRAMITE,AUX,1,0.95,agente:texto,2026-09-06T14:48:09Z
acta,decada_votada:sen:1542,AUX.TRAMITE,AUX,1,0.95,agente:texto,2026-09-06T13:55:36Z
acta,decada_votada:sen:1543,AUX.TRAMITE,AUX,1,0.95,agente:texto,2026-09-06T14:33:07Z
acta,decada_votada:sen:1544,AUX.TRAMITE,AUX,1,0.95,agente:texto,2026-09-06T14:04:59Z
acta,decada_votada:sen:1547,ECON.EMERG,ECON,0,0.95,agente:texto,2026-09-06T13:56:36Z
acta,decada_votada:sen:1547,ECON.TRIB,ECON,1,0.95,agente:texto,2026-09-06T13:56:36Z
acta,decada_votada:sen:1547,SALUD.ADICC,SALUD,0,0.95,agente:texto,2026-09-06T13:56:36Z
acta,decada_votada:sen:1548,ECON.EMERG,ECON,0,0.95,agente:texto,2026-09-06T13:51:31Z
acta,decada_votada:sen:1548,ECON.PRESU,ECON,0,0.95,agente:texto,2026-09-06T13:51:31Z
acta,decada_votada:sen:1548,ECON.TRIB,ECON,1,0.95,agente:texto,2026-09-06T13:51:31Z
acta,decada_votada:sen:1549,ECON.EMERG,ECON,0,0.95,agente:texto,2026-09-06T13:51:37Z
acta,decada_votada:sen:1549,ECON.TRIB,ECON,1,0.95,agente:texto,2026-09-06T13:51:37Z
acta,decada_votada:sen:155,ECON.TRIB,ECON,1,0.85,agente:texto,2026-09-06T14:04:26Z
acta,decada_votada:sen:155,INFRA.OBRA,INFRA,0,0.85,agente:texto,2026-09-06T14:04:26Z
acta,decada_votada:sen:155,PROD.INDPYME,PROD,0,0.85,agente:texto,2026-09-06T14:04:26Z
acta,decada_votada:sen:155,PROD.INVER,PROD,0,0.85,agente:texto,2026-09-06T14:04:26Z
acta,decada_votada:sen:1550,ECON.EMERG,ECON,0,0.95,agente:texto,2026-09-06T13:49:55Z
acta,decada_votada:sen:1550,ECON.PRESU,ECON,0,0.95,agente:texto,2026-09-06T13:49:55Z
acta,decada_votada:sen:1550,ECON.TRIB,ECON,1,0.95,agente:texto,2026-09-06T13:49:55Z
acta,decada_votada:sen:1557,ECON.PRESU,ECON,0,0.85,agente:texto,2026-09-06T13:37:03Z
acta,decada_votada:sen:1557,JUST.SEGINT,JUST,0,0.85,agente:texto,2026-09-06T13:37:03Z
acta,decada_votada:sen:1557,TRAB.EMPLEOPUB,TRAB,1,0.85,agente:texto,2026-09-06T13:37:03Z
acta,decada_votada:sen:1558,INFRA.TRANSP,INFRA,1,0.9,agente:texto,2026-09-06T14:02:30Z
acta,decada_votada:sen:1558,JUST.PROPIED,JUST,0,0.9,agente:texto,2026-09-06T14:02:30Z
acta,decada_votada:sen:1559,JUST.PENAL,JUST,1,0.95,agente:texto,2026-09-06T14:28:35Z
acta,decada_votada:sen:156,ECON.TRIB,ECON,1,0.95,agente:texto,2026-09-06T14:04:23Z
acta,decada_votada:sen:156,INFRA.OBRA,INFRA,0,0.95,agente:texto,2026-09-06T14:04:23Z
acta,decada_votada:sen:156,PROD.INDPYME,PROD,0,0.95,agente:texto,2026-09-06T14:04:23Z
acta,decada_votada:sen:156,PROD.INVER,PROD,0,0.95,agente:texto,2026-09-06T14:04:23Z
acta,decada_votada:sen:1561,AUX.TRAMITE,AUX,1,0.95,agente:texto,2026-09-06T13:57:02Z
acta,decada_votada:sen:1566,AUX.TRAMITE,AUX,1,0.95,agente:texto,2026-09-06T13:32:34Z
acta,decada_votada:sen:1567,JUST.JUDIC,JUST,1,0.95,agente:texto,2026-09-06T14:22:46Z
acta,decada_votada:sen:1569,JUST.JUDIC,JUST,1,0.95,agente:texto,2026-09-06T13:43:06Z
acta,decada_votada:sen:157,JUST.JUDIC,JUST,1,0.95,agente:texto,2026-09-06T14:27:21Z
acta,decada_votada:sen:157,TRAB.LABOR,TRAB,0,0.95,agente:texto,2026-09-06T14:27:21Z
acta,decada_votada:sen:1571,AUX.TRAMITE,AUX,1,0.95,agente:texto,2026-09-06T13:56:29Z
acta,decada_votada:sen:1573,AUX.HOMENAJE,AUX,1,0.95,agente:texto,2026-09-06T13:53:59Z
acta,decada_votada:sen:1574,JUST.JUDIC,JUST,1,0.85,agente:texto,2026-09-06T14:10:37Z
acta,decada_votada:sen:1574,JUST.PENAL,JUST,0,0.85,agente:texto,2026-09-06T14:10:37Z
acta,decada_votada:sen:1574,POLINST.ETICA,POLINST,0,0.85,agente:texto,2026-09-06T14:10:37Z
acta,decada_votada:sen:1575,DEF.TRATADO,DEF,1,0.95,agente:texto,2026-09-06T13:29:08Z
acta,decada_votada:sen:1575,JUST.JUDIC,JUST,0,0.95,agente:texto,2026-09-06T13:29:08Z
acta,decada_votada:sen:1576,AUX.TRAMITE,AUX,1,0.95,agente:texto,2026-09-06T13:45:26Z
acta,decada_votada:sen:1577,AUX.TRAMITE,AUX,1,0.95,agente:texto,2026-09-06T13:40:10Z
acta,decada_votada:sen:1578,AUX.HOMENAJE,AUX,0,0.9,agente:texto,2026-09-06T13:32:05Z
acta,decada_votada:sen:1578,DEF.TRATADO,DEF,0,0.9,agente:texto,2026-09-06T13:32:05Z
acta,decada_votada:sen:1578,SALUD.SISTEMA,SALUD,1,0.9,agente:texto,2026-09-06T13:32:05Z
acta,decada_votada:sen:1580,CYT.CIENCIA,CYT,0,0.95,agente:texto,2026-09-06T13:31:10Z
acta,decada_votada:sen:1580,PROD.AGRO,PROD,1,0.95,agente:texto,2026-09-06T13:31:10Z
acta,decada_votada:sen:1580,PROD.INDPYME,PROD,0,0.95,agente:texto,2026-09-06T13:31:10Z
acta,decada_votada:sen:1581,AUX.TRAMITE,AUX,1,0.95,agente:texto,2026-09-06T14:34:13Z
acta,decada_votada:sen:1584,ECON.PRESU,ECON,0,0.95,agente:texto,2026-09-06T13:30:16Z
acta,decada_votada:sen:1584,PROD.AGRO,PROD,1,0.95,agente:texto,2026-09-06T13:30:16Z
acta,decada_votada:sen:1585,AUX.TRAMITE,AUX,1,0.95,agente:texto,2026-09-06T14:36:53Z
acta,decada_votada:sen:1587,DESREG.MODEST,DESREG,0,0.8,agente:texto,2026-09-06T14:51:20Z
acta,decada_votada:sen:1587,INFRA.OBRA,INFRA,0,0.8,agente:texto,2026-09-06T14:51:20Z
acta,decada_votada:sen:1587,PROD.COMEX,PROD,1,0.8,agente:texto,2026-09-06T14:51:20Z
acta,decada_votada:sen:1588,TRAB.EMPLEOPUB,TRAB,0,0.95,agente:texto,2026-09-06T14:33:26Z
acta,decada_votada:sen:1588,TRAB.LABOR,TRAB,1,0.95,agente:texto,2026-09-06T14:33:26Z
acta,decada_votada:sen:159,AUX.TRAMITE,AUX,1,0.95,agente:texto,2026-09-06T14:09:30Z
acta,decada_votada:sen:1591,ECON.MON,ECON,0,0.85,agente:texto,2026-09-06T14:19:31Z
acta,decada_votada:sen:1591,JUST.PENAL,JUST,1,0.85,agente:texto,2026-09-06T14:19:31Z
acta,decada_votada:sen:1591,JUST.SEGINT,JUST,0,0.85,agente:texto,2026-09-06T14:19:31Z
acta,decada_votada:sen:1592,DESREG.SOCIED,DESREG,0,0.95,agente:texto,2026-09-06T14:11:57Z
acta,decada_votada:sen:1592,JUST.CIVCOM,JUST,1,0.95,agente:texto,2026-09-06T14:11:57Z
acta,decada_votada:sen:1592,TRAB.LABOR,TRAB,0,0.95,agente:texto,2026-09-06T14:11:57Z
acta,decada_votada:sen:1593,DESREG.SOCIED,DESREG,0,0.95,agente:texto,2026-09-06T14:00:55Z
acta,decada_votada:sen:1593,JUST.CIVCOM,JUST,1,0.95,agente:texto,2026-09-06T14:00:55Z
acta,decada_votada:sen:1593,TRAB.LABOR,TRAB,0,0.95,agente:texto,2026-09-06T14:00:55Z
acta,decada_votada:sen:1594,DESREG.SOCIED,DESREG,0,0.95,agente:texto,2026-09-06T14:00:49Z
acta,decada_votada:sen:1594,JUST.CIVCOM,JUST,1,0.95,agente:texto,2026-09-06T14:00:49Z
acta,decada_votada:sen:1594,TRAB.LABOR,TRAB,0,0.95,agente:texto,2026-09-06T14:00:49Z
acta,decada_votada:sen:1595,DESREG.SOCIED,DESREG,0,0.95,agente:texto,2026-09-06T14:04:10Z
acta,decada_votada:sen:1595,JUST.CIVCOM,JUST,1,0.95,agente:texto,2026-09-06T14:04:10Z
acta,decada_votada:sen:1595,TRAB.LABOR,TRAB,0,0.95,agente:texto,2026-09-06T14:04:10Z
acta,decada_votada:sen:1596,DESREG.SOCIED,DESREG,0,0.95,agente:texto,2026-09-06T13:57:52Z
acta,decada_votada:sen:1596,JUST.CIVCOM,JUST,1,0.95,agente:texto,2026-09-06T13:57:52Z
acta,decada_votada:sen:1596,TRAB.LABOR,TRAB,0,0.95,agente:texto,2026-09-06T13:57:52Z
acta,decada_votada:sen:1597,DESREG.SOCIED,DESREG,0,0.95,agente:texto,2026-09-06T13:57:55Z
acta,decada_votada:sen:1597,JUST.CIVCOM,JUST,1,0.95,agente:texto,2026-09-06T13:57:55Z
acta,decada_votada:sen:1597,TRAB.LABOR,TRAB,0,0.95,agente:texto,2026-09-06T13:57:55Z
acta,decada_votada:sen:1598,DESREG.SOCIED,DESREG,0,0.95,agente:texto,2026-09-06T13:57:59Z
acta,decada_votada:sen:1598,JUST.CIVCOM,JUST,1,0.95,agente:texto,2026-09-06T13:57:59Z
acta,decada_votada:sen:1598,TRAB.LABOR,TRAB,0,0.95,agente:texto,2026-09-06T13:57:59Z
acta,decada_votada:sen:1599,DESREG.SOCIED,DESREG,0,0.95,agente:texto,2026-09-06T13:58:09Z
acta,decada_votada:sen:1599,JUST.CIVCOM,JUST,1,0.95,agente:texto,2026-09-06T13:58:09Z
acta,decada_votada:sen:1599,TRAB.LABOR,TRAB,0,0.95,agente:texto,2026-09-06T13:58:09Z
acta,decada_votada:sen:160,AUX.TRAMITE,AUX,1,0.95,agente:texto,2026-09-06T14:00:46Z
acta,decada_votada:sen:1601,DESREG.EMPUB,DESREG,0,0.75,agente:texto,2026-09-06T13:41:50Z
acta,decada_votada:sen:1601,DESSOC.ASIST,DESSOC,0,0.75,agente:texto,2026-09-06T13:41:50Z
acta,decada_votada:sen:1601,TRAB.PREV,TRAB,1,0.75,agente:texto,2026-09-06T13:41:50Z
acta,decada_votada:sen:1604,AMB.BOSQUE,AMB,0,0.95,agente:texto,2026-09-06T13:33:22Z
acta,decada_votada:sen:1604,DESREG.DESECO,DESREG,0,0.95,agente:texto,2026-09-06T13:33:22Z
acta,decada_votada:sen:1604,DESSOC.ASIST,DESSOC,0,0.95,agente:texto,2026-09-06T13:33:22Z
acta,decada_votada:sen:1604,ECON.EMERG,ECON,1,0.95,agente:texto,2026-09-06T13:33:22Z
acta,decada_votada:sen:1604,PROD.AGRO,PROD,0,0.95,agente:texto,2026-09-06T13:33:22Z
acta,decada_votada:sen:1605,INFRA.TRANSP,INFRA,0,0.95,agente:texto,2026-09-06T14:25:33Z
acta,decada_votada:sen:1605,JUST.PENAL,JUST,1,0.95,agente:texto,2026-09-06T14:25:33Z
acta,decada_votada:sen:1605,JUST.SEGINT,JUST,0,0.95,agente:texto,2026-09-06T14:25:33Z
acta,decada_votada:sen:1606,AUX.HOMENAJE,AUX,1,0.95,agente:texto,2026-09-06T14:36:25Z
acta,decada_votada:sen:1608,DEF.EXTERIOR,DEF,0,0.95,agente:texto,2026-09-06T14:17:06Z
acta,decada_votada:sen:1608,DEF.TRATADO,DEF,1,0.95,agente:texto,2026-09-06T14:17:06Z
acta,decada_votada:sen:1608,ECON.DEUDA,ECON,0,0.95,agente:texto,2026-09-06T14:17:06Z
acta,decada_votada:sen:1609,AUX.HOMENAJE,AUX,0,0.95,agente:texto,2026-09-06T13:49:25Z
acta,decada_votada:sen:1609,DERSOC.DDHH,DERSOC,1,0.95,agente:texto,2026-09-06T13:49:25Z
acta,decada_votada:sen:161,JUST.SEGINT,JUST,0,0.85,agente:texto,2026-09-06T14:41:39Z
acta,decada_votada:sen:161,SALUD.DISCAP,SALUD,0,0.85,agente:texto,2026-09-06T14:41:39Z
acta,decada_votada:sen:161,TRAB.EMPLEOPUB,TRAB,1,0.85,agente:texto,2026-09-06T14:41:39Z
acta,decada_votada:sen:1611,DESREG.EMPUB,DESREG,1,0.85,agente:texto,2026-09-06T13:36:14Z
acta,decada_votada:sen:1611,INFRA.OBRA,INFRA,0,0.85,agente:texto,2026-09-06T13:36:14Z
acta,decada_votada:sen:1611,JUST.PROPIED,JUST,0,0.85,agente:texto,2026-09-06T13:36:14Z
acta,decada_votada:sen:1612,AUX.TRAMITE,AUX,0,0.9,agente:texto,2026-09-06T13:36:03Z
acta,decada_votada:sen:1612,DERSOC.DDHH,DERSOC,1,0.9,agente:texto,2026-09-06T13:36:03Z
acta,decada_votada:sen:1612,ENER.ELEC,ENER,0,0.9,agente:texto,2026-09-06T13:36:03Z
acta,decada_votada:sen:1612,PROD.AGRO,PROD,0,0.9,agente:texto,2026-09-06T13:36:03Z
acta,decada_votada:sen:1613,DERSOC.DDHH,DERSOC,1,0.9,agente:texto,2026-09-06T14:50:25Z
acta,decada_votada:sen:1613,JUST.JUDIC,JUST,0,0.9,agente:texto,2026-09-06T14:50:25Z
acta,decada_votada:sen:1619,AUX.HOMENAJE,AUX,1,0.95,agente:texto,2026-09-06T14:39:28Z
acta,decada_votada:sen:1620,DERSOC.DDHH,DERSOC,0,0.95,agente:texto,2026-09-06T14:24:56Z
acta,decada_votada:sen:1620,EDU.BASICA,EDU,0,0.95,agente:texto,2026-09-06T14:24:56Z
acta,decada_votada:sen:1620,JUST.PENAL,JUST,1,0.95,agente:texto,2026-09-06T14:24:56Z
acta,decada_votada:sen:1621,TRAB.LABOR,TRAB,1,0.99,manual,2026-09-07T19:08:32Z
acta,decada_votada:sen:1623,JUST.PENAL,JUST,1,0.99,manual,2026-09-07T19:08:32Z
acta,decada_votada:sen:1624,DEF.DEFENSA,DEF,1,0.95,agente:texto,2026-09-06T13:43:49Z
acta,decada_votada:sen:1624,DEF.TRATADO,DEF,0,0.95,agente:texto,2026-09-06T13:43:49Z
acta,decada_votada:sen:1625,AUX.TRAMITE,AUX,1,0.95,agente:texto,2026-09-06T13:53:11Z
acta,decada_votada:sen:1627,AMB.AGUA,AMB,0,0.85,agente:texto,2026-09-06T14:16:27Z
acta,decada_votada:sen:1627,AMB.MINER,AMB,1,0.85,agente:texto,2026-09-06T14:16:27Z
acta,decada_votada:sen:1627,DESREG.DESECO,DESREG,0,0.85,agente:texto,2026-09-06T14:16:27Z
acta,decada_votada:sen:1627,SALUD.SISTEMA,SALUD,0,0.85,agente:texto,2026-09-06T14:16:27Z
acta,decada_votada:sen:163,INFRA.OBRA,INFRA,1,0.95,agente:texto,2026-09-06T14:51:16Z
acta,decada_votada:sen:163,INFRA.TRANSP,INFRA,0,0.95,agente:texto,2026-09-06T14:51:16Z
acta,decada_votada:sen:1631,AUX.HOMENAJE,AUX,1,0.95,agente:texto,2026-09-06T14:41:26Z
acta,decada_votada:sen:1632,AUX.HOMENAJE,AUX,0,0.65,agente:texto,2026-09-06T14:32:34Z
acta,decada_votada:sen:1632,INFRA.OBRA,INFRA,1,0.65,agente:texto,2026-09-06T14:32:34Z
acta,decada_votada:sen:1633,DESREG.EMPUB,DESREG,1,0.85,agente:texto,2026-09-06T13:37:57Z
acta,decada_votada:sen:1633,ECON.COPART,ECON,0,0.85,agente:texto,2026-09-06T13:37:57Z
acta,decada_votada:sen:1633,INFRA.OBRA,INFRA,0,0.85,agente:texto,2026-09-06T13:37:57Z
acta,decada_votada:sen:1635,DEF.TRATADO,DEF,1,0.95,agente:texto,2026-09-06T14:05:27Z
acta,decada_votada:sen:1635,POLINST.ETICA,POLINST,0,0.95,agente:texto,2026-09-06T14:05:27Z
acta,decada_votada:sen:1636,JUST.PENAL,JUST,1,0.95,agente:texto,2026-09-06T14:32:46Z
acta,decada_votada:sen:1637,JUST.JUDIC,JUST,1,0.95,agente:texto,2026-09-06T14:36:07Z
acta,decada_votada:sen:1638,CYT.CIBER,CYT,0,0.95,agente:texto,2026-09-06T14:04:50Z
acta,decada_votada:sen:1638,DERSOC.NINEZ,DERSOC,0,0.95,agente:texto,2026-09-06T14:04:50Z
acta,decada_votada:sen:1638,JUST.PENAL,JUST,1,0.95,agente:texto,2026-09-06T14:04:50Z
acta,decada_votada:sen:1639,AUX.HOMENAJE,AUX,0,0.75,agente:texto,2026-09-06T14:03:13Z
acta,decada_votada:sen:1639,CULT.CULTURA,CULT,1,0.75,agente:texto,2026-09-06T14:03:13Z
acta,decada_votada:sen:1640,JUST.JUDIC,JUST,1,0.95,agente:texto,2026-09-06T13:40:36Z
acta,decada_votada:sen:1641,JUST.JUDIC,JUST,1,0.95,agente:texto,2026-09-06T14:11:47Z
acta,decada_votada:sen:1645,PROD.AGRO,PROD,0,0.95,agente:texto,2026-09-06T13:33:30Z
acta,decada_votada:sen:1645,TRAB.LABOR,TRAB,1,0.95,agente:texto,2026-09-06T13:33:30Z
acta,decada_votada:sen:1653,AUX.TRAMITE,AUX,1,0.95,agente:texto,2026-09-06T14:24:15Z
acta,decada_votada:sen:1656,AUX.TRAMITE,AUX,0,0.95,agente:texto,2026-09-06T14:47:06Z
acta,decada_votada:sen:1656,ECON.PRESU,ECON,1,0.95,agente:texto,2026-09-06T14:47:06Z
acta,decada_votada:sen:1657,AUX.TRAMITE,AUX,0,0.95,agente:texto,2026-09-06T14:22:38Z
acta,decada_votada:sen:1657,ECON.EMERG,ECON,1,0.95,agente:texto,2026-09-06T14:22:38Z
acta,decada_votada:sen:1658,ECON.EMERG,ECON,0,0.95,agente:texto,2026-09-06T13:37:53Z
acta,decada_votada:sen:1658,ECON.TRIB,ECON,1,0.95,agente:texto,2026-09-06T13:37:53Z
acta,decada_votada:sen:1659,ECON.EMERG,ECON,0,0.95,agente:texto,2026-09-06T13:35:31Z
acta,decada_votada:sen:1659,ECON.TRIB,ECON,1,0.95,agente:texto,2026-09-06T13:35:31Z
acta,decada_votada:sen:1660,ECON.EMERG,ECON,0,0.95,agente:texto,2026-09-06T13:32:31Z
acta,decada_votada:sen:1660,ECON.TRIB,ECON,1,0.95,agente:texto,2026-09-06T13:32:31Z
acta,decada_votada:sen:1664,ECON.TRIB,ECON,0,0.95,agente:texto,2026-09-06T14:24:21Z
acta,decada_votada:sen:1664,ENER.HIDRO,ENER,1,0.95,agente:texto,2026-09-06T14:24:21Z
acta,decada_votada:sen:1664,PROD.COMEX,PROD,0,0.95,agente:texto,2026-09-06T14:24:21Z
acta,decada_votada:sen:1665,ECON.EMERG,ECON,0,0.95,agente:texto,2026-09-06T14:19:09Z
acta,decada_votada:sen:1665,JUST.PENAL,JUST,1,0.95,agente:texto,2026-09-06T14:19:09Z
acta,decada_votada:sen:1666,JUST.PENAL,JUST,1,0.95,agente:texto,2026-09-06T14:23:25Z
acta,decada_votada:sen:1666,JUST.SEGINT,JUST,0,0.95,agente:texto,2026-09-06T14:23:25Z
acta,decada_votada:sen:1667,ECON.TRIB,ECON,0,0.99,manual,2026-09-07T19:08:32Z
acta,decada_votada:sen:1667,JUST.PENAL,JUST,1,0.99,manual,2026-09-07T19:08:32Z
acta,decada_votada:sen:1668,AUX.HOMENAJE,AUX,1,0.95,agente:texto,2026-09-06T14:28:41Z
acta,decada_votada:sen:167,DERSOC.GENERO,DERSOC,0,0.75,manual,2026-09-07T19:08:32Z
acta,decada_votada:sen:167,SALUD.SISTEMA,SALUD,1,0.75,manual,2026-09-07T19:08:32Z
acta,decada_votada:sen:1671,DERSOC.DDHH,DERSOC,0,0.95,agente:texto,2026-09-06T14:21:37Z
acta,decada_votada:sen:1671,JUST.PROPIED,JUST,1,0.95,agente:texto,2026-09-06T14:21:37Z
acta,decada_votada:sen:1671,PROD.AGRO,PROD,0,0.95,agente:texto,2026-09-06T14:21:37Z
acta,decada_votada:sen:1674,JUST.PROPIED,JUST,1,0.95,agente:texto,2026-09-06T14:45:45Z
acta,decada_votada:sen:1674,POLINST.ORGEST,POLINST,0,0.95,agente:texto,2026-09-06T14:45:45Z
acta,decada_votada:sen:1674,PROD.AGRO,PROD,0,0.95,agente:texto,2026-09-06T14:45:45Z
acta,decada_votada:sen:1675,ECON.COPART,ECON,0,0.9,agente:texto,2026-09-06T14:46:53Z
acta,decada_votada:sen:1675,JUST.PROPIED,JUST,1,0.9,agente:texto,2026-09-06T14:46:53Z
acta,decada_votada:sen:1675,PROD.AGRO,PROD,0,0.9,agente:texto,2026-09-06T14:46:53Z
acta,decada_votada:sen:1677,JUST.PENAL,JUST,1,0.95,agente:texto,2026-09-06T14:10:32Z
acta,decada_votada:sen:1678,AUX.TRAMITE,AUX,0,0.95,agente:texto,2026-09-06T13:47:51Z
acta,decada_votada:sen:1678,DEF.TRATADO,DEF,1,0.95,agente:texto,2026-09-06T13:47:51Z
acta,decada_votada:sen:1679,AUX.HOMENAJE,AUX,1,0.85,agente:texto,2026-09-06T13:35:10Z
acta,decada_votada:sen:1679,AUX.TRAMITE,AUX,0,0.85,agente:texto,2026-09-06T13:35:10Z
acta,decada_votada:sen:168,EDU.SUPERIOR,EDU,1,0.95,agente:texto,2026-09-06T14:33:10Z
acta,decada_votada:sen:1680,DESREG.EMPUB,DESREG,0,0.95,agente:texto,2026-09-06T13:38:49Z
acta,decada_votada:sen:1680,ECON.COPART,ECON,0,0.95,agente:texto,2026-09-06T13:38:49Z
acta,decada_votada:sen:1680,INFRA.TRANSP,INFRA,1,0.95,agente:texto,2026-09-06T13:38:49Z
acta,decada_votada:sen:1681,DESREG.EMPUB,DESREG,0,0.95,agente:texto,2026-09-06T13:38:06Z
acta,decada_votada:sen:1681,ECON.COPART,ECON,0,0.95,agente:texto,2026-09-06T13:38:06Z
acta,decada_votada:sen:1681,INFRA.TRANSP,INFRA,1,0.95,agente:texto,2026-09-06T13:38:06Z
acta,decada_votada:sen:1682,DESREG.EMPUB,DESREG,0,0.95,agente:texto,2026-09-06T13:37:44Z
acta,decada_votada:sen:1682,ECON.COPART,ECON,0,0.95,agente:texto,2026-09-06T13:37:44Z
acta,decada_votada:sen:1682,INFRA.TRANSP,INFRA,1,0.95,agente:texto,2026-09-06T13:37:44Z
acta,decada_votada:sen:1683,DESREG.EMPUB,DESREG,1,0.95,agente:texto,2026-09-06T13:37:48Z
acta,decada_votada:sen:1683,ECON.COPART,ECON,0,0.95,agente:texto,2026-09-06T13:37:48Z
acta,decada_votada:sen:1683,INFRA.TRANSP,INFRA,0,0.95,agente:texto,2026-09-06T13:37:48Z
acta,decada_votada:sen:1683,POLINST.ORGEST,POLINST,0,0.95,agente:texto,2026-09-06T13:37:48Z
acta,decada_votada:sen:1685,DESREG.EMPUB,DESREG,1,0.95,agente:texto,2026-09-06T13:37:16Z
acta,decada_votada:sen:1685,ECON.PRESU,ECON,0,0.95,agente:texto,2026-09-06T13:37:16Z
acta,decada_votada:sen:1685,ENER.HIDRO,ENER,0,0.95,agente:texto,2026-09-06T13:37:16Z
acta,decada_votada:sen:1685,JUST.PROPIED,JUST,0,0.95,agente:texto,2026-09-06T13:37:16Z
acta,decada_votada:sen:1686,DESREG.EMPUB,DESREG,0,0.99,manual,2026-09-07T19:08:32Z
acta,decada_votada:sen:1686,ECON.PRESU,ECON,0,0.95,agente:texto,2026-09-06T13:35:03Z
acta,decada_votada:sen:1686,ENER.HIDRO,ENER,1,0.99,manual,2026-09-07T19:08:32Z
acta,decada_votada:sen:1686,JUST.PROPIED,JUST,0,0.95,agente:texto,2026-09-06T13:35:03Z
acta,decada_votada:sen:1687,DESREG.EMPUB,DESREG,1,0.95,agente:texto,2026-09-06T13:35:06Z
acta,decada_votada:sen:1687,ENER.HIDRO,ENER,0,0.95,agente:texto,2026-09-06T13:35:06Z
acta,decada_votada:sen:1687,JUST.PROPIED,JUST,0,0.95,agente:texto,2026-09-06T13:35:06Z
acta,decada_votada:sen:1688,DESREG.EMPUB,DESREG,1,0.95,agente:texto,2026-09-06T13:34:59Z
acta,decada_votada:sen:1688,ECON.PRESU,ECON,0,0.95,agente:texto,2026-09-06T13:34:59Z
acta,decada_votada:sen:1688,ENER.HIDRO,ENER,0,0.95,agente:texto,2026-09-06T13:34:59Z
acta,decada_votada:sen:1688,JUST.PROPIED,JUST,0,0.95,agente:texto,2026-09-06T13:34:59Z
acta,decada_votada:sen:1689,DESREG.EMPUB,DESREG,1,0.95,agente:texto,2026-09-06T13:34:41Z
acta,decada_votada:sen:1689,ECON.PRESU,ECON,0,0.95,agente:texto,2026-09-06T13:34:41Z
acta,decada_votada:sen:1689,ENER.HIDRO,ENER,0,0.95,agente:texto,2026-09-06T13:34:41Z
acta,decada_votada:sen:1689,JUST.PROPIED,JUST,0,0.95,agente:texto,2026-09-06T13:34:41Z
acta,decada_votada:sen:169,DEF.TRATADO,DEF,1,0.95,agente:texto,2026-09-06T13:39:55Z
acta,decada_votada:sen:169,ECON.TRIB,ECON,0,0.95,agente:texto,2026-09-06T13:39:55Z
acta,decada_votada:sen:1690,DERSOC.DDHH,DERSOC,0,0.85,agente:texto,2026-09-06T13:42:27Z
acta,decada_votada:sen:1690,JUST.CIVCOM,JUST,0,0.85,agente:texto,2026-09-06T13:42:27Z
acta,decada_votada:sen:1690,SALUD.SISTEMA,SALUD,1,0.85,agente:texto,2026-09-06T13:42:27Z
acta,decada_votada:sen:1696,DEF.TRATADO,DEF,1,0.85,agente:texto,2026-09-06T14:52:18Z
acta,decada_votada:sen:1696,ECON.DEUDA,ECON,0,0.85,agente:texto,2026-09-06T14:52:18Z
acta,decada_votada:sen:1697,DEF.TRATADO,DEF,1,0.95,agente:texto,2026-09-06T13:33:17Z
acta,decada_votada:sen:1697,EDU.SUPERIOR,EDU,0,0.95,agente:texto,2026-09-06T13:33:17Z
acta,decada_votada:sen:1698,AUX.TRAMITE,AUX,0,0.95,agente:texto,2026-09-06T13:49:29Z
acta,decada_votada:sen:1698,DESREG.EMPUB,DESREG,0,0.95,agente:texto,2026-09-06T13:49:29Z
acta,decada_votada:sen:1698,JUST.PROPIED,JUST,1,0.95,agente:texto,2026-09-06T13:49:29Z
acta,decada_votada:sen:1699,AUX.TRAMITE,AUX,1,0.95,agente:texto,2026-09-06T14:37:40Z
acta,decada_votada:sen:170,DEF.TRATADO,DEF,1,0.95,agente:texto,2026-09-06T14:06:59Z
acta,decada_votada:sen:170,JUST.PENAL,JUST,0,0.95,agente:texto,2026-09-06T14:06:59Z
acta,decada_votada:sen:1700,DEF.TRATADO,DEF,1,0.95,agente:texto,2026-09-06T13:58:05Z
acta,decada_votada:sen:1700,ENER.HIDRO,ENER,0,0.95,agente:texto,2026-09-06T13:58:05Z
acta,decada_votada:sen:1701,AUX.TRAMITE,AUX,0,0.9,agente:texto,2026-09-06T13:31:34Z
acta,decada_votada:sen:1701,DESREG.EMPUB,DESREG,1,0.9,agente:texto,2026-09-06T13:31:34Z
acta,decada_votada:sen:1701,ENER.HIDRO,ENER,0,0.9,agente:texto,2026-09-06T13:31:34Z
acta,decada_votada:sen:1702,AUX.TRAMITE,AUX,1,0.95,agente:texto,2026-09-06T13:46:45Z
acta,decada_votada:sen:1703,AMB.BOSQUE,AMB,1,0.95,agente:texto,2026-09-06T13:51:19Z
acta,decada_votada:sen:1703,DEF.TRATADO,DEF,0,0.95,agente:texto,2026-09-06T13:51:19Z
acta,decada_votada:sen:1703,POLINST.ORGEST,POLINST,0,0.95,agente:texto,2026-09-06T13:51:19Z
acta,decada_votada:sen:1704,DESREG.EMPUB,DESREG,1,0.85,agente:texto,2026-09-06T13:31:00Z
acta,decada_votada:sen:1704,ECON.COPART,ECON,0,0.85,agente:texto,2026-09-06T13:31:00Z
acta,decada_votada:sen:1704,INFRA.OBRA,INFRA,0,0.85,agente:texto,2026-09-06T13:31:00Z
acta,decada_votada:sen:1705,DEF.TRATADO,DEF,1,0.95,agente:texto,2026-09-06T13:43:26Z
acta,decada_votada:sen:1705,ECON.TRIB,ECON,0,0.95,agente:texto,2026-09-06T13:43:26Z
acta,decada_votada:sen:1706,DESSOC.ASIST,DESSOC,0,0.95,agente:texto,2026-09-06T14:41:19Z
acta,decada_votada:sen:1706,POLINST.ORGEST,POLINST,0,0.95,agente:texto,2026-09-06T14:41:19Z
acta,decada_votada:sen:1706,SALUD.SISTEMA,SALUD,1,0.95,agente:texto,2026-09-06T14:41:19Z
acta,decada_votada:sen:1708,DERSOC.DDHH,DERSOC,0,0.95,agente:texto,2026-09-06T13:39:38Z
acta,decada_votada:sen:1708,JUST.CIVCOM,JUST,1,0.95,agente:texto,2026-09-06T13:39:38Z
acta,decada_votada:sen:1709,DESREG.DESECO,DESREG,0,0.8,agente:texto,2026-09-06T14:24:19Z
acta,decada_votada:sen:1709,ECON.TRIB,ECON,0,0.8,agente:texto,2026-09-06T14:24:19Z
acta,decada_votada:sen:1709,JUST.CIVCOM,JUST,1,0.8,agente:texto,2026-09-06T14:24:19Z
acta,decada_votada:sen:171,DEF.TRATADO,DEF,1,0.95,agente:texto,2026-09-06T14:30:51Z
acta,decada_votada:sen:171,PROD.AGRO,PROD,0,0.95,agente:texto,2026-09-06T14:30:51Z
acta,decada_votada:sen:171,PROD.COMEX,PROD,0,0.95,agente:texto,2026-09-06T14:30:51Z
acta,decada_votada:sen:1710,AMB.AGUA,AMB,0,0.85,agente:texto,2026-09-06T14:33:14Z
acta,decada_votada:sen:1710,AMB.BOSQUE,AMB,0,0.85,agente:texto,2026-09-06T14:33:14Z
acta,decada_votada:sen:1710,DERSOC.DDHH,DERSOC,0,0.85,agente:texto,2026-09-06T14:33:14Z
acta,decada_votada:sen:1710,POLINST.ETICA,POLINST,1,0.85,agente:texto,2026-09-06T14:33:14Z
acta,decada_votada:sen:1711,AUX.HOMENAJE,AUX,1,0.95,agente:texto,2026-09-06T14:06:05Z
acta,decada_votada:sen:1713,AUX.TRAMITE,AUX,1,0.95,agente:texto,2026-09-06T14:41:47Z
acta,decada_votada:sen:1714,AUX.TRAMITE,AUX,1,0.95,agente:texto,2026-09-06T13:36:49Z
acta,decada_votada:sen:1715,DEF.DEFENSA,DEF,1,0.95,agente:texto,2026-09-06T13:51:01Z
acta,decada_votada:sen:1715,DEF.TRATADO,DEF,0,0.95,agente:texto,2026-09-06T13:51:01Z
acta,decada_votada:sen:1716,DEF.DEFENSA,DEF,1,0.95,agente:texto,2026-09-06T13:35:34Z
acta,decada_votada:sen:1716,DEF.TRATADO,DEF,0,0.95,agente:texto,2026-09-06T13:35:34Z
acta,decada_votada:sen:1717,DEF.DEFENSA,DEF,1,0.95,agente:texto,2026-09-06T13:38:52Z
acta,decada_votada:sen:1717,DEF.TRATADO,DEF,0,0.95,agente:texto,2026-09-06T13:38:52Z
acta,decada_votada:sen:1718,AMB.BOSQUE,AMB,1,0.9,agente:texto,2026-09-06T13:39:05Z
acta,decada_votada:sen:1718,DEF.TRATADO,DEF,0,0.9,agente:texto,2026-09-06T13:39:05Z
acta,decada_votada:sen:1719,AUX.TRAMITE,AUX,1,0.95,agente:texto,2026-09-06T14:20:22Z
acta,decada_votada:sen:172,CULT.CULTURA,CULT,0,0.95,agente:texto,2026-09-06T14:27:39Z
acta,decada_votada:sen:172,DEF.EXTERIOR,DEF,0,0.95,agente:texto,2026-09-06T14:27:39Z
acta,decada_votada:sen:172,DEF.TRATADO,DEF,1,0.95,agente:texto,2026-09-06T14:27:39Z
acta,decada_votada:sen:1720,AUX.TRAMITE,AUX,1,0.95,agente:texto,2026-09-06T14:01:33Z
acta,decada_votada:sen:1721,AUX.TRAMITE,AUX,1,0.95,agente:texto,2026-09-06T14:10:34Z
acta,decada_votada:sen:1723,AUX.TRAMITE,AUX,1,0.95,agente:texto,2026-09-06T13:41:24Z
acta,decada_votada:sen:1724,DEF.TRATADO,DEF,0,0.85,agente:texto,2026-09-06T13:39:14Z
acta,decada_votada:sen:1724,JUST.CIVCOM,JUST,1,0.85,agente:texto,2026-09-06T13:39:14Z
acta,decada_votada:sen:1724,PROD.COMEX,PROD,0,0.85,agente:texto,2026-09-06T13:39:14Z
acta,decada_votada:sen:1726,AUX.TRAMITE,AUX,1,0.95,agente:texto,2026-09-06T13:55:39Z
acta,decada_votada:sen:173,DEF.TRATADO,DEF,1,0.95,agente:texto,2026-09-06T14:08:05Z
acta,decada_votada:sen:173,JUST.PENAL,JUST,0,0.95,agente:texto,2026-09-06T14:08:05Z
acta,decada_votada:sen:1730,AUX.HOMENAJE,AUX,1,0.95,agente:texto,2026-09-06T14:44:43Z
acta,decada_votada:sen:1732,AUX.HOMENAJE,AUX,0,0.85,agente:texto,2026-09-06T13:55:47Z
acta,decada_votada:sen:1732,CYT.CIENCIA,CYT,1,0.85,agente:texto,2026-09-06T13:55:47Z
acta,decada_votada:sen:1733,DERSOC.ORIGIN,DERSOC,1,0.5,manual,2026-09-07T19:08:32Z
acta,decada_votada:sen:1733,INFRA.OBRA,INFRA,0,0.85,agente:texto,2026-09-06T14:09:06Z
acta,decada_votada:sen:1733,JUST.PROPIED,JUST,1,0.85,agente:texto,2026-09-06T14:09:06Z
acta,decada_votada:sen:1734,DESREG.SOCIED,DESREG,1,0.85,agente:texto,2026-09-06T14:45:21Z
acta,decada_votada:sen:1734,PROD.COMEX,PROD,0,0.85,agente:texto,2026-09-06T14:45:21Z
acta,decada_votada:sen:1735,AUX.TRAMITE,AUX,1,0.95,agente:texto,2026-09-06T13:56:09Z
acta,decada_votada:sen:1737,AUX.TRAMITE,AUX,1,0.95,agente:texto,2026-09-06T13:49:31Z
acta,decada_votada:sen:1738,AUX.TRAMITE,AUX,1,0.95,agente:texto,2026-09-06T14:11:34Z
acta,decada_votada:sen:1739,AUX.TRAMITE,AUX,1,0.95,agente:texto,2026-09-06T13:55:02Z
acta,decada_votada:sen:1740,AUX.TRAMITE,AUX,1,0.95,agente:texto,2026-09-06T14:02:48Z
acta,decada_votada:sen:1741,AUX.TRAMITE,AUX,0,0.95,agente:texto,2026-09-06T14:03:01Z
acta,decada_votada:sen:1741,JUST.JUDIC,JUST,1,0.95,agente:texto,2026-09-06T14:03:01Z
acta,decada_votada:sen:1742,AUX.TRAMITE,AUX,1,0.95,agente:texto,2026-09-06T13:58:02Z
acta,decada_votada:sen:1743,TRAB.ART,TRAB,1,0.95,agente:texto,2026-09-06T13:54:28Z
acta,decada_votada:sen:1744,DERSOC.DDHH,DERSOC,0,0.95,agente:texto,2026-09-06T13:35:29Z
acta,decada_votada:sen:1744,DERSOC.GENERO,DERSOC,0,0.95,agente:texto,2026-09-06T13:35:29Z
acta,decada_votada:sen:1744,JUST.PENAL,JUST,1,0.95,agente:texto,2026-09-06T13:35:29Z
acta,decada_votada:sen:1745,POLINST.ELECT,POLINST,1,0.95,agente:texto,2026-09-06T13:38:42Z
acta,decada_votada:sen:1746,AUX.TRAMITE,AUX,1,0.95,agente:texto,2026-09-06T13:46:13Z
acta,decada_votada:sen:1747,DERSOC.DDHH,DERSOC,0,0.95,agente:texto,2026-09-06T14:43:18Z
acta,decada_votada:sen:1747,SALUD.DISCAP,SALUD,1,0.95,agente:texto,2026-09-06T14:43:18Z
acta,decada_votada:sen:1747,TRAB.EMPLEOPUB,TRAB,0,0.95,agente:texto,2026-09-06T14:43:18Z
acta,decada_votada:sen:1749,AMB.BOSQUE,AMB,0,0.95,agente:texto,2026-09-06T13:34:04Z
acta,decada_votada:sen:1749,DEF.TRATADO,DEF,1,0.95,agente:texto,2026-09-06T13:34:04Z
acta,decada_votada:sen:1750,AUX.TRAMITE,AUX,0,0.95,agente:texto,2026-09-06T14:50:16Z
acta,decada_votada:sen:1750,ECON.PRESU,ECON,1,0.95,agente:texto,2026-09-06T14:50:16Z
acta,decada_votada:sen:1751,AUX.TRAMITE,AUX,1,0.95,agente:texto,2026-09-06T13:50:06Z
acta,decada_votada:sen:1752,JUST.PENAL,JUST,1,0.95,agente:texto,2026-09-06T13:48:11Z
acta,decada_votada:sen:1753,JUST.JUDIC,JUST,1,0.95,agente:texto,2026-09-06T13:38:58Z
acta,decada_votada:sen:1754,DERSOC.DDHH,DERSOC,0,0.95,agente:texto,2026-09-06T14:28:47Z
acta,decada_votada:sen:1754,JUST.JUDIC,JUST,0,0.95,agente:texto,2026-09-06T14:28:47Z
acta,decada_votada:sen:1754,JUST.PENAL,JUST,1,0.95,agente:texto,2026-09-06T14:28:47Z
acta,decada_votada:sen:1755,DERSOC.DDHH,DERSOC,1,0.95,agente:texto,2026-09-06T14:02:35Z
acta,decada_votada:sen:1755,JUST.JUDIC,JUST,0,0.95,agente:texto,2026-09-06T14:02:35Z
acta,decada_votada:sen:1755,JUST.SEGINT,JUST,0,0.95,agente:texto,2026-09-06T14:02:35Z
acta,decada_votada:sen:1756,DERSOC.DDHH,DERSOC,1,0.95,agente:texto,2026-09-06T13:35:13Z
acta,decada_votada:sen:1756,JUST.JUDIC,JUST,0,0.95,agente:texto,2026-09-06T13:35:13Z
acta,decada_votada:sen:1756,JUST.PENAL,JUST,0,0.95,agente:texto,2026-09-06T13:35:13Z
acta,decada_votada:sen:1757,AUX.HOMENAJE,AUX,1,0.95,agente:texto,2026-09-06T14:09:52Z
acta,decada_votada:sen:1758,AUX.HOMENAJE,AUX,1,0.95,agente:texto,2026-09-06T13:56:59Z
acta,decada_votada:sen:1759,DESREG.EMPUB,DESREG,0,0.7,agente:texto,2026-09-06T13:49:02Z
acta,decada_votada:sen:1759,ECON.COPART,ECON,0,0.7,agente:texto,2026-09-06T13:49:02Z
acta,decada_votada:sen:1759,INFRA.OBRA,INFRA,1,0.7,agente:texto,2026-09-06T13:49:02Z
acta,decada_votada:sen:1760,CULT.CULTURA,CULT,1,0.95,agente:texto,2026-09-06T14:25:46Z
acta,decada_votada:sen:1760,POLINST.ORGEST,POLINST,0,0.95,agente:texto,2026-09-06T14:25:46Z
acta,decada_votada:sen:1761,AUX.HOMENAJE,AUX,1,0.95,agente:texto,2026-09-06T13:53:14Z
acta,decada_votada:sen:1764,DEF.TRATADO,DEF,1,0.95,agente:texto,2026-09-06T13:33:40Z
acta,decada_votada:sen:1764,ECON.TRIB,ECON,0,0.95,agente:texto,2026-09-06T13:33:40Z
acta,decada_votada:sen:1764,EDU.SUPERIOR,EDU,0,0.95,agente:texto,2026-09-06T13:33:40Z
acta,decada_votada:sen:1765,AUX.TRAMITE,AUX,1,0.95,agente:texto,2026-09-06T13:47:32Z
acta,decada_votada:sen:1766,AUX.TRAMITE,AUX,1,0.95,agente:texto,2026-09-06T13:34:09Z
acta,decada_votada:sen:1767,AUX.TRAMITE,AUX,1,0.95,agente:texto,2026-09-06T13:33:27Z
acta,decada_votada:sen:177,JUST.CIVCOM,JUST,1,0.95,agente:texto,2026-09-06T14:38:29Z
acta,decada_votada:sen:1772,POLINST.ORGEST,POLINST,1,0.5,manual,2026-09-07T19:08:32Z
acta,decada_votada:sen:1775,AUX.HOMENAJE,AUX,1,0.95,agente:texto,2026-09-06T13:49:40Z
acta,decada_votada:sen:1776,TRAB.LABOR,TRAB,1,0.95,agente:texto,2026-09-06T14:10:57Z
acta,decada_votada:sen:1777,TRAB.EMPLEOPUB,TRAB,0,0.95,agente:texto,2026-09-06T13:52:23Z
acta,decada_votada:sen:1777,TRAB.LABOR,TRAB,1,0.95,agente:texto,2026-09-06T13:52:23Z
acta,decada_votada:sen:1778,TRAB.EMPLEOPUB,TRAB,0,0.95,agente:texto,2026-09-06T13:52:40Z
acta,decada_votada:sen:1778,TRAB.LABOR,TRAB,1,0.95,agente:texto,2026-09-06T13:52:40Z
acta,decada_votada:sen:1779,TRAB.EMPLEOPUB,TRAB,0,0.95,agente:texto,2026-09-06T13:55:25Z
acta,decada_votada:sen:1779,TRAB.LABOR,TRAB,1,0.95,agente:texto,2026-09-06T13:55:25Z
acta,decada_votada:sen:1780,TRAB.EMPLEOPUB,TRAB,0,0.95,agente:texto,2026-09-06T13:55:16Z
acta,decada_votada:sen:1780,TRAB.LABOR,TRAB,1,0.95,agente:texto,2026-09-06T13:55:16Z
acta,decada_votada:sen:1781,TRAB.EMPLEOPUB,TRAB,0,0.95,agente:texto,2026-09-06T13:55:34Z
acta,decada_votada:sen:1781,TRAB.LABOR,TRAB,1,0.95,agente:texto,2026-09-06T13:55:34Z
acta,decada_votada:sen:1783,DEF.TRATADO,DEF,1,0.95,agente:texto,2026-09-06T13:33:08Z
acta,decada_votada:sen:1784,AUX.HOMENAJE,AUX,1,0.95,agente:texto,2026-09-06T14:04:19Z
acta,decada_votada:sen:1785,AUX.HOMENAJE,AUX,1,0.95,agente:texto,2026-09-06T13:55:22Z
acta,decada_votada:sen:1787,DESREG.DESECO,DESREG,0,0.95,agente:texto,2026-09-06T14:51:04Z
acta,decada_votada:sen:1787,ENER.HIDRO,ENER,1,0.95,agente:texto,2026-09-06T14:51:04Z
acta,decada_votada:sen:1787,JUST.CIVCOM,JUST,0,0.95,agente:texto,2026-09-06T14:51:04Z
acta,decada_votada:sen:1788,DERSOC.GENERO,DERSOC,0,0.95,agente:texto,2026-09-06T14:27:36Z
acta,decada_votada:sen:1788,SALUD.SISTEMA,SALUD,1,0.95,agente:texto,2026-09-06T14:27:36Z
acta,decada_votada:sen:179,DEF.TRATADO,DEF,1,0.95,agente:texto,2026-09-06T14:25:04Z
acta,decada_votada:sen:179,JUST.PENAL,JUST,0,0.95,agente:texto,2026-09-06T14:25:04Z
acta,decada_votada:sen:1790,DESREG.DESECO,DESREG,0,0.95,agente:texto,2026-09-06T14:22:35Z
acta,decada_votada:sen:1790,INFRA.TELECOM,INFRA,1,0.95,agente:texto,2026-09-06T14:22:35Z
acta,decada_votada:sen:1790,SALUD.DISCAP,SALUD,0,0.95,agente:texto,2026-09-06T14:22:35Z
acta,decada_votada:sen:1791,JUST.CIVCOM,JUST,1,0.95,agente:texto,2026-09-06T14:39:34Z
acta,decada_votada:sen:1794,DESREG.DESECO,DESREG,0,0.9,agente:texto,2026-09-06T14:03:35Z
acta,decada_votada:sen:1794,PROD.AGRO,PROD,1,0.9,agente:texto,2026-09-06T14:03:35Z
acta,decada_votada:sen:1794,PROD.COMEX,PROD,0,0.9,agente:texto,2026-09-06T14:03:35Z
acta,decada_votada:sen:1797,ECON.COPART,ECON,0,0.95,agente:texto,2026-09-06T13:44:41Z
acta,decada_votada:sen:1797,INFRA.OBRA,INFRA,1,0.95,agente:texto,2026-09-06T13:44:41Z
acta,decada_votada:sen:1797,INFRA.TRANSP,INFRA,0,0.95,agente:texto,2026-09-06T13:44:41Z
acta,decada_votada:sen:1798,AUX.HOMENAJE,AUX,0,0.75,agente:texto,2026-09-06T14:33:40Z
acta,decada_votada:sen:1798,PROD.AGRO,PROD,0,0.75,agente:texto,2026-09-06T14:33:40Z
acta,decada_votada:sen:1798,PROD.INDPYME,PROD,1,0.75,agente:texto,2026-09-06T14:33:40Z
acta,decada_votada:sen:1799,AUX.HOMENAJE,AUX,1,0.95,agente:texto,2026-09-06T14:39:23Z
acta,decada_votada:sen:1801,DERSOC.GENERO,DERSOC,0,0.95,agente:texto,2026-09-06T13:55:51Z
acta,decada_votada:sen:1801,ECON.TRIB,ECON,1,0.95,agente:texto,2026-09-06T13:55:51Z
acta,decada_votada:sen:1801,JUST.CIVCOM,JUST,0,0.95,agente:texto,2026-09-06T13:55:51Z
acta,decada_votada:sen:1804,DESREG.DESECO,DESREG,0,0.85,agente:texto,2026-09-06T13:52:57Z
acta,decada_votada:sen:1804,DESREG.SOCIED,DESREG,1,0.85,agente:texto,2026-09-06T13:52:57Z
acta,decada_votada:sen:1804,ECON.TRIB,ECON,0,0.85,agente:texto,2026-09-06T13:52:57Z
acta,decada_votada:sen:1805,DESREG.SOCIED,DESREG,1,0.85,agente:texto,2026-09-06T14:01:14Z
acta,decada_votada:sen:1805,ECON.TRIB,ECON,0,0.85,agente:texto,2026-09-06T14:01:14Z
acta,decada_votada:sen:1805,JUST.CIVCOM,JUST,0,0.85,agente:texto,2026-09-06T14:01:14Z
acta,decada_votada:sen:1806,AUX.HOMENAJE,AUX,1,0.99,agente:texto,2026-09-06T14:18:11Z
acta,decada_votada:sen:1807,ECON.EMERG,ECON,0,0.95,agente:texto,2026-09-06T13:56:32Z
acta,decada_votada:sen:1807,ECON.TRIB,ECON,1,0.95,agente:texto,2026-09-06T13:56:32Z
acta,decada_votada:sen:1808,ECON.EMERG,ECON,0,0.95,agente:texto,2026-09-06T14:08:57Z
acta,decada_votada:sen:1808,ECON.TRIB,ECON,1,0.95,agente:texto,2026-09-06T14:08:57Z
acta,decada_votada:sen:1808,SALUD.ADICC,SALUD,0,0.95,agente:texto,2026-09-06T14:08:57Z
acta,decada_votada:sen:181,AUX.HOMENAJE,AUX,1,0.95,agente:texto,2026-09-06T14:41:22Z
acta,decada_votada:sen:1811,AUX.HOMENAJE,AUX,1,0.95,agente:texto,2026-09-06T14:42:57Z
acta,decada_votada:sen:1821,DERSOC.DDHH,DERSOC,0,0.9,agente:texto,2026-09-06T13:44:14Z
acta,decada_votada:sen:1821,DERSOC.GENERO,DERSOC,0,0.9,agente:texto,2026-09-06T13:44:14Z
acta,decada_votada:sen:1821,SALUD.SISTEMA,SALUD,1,0.9,agente:texto,2026-09-06T13:44:14Z
acta,decada_votada:sen:1822,DERSOC.DDHH,DERSOC,0,0.95,agente:texto,2026-09-06T13:44:30Z
acta,decada_votada:sen:1822,DERSOC.GENERO,DERSOC,0,0.95,agente:texto,2026-09-06T13:44:30Z
acta,decada_votada:sen:1822,SALUD.SISTEMA,SALUD,1,0.95,agente:texto,2026-09-06T13:44:30Z
acta,decada_votada:sen:1823,DERSOC.DDHH,DERSOC,0,0.9,agente:texto,2026-09-06T13:44:24Z
acta,decada_votada:sen:1823,DERSOC.GENERO,DERSOC,0,0.9,agente:texto,2026-09-06T13:44:24Z
acta,decada_votada:sen:1823,SALUD.SISTEMA,SALUD,1,0.9,agente:texto,2026-09-06T13:44:24Z
acta,decada_votada:sen:1824,DERSOC.DDHH,DERSOC,0,0.9,agente:texto,2026-09-06T13:44:44Z
acta,decada_votada:sen:1824,DERSOC.GENERO,DERSOC,0,0.9,agente:texto,2026-09-06T13:44:44Z
acta,decada_votada:sen:1824,SALUD.SISTEMA,SALUD,1,0.9,agente:texto,2026-09-06T13:44:44Z
acta,decada_votada:sen:1825,DERSOC.DDHH,DERSOC,0,0.95,agente:texto,2026-09-06T13:44:21Z
acta,decada_votada:sen:1825,DERSOC.GENERO,DERSOC,0,0.95,agente:texto,2026-09-06T13:44:21Z
acta,decada_votada:sen:1825,SALUD.SISTEMA,SALUD,1,0.95,agente:texto,2026-09-06T13:44:21Z
acta,decada_votada:sen:1826,DERSOC.DDHH,DERSOC,0,0.95,agente:texto,2026-09-06T13:44:27Z
acta,decada_votada:sen:1826,DERSOC.GENERO,DERSOC,0,0.95,agente:texto,2026-09-06T13:44:27Z
acta,decada_votada:sen:1826,SALUD.SISTEMA,SALUD,1,0.95,agente:texto,2026-09-06T13:44:27Z
acta,decada_votada:sen:1827,DERSOC.DDHH,DERSOC,0,0.95,agente:texto,2026-09-06T13:44:17Z
acta,decada_votada:sen:1827,DERSOC.GENERO,DERSOC,0,0.95,agente:texto,2026-09-06T13:44:17Z
acta,decada_votada:sen:1827,SALUD.SISTEMA,SALUD,1,0.95,agente:texto,2026-09-06T13:44:17Z
acta,decada_votada:sen:1828,DESSOC.ASIST,DESSOC,0,0.85,agente:texto,2026-09-06T14:29:22Z
acta,decada_votada:sen:1828,SALUD.SISTEMA,SALUD,1,0.85,agente:texto,2026-09-06T14:29:22Z
acta,decada_votada:sen:1829,DESREG.EMPUB,DESREG,1,0.85,agente:texto,2026-09-06T14:14:40Z
acta,decada_votada:sen:1829,INFRA.OBRA,INFRA,0,0.85,agente:texto,2026-09-06T14:14:40Z
acta,decada_votada:sen:1829,SALUD.SISTEMA,SALUD,0,0.85,agente:texto,2026-09-06T14:14:40Z
acta,decada_votada:sen:1835,JUST.JUDIC,JUST,1,0.95,agente:texto,2026-09-06T14:09:49Z
acta,decada_votada:sen:1835,POLINST.ETICA,POLINST,0,0.95,agente:texto,2026-09-06T14:09:49Z
acta,decada_votada:sen:184,AUX.TRAMITE,AUX,1,0.95,agente:texto,2026-09-06T14:38:45Z
acta,decada_votada:sen:185,AUX.TRAMITE,AUX,1,0.95,agente:texto,2026-09-06T14:51:22Z
acta,decada_votada:sen:1888,DEF.DEFENSA,DEF,1,0.99,manual,2026-09-07T19:08:32Z
acta,decada_votada:sen:189,AUX.TRAMITE,AUX,0,0.75,agente:texto,2026-09-06T13:48:58Z
acta,decada_votada:sen:189,JUST.JUDIC,JUST,1,0.75,agente:texto,2026-09-06T13:48:58Z
acta,decada_votada:sen:189,JUST.PENAL,JUST,0,0.75,agente:texto,2026-09-06T13:48:58Z
acta,decada_votada:sen:190,DEF.EXTERIOR,DEF,0,0.95,agente:texto,2026-09-06T13:43:13Z
acta,decada_votada:sen:190,DEF.TRATADO,DEF,1,0.95,agente:texto,2026-09-06T13:43:13Z
acta,decada_votada:sen:190,ECON.COPART,ECON,0,0.95,agente:texto,2026-09-06T13:43:13Z
acta,decada_votada:sen:1929,TRAB.LABOR,TRAB,1,0.99,manual,2026-09-07T19:08:32Z
acta,decada_votada:sen:194,DERSOC.DDHH,DERSOC,0,0.75,agente:texto,2026-09-06T14:29:36Z
acta,decada_votada:sen:194,JUST.JUDIC,JUST,1,0.75,agente:texto,2026-09-06T14:29:36Z
acta,decada_votada:sen:194,JUST.SEGINT,JUST,0,0.75,agente:texto,2026-09-06T14:29:36Z
acta,decada_votada:sen:194,POLINST.ORGEST,POLINST,0,0.75,agente:texto,2026-09-06T14:29:36Z
acta,decada_votada:sen:1956,SALUD.ADICC,SALUD,1,0.99,manual,2026-09-07T19:08:32Z
acta,decada_votada:sen:1961,DESREG.EMPUB,DESREG,0,0.85,agente:texto,2026-09-06T13:28:51Z
acta,decada_votada:sen:1961,ECON.COPART,ECON,1,0.85,agente:texto,2026-09-06T13:28:51Z
acta,decada_votada:sen:1961,INFRA.OBRA,INFRA,0,0.85,agente:texto,2026-09-06T13:28:51Z
acta,decada_votada:sen:1965,AUX.HOMENAJE,AUX,0,0.95,agente:texto,2026-09-06T14:08:37Z
acta,decada_votada:sen:1965,ECON.EMERG,ECON,0,0.95,agente:texto,2026-09-06T14:08:37Z
acta,decada_votada:sen:1965,PROD.AGRO,PROD,1,0.95,agente:texto,2026-09-06T14:08:37Z
acta,decada_votada:sen:1968,AUX.TRAMITE,AUX,0,0.95,agente:texto,2026-09-06T13:28:29Z
acta,decada_votada:sen:1968,JUST.JUDIC,JUST,1,0.95,agente:texto,2026-09-06T13:28:29Z
acta,decada_votada:sen:1973,AUX.TRAMITE,AUX,1,0.95,agente:texto,2026-09-06T14:41:30Z
acta,decada_votada:sen:1979,AUX.HOMENAJE,AUX,1,0.95,agente:texto,2026-09-06T13:42:56Z
acta,decada_votada:sen:199,DEF.DEFENSA,DEF,1,0.95,agente:texto,2026-09-06T14:10:11Z
acta,decada_votada:sen:199,DEF.TRATADO,DEF,0,0.95,agente:texto,2026-09-06T14:10:11Z
acta,decada_votada:sen:1999,AUX.HOMENAJE,AUX,0,0.75,agente:texto,2026-09-06T13:28:39Z
acta,decada_votada:sen:1999,CULT.CULTURA,CULT,0,0.75,agente:texto,2026-09-06T13:28:39Z
acta,decada_votada:sen:1999,CULT.DEPORTE,CULT,0,0.75,agente:texto,2026-09-06T13:28:39Z
acta,decada_votada:sen:1999,DEF.EXTERIOR,DEF,0,0.75,agente:texto,2026-09-06T13:28:39Z
acta,decada_votada:sen:1999,INFRA.OBRA,INFRA,1,0.75,agente:texto,2026-09-06T13:28:39Z
acta,decada_votada:sen:1999,INFRA.TELECOM,INFRA,0,0.75,agente:texto,2026-09-06T13:28:39Z
acta,decada_votada:sen:1999,SALUD.DISCAP,SALUD,0,0.75,agente:texto,2026-09-06T13:28:39Z
acta,decada_votada:sen:200,DESREG.DESECO,DESREG,0,0.95,agente:texto,2026-09-06T14:38:00Z
acta,decada_votada:sen:200,ENER.COMBUS,ENER,0,0.95,agente:texto,2026-09-06T14:38:00Z
acta,decada_votada:sen:200,ENER.HIDRO,ENER,1,0.95,agente:texto,2026-09-06T14:38:00Z
acta,decada_votada:sen:200,PROD.COMEX,PROD,0,0.95,agente:texto,2026-09-06T14:38:00Z
acta,decada_votada:sen:2006,AUX.TRAMITE,AUX,1,0.95,agente:texto,2026-09-06T14:26:38Z
acta,decada_votada:sen:203,DESREG.DESECO,DESREG,0,0.95,agente:texto,2026-09-06T14:29:32Z
acta,decada_votada:sen:203,ENER.COMBUS,ENER,0,0.95,agente:texto,2026-09-06T14:29:32Z
acta,decada_votada:sen:203,ENER.HIDRO,ENER,1,0.95,agente:texto,2026-09-06T14:29:32Z
acta,decada_votada:sen:203,PROD.COMEX,PROD,0,0.95,agente:texto,2026-09-06T14:29:32Z
acta,decada_votada:sen:204,DESREG.DESECO,DESREG,0,0.95,agente:texto,2026-09-06T14:29:28Z
acta,decada_votada:sen:204,ENER.COMBUS,ENER,0,0.95,agente:texto,2026-09-06T14:29:28Z
acta,decada_votada:sen:204,ENER.HIDRO,ENER,1,0.95,agente:texto,2026-09-06T14:29:28Z
acta,decada_votada:sen:204,PROD.COMEX,PROD,0,0.95,agente:texto,2026-09-06T14:29:28Z
acta,decada_votada:sen:205,DESREG.DESECO,DESREG,0,0.95,agente:texto,2026-09-06T14:29:39Z
acta,decada_votada:sen:205,ENER.COMBUS,ENER,0,0.95,agente:texto,2026-09-06T14:29:39Z
acta,decada_votada:sen:205,ENER.HIDRO,ENER,1,0.95,agente:texto,2026-09-06T14:29:39Z
acta,decada_votada:sen:205,PROD.COMEX,PROD,0,0.95,agente:texto,2026-09-06T14:29:39Z
acta,decada_votada:sen:206,DESREG.DESECO,DESREG,0,0.95,agente:texto,2026-09-06T14:29:25Z
acta,decada_votada:sen:206,ENER.COMBUS,ENER,0,0.95,agente:texto,2026-09-06T14:29:25Z
acta,decada_votada:sen:206,ENER.HIDRO,ENER,1,0.95,agente:texto,2026-09-06T14:29:25Z
acta,decada_votada:sen:206,PROD.COMEX,PROD,0,0.95,agente:texto,2026-09-06T14:29:25Z
acta,decada_votada:sen:207,DESREG.DESECO,DESREG,0,0.95,agente:texto,2026-09-06T14:29:43Z
acta,decada_votada:sen:207,ENER.COMBUS,ENER,0,0.95,agente:texto,2026-09-06T14:29:43Z
acta,decada_votada:sen:207,ENER.HIDRO,ENER,1,0.95,agente:texto,2026-09-06T14:29:43Z
acta,decada_votada:sen:207,PROD.COMEX,PROD,0,0.95,agente:texto,2026-09-06T14:29:43Z
acta,decada_votada:sen:208,DESREG.DESECO,DESREG,0,0.95,agente:texto,2026-09-06T14:29:50Z
acta,decada_votada:sen:208,ENER.COMBUS,ENER,0,0.95,agente:texto,2026-09-06T14:29:50Z
acta,decada_votada:sen:208,ENER.HIDRO,ENER,1,0.95,agente:texto,2026-09-06T14:29:50Z
acta,decada_votada:sen:209,DESREG.DESECO,DESREG,0,0.95,agente:texto,2026-09-06T14:29:19Z
acta,decada_votada:sen:209,ENER.COMBUS,ENER,0,0.95,agente:texto,2026-09-06T14:29:19Z
acta,decada_votada:sen:209,ENER.HIDRO,ENER,1,0.95,agente:texto,2026-09-06T14:29:19Z
acta,decada_votada:sen:209,PROD.COMEX,PROD,0,0.95,agente:texto,2026-09-06T14:29:19Z
acta,decada_votada:sen:210,DESREG.DESECO,DESREG,0,0.95,agente:texto,2026-09-06T14:29:54Z
acta,decada_votada:sen:210,ENER.COMBUS,ENER,0,0.95,agente:texto,2026-09-06T14:29:54Z
acta,decada_votada:sen:210,ENER.HIDRO,ENER,1,0.95,agente:texto,2026-09-06T14:29:54Z
acta,decada_votada:sen:210,PROD.COMEX,PROD,0,0.95,agente:texto,2026-09-06T14:29:54Z
acta,decada_votada:sen:211,DESREG.DESECO,DESREG,0,0.95,agente:texto,2026-09-06T14:24:53Z
acta,decada_votada:sen:211,ENER.COMBUS,ENER,0,0.95,agente:texto,2026-09-06T14:24:53Z
acta,decada_votada:sen:211,ENER.HIDRO,ENER,1,0.95,agente:texto,2026-09-06T14:24:53Z
acta,decada_votada:sen:211,PROD.COMEX,PROD,0,0.95,agente:texto,2026-09-06T14:24:53Z
acta,decada_votada:sen:212,DESREG.DESECO,DESREG,0,0.95,agente:texto,2026-09-06T14:24:13Z
acta,decada_votada:sen:212,ENER.COMBUS,ENER,0,0.95,agente:texto,2026-09-06T14:24:13Z
acta,decada_votada:sen:212,ENER.HIDRO,ENER,1,0.95,agente:texto,2026-09-06T14:24:13Z
acta,decada_votada:sen:212,PROD.COMEX,PROD,0,0.95,agente:texto,2026-09-06T14:24:13Z
acta,decada_votada:sen:213,DESREG.DESECO,DESREG,0,0.95,agente:texto,2026-09-06T14:21:33Z
acta,decada_votada:sen:213,ENER.COMBUS,ENER,0,0.95,agente:texto,2026-09-06T14:21:33Z
acta,decada_votada:sen:213,ENER.HIDRO,ENER,1,0.95,agente:texto,2026-09-06T14:21:33Z
acta,decada_votada:sen:213,PROD.COMEX,PROD,0,0.95,agente:texto,2026-09-06T14:21:33Z
acta,decada_votada:sen:214,DESREG.DESECO,DESREG,0,0.95,agente:texto,2026-09-06T14:27:07Z
acta,decada_votada:sen:214,ENER.COMBUS,ENER,0,0.95,agente:texto,2026-09-06T14:27:07Z
acta,decada_votada:sen:214,ENER.HIDRO,ENER,1,0.95,agente:texto,2026-09-06T14:27:07Z
acta,decada_votada:sen:214,PROD.COMEX,PROD,0,0.95,agente:texto,2026-09-06T14:27:07Z
acta,decada_votada:sen:216,JUST.NARCO,JUST,0,0.95,agente:texto,2026-09-06T14:51:48Z
acta,decada_votada:sen:216,JUST.PENAL,JUST,1,0.95,agente:texto,2026-09-06T14:51:48Z
acta,decada_votada:sen:217,JUST.NARCO,JUST,0,0.95,agente:texto,2026-09-06T14:39:21Z
acta,decada_votada:sen:217,JUST.PENAL,JUST,1,0.95,agente:texto,2026-09-06T14:39:21Z
acta,decada_votada:sen:218,JUST.NARCO,JUST,0,0.95,agente:texto,2026-09-06T14:43:06Z
acta,decada_votada:sen:218,JUST.PENAL,JUST,1,0.95,agente:texto,2026-09-06T14:43:06Z
acta,decada_votada:sen:219,JUST.NARCO,JUST,0,0.95,agente:texto,2026-09-06T14:51:29Z
acta,decada_votada:sen:219,JUST.PENAL,JUST,1,0.95,agente:texto,2026-09-06T14:51:29Z
acta,decada_votada:sen:220,JUST.NARCO,JUST,0,0.95,agente:texto,2026-09-06T14:51:35Z
acta,decada_votada:sen:220,JUST.PENAL,JUST,1,0.95,agente:texto,2026-09-06T14:51:35Z
acta,decada_votada:sen:221,JUST.NARCO,JUST,0,0.95,agente:texto,2026-09-06T14:51:51Z
acta,decada_votada:sen:221,JUST.PENAL,JUST,1,0.95,agente:texto,2026-09-06T14:51:51Z
acta,decada_votada:sen:222,JUST.NARCO,JUST,0,0.95,agente:texto,2026-09-06T14:51:32Z
acta,decada_votada:sen:222,JUST.PENAL,JUST,1,0.95,agente:texto,2026-09-06T14:51:32Z
acta,decada_votada:sen:223,JUST.NARCO,JUST,0,0.95,agente:texto,2026-09-06T14:51:43Z
acta,decada_votada:sen:223,JUST.PENAL,JUST,1,0.95,agente:texto,2026-09-06T14:51:43Z
acta,decada_votada:sen:228,CULT.CULTURA,CULT,0,0.95,agente:texto,2026-09-06T14:36:11Z
acta,decada_votada:sen:228,DEF.EXTERIOR,DEF,0,0.95,agente:texto,2026-09-06T14:36:11Z
acta,decada_votada:sen:228,DEF.TRATADO,DEF,1,0.95,agente:texto,2026-09-06T14:36:11Z
acta,decada_votada:sen:229,AUX.TRAMITE,AUX,1,0.95,agente:texto,2026-09-06T14:17:18Z
acta,decada_votada:sen:229,POLINST.ORGEST,POLINST,1,0.5,manual,2026-09-07T19:08:32Z
acta,decada_votada:sen:230,AUX.TRAMITE,AUX,0,0.95,agente:texto,2026-09-06T14:19:56Z
acta,decada_votada:sen:230,CULT.DEPORTE,CULT,1,0.95,agente:texto,2026-09-06T14:19:56Z
acta,decada_votada:sen:233,AUX.HOMENAJE,AUX,1,0.95,agente:texto,2026-09-06T14:52:39Z
acta,decada_votada:sen:236,DERSOC.DDHH,DERSOC,0,0.95,agente:texto,2026-09-06T14:24:47Z
acta,decada_votada:sen:236,DESREG.DESECO,DESREG,0,0.95,agente:texto,2026-09-06T14:24:47Z
acta,decada_votada:sen:236,JUST.CIVCOM,JUST,1,0.95,agente:texto,2026-09-06T14:24:47Z
acta,decada_votada:sen:237,AUX.TRAMITE,AUX,1,0.95,agente:texto,2026-09-06T14:16:43Z
acta,decada_votada:sen:244,AUX.HOMENAJE,AUX,1,0.98,agente:texto,2026-09-06T14:26:32Z
acta,decada_votada:sen:248,AUX.TRAMITE,AUX,1,0.95,agente:texto,2026-09-06T14:35:34Z
acta,decada_votada:sen:250,DEF.TRATADO,DEF,1,0.95,agente:texto,2026-09-06T14:01:39Z
acta,decada_votada:sen:250,TRAB.PREV,TRAB,0,0.95,agente:texto,2026-09-06T14:01:39Z
acta,decada_votada:sen:251,AMB.CLIMA,AMB,0,0.95,agente:texto,2026-09-06T14:25:13Z
acta,decada_votada:sen:251,AMB.RESID,AMB,0,0.99,manual,2026-09-07T19:08:32Z
acta,decada_votada:sen:251,DEF.TRATADO,DEF,1,0.99,manual,2026-09-07T19:08:32Z
acta,decada_votada:sen:252,DEF.TRATADO,DEF,1,0.95,agente:texto,2026-09-06T13:57:26Z
acta,decada_votada:sen:252,JUST.PENAL,JUST,0,0.95,agente:texto,2026-09-06T13:57:26Z
acta,decada_votada:sen:253,AMB.BOSQUE,AMB,1,0.85,agente:texto,2026-09-06T14:17:15Z
acta,decada_votada:sen:253,AUX.TRAMITE,AUX,0,0.85,agente:texto,2026-09-06T14:17:15Z
acta,decada_votada:sen:253,DEF.TRATADO,DEF,0,0.85,agente:texto,2026-09-06T14:17:15Z
acta,decada_votada:sen:260,ECON.TRIB,ECON,1,0.95,agente:texto,2026-09-06T13:51:16Z
acta,decada_votada:sen:260,INFRA.OBRA,INFRA,0,0.95,agente:texto,2026-09-06T13:51:16Z
acta,decada_votada:sen:260,INFRA.VIVIENDA,INFRA,0,0.95,agente:texto,2026-09-06T13:51:16Z
acta,decada_votada:sen:262,AUX.TRAMITE,AUX,1,0.95,agente:texto,2026-09-06T14:32:19Z
acta,decada_votada:sen:263,DESREG.EMPUB,DESREG,0,0.95,agente:texto,2026-09-06T13:52:53Z
acta,decada_votada:sen:263,ECON.COPART,ECON,0,0.95,agente:texto,2026-09-06T13:52:53Z
acta,decada_votada:sen:263,ECON.TRIB,ECON,1,0.95,agente:texto,2026-09-06T13:52:53Z
acta,decada_votada:sen:269,JUST.CIVCOM,JUST,0,0.95,agente:texto,2026-09-06T14:33:17Z
acta,decada_votada:sen:269,POLINST.ELECT,POLINST,1,0.95,agente:texto,2026-09-06T14:33:17Z
acta,decada_votada:sen:270,POLINST.ELECT,POLINST,1,0.95,agente:texto,2026-09-06T13:55:45Z
acta,decada_votada:sen:271,POLINST.ELECT,POLINST,1,0.95,agente:texto,2026-09-06T13:55:27Z
acta,decada_votada:sen:277,ECON.COPART,ECON,0,0.75,agente:texto,2026-09-06T14:38:26Z
acta,decada_votada:sen:277,POLINST.ORGEST,POLINST,1,0.75,agente:texto,2026-09-06T14:38:26Z
acta,decada_votada:sen:278,AUX.TRAMITE,AUX,1,0.95,agente:texto,2026-09-06T14:29:56Z
acta,decada_votada:sen:279,ECON.PRESU,ECON,0,0.95,agente:texto,2026-09-06T14:28:22Z
acta,decada_votada:sen:279,ENER.ELEC,ENER,1,0.95,agente:texto,2026-09-06T14:28:22Z
acta,decada_votada:sen:279,ENER.TARIFA,ENER,0,0.95,agente:texto,2026-09-06T14:28:22Z
acta,decada_votada:sen:282,AUX.HOMENAJE,AUX,1,0.95,agente:texto,2026-09-06T14:43:32Z
acta,decada_votada:sen:284,AUX.TRAMITE,AUX,1,0.95,agente:texto,2026-09-06T14:24:08Z
acta,decada_votada:sen:285,ECON.TRIB,ECON,0,0.85,agente:texto,2026-09-06T14:22:32Z
acta,decada_votada:sen:285,JUST.PENAL,JUST,1,0.85,agente:texto,2026-09-06T14:22:32Z
acta,decada_votada:sen:285,POLINST.ETICA,POLINST,0,0.85,agente:texto,2026-09-06T14:22:32Z
acta,decada_votada:sen:286,DESREG.EMPUB,DESREG,0,0.85,agente:texto,2026-09-06T14:47:30Z
acta,decada_votada:sen:286,INFRA.OBRA,INFRA,1,0.85,agente:texto,2026-09-06T14:47:30Z
acta,decada_votada:sen:289,AUX.TRAMITE,AUX,0,0.7,agente:texto,2026-09-06T14:28:28Z
acta,decada_votada:sen:289,DESSOC.ASIST,DESSOC,1,0.7,agente:texto,2026-09-06T14:28:28Z
acta,decada_votada:sen:291,POLINST.ORGEST,POLINST,1,0.5,manual,2026-09-07T19:08:32Z
acta,decada_votada:sen:293,DEF.DEFENSA,DEF,0,0.99,manual,2026-09-07T19:08:32Z
acta,decada_votada:sen:293,DEF.TRATADO,DEF,1,0.99,manual,2026-09-07T19:08:32Z
acta,decada_votada:sen:293,DERSOC.DDHH,DERSOC,0,0.95,agente:texto,2026-09-06T14:27:42Z
acta,decada_votada:sen:303,AUX.TRAMITE,AUX,0,0.95,agente:texto,2026-09-06T14:51:13Z
acta,decada_votada:sen:303,ECON.PRESU,ECON,1,0.95,agente:texto,2026-09-06T14:51:13Z
acta,decada_votada:sen:304,ECON.PRESU,ECON,1,0.95,agente:texto,2026-09-06T14:48:44Z
acta,decada_votada:sen:305,ECON.PRESU,ECON,1,0.95,agente:texto,2026-09-06T14:47:11Z
acta,decada_votada:sen:306,ECON.PRESU,ECON,1,0.95,agente:texto,2026-09-06T14:48:03Z
acta,decada_votada:sen:307,AUX.TRAMITE,AUX,0,0.95,agente:texto,2026-09-06T14:50:33Z
acta,decada_votada:sen:307,ECON.PRESU,ECON,1,0.95,agente:texto,2026-09-06T14:50:33Z
acta,decada_votada:sen:308,ECON.PRESU,ECON,1,0.95,agente:texto,2026-09-06T14:47:56Z
acta,decada_votada:sen:309,AUX.TRAMITE,AUX,0,0.95,agente:texto,2026-09-06T14:46:45Z
acta,decada_votada:sen:309,ECON.PRESU,ECON,1,0.95,agente:texto,2026-09-06T14:46:45Z
acta,decada_votada:sen:310,AUX.TRAMITE,AUX,0,0.95,agente:texto,2026-09-06T14:47:27Z
acta,decada_votada:sen:310,ECON.PRESU,ECON,1,0.95,agente:texto,2026-09-06T14:47:27Z
acta,decada_votada:sen:311,ECON.PRESU,ECON,1,0.95,agente:texto,2026-09-06T14:49:10Z
acta,decada_votada:sen:316,AUX.TRAMITE,AUX,1,0.95,agente:texto,2026-09-06T14:51:07Z
acta,decada_votada:sen:317,AUX.TRAMITE,AUX,1,0.95,agente:texto,2026-09-06T14:51:10Z
acta,decada_votada:sen:327,AMB.CLIMA,AMB,0,0.85,agente:texto,2026-09-06T14:40:46Z
acta,decada_votada:sen:327,CYT.INNOV,CYT,0,0.85,agente:texto,2026-09-06T14:40:46Z
acta,decada_votada:sen:327,ENER.COMBUS,ENER,1,0.85,agente:texto,2026-09-06T14:40:46Z
acta,decada_votada:sen:327,PROD.AGRO,PROD,0,0.85,agente:texto,2026-09-06T14:40:46Z
acta,decada_votada:sen:327,PROD.INVER,PROD,0,0.85,agente:texto,2026-09-06T14:40:46Z
acta,decada_votada:sen:328,ECON.COPART,ECON,0,0.85,agente:texto,2026-09-06T14:09:37Z
acta,decada_votada:sen:328,JUST.CIVCOM,JUST,1,0.85,agente:texto,2026-09-06T14:09:37Z
acta,decada_votada:sen:328,POLINST.ORGEST,POLINST,0,0.85,agente:texto,2026-09-06T14:09:37Z
acta,decada_votada:sen:330,DERSOC.DDHH,DERSOC,1,0.95,agente:texto,2026-09-06T14:31:18Z
acta,decada_votada:sen:330,DERSOC.NINEZ,DERSOC,0,0.95,agente:texto,2026-09-06T14:31:18Z
acta,decada_votada:sen:330,ECON.PRESU,ECON,0,0.95,agente:texto,2026-09-06T14:31:18Z
acta,decada_votada:sen:333,CYT.PI,CYT,1,0.95,agente:texto,2026-09-06T14:44:51Z
acta,decada_votada:sen:333,JUST.CIVCOM,JUST,0,0.95,agente:texto,2026-09-06T14:44:51Z
acta,decada_votada:sen:335,AMB.AGUA,AMB,1,0.9,agente:texto,2026-09-06T14:30:39Z
acta,decada_votada:sen:335,AMB.BOSQUE,AMB,0,0.9,agente:texto,2026-09-06T14:30:39Z
acta,decada_votada:sen:335,ENER.HIDRO,ENER,0,0.9,agente:texto,2026-09-06T14:30:39Z
acta,decada_votada:sen:335,INFRA.OBRA,INFRA,0,0.9,agente:texto,2026-09-06T14:30:39Z
acta,decada_votada:sen:336,AUX.HOMENAJE,AUX,1,0.95,agente:texto,2026-09-06T14:35:15Z
acta,decada_votada:sen:338,AUX.TRAMITE,AUX,1,0.95,agente:texto,2026-09-06T14:08:51Z
acta,decada_votada:sen:347,AUX.TRAMITE,AUX,0,0.95,agente:texto,2026-09-06T13:52:09Z
acta,decada_votada:sen:347,DERSOC.DDHH,DERSOC,1,0.95,agente:texto,2026-09-06T13:52:09Z
acta,decada_votada:sen:347,JUST.JUDIC,JUST,0,0.95,agente:texto,2026-09-06T13:52:09Z
acta,decada_votada:sen:348,ECON.TRIB,ECON,0,0.85,agente:texto,2026-09-06T14:43:10Z
acta,decada_votada:sen:348,JUST.CIVCOM,JUST,0,0.85,agente:texto,2026-09-06T14:43:10Z
acta,decada_votada:sen:348,SALUD.DISCAP,SALUD,1,0.85,agente:texto,2026-09-06T14:43:10Z
acta,decada_votada:sen:350,AUX.TRAMITE,AUX,1,0.95,agente:texto,2026-09-06T14:52:36Z
acta,decada_votada:sen:351,ECON.TRIB,ECON,1,0.95,agente:texto,2026-09-06T14:10:54Z
acta,decada_votada:sen:351,TRAB.PREV,TRAB,0,0.95,agente:texto,2026-09-06T14:10:54Z
acta,decada_votada:sen:356,ECON.PRESU,ECON,0,0.95,agente:texto,2026-09-06T14:40:17Z
acta,decada_votada:sen:356,ECON.TRIB,ECON,1,0.95,agente:texto,2026-09-06T14:40:17Z
acta,decada_votada:sen:358,POLINST.ORGEST,POLINST,1,0.5,manual,2026-09-07T19:08:32Z
acta,decada_votada:sen:363,JUST.JUDIC,JUST,1,0.95,agente:texto,2026-09-06T14:36:33Z
acta,decada_votada:sen:364,JUST.JUDIC,JUST,1,0.95,agente:texto,2026-09-06T14:25:53Z
acta,decada_votada:sen:365,JUST.JUDIC,JUST,1,0.95,agente:texto,2026-09-06T14:24:05Z
acta,decada_votada:sen:370,DESSOC.ASIST,DESSOC,0,0.95,agente:texto,2026-09-06T14:50:09Z
acta,decada_votada:sen:370,ECON.EMERG,ECON,1,0.95,agente:texto,2026-09-06T14:50:09Z
acta,decada_votada:sen:370,POLINST.ORGEST,POLINST,0,0.95,agente:texto,2026-09-06T14:50:09Z
acta,decada_votada:sen:371,DESSOC.ASIST,DESSOC,0,0.95,agente:texto,2026-09-06T14:50:05Z
acta,decada_votada:sen:371,ECON.EMERG,ECON,1,0.95,agente:texto,2026-09-06T14:50:05Z
acta,decada_votada:sen:371,POLINST.ORGEST,POLINST,0,0.95,agente:texto,2026-09-06T14:50:05Z
acta,decada_votada:sen:372,DESSOC.ASIST,DESSOC,0,0.95,agente:texto,2026-09-06T14:50:12Z
acta,decada_votada:sen:372,ECON.EMERG,ECON,1,0.95,agente:texto,2026-09-06T14:50:12Z
acta,decada_votada:sen:372,POLINST.ORGEST,POLINST,0,0.95,agente:texto,2026-09-06T14:50:12Z
acta,decada_votada:sen:373,DESSOC.ASIST,DESSOC,0,0.95,agente:texto,2026-09-06T14:50:02Z
acta,decada_votada:sen:373,ECON.EMERG,ECON,1,0.95,agente:texto,2026-09-06T14:50:02Z
acta,decada_votada:sen:373,POLINST.ORGEST,POLINST,0,0.95,agente:texto,2026-09-06T14:50:02Z
acta,decada_votada:sen:374,DESSOC.ASIST,DESSOC,0,0.95,agente:texto,2026-09-06T14:49:58Z
acta,decada_votada:sen:374,ECON.EMERG,ECON,1,0.95,agente:texto,2026-09-06T14:49:58Z
acta,decada_votada:sen:374,POLINST.ORGEST,POLINST,0,0.95,agente:texto,2026-09-06T14:49:58Z
acta,decada_votada:sen:375,DESSOC.ASIST,DESSOC,0,0.95,agente:texto,2026-09-06T14:50:22Z
acta,decada_votada:sen:375,ECON.EMERG,ECON,1,0.95,agente:texto,2026-09-06T14:50:22Z
acta,decada_votada:sen:375,POLINST.ORGEST,POLINST,0,0.95,agente:texto,2026-09-06T14:50:22Z
acta,decada_votada:sen:376,AUX.TRAMITE,AUX,0,0.95,agente:texto,2026-09-06T14:08:09Z
acta,decada_votada:sen:376,DEF.DEFENSA,DEF,1,0.95,agente:texto,2026-09-06T14:08:09Z
acta,decada_votada:sen:376,TRAB.EMPLEOPUB,TRAB,0,0.95,agente:texto,2026-09-06T14:08:09Z
acta,decada_votada:sen:377,AUX.TRAMITE,AUX,1,0.95,agente:texto,2026-09-06T13:32:08Z
acta,decada_votada:sen:379,AUX.TRAMITE,AUX,0,0.95,agente:texto,2026-09-06T14:28:53Z
acta,decada_votada:sen:379,TRAB.PREV,TRAB,1,0.95,agente:texto,2026-09-06T14:28:53Z
acta,decada_votada:sen:38,DEF.DEFENSA,DEF,1,0.95,agente:texto,2026-09-06T13:52:14Z
acta,decada_votada:sen:38,DEF.TRATADO,DEF,0,0.95,agente:texto,2026-09-06T13:52:14Z
acta,decada_votada:sen:38,POLINST.CONST,POLINST,0,0.95,agente:texto,2026-09-06T13:52:14Z
acta,decada_votada:sen:39,DEF.DEFENSA,DEF,1,0.95,agente:texto,2026-09-06T14:07:26Z
acta,decada_votada:sen:39,DEF.TRATADO,DEF,0,0.95,agente:texto,2026-09-06T14:07:26Z
acta,decada_votada:sen:39,POLINST.ORGEST,POLINST,0,0.95,agente:texto,2026-09-06T14:07:26Z
acta,decada_votada:sen:399,ECON.DEUDA,ECON,1,0.95,agente:texto,2026-09-06T14:51:57Z
acta,decada_votada:sen:399,ECON.PRESU,ECON,0,0.95,agente:texto,2026-09-06T14:51:57Z
acta,decada_votada:sen:40,DEF.EXTERIOR,DEF,0,0.95,agente:texto,2026-09-06T13:45:41Z
acta,decada_votada:sen:40,DEF.TRATADO,DEF,1,0.95,agente:texto,2026-09-06T13:45:41Z
acta,decada_votada:sen:403,DESREG.MODEST,DESREG,0,0.95,agente:texto,2026-09-06T14:19:27Z
acta,decada_votada:sen:403,DESREG.SOCIED,DESREG,1,0.99,manual,2026-09-07T19:08:32Z
acta,decada_votada:sen:403,JUST.CIVCOM,JUST,0,0.95,agente:texto,2026-09-06T14:19:27Z
acta,decada_votada:sen:404,AUX.TRAMITE,AUX,0,0.95,agente:texto,2026-09-06T14:06:46Z
acta,decada_votada:sen:404,DESREG.SOCIED,DESREG,1,0.99,manual,2026-09-07T19:08:32Z
acta,decada_votada:sen:404,JUST.CIVCOM,JUST,1,0.95,agente:texto,2026-09-06T14:06:46Z
acta,decada_votada:sen:405,DESREG.SOCIED,DESREG,1,0.95,agente:texto,2026-09-06T14:10:08Z
acta,decada_votada:sen:405,JUST.CIVCOM,JUST,0,0.95,agente:texto,2026-09-06T14:10:08Z
acta,decada_votada:sen:406,AUX.TRAMITE,AUX,0,0.95,agente:texto,2026-09-06T14:06:24Z
acta,decada_votada:sen:406,DESREG.SOCIED,DESREG,0,0.95,agente:texto,2026-09-06T14:06:24Z
acta,decada_votada:sen:406,JUST.CIVCOM,JUST,1,0.95,agente:texto,2026-09-06T14:06:24Z
acta,decada_votada:sen:407,DESREG.SOCIED,DESREG,0,0.95,agente:texto,2026-09-06T14:08:46Z
acta,decada_votada:sen:407,JUST.CIVCOM,JUST,1,0.95,agente:texto,2026-09-06T14:08:46Z
acta,decada_votada:sen:408,DESREG.MODEST,DESREG,0,0.95,agente:texto,2026-09-06T14:09:11Z
acta,decada_votada:sen:408,DESREG.SOCIED,DESREG,0,0.95,agente:texto,2026-09-06T14:09:11Z
acta,decada_votada:sen:408,JUST.CIVCOM,JUST,1,0.95,agente:texto,2026-09-06T14:09:11Z
acta,decada_votada:sen:409,DESREG.MODEST,DESREG,0,0.95,agente:texto,2026-09-06T14:09:34Z
acta,decada_votada:sen:409,DESREG.SOCIED,DESREG,1,0.95,agente:texto,2026-09-06T14:09:34Z
acta,decada_votada:sen:409,JUST.CIVCOM,JUST,0,0.95,agente:texto,2026-09-06T14:09:34Z
acta,decada_votada:sen:410,DESREG.SOCIED,DESREG,1,0.95,agente:texto,2026-09-06T14:09:41Z
acta,decada_votada:sen:410,JUST.CIVCOM,JUST,0,0.95,agente:texto,2026-09-06T14:09:41Z
acta,decada_votada:sen:411,DESREG.DESECO,DESREG,0,0.85,agente:texto,2026-09-06T14:10:51Z
acta,decada_votada:sen:411,ENER.COMBUS,ENER,1,0.85,agente:texto,2026-09-06T14:10:51Z
acta,decada_votada:sen:411,PROD.COMEX,PROD,0,0.85,agente:texto,2026-09-06T14:10:51Z
acta,decada_votada:sen:412,DESREG.DESECO,DESREG,0,0.9,agente:texto,2026-09-06T14:03:08Z
acta,decada_votada:sen:412,ENER.COMBUS,ENER,1,0.9,agente:texto,2026-09-06T14:03:08Z
acta,decada_votada:sen:413,DESREG.DESECO,DESREG,0,0.85,agente:texto,2026-09-06T14:03:11Z
acta,decada_votada:sen:413,ENER.COMBUS,ENER,1,0.85,agente:texto,2026-09-06T14:03:11Z
acta,decada_votada:sen:415,DESREG.DESECO,DESREG,0,0.95,agente:texto,2026-09-06T14:39:26Z
acta,decada_votada:sen:415,ENER.HIDRO,ENER,1,0.95,agente:texto,2026-09-06T14:39:26Z
acta,decada_votada:sen:415,PROD.COMEX,PROD,0,0.95,agente:texto,2026-09-06T14:39:26Z
acta,decada_votada:sen:416,DESREG.DESECO,DESREG,0,0.95,agente:texto,2026-09-06T14:39:18Z
acta,decada_votada:sen:416,ENER.HIDRO,ENER,1,0.95,agente:texto,2026-09-06T14:39:18Z
acta,decada_votada:sen:416,PROD.COMEX,PROD,0,0.95,agente:texto,2026-09-06T14:39:18Z
acta,decada_votada:sen:417,DESREG.DESECO,DESREG,0,0.95,agente:texto,2026-09-06T14:39:11Z
acta,decada_votada:sen:417,ENER.HIDRO,ENER,1,0.95,agente:texto,2026-09-06T14:39:11Z
acta,decada_votada:sen:417,PROD.COMEX,PROD,0,0.95,agente:texto,2026-09-06T14:39:11Z
acta,decada_votada:sen:418,DESREG.DESECO,DESREG,0,0.95,agente:texto,2026-09-06T14:35:10Z
acta,decada_votada:sen:418,ENER.HIDRO,ENER,1,0.95,agente:texto,2026-09-06T14:35:10Z
acta,decada_votada:sen:418,PROD.COMEX,PROD,0,0.95,agente:texto,2026-09-06T14:35:10Z
acta,decada_votada:sen:419,DESREG.DESECO,DESREG,0,0.95,agente:texto,2026-09-06T14:34:34Z
acta,decada_votada:sen:419,ENER.HIDRO,ENER,1,0.95,agente:texto,2026-09-06T14:34:34Z
acta,decada_votada:sen:419,PROD.COMEX,PROD,0,0.95,agente:texto,2026-09-06T14:34:34Z
acta,decada_votada:sen:420,DESREG.DESECO,DESREG,0,0.95,agente:texto,2026-09-06T14:14:55Z
acta,decada_votada:sen:420,ENER.COMBUS,ENER,0,0.95,agente:texto,2026-09-06T14:14:55Z
acta,decada_votada:sen:420,ENER.HIDRO,ENER,1,0.95,agente:texto,2026-09-06T14:14:55Z
acta,decada_votada:sen:420,PROD.COMEX,PROD,0,0.95,agente:texto,2026-09-06T14:14:55Z
acta,decada_votada:sen:421,DESREG.DESECO,DESREG,0,0.95,agente:texto,2026-09-06T14:37:53Z
acta,decada_votada:sen:421,ENER.HIDRO,ENER,1,0.95,agente:texto,2026-09-06T14:37:53Z
acta,decada_votada:sen:421,PROD.COMEX,PROD,0,0.95,agente:texto,2026-09-06T14:37:53Z
acta,decada_votada:sen:422,ECON.TRIB,ECON,1,0.95,agente:texto,2026-09-06T13:37:06Z
acta,decada_votada:sen:422,ENER.COMBUS,ENER,0,0.95,agente:texto,2026-09-06T13:37:06Z
acta,decada_votada:sen:422,INFRA.OBRA,INFRA,0,0.95,agente:texto,2026-09-06T13:37:06Z
acta,decada_votada:sen:422,INFRA.TRANSP,INFRA,0,0.95,agente:texto,2026-09-06T13:37:06Z
acta,decada_votada:sen:423,ECON.TRIB,ECON,1,0.95,agente:texto,2026-09-06T13:35:43Z
acta,decada_votada:sen:423,ENER.COMBUS,ENER,0,0.95,agente:texto,2026-09-06T13:35:43Z
acta,decada_votada:sen:423,INFRA.OBRA,INFRA,0,0.95,agente:texto,2026-09-06T13:35:43Z
acta,decada_votada:sen:423,INFRA.TRANSP,INFRA,0,0.95,agente:texto,2026-09-06T13:35:43Z
acta,decada_votada:sen:424,ECON.PRESU,ECON,0,0.95,agente:texto,2026-09-06T13:35:26Z
acta,decada_votada:sen:424,ECON.TRIB,ECON,1,0.95,agente:texto,2026-09-06T13:35:26Z
acta,decada_votada:sen:424,ENER.COMBUS,ENER,0,0.95,agente:texto,2026-09-06T13:35:26Z
acta,decada_votada:sen:424,INFRA.OBRA,INFRA,0,0.95,agente:texto,2026-09-06T13:35:26Z
acta,decada_votada:sen:424,INFRA.TRANSP,INFRA,0,0.95,agente:texto,2026-09-06T13:35:26Z
acta,decada_votada:sen:427,JUST.JUDIC,JUST,1,0.9,agente:texto,2026-09-06T13:32:48Z
acta,decada_votada:sen:427,POLINST.ETICA,POLINST,0,0.9,agente:texto,2026-09-06T13:32:48Z
acta,decada_votada:sen:429,AUX.TRAMITE,AUX,1,0.95,agente:texto,2026-09-06T13:51:04Z
acta,decada_votada:sen:431,JUST.JUDIC,JUST,0,0.95,agente:texto,2026-09-06T14:34:22Z
acta,decada_votada:sen:431,TRAB.PREV,TRAB,1,0.95,agente:texto,2026-09-06T14:34:22Z
acta,decada_votada:sen:432,AMB.CLIMA,AMB,0,0.95,agente:texto,2026-09-06T14:06:21Z
acta,decada_votada:sen:432,DEF.TRATADO,DEF,1,0.95,agente:texto,2026-09-06T14:06:21Z
acta,decada_votada:sen:433,AUX.HOMENAJE,AUX,1,0.95,agente:texto,2026-09-06T14:47:02Z
acta,decada_votada:sen:434,DEF.TRATADO,DEF,1,0.95,agente:texto,2026-09-06T13:48:20Z
acta,decada_votada:sen:434,JUST.NARCO,JUST,0,0.95,agente:texto,2026-09-06T13:48:20Z
acta,decada_votada:sen:434,JUST.SEGINT,JUST,0,0.95,agente:texto,2026-09-06T13:48:20Z
acta,decada_votada:sen:435,DEF.TRATADO,DEF,1,0.95,agente:texto,2026-09-06T13:47:44Z
acta,decada_votada:sen:435,DERSOC.DDHH,DERSOC,0,0.95,agente:texto,2026-09-06T13:47:44Z
acta,decada_votada:sen:436,AMB.BOSQUE,AMB,0,0.95,agente:texto,2026-09-06T14:34:43Z
acta,decada_votada:sen:436,DEF.TRATADO,DEF,1,0.95,agente:texto,2026-09-06T14:34:43Z
acta,decada_votada:sen:437,DEF.TRATADO,DEF,1,0.95,agente:texto,2026-09-06T13:47:57Z
acta,decada_votada:sen:437,PROD.COMEX,PROD,0,0.95,agente:texto,2026-09-06T13:47:57Z
acta,decada_votada:sen:439,CULT.MEDIOS,CULT,1,0.7,agente:texto,2026-09-06T14:34:56Z
acta,decada_votada:sen:439,DESREG.DESECO,DESREG,0,0.7,agente:texto,2026-09-06T14:34:56Z
acta,decada_votada:sen:439,SALUD.ADICC,SALUD,0,0.7,agente:texto,2026-09-06T14:34:56Z
acta,decada_votada:sen:442,AUX.HOMENAJE,AUX,1,0.95,agente:texto,2026-09-06T14:19:42Z
acta,decada_votada:sen:444,DESREG.EMPUB,DESREG,0,0.95,agente:texto,2026-09-06T14:52:31Z
acta,decada_votada:sen:444,DESSOC.ASIST,DESSOC,0,0.95,agente:texto,2026-09-06T14:52:31Z
acta,decada_votada:sen:444,TRAB.PREV,TRAB,1,0.95,agente:texto,2026-09-06T14:52:31Z
acta,decada_votada:sen:446,DESREG.MODEST,DESREG,0,0.95,agente:texto,2026-09-06T14:02:51Z
acta,decada_votada:sen:446,SALUD.SISTEMA,SALUD,0,0.95,agente:texto,2026-09-06T14:02:51Z
acta,decada_votada:sen:446,TRAB.PREV,TRAB,1,0.95,agente:texto,2026-09-06T14:02:51Z
acta,decada_votada:sen:451,DEF.DEFENSA,DEF,0,0.85,agente:texto,2026-09-06T14:10:42Z
acta,decada_votada:sen:451,DEF.TRATADO,DEF,0,0.85,agente:texto,2026-09-06T14:10:42Z
acta,decada_votada:sen:451,INFRA.TRANSP,INFRA,0,0.85,agente:texto,2026-09-06T14:10:42Z
acta,decada_votada:sen:451,JUST.SEGINT,JUST,1,0.85,agente:texto,2026-09-06T14:10:42Z
acta,decada_votada:sen:452,SALUD.MEDIC,SALUD,0,0.95,agente:texto,2026-09-06T14:38:48Z
acta,decada_votada:sen:452,SALUD.SISTEMA,SALUD,1,0.95,agente:texto,2026-09-06T14:38:48Z
acta,decada_votada:sen:457,DEF.TRATADO,DEF,1,0.95,agente:texto,2026-09-06T14:30:42Z
acta,decada_votada:sen:457,JUST.PENAL,JUST,0,0.95,agente:texto,2026-09-06T14:30:42Z
acta,decada_votada:sen:459,DESREG.EMPUB,DESREG,0,0.75,agente:texto,2026-09-06T14:40:27Z
acta,decada_votada:sen:459,ECON.COPART,ECON,0,0.75,agente:texto,2026-09-06T14:40:27Z
acta,decada_votada:sen:459,INFRA.VIVIENDA,INFRA,1,0.75,agente:texto,2026-09-06T14:40:27Z
acta,decada_votada:sen:460,AUX.TRAMITE,AUX,1,0.95,agente:texto,2026-09-06T14:32:25Z
acta,decada_votada:sen:467,DEF.EXTERIOR,DEF,1,0.95,agente:texto,2026-09-06T13:47:06Z
acta,decada_votada:sen:467,DEF.TRATADO,DEF,0,0.95,agente:texto,2026-09-06T13:47:06Z
acta,decada_votada:sen:467,POLINST.CONST,POLINST,0,0.95,agente:texto,2026-09-06T13:47:06Z
acta,decada_votada:sen:482,DESREG.EMPUB,DESREG,0,0.9,agente:texto,2026-09-06T13:43:39Z
acta,decada_votada:sen:482,INFRA.OBRA,INFRA,0,0.9,agente:texto,2026-09-06T13:43:39Z
acta,decada_votada:sen:482,INFRA.TRANSP,INFRA,1,0.9,agente:texto,2026-09-06T13:43:39Z
acta,decada_votada:sen:488,ECON.TRIB,ECON,1,0.95,agente:texto,2026-09-06T14:33:37Z
acta,decada_votada:sen:488,JUST.CIVCOM,JUST,0,0.95,agente:texto,2026-09-06T14:33:37Z
acta,decada_votada:sen:493,DERSOC.NINEZ,DERSOC,1,0.5,manual,2026-09-07T19:08:32Z
acta,decada_votada:sen:496,AUX.TRAMITE,AUX,1,0.95,agente:texto,2026-09-06T14:47:42Z
acta,decada_votada:sen:497,DERSOC.DDHH,DERSOC,0,0.85,agente:texto,2026-09-06T14:36:28Z
acta,decada_votada:sen:497,POLINST.ETICA,POLINST,1,0.85,agente:texto,2026-09-06T14:36:28Z
acta,decada_votada:sen:498,DEF.DEFENSA,DEF,1,0.95,agente:texto,2026-09-06T13:46:04Z
acta,decada_votada:sen:498,DEF.TRATADO,DEF,0,0.95,agente:texto,2026-09-06T13:46:04Z
acta,decada_votada:sen:500,DESREG.EMPUB,DESREG,1,0.85,agente:texto,2026-09-06T14:43:15Z
acta,decada_votada:sen:500,POLINST.ORGEST,POLINST,0,0.85,agente:texto,2026-09-06T14:43:15Z
acta,decada_votada:sen:501,PROD.AGRO,PROD,1,0.99,manual,2026-09-07T19:08:32Z
acta,decada_votada:sen:510,ECON.TRIB,ECON,1,0.95,agente:texto,2026-09-06T14:15:37Z
acta,decada_votada:sen:510,PROD.AGRO,PROD,0,0.95,agente:texto,2026-09-06T14:15:37Z
acta,decada_votada:sen:514,DESREG.EMPUB,DESREG,1,0.85,agente:texto,2026-09-06T14:36:59Z
acta,decada_votada:sen:514,ECON.COPART,ECON,0,0.85,agente:texto,2026-09-06T14:36:59Z
acta,decada_votada:sen:514,INFRA.TELECOM,INFRA,0,0.85,agente:texto,2026-09-06T14:36:59Z
acta,decada_votada:sen:515,AUX.HOMENAJE,AUX,1,0.95,agente:texto,2026-09-06T14:32:40Z
acta,decada_votada:sen:520,AUX.TRAMITE,AUX,1,0.95,agente:texto,2026-09-06T13:56:48Z
acta,decada_votada:sen:523,DEF.TRATADO,DEF,1,0.95,agente:texto,2026-09-06T13:40:50Z
acta,decada_votada:sen:523,POLINST.ETICA,POLINST,0,0.95,agente:texto,2026-09-06T13:40:50Z
acta,decada_votada:sen:526,DEF.EXTERIOR,DEF,0,0.95,agente:texto,2026-09-06T14:00:52Z
acta,decada_votada:sen:526,DEF.TRATADO,DEF,1,0.95,agente:texto,2026-09-06T14:00:52Z
acta,decada_votada:sen:531,DEF.TRATADO,DEF,1,0.95,agente:texto,2026-09-06T14:45:24Z
acta,decada_votada:sen:531,JUST.PENAL,JUST,0,0.95,agente:texto,2026-09-06T14:45:24Z
acta,decada_votada:sen:541,AUX.TRAMITE,AUX,1,0.95,agente:texto,2026-09-06T14:40:39Z
acta,decada_votada:sen:552,DESREG.EMPUB,DESREG,0,0.95,agente:texto,2026-09-06T13:38:40Z
acta,decada_votada:sen:552,ENER.ELEC,ENER,1,0.95,agente:texto,2026-09-06T13:38:40Z
acta,decada_votada:sen:552,INFRA.TRANSP,INFRA,0,0.95,agente:texto,2026-09-06T13:38:40Z
acta,decada_votada:sen:553,ECON.PRESU,ECON,0,0.75,agente:texto,2026-09-06T14:48:07Z
acta,decada_votada:sen:553,JUST.CIVCOM,JUST,1,0.75,agente:texto,2026-09-06T14:48:07Z
acta,decada_votada:sen:568,DESREG.DESECO,DESREG,0,0.85,agente:texto,2026-09-06T14:52:15Z
acta,decada_votada:sen:568,ECON.TRIB,ECON,0,0.85,agente:texto,2026-09-06T14:52:15Z
acta,decada_votada:sen:568,TRAB.PREV,TRAB,1,0.85,agente:texto,2026-09-06T14:52:15Z
acta,decada_votada:sen:569,ECON.TRIB,ECON,0,0.85,agente:texto,2026-09-06T14:44:26Z
acta,decada_votada:sen:569,JUST.CIVCOM,JUST,0,0.85,agente:texto,2026-09-06T14:44:26Z
acta,decada_votada:sen:569,TRAB.PREV,TRAB,1,0.85,agente:texto,2026-09-06T14:44:26Z
acta,decada_votada:sen:570,ECON.TRIB,ECON,0,0.85,agente:texto,2026-09-06T14:49:24Z
acta,decada_votada:sen:570,TRAB.PREV,TRAB,1,0.85,agente:texto,2026-09-06T14:49:24Z
acta,decada_votada:sen:571,ECON.TRIB,ECON,0,0.85,agente:texto,2026-09-06T14:43:45Z
acta,decada_votada:sen:571,JUST.CIVCOM,JUST,0,0.85,agente:texto,2026-09-06T14:43:45Z
acta,decada_votada:sen:571,TRAB.PREV,TRAB,1,0.85,agente:texto,2026-09-06T14:43:45Z
acta,decada_votada:sen:572,ECON.TRIB,ECON,0,0.85,agente:texto,2026-09-06T14:50:51Z
acta,decada_votada:sen:572,JUST.CIVCOM,JUST,0,0.85,agente:texto,2026-09-06T14:50:51Z
acta,decada_votada:sen:572,TRAB.PREV,TRAB,1,0.85,agente:texto,2026-09-06T14:50:51Z
acta,decada_votada:sen:573,ECON.TRIB,ECON,0,0.85,agente:texto,2026-09-06T14:42:38Z
acta,decada_votada:sen:573,JUST.CIVCOM,JUST,0,0.85,agente:texto,2026-09-06T14:42:38Z
acta,decada_votada:sen:573,TRAB.PREV,TRAB,1,0.85,agente:texto,2026-09-06T14:42:38Z
acta,decada_votada:sen:574,ECON.TRIB,ECON,0,0.85,agente:texto,2026-09-06T14:42:13Z
acta,decada_votada:sen:574,JUST.CIVCOM,JUST,0,0.85,agente:texto,2026-09-06T14:42:13Z
acta,decada_votada:sen:574,TRAB.PREV,TRAB,1,0.85,agente:texto,2026-09-06T14:42:13Z
acta,decada_votada:sen:575,AUX.HOMENAJE,AUX,1,0.95,agente:texto,2026-09-06T14:25:48Z
acta,decada_votada:sen:578,AUX.TRAMITE,AUX,0,0.7,agente:texto,2026-09-06T14:45:02Z
acta,decada_votada:sen:578,ECON.COPART,ECON,0,0.7,agente:texto,2026-09-06T14:45:02Z
acta,decada_votada:sen:578,POLINST.ORGEST,POLINST,1,0.7,agente:texto,2026-09-06T14:45:02Z
acta,decada_votada:sen:579,DEF.EXTERIOR,DEF,0,0.95,agente:texto,2026-09-06T14:08:28Z
acta,decada_votada:sen:579,DEF.TRATADO,DEF,1,0.95,agente:texto,2026-09-06T14:08:28Z
acta,decada_votada:sen:579,JUST.JUDIC,JUST,0,0.95,agente:texto,2026-09-06T14:08:28Z
acta,decada_votada:sen:580,DEF.TRATADO,DEF,1,0.95,agente:texto,2026-09-06T14:26:00Z
acta,decada_votada:sen:581,DEF.TRATADO,DEF,1,0.95,agente:texto,2026-09-06T13:44:47Z
acta,decada_votada:sen:581,JUST.JUDIC,JUST,0,0.95,agente:texto,2026-09-06T13:44:47Z
acta,decada_votada:sen:582,CULT.CULTURA,CULT,0,0.95,agente:texto,2026-09-06T13:51:34Z
acta,decada_votada:sen:582,DEF.DEFENSA,DEF,0,0.95,agente:texto,2026-09-06T13:51:34Z
acta,decada_votada:sen:582,DEF.TRATADO,DEF,1,0.95,agente:texto,2026-09-06T13:51:34Z
acta,decada_votada:sen:583,DEF.TRATADO,DEF,1,0.95,agente:texto,2026-09-06T14:36:13Z
acta,decada_votada:sen:584,DEF.TRATADO,DEF,1,0.95,agente:texto,2026-09-06T14:04:44Z
acta,decada_votada:sen:584,DERSOC.DDHH,DERSOC,0,0.95,agente:texto,2026-09-06T14:04:44Z
acta,decada_votada:sen:584,POLINST.ETICA,POLINST,0,0.95,agente:texto,2026-09-06T14:04:44Z
acta,decada_votada:sen:585,DEF.TRATADO,DEF,1,0.95,agente:texto,2026-09-06T14:17:56Z
acta,decada_votada:sen:585,PROD.COMEX,PROD,0,0.95,agente:texto,2026-09-06T14:17:56Z
acta,decada_votada:sen:586,DEF.EXTERIOR,DEF,0,0.95,agente:texto,2026-09-06T14:16:06Z
acta,decada_votada:sen:586,DEF.TRATADO,DEF,1,0.95,agente:texto,2026-09-06T14:16:06Z
acta,decada_votada:sen:586,PROD.COMEX,PROD,0,0.95,agente:texto,2026-09-06T14:16:06Z
acta,decada_votada:sen:587,DEF.TRATADO,DEF,1,0.95,agente:texto,2026-09-06T14:02:38Z
acta,decada_votada:sen:587,EDU.SUPERIOR,EDU,0,0.95,agente:texto,2026-09-06T14:02:38Z
acta,decada_votada:sen:588,DEF.TRATADO,DEF,1,0.95,agente:texto,2026-09-06T14:01:45Z
acta,decada_votada:sen:588,ENER.COMBUS,ENER,0,0.95,agente:texto,2026-09-06T14:01:45Z
acta,decada_votada:sen:588,INFRA.TELECOM,INFRA,0,0.95,agente:texto,2026-09-06T14:01:45Z
acta,decada_votada:sen:589,DEF.EXTERIOR,DEF,0,0.95,agente:texto,2026-09-06T14:02:15Z
acta,decada_votada:sen:589,DEF.TRATADO,DEF,1,0.95,agente:texto,2026-09-06T14:02:15Z
acta,decada_votada:sen:592,DEF.TRATADO,DEF,0,0.95,agente:texto,2026-09-06T13:56:17Z
acta,decada_votada:sen:592,DERSOC.DDHH,DERSOC,0,0.95,agente:texto,2026-09-06T13:56:17Z
acta,decada_votada:sen:592,DERSOC.MIGRA,DERSOC,1,0.95,agente:texto,2026-09-06T13:56:17Z
acta,decada_votada:sen:592,TRAB.LABOR,TRAB,0,0.95,agente:texto,2026-09-06T13:56:17Z
acta,decada_votada:sen:593,DEF.EXTERIOR,DEF,0,0.95,agente:texto,2026-09-06T14:36:47Z
acta,decada_votada:sen:593,JUST.NARCO,JUST,0,0.95,agente:texto,2026-09-06T14:36:47Z
acta,decada_votada:sen:593,JUST.PENAL,JUST,1,0.95,agente:texto,2026-09-06T14:36:47Z
acta,decada_votada:sen:594,DEF.EXTERIOR,DEF,0,0.95,agente:texto,2026-09-06T14:27:54Z
acta,decada_votada:sen:594,JUST.NARCO,JUST,0,0.95,agente:texto,2026-09-06T14:27:54Z
acta,decada_votada:sen:594,JUST.PENAL,JUST,1,0.95,agente:texto,2026-09-06T14:27:54Z
acta,decada_votada:sen:595,JUST.NARCO,JUST,0,0.95,agente:texto,2026-09-06T14:27:57Z
acta,decada_votada:sen:595,JUST.PENAL,JUST,1,0.95,agente:texto,2026-09-06T14:27:57Z
acta,decada_votada:sen:596,DEF.EXTERIOR,DEF,0,0.95,agente:texto,2026-09-06T14:27:46Z
acta,decada_votada:sen:596,JUST.NARCO,JUST,0,0.95,agente:texto,2026-09-06T14:27:46Z
acta,decada_votada:sen:596,JUST.PENAL,JUST,1,0.95,agente:texto,2026-09-06T14:27:46Z
acta,decada_votada:sen:597,DEF.EXTERIOR,DEF,0,0.95,agente:texto,2026-09-06T14:27:50Z
acta,decada_votada:sen:597,JUST.NARCO,JUST,0,0.95,agente:texto,2026-09-06T14:27:50Z
acta,decada_votada:sen:597,JUST.PENAL,JUST,1,0.95,agente:texto,2026-09-06T14:27:50Z
acta,decada_votada:sen:598,DEF.EXTERIOR,DEF,0,0.95,agente:texto,2026-09-06T14:27:11Z
acta,decada_votada:sen:598,JUST.NARCO,JUST,0,0.95,agente:texto,2026-09-06T14:27:11Z
acta,decada_votada:sen:598,JUST.PENAL,JUST,1,0.95,agente:texto,2026-09-06T14:27:11Z
acta,decada_votada:sen:599,AUX.TRAMITE,AUX,1,0.95,agente:texto,2026-09-06T14:36:15Z
acta,decada_votada:sen:600,AUX.HOMENAJE,AUX,0,0.85,agente:texto,2026-09-06T14:43:57Z
acta,decada_votada:sen:600,CULT.CULTURA,CULT,1,0.85,agente:texto,2026-09-06T14:43:57Z
acta,decada_votada:sen:603,ECON.COPART,ECON,0,0.9,agente:texto,2026-09-06T13:39:11Z
acta,decada_votada:sen:603,ECON.PRESU,ECON,1,0.9,agente:texto,2026-09-06T13:39:11Z
acta,decada_votada:sen:603,EDU.BASICA,EDU,0,0.9,agente:texto,2026-09-06T13:39:11Z
acta,decada_votada:sen:603,EDU.SUPERIOR,EDU,0,0.9,agente:texto,2026-09-06T13:39:11Z
acta,decada_votada:sen:604,ECON.PRESU,ECON,1,0.85,agente:texto,2026-09-06T13:37:20Z
acta,decada_votada:sen:604,EDU.BASICA,EDU,0,0.85,agente:texto,2026-09-06T13:37:20Z
acta,decada_votada:sen:604,EDU.SUPERIOR,EDU,0,0.85,agente:texto,2026-09-06T13:37:20Z
acta,decada_votada:sen:605,ECON.COPART,ECON,0,0.85,agente:texto,2026-09-06T13:38:20Z
acta,decada_votada:sen:605,ECON.PRESU,ECON,1,0.85,agente:texto,2026-09-06T13:38:20Z
acta,decada_votada:sen:605,EDU.BASICA,EDU,0,0.85,agente:texto,2026-09-06T13:38:20Z
acta,decada_votada:sen:605,EDU.SUPERIOR,EDU,0,0.85,agente:texto,2026-09-06T13:38:20Z
acta,decada_votada:sen:606,ECON.COPART,ECON,0,0.85,agente:texto,2026-09-06T13:38:16Z
acta,decada_votada:sen:606,ECON.PRESU,ECON,1,0.85,agente:texto,2026-09-06T13:38:16Z
acta,decada_votada:sen:606,EDU.BASICA,EDU,0,0.85,agente:texto,2026-09-06T13:38:16Z
acta,decada_votada:sen:606,EDU.SUPERIOR,EDU,0,0.85,agente:texto,2026-09-06T13:38:16Z
acta,decada_votada:sen:607,ECON.COPART,ECON,0,0.85,agente:texto,2026-09-06T13:38:09Z
acta,decada_votada:sen:607,ECON.PRESU,ECON,1,0.85,agente:texto,2026-09-06T13:38:09Z
acta,decada_votada:sen:607,EDU.BASICA,EDU,0,0.85,agente:texto,2026-09-06T13:38:09Z
acta,decada_votada:sen:607,EDU.SUPERIOR,EDU,0,0.85,agente:texto,2026-09-06T13:38:09Z
acta,decada_votada:sen:608,ECON.COPART,ECON,0,0.85,agente:texto,2026-09-06T13:38:13Z
acta,decada_votada:sen:608,ECON.PRESU,ECON,1,0.85,agente:texto,2026-09-06T13:38:13Z
acta,decada_votada:sen:608,EDU.BASICA,EDU,0,0.85,agente:texto,2026-09-06T13:38:13Z
acta,decada_votada:sen:608,EDU.SUPERIOR,EDU,0,0.85,agente:texto,2026-09-06T13:38:13Z
acta,decada_votada:sen:609,ECON.PRESU,ECON,1,0.8,agente:texto,2026-09-06T13:37:12Z
acta,decada_votada:sen:609,EDU.BASICA,EDU,0,0.8,agente:texto,2026-09-06T13:37:12Z
acta,decada_votada:sen:609,EDU.SUPERIOR,EDU,0,0.8,agente:texto,2026-09-06T13:37:12Z
acta,decada_votada:sen:611,AUX.TRAMITE,AUX,0,0.85,agente:texto,2026-09-06T14:23:45Z
acta,decada_votada:sen:611,ECON.TRIB,ECON,1,0.85,agente:texto,2026-09-06T14:23:45Z
acta,decada_votada:sen:611,JUST.JUDIC,JUST,0,0.85,agente:texto,2026-09-06T14:23:45Z
acta,decada_votada:sen:613,JUST.JUDIC,JUST,1,0.95,agente:texto,2026-09-06T14:39:37Z
acta,decada_votada:sen:613,POLINST.ORGEST,POLINST,0,0.95,agente:texto,2026-09-06T14:39:37Z
acta,decada_votada:sen:615,AUX.HOMENAJE,AUX,0,0.85,agente:texto,2026-09-06T14:44:22Z
acta,decada_votada:sen:615,CULT.CULTURA,CULT,1,0.85,agente:texto,2026-09-06T14:44:22Z
acta,decada_votada:sen:617,DEF.TRATADO,DEF,1,0.95,agente:texto,2026-09-06T14:04:14Z
acta,decada_votada:sen:617,DESREG.DESECO,DESREG,0,0.95,agente:texto,2026-09-06T14:04:14Z
acta,decada_votada:sen:617,PROD.COMEX,PROD,0,0.95,agente:texto,2026-09-06T14:04:14Z
acta,decada_votada:sen:618,AMB.CLIMA,AMB,0,0.95,agente:texto,2026-09-06T14:19:49Z
acta,decada_votada:sen:618,DEF.EXTERIOR,DEF,0,0.95,agente:texto,2026-09-06T14:19:49Z
acta,decada_votada:sen:618,DEF.TRATADO,DEF,1,0.95,agente:texto,2026-09-06T14:19:49Z
acta,decada_votada:sen:619,DEF.TRATADO,DEF,1,0.95,agente:texto,2026-09-06T13:45:32Z
acta,decada_votada:sen:619,DERSOC.MIGRA,DERSOC,0,0.95,agente:texto,2026-09-06T13:45:32Z
acta,decada_votada:sen:620,DEF.TRATADO,DEF,1,0.95,agente:texto,2026-09-06T13:51:13Z
acta,decada_votada:sen:620,JUST.PENAL,JUST,0,0.95,agente:texto,2026-09-06T13:51:13Z
acta,decada_votada:sen:621,DEF.TRATADO,DEF,1,0.95,agente:texto,2026-09-06T14:10:47Z
acta,decada_votada:sen:621,JUST.PENAL,JUST,0,0.95,agente:texto,2026-09-06T14:10:47Z
acta,decada_votada:sen:622,DEF.TRATADO,DEF,1,0.95,agente:texto,2026-09-06T13:48:42Z
acta,decada_votada:sen:622,JUST.PENAL,JUST,0,0.95,agente:texto,2026-09-06T13:48:42Z
acta,decada_votada:sen:624,AUX.HOMENAJE,AUX,1,0.95,agente:texto,2026-09-06T14:28:15Z
acta,decada_votada:sen:626,AUX.TRAMITE,AUX,1,0.95,agente:texto,2026-09-06T14:32:27Z
acta,decada_votada:sen:628,JUST.JUDIC,JUST,1,0.95,agente:texto,2026-09-06T14:11:16Z
acta,decada_votada:sen:629,AUX.HOMENAJE,AUX,1,0.95,agente:texto,2026-09-06T14:38:07Z
acta,decada_votada:sen:63,JUST.PENAL,JUST,1,0.95,agente:texto,2026-09-06T14:31:31Z
acta,decada_votada:sen:633,AMB.RESID,AMB,1,0.99,manual,2026-09-07T19:08:32Z
acta,decada_votada:sen:633,DESREG.DESECO,DESREG,0,0.85,agente:texto,2026-09-06T14:31:43Z
acta,decada_votada:sen:633,PROD.INDPYME,PROD,0,0.85,agente:texto,2026-09-06T14:31:43Z
acta,decada_votada:sen:633,SALUD.SISTEMA,SALUD,0,0.85,agente:texto,2026-09-06T14:31:43Z
acta,decada_votada:sen:637,JUST.CIVCOM,JUST,0,0.95,agente:texto,2026-09-06T14:28:00Z
acta,decada_votada:sen:637,TRAB.LABOR,TRAB,1,0.95,agente:texto,2026-09-06T14:28:00Z
acta,decada_votada:sen:640,AUX.TRAMITE,AUX,1,0.95,agente:texto,2026-09-06T14:10:44Z
acta,decada_votada:sen:641,AUX.TRAMITE,AUX,1,0.95,agente:texto,2026-09-06T13:57:33Z
acta,decada_votada:sen:642,AUX.TRAMITE,AUX,1,0.95,agente:texto,2026-09-06T13:47:35Z
acta,decada_votada:sen:643,ECON.DEUDA,ECON,0,0.95,agente:texto,2026-09-06T14:05:48Z
acta,decada_votada:sen:643,ECON.MON,ECON,1,0.95,agente:texto,2026-09-06T14:05:48Z
acta,decada_votada:sen:643,ECON.PRESU,ECON,0,0.95,agente:texto,2026-09-06T14:05:48Z
acta,decada_votada:sen:644,ECON.DEUDA,ECON,0,0.95,agente:texto,2026-09-06T14:08:49Z
acta,decada_votada:sen:644,ECON.MON,ECON,1,0.95,agente:texto,2026-09-06T14:08:49Z
acta,decada_votada:sen:644,ECON.PRESU,ECON,0,0.95,agente:texto,2026-09-06T14:08:49Z
acta,decada_votada:sen:647,ECON.EMERG,ECON,0,0.95,agente:texto,2026-09-06T13:33:01Z
acta,decada_votada:sen:647,ECON.PRESU,ECON,0,0.95,agente:texto,2026-09-06T13:33:01Z
acta,decada_votada:sen:647,ECON.TRIB,ECON,1,0.95,agente:texto,2026-09-06T13:33:01Z
acta,decada_votada:sen:647,SALUD.ADICC,SALUD,0,0.95,agente:texto,2026-09-06T13:33:01Z
acta,decada_votada:sen:648,ECON.EMERG,ECON,0,0.95,agente:texto,2026-09-06T13:35:17Z
acta,decada_votada:sen:648,ECON.PRESU,ECON,0,0.95,agente:texto,2026-09-06T13:35:17Z
acta,decada_votada:sen:648,ECON.TRIB,ECON,1,0.95,agente:texto,2026-09-06T13:35:17Z
acta,decada_votada:sen:649,ECON.TRIB,ECON,0,0.95,agente:texto,2026-09-06T14:52:28Z
acta,decada_votada:sen:649,ENER.COMBUS,ENER,1,0.95,agente:texto,2026-09-06T14:52:28Z
acta,decada_votada:sen:649,ENER.TARIFA,ENER,0,0.95,agente:texto,2026-09-06T14:52:28Z
acta,decada_votada:sen:652,AUX.TRAMITE,AUX,0,0.95,agente:texto,2026-09-06T14:48:15Z
acta,decada_votada:sen:652,ECON.PRESU,ECON,1,0.95,agente:texto,2026-09-06T14:48:15Z
acta,decada_votada:sen:653,AUX.TRAMITE,AUX,0,0.95,agente:texto,2026-09-06T14:46:56Z
acta,decada_votada:sen:653,ECON.PRESU,ECON,1,0.95,agente:texto,2026-09-06T14:46:56Z
acta,decada_votada:sen:654,AUX.TRAMITE,AUX,0,0.95,agente:texto,2026-09-06T14:40:23Z
acta,decada_votada:sen:654,ECON.PRESU,ECON,1,0.95,agente:texto,2026-09-06T14:40:23Z
acta,decada_votada:sen:655,AUX.TRAMITE,AUX,1,0.95,agente:texto,2026-09-06T14:50:18Z
acta,decada_votada:sen:656,DESREG.EMPUB,DESREG,0,0.95,agente:texto,2026-09-06T13:29:15Z
acta,decada_votada:sen:656,ENER.ELEC,ENER,1,0.95,agente:texto,2026-09-06T13:29:15Z
acta,decada_votada:sen:656,INFRA.TRANSP,INFRA,0,0.95,agente:texto,2026-09-06T13:29:15Z
acta,decada_votada:sen:656,POLINST.ORGEST,POLINST,0,0.95,agente:texto,2026-09-06T13:29:15Z
acta,decada_votada:sen:657,ECON.TRIB,ECON,1,0.95,agente:texto,2026-09-06T14:08:54Z
acta,decada_votada:sen:657,PROD.COMEX,PROD,0,0.95,agente:texto,2026-09-06T14:08:54Z
acta,decada_votada:sen:671,CYT.INNOV,CYT,1,0.99,manual,2026-09-07T19:08:32Z
acta,decada_votada:sen:679,DESSOC.ASIST,DESSOC,0,0.95,agente:texto,2026-09-06T14:27:25Z
acta,decada_votada:sen:679,ECON.EMERG,ECON,1,0.95,agente:texto,2026-09-06T14:27:25Z
acta,decada_votada:sen:679,POLINST.ORGEST,POLINST,0,0.95,agente:texto,2026-09-06T14:27:25Z
acta,decada_votada:sen:68,INFRA.TELECOM,INFRA,1,0.95,agente:texto,2026-09-06T13:34:11Z
acta,decada_votada:sen:680,ECON.DEUDA,ECON,0,0.95,agente:texto,2026-09-06T14:28:44Z
acta,decada_votada:sen:680,INFRA.VIVIENDA,INFRA,1,0.95,agente:texto,2026-09-06T14:28:44Z
acta,decada_votada:sen:680,JUST.CIVCOM,JUST,0,0.95,agente:texto,2026-09-06T14:28:44Z
acta,decada_votada:sen:681,ECON.DEUDA,ECON,0,0.85,agente:texto,2026-09-06T14:26:13Z
acta,decada_votada:sen:681,INFRA.VIVIENDA,INFRA,0,0.85,agente:texto,2026-09-06T14:26:13Z
acta,decada_votada:sen:681,JUST.CIVCOM,JUST,1,0.85,agente:texto,2026-09-06T14:26:13Z
acta,decada_votada:sen:683,AUX.TRAMITE,AUX,1,0.95,agente:texto,2026-09-06T14:04:38Z
acta,decada_votada:sen:685,JUST.CIVCOM,JUST,1,0.95,agente:texto,2026-09-06T13:40:04Z
acta,decada_votada:sen:686,JUST.PROPIED,JUST,1,0.9,agente:texto,2026-09-06T14:48:41Z
acta,decada_votada:sen:686,POLINST.ORGEST,POLINST,0,0.9,agente:texto,2026-09-06T14:48:41Z
acta,decada_votada:sen:689,JUST.CIVCOM,JUST,1,0.85,agente:texto,2026-09-06T14:27:31Z
acta,decada_votada:sen:690,AUX.TRAMITE,AUX,1,0.95,agente:texto,2026-09-06T13:53:09Z
acta,decada_votada:sen:691,DERSOC.DDHH,DERSOC,0,0.85,agente:texto,2026-09-06T14:41:50Z
acta,decada_votada:sen:691,TRAB.LABOR,TRAB,1,0.85,agente:texto,2026-09-06T14:41:50Z
acta,decada_votada:sen:692,AMB.CLIMA,AMB,0,0.9,agente:texto,2026-09-06T13:47:48Z
acta,decada_votada:sen:692,CYT.INNOV,CYT,0,0.9,agente:texto,2026-09-06T13:47:48Z
acta,decada_votada:sen:692,ENER.COMBUS,ENER,1,0.9,agente:texto,2026-09-06T13:47:48Z
acta,decada_votada:sen:692,ENER.RENOV,ENER,0,0.9,agente:texto,2026-09-06T13:47:48Z
acta,decada_votada:sen:692,PROD.AGRO,PROD,0,0.9,agente:texto,2026-09-06T13:47:48Z
acta,decada_votada:sen:692,PROD.INVER,PROD,0,0.9,agente:texto,2026-09-06T13:47:48Z
acta,decada_votada:sen:693,AMB.CLIMA,AMB,0,0.85,agente:texto,2026-09-06T13:51:28Z
acta,decada_votada:sen:693,CYT.INNOV,CYT,0,0.85,agente:texto,2026-09-06T13:51:28Z
acta,decada_votada:sen:693,ENER.COMBUS,ENER,0,0.85,agente:texto,2026-09-06T13:51:28Z
acta,decada_votada:sen:693,PROD.AGRO,PROD,1,0.85,agente:texto,2026-09-06T13:51:28Z
acta,decada_votada:sen:693,PROD.INVER,PROD,0,0.85,agente:texto,2026-09-06T13:51:28Z
acta,decada_votada:sen:694,AMB.CLIMA,AMB,0,0.85,agente:texto,2026-09-06T13:51:41Z
acta,decada_votada:sen:694,CYT.INNOV,CYT,0,0.85,agente:texto,2026-09-06T13:51:41Z
acta,decada_votada:sen:694,ENER.COMBUS,ENER,0,0.85,agente:texto,2026-09-06T13:51:41Z
acta,decada_votada:sen:694,PROD.AGRO,PROD,1,0.85,agente:texto,2026-09-06T13:51:41Z
acta,decada_votada:sen:694,PROD.INVER,PROD,0,0.85,agente:texto,2026-09-06T13:51:41Z
acta,decada_votada:sen:695,AUX.HOMENAJE,AUX,0,0.85,agente:texto,2026-09-06T14:45:14Z
acta,decada_votada:sen:695,CULT.CULTURA,CULT,1,0.85,agente:texto,2026-09-06T14:45:14Z
acta,decada_votada:sen:696,AUX.TRAMITE,AUX,1,0.95,agente:texto,2026-09-06T13:49:16Z
acta,decada_votada:sen:697,AUX.TRAMITE,AUX,1,0.95,agente:texto,2026-09-06T14:02:12Z
acta,decada_votada:sen:698,AUX.TRAMITE,AUX,1,0.95,agente:texto,2026-09-06T13:56:14Z
acta,decada_votada:sen:701,AUX.TRAMITE,AUX,1,0.95,agente:texto,2026-09-06T14:37:15Z
acta,decada_votada:sen:706,AMB.AGUA,AMB,0,0.85,agente:texto,2026-09-06T13:45:00Z
acta,decada_votada:sen:706,AUX.TRAMITE,AUX,0,0.85,agente:texto,2026-09-06T13:45:00Z
acta,decada_votada:sen:706,DESREG.EMPUB,DESREG,1,0.85,agente:texto,2026-09-06T13:45:00Z
acta,decada_votada:sen:706,DESREG.SOCIED,DESREG,0,0.85,agente:texto,2026-09-06T13:45:00Z
acta,decada_votada:sen:707,ECON.DEUDA,ECON,0,0.95,agente:texto,2026-09-06T13:36:06Z
acta,decada_votada:sen:707,INFRA.VIVIENDA,INFRA,0,0.95,agente:texto,2026-09-06T13:36:06Z
acta,decada_votada:sen:707,JUST.CIVCOM,JUST,1,0.95,agente:texto,2026-09-06T13:36:06Z
acta,decada_votada:sen:709,DEF.EXTERIOR,DEF,0,0.95,agente:texto,2026-09-06T14:17:37Z
acta,decada_votada:sen:709,DEF.TRATADO,DEF,1,0.95,agente:texto,2026-09-06T14:17:37Z
acta,decada_votada:sen:709,DERSOC.DDHH,DERSOC,0,0.95,agente:texto,2026-09-06T14:17:37Z
acta,decada_votada:sen:710,DEF.EXTERIOR,DEF,0,0.95,agente:texto,2026-09-06T14:22:29Z
acta,decada_votada:sen:710,DEF.TRATADO,DEF,1,0.95,agente:texto,2026-09-06T14:22:29Z
acta,decada_votada:sen:710,POLINST.ORGEST,POLINST,0,0.95,agente:texto,2026-09-06T14:22:29Z
acta,decada_votada:sen:719,AUX.TRAMITE,AUX,0,0.85,agente:texto,2026-09-06T13:55:54Z
acta,decada_votada:sen:719,DESSOC.PNC,DESSOC,0,0.85,agente:texto,2026-09-06T13:55:54Z
acta,decada_votada:sen:719,TRAB.PREV,TRAB,1,0.85,agente:texto,2026-09-06T13:55:54Z
acta,decada_votada:sen:722,AUX.TRAMITE,AUX,1,0.95,agente:texto,2026-09-06T14:44:48Z
acta,decada_votada:sen:723,DEF.TRATADO,DEF,1,0.95,agente:texto,2026-09-06T14:51:00Z
acta,decada_votada:sen:723,JUST.PENAL,JUST,0,0.95,agente:texto,2026-09-06T14:51:00Z
acta,decada_votada:sen:724,DEF.TRATADO,DEF,1,0.95,agente:texto,2026-09-06T13:57:45Z
acta,decada_votada:sen:724,DERSOC.DDHH,DERSOC,0,0.95,agente:texto,2026-09-06T13:57:45Z
acta,decada_votada:sen:725,DEF.TRATADO,DEF,1,0.95,agente:texto,2026-09-06T13:56:45Z
acta,decada_votada:sen:725,JUST.PENAL,JUST,0,0.95,agente:texto,2026-09-06T13:56:45Z
acta,decada_votada:sen:726,DEF.EXTERIOR,DEF,0,0.95,agente:texto,2026-09-06T13:45:50Z
acta,decada_votada:sen:726,DEF.TRATADO,DEF,1,0.95,agente:texto,2026-09-06T13:45:50Z
acta,decada_votada:sen:727,DEF.TRATADO,DEF,1,0.95,agente:texto,2026-09-06T14:22:26Z
acta,decada_votada:sen:729,DESREG.DESECO,DESREG,0,0.9,agente:texto,2026-09-06T13:57:30Z
acta,decada_votada:sen:729,ECON.TRIB,ECON,0,0.9,agente:texto,2026-09-06T13:57:30Z
acta,decada_votada:sen:729,ENER.COMBUS,ENER,1,0.9,agente:texto,2026-09-06T13:57:30Z
acta,decada_votada:sen:731,DESREG.DESECO,DESREG,0,0.7,agente:texto,2026-09-06T14:20:29Z
acta,decada_votada:sen:731,ECON.TRIB,ECON,1,0.7,agente:texto,2026-09-06T14:20:29Z
acta,decada_votada:sen:731,INFRA.TELECOM,INFRA,0,0.7,agente:texto,2026-09-06T14:20:29Z
acta,decada_votada:sen:732,CYT.PI,CYT,1,0.95,agente:texto,2026-09-06T14:24:30Z
acta,decada_votada:sen:732,DEF.TRATADO,DEF,0,0.95,agente:texto,2026-09-06T14:24:30Z
acta,decada_votada:sen:733,DERSOC.DDHH,DERSOC,0,0.95,agente:texto,2026-09-06T14:35:00Z
acta,decada_votada:sen:733,DESSOC.PNC,DESSOC,1,0.95,agente:texto,2026-09-06T14:35:00Z
acta,decada_votada:sen:733,TRAB.PREV,TRAB,0,0.95,agente:texto,2026-09-06T14:35:00Z
acta,decada_votada:sen:734,CULT.CULTURA,CULT,0,0.95,agente:texto,2026-09-06T14:48:55Z
acta,decada_votada:sen:734,DEF.TRATADO,DEF,1,0.95,agente:texto,2026-09-06T14:48:55Z
acta,decada_votada:sen:735,AUX.TRAMITE,AUX,0,0.95,agente:texto,2026-09-06T14:23:31Z
acta,decada_votada:sen:735,ECON.TRIB,ECON,1,0.95,agente:texto,2026-09-06T14:23:31Z
acta,decada_votada:sen:736,AUX.HOMENAJE,AUX,1,0.95,agente:texto,2026-09-06T14:03:19Z
acta,decada_votada:sen:738,AUX.HOMENAJE,AUX,1,0.95,agente:texto,2026-09-06T14:31:48Z
acta,decada_votada:sen:740,DESREG.EMPUB,DESREG,0,0.9,agente:texto,2026-09-06T13:46:23Z
acta,decada_votada:sen:740,DESREG.SOCIED,DESREG,0,0.9,agente:texto,2026-09-06T13:46:23Z
acta,decada_votada:sen:740,ENER.ELEC,ENER,1,0.9,agente:texto,2026-09-06T13:46:23Z
acta,decada_votada:sen:741,POLINST.CONST,POLINST,1,0.85,agente:texto,2026-09-06T13:42:00Z
acta,decada_votada:sen:742,POLINST.CONST,POLINST,1,0.85,agente:texto,2026-09-06T13:39:26Z
acta,decada_votada:sen:743,AUX.TRAMITE,AUX,0,0.85,agente:texto,2026-09-06T13:38:55Z
acta,decada_votada:sen:743,POLINST.CONST,POLINST,1,0.85,agente:texto,2026-09-06T13:38:55Z
acta,decada_votada:sen:744,AUX.TRAMITE,AUX,0,0.85,agente:texto,2026-09-06T13:38:30Z
acta,decada_votada:sen:744,POLINST.CONST,POLINST,1,0.85,agente:texto,2026-09-06T13:38:30Z
acta,decada_votada:sen:745,AUX.TRAMITE,AUX,0,0.95,agente:texto,2026-09-06T13:37:41Z
acta,decada_votada:sen:745,POLINST.CONST,POLINST,1,0.95,agente:texto,2026-09-06T13:37:41Z
acta,decada_votada:sen:746,POLINST.CONST,POLINST,1,0.95,agente:texto,2026-09-06T13:37:22Z
acta,decada_votada:sen:747,AUX.TRAMITE,AUX,0,0.85,agente:texto,2026-09-06T13:37:38Z
acta,decada_votada:sen:747,POLINST.CONST,POLINST,1,0.85,agente:texto,2026-09-06T13:37:38Z
acta,decada_votada:sen:747,POLINST.ORGEST,POLINST,0,0.85,agente:texto,2026-09-06T13:37:38Z
acta,decada_votada:sen:748,POLINST.CONST,POLINST,1,0.95,agente:texto,2026-09-06T13:38:23Z
acta,decada_votada:sen:748,POLINST.ORGEST,POLINST,0,0.95,agente:texto,2026-09-06T13:38:23Z
acta,decada_votada:sen:749,POLINST.CONST,POLINST,1,0.95,agente:texto,2026-09-06T13:37:34Z
acta,decada_votada:sen:749,POLINST.ORGEST,POLINST,0,0.95,agente:texto,2026-09-06T13:37:34Z
acta,decada_votada:sen:750,ECON.TRIB,ECON,0,0.85,agente:texto,2026-09-06T14:23:41Z
acta,decada_votada:sen:750,JUST.PENAL,JUST,1,0.85,agente:texto,2026-09-06T14:23:41Z
acta,decada_votada:sen:750,JUST.SEGINT,JUST,0,0.85,agente:texto,2026-09-06T14:23:41Z
acta,decada_votada:sen:751,AUX.TRAMITE,AUX,1,0.95,agente:texto,2026-09-06T14:34:24Z
acta,decada_votada:sen:752,AUX.TRAMITE,AUX,1,0.95,agente:texto,2026-09-06T14:33:34Z
acta,decada_votada:sen:753,CYT.INNOV,CYT,0,0.95,agente:texto,2026-09-06T13:38:36Z
acta,decada_votada:sen:753,DESREG.DESECO,DESREG,0,0.95,agente:texto,2026-09-06T13:38:36Z
acta,decada_votada:sen:753,ENER.COMBUS,ENER,1,0.95,agente:texto,2026-09-06T13:38:36Z
acta,decada_votada:sen:753,ENER.RENOV,ENER,0,0.95,agente:texto,2026-09-06T13:38:36Z
acta,decada_votada:sen:753,PROD.INDPYME,PROD,0,0.95,agente:texto,2026-09-06T13:38:36Z
acta,decada_votada:sen:755,DEF.DEFENSA,DEF,1,0.95,agente:texto,2026-09-06T14:21:17Z
acta,decada_votada:sen:755,DEF.EXTERIOR,DEF,0,0.95,agente:texto,2026-09-06T14:21:17Z
acta,decada_votada:sen:755,DEF.TRATADO,DEF,0,0.95,agente:texto,2026-09-06T14:21:17Z
acta,decada_votada:sen:757,AUX.TRAMITE,AUX,1,0.95,agente:texto,2026-09-06T13:48:39Z
acta,decada_votada:sen:758,DERSOC.DDHH,DERSOC,0,0.95,agente:texto,2026-09-06T14:28:32Z
acta,decada_votada:sen:758,DERSOC.GENERO,DERSOC,0,0.95,agente:texto,2026-09-06T14:28:32Z
acta,decada_votada:sen:758,JUST.CIVCOM,JUST,1,0.95,agente:texto,2026-09-06T14:28:32Z
acta,decada_votada:sen:758,SALUD.SISTEMA,SALUD,0,0.95,agente:texto,2026-09-06T14:28:32Z
acta,decada_votada:sen:759,DERSOC.DDHH,DERSOC,0,0.95,agente:texto,2026-09-06T14:27:01Z
acta,decada_votada:sen:759,DERSOC.ORIGIN,DERSOC,1,0.95,agente:texto,2026-09-06T14:27:01Z
acta,decada_votada:sen:759,ECON.EMERG,ECON,0,0.95,agente:texto,2026-09-06T14:27:01Z
acta,decada_votada:sen:759,JUST.PROPIED,JUST,0,0.95,agente:texto,2026-09-06T14:27:01Z
acta,decada_votada:sen:76,JUST.PENAL,JUST,1,0.95,agente:texto,2026-09-06T14:06:49Z
acta,decada_votada:sen:760,DERSOC.DDHH,DERSOC,0,0.95,agente:texto,2026-09-06T14:18:31Z
acta,decada_votada:sen:760,DERSOC.ORIGIN,DERSOC,1,0.95,agente:texto,2026-09-06T14:18:31Z
acta,decada_votada:sen:760,ECON.EMERG,ECON,0,0.95,agente:texto,2026-09-06T14:18:31Z
acta,decada_votada:sen:760,JUST.PROPIED,JUST,0,0.95,agente:texto,2026-09-06T14:18:31Z
acta,decada_votada:sen:761,DERSOC.DDHH,DERSOC,0,0.95,agente:texto,2026-09-06T14:15:34Z
acta,decada_votada:sen:761,DERSOC.ORIGIN,DERSOC,1,0.95,agente:texto,2026-09-06T14:15:34Z
acta,decada_votada:sen:761,ECON.EMERG,ECON,0,0.95,agente:texto,2026-09-06T14:15:34Z
acta,decada_votada:sen:761,JUST.PROPIED,JUST,0,0.95,agente:texto,2026-09-06T14:15:34Z
acta,decada_votada:sen:762,AUX.TRAMITE,AUX,0,0.95,agente:texto,2026-09-06T14:48:52Z
acta,decada_votada:sen:762,TRAB.PREV,TRAB,1,0.95,agente:texto,2026-09-06T14:48:52Z
acta,decada_votada:sen:763,CULT.DEPORTE,CULT,0,0.95,agente:texto,2026-09-06T13:50:10Z
acta,decada_votada:sen:763,DEF.TRATADO,DEF,1,0.95,agente:texto,2026-09-06T13:50:10Z
acta,decada_votada:sen:763,SALUD.MEDIC,SALUD,0,0.95,agente:texto,2026-09-06T13:50:10Z
acta,decada_votada:sen:764,AUX.TRAMITE,AUX,1,0.95,agente:texto,2026-09-06T14:40:33Z
acta,decada_votada:sen:765,DEF.DEFENSA,DEF,1,0.95,agente:texto,2026-09-06T13:44:04Z
acta,decada_votada:sen:765,DEF.TRATADO,DEF,0,0.95,agente:texto,2026-09-06T13:44:04Z
acta,decada_votada:sen:766,DEF.DEFENSA,DEF,1,0.95,agente:texto,2026-09-06T13:45:19Z
acta,decada_votada:sen:766,DEF.TRATADO,DEF,0,0.95,agente:texto,2026-09-06T13:45:19Z
acta,decada_votada:sen:769,DESREG.EMPUB,DESREG,0,0.9,agente:texto,2026-09-06T13:31:22Z
acta,decada_votada:sen:769,INFRA.TRANSP,INFRA,1,0.9,agente:texto,2026-09-06T13:31:22Z
acta,decada_votada:sen:769,POLINST.ORGEST,POLINST,0,0.9,agente:texto,2026-09-06T13:31:22Z
acta,decada_votada:sen:772,DESREG.EMPUB,DESREG,0,0.8,agente:texto,2026-09-06T14:10:14Z
acta,decada_votada:sen:772,ECON.COPART,ECON,0,0.8,agente:texto,2026-09-06T14:10:14Z
acta,decada_votada:sen:772,INFRA.OBRA,INFRA,0,0.8,agente:texto,2026-09-06T14:10:14Z
acta,decada_votada:sen:772,INFRA.TRANSP,INFRA,1,0.8,agente:texto,2026-09-06T14:10:14Z
acta,decada_votada:sen:774,AUX.TRAMITE,AUX,0,0.95,agente:texto,2026-09-06T14:31:22Z
acta,decada_votada:sen:774,ECON.COPART,ECON,0,0.95,agente:texto,2026-09-06T14:31:22Z
acta,decada_votada:sen:774,ECON.EMERG,ECON,1,0.95,agente:texto,2026-09-06T14:31:22Z
acta,decada_votada:sen:775,CYT.CIENCIA,CYT,0,0.95,agente:texto,2026-09-06T13:28:45Z
acta,decada_votada:sen:775,DEF.DEFENSA,DEF,0,0.95,agente:texto,2026-09-06T13:28:45Z
acta,decada_votada:sen:775,DEF.TRATADO,DEF,1,0.95,agente:texto,2026-09-06T13:28:45Z
acta,decada_votada:sen:775,PROD.AGRO,PROD,0,0.95,agente:texto,2026-09-06T13:28:45Z
acta,decada_votada:sen:775,SALUD.SISTEMA,SALUD,0,0.95,agente:texto,2026-09-06T13:28:45Z
acta,decada_votada:sen:777,ENER.ELEC,ENER,0,0.95,agente:texto,2026-09-06T14:40:52Z
acta,decada_votada:sen:777,ENER.RENOV,ENER,1,0.95,agente:texto,2026-09-06T14:40:52Z
acta,decada_votada:sen:777,PROD.INVER,PROD,0,0.95,agente:texto,2026-09-06T14:40:52Z
acta,decada_votada:sen:778,ENER.ELEC,ENER,0,0.95,agente:texto,2026-09-06T14:15:47Z
acta,decada_votada:sen:778,ENER.RENOV,ENER,1,0.95,agente:texto,2026-09-06T14:15:47Z
acta,decada_votada:sen:778,PROD.INVER,PROD,0,0.95,agente:texto,2026-09-06T14:15:47Z
acta,decada_votada:sen:779,ENER.ELEC,ENER,0,0.95,agente:texto,2026-09-06T14:32:02Z
acta,decada_votada:sen:779,ENER.RENOV,ENER,1,0.95,agente:texto,2026-09-06T14:32:02Z
acta,decada_votada:sen:779,PROD.INVER,PROD,0,0.95,agente:texto,2026-09-06T14:32:02Z
acta,decada_votada:sen:780,ENER.ELEC,ENER,0,0.95,agente:texto,2026-09-06T14:31:09Z
acta,decada_votada:sen:780,ENER.RENOV,ENER,1,0.95,agente:texto,2026-09-06T14:31:09Z
acta,decada_votada:sen:780,PROD.INVER,PROD,0,0.95,agente:texto,2026-09-06T14:31:09Z
acta,decada_votada:sen:781,AUX.TRAMITE,AUX,0,0.95,agente:texto,2026-09-06T13:54:03Z
acta,decada_votada:sen:781,ECON.COPART,ECON,0,0.95,agente:texto,2026-09-06T13:54:03Z
acta,decada_votada:sen:781,ECON.EMERG,ECON,1,0.95,agente:texto,2026-09-06T13:54:03Z
acta,decada_votada:sen:782,AUX.TRAMITE,AUX,1,0.95,agente:texto,2026-09-06T13:52:05Z
acta,decada_votada:sen:783,ECON.PRESU,ECON,0,0.95,agente:texto,2026-09-06T14:32:11Z
acta,decada_votada:sen:783,INFRA.VIVIENDA,INFRA,1,0.95,agente:texto,2026-09-06T14:32:11Z
acta,decada_votada:sen:794,ECON.TRIB,ECON,1,0.95,agente:texto,2026-09-06T14:14:49Z
acta,decada_votada:sen:794,PROD.AGRO,PROD,0,0.95,agente:texto,2026-09-06T14:14:49Z
acta,decada_votada:sen:794,PROD.INDPYME,PROD,0,0.95,agente:texto,2026-09-06T14:14:49Z
acta,decada_votada:sen:795,DESSOC.ASIST,DESSOC,0,0.95,agente:texto,2026-09-06T13:56:00Z
acta,decada_votada:sen:795,ECON.COPART,ECON,0,0.95,agente:texto,2026-09-06T13:56:00Z
acta,decada_votada:sen:795,ECON.EMERG,ECON,1,0.95,agente:texto,2026-09-06T13:56:00Z
acta,decada_votada:sen:798,AUX.TRAMITE,AUX,0,0.85,agente:texto,2026-09-06T13:42:07Z
acta,decada_votada:sen:798,ENER.ELEC,ENER,1,0.85,agente:texto,2026-09-06T13:42:07Z
acta,decada_votada:sen:798,INFRA.TRANSP,INFRA,0,0.85,agente:texto,2026-09-06T13:42:07Z
acta,decada_votada:sen:800,AMB.AGUA,AMB,1,0.99,manual,2026-09-07T19:08:32Z
acta,decada_votada:sen:800,DESREG.MODEST,DESREG,0,0.95,agente:texto,2026-09-06T14:02:07Z
acta,decada_votada:sen:800,POLINST.ORGEST,POLINST,0,0.95,agente:texto,2026-09-06T14:02:07Z
acta,decada_votada:sen:801,AUX.TRAMITE,AUX,1,0.95,agente:texto,2026-09-06T13:52:02Z
acta,decada_votada:sen:802,AUX.TRAMITE,AUX,1,0.95,agente:texto,2026-09-06T13:45:34Z
acta,decada_votada:sen:805,CYT.CIENCIA,CYT,0,0.95,agente:texto,2026-09-06T14:48:36Z
acta,decada_votada:sen:805,DEF.EXTERIOR,DEF,0,0.95,agente:texto,2026-09-06T14:48:36Z
acta,decada_votada:sen:805,DEF.TRATADO,DEF,1,0.95,agente:texto,2026-09-06T14:48:36Z
acta,decada_votada:sen:805,SALUD.SISTEMA,SALUD,0,0.95,agente:texto,2026-09-06T14:48:36Z
acta,decada_votada:sen:807,DEF.TRATADO,DEF,1,0.95,agente:texto,2026-09-06T14:19:14Z
acta,decada_votada:sen:807,DERSOC.MIGRA,DERSOC,0,0.95,agente:texto,2026-09-06T14:19:14Z
acta,decada_votada:sen:808,DEF.TRATADO,DEF,0,0.95,agente:texto,2026-09-06T14:40:49Z
acta,decada_votada:sen:808,INFRA.TELECOM,INFRA,0,0.95,agente:texto,2026-09-06T14:40:49Z
acta,decada_votada:sen:808,POLINST.CONST,POLINST,1,0.95,agente:texto,2026-09-06T14:40:49Z
acta,decada_votada:sen:811,JUST.JUDIC,JUST,1,0.95,agente:texto,2026-09-06T14:38:21Z
acta,decada_votada:sen:812,JUST.JUDIC,JUST,0,0.95,agente:texto,2026-09-06T13:40:59Z
acta,decada_votada:sen:812,JUST.PENALJUV,JUST,1,0.95,agente:texto,2026-09-06T13:40:59Z
acta,decada_votada:sen:813,DEF.TRATADO,DEF,1,0.95,agente:texto,2026-09-06T14:05:24Z
acta,decada_votada:sen:813,DERSOC.DDHH,DERSOC,0,0.95,agente:texto,2026-09-06T14:05:24Z
acta,decada_votada:sen:813,DERSOC.GENERO,DERSOC,0,0.95,agente:texto,2026-09-06T14:05:24Z
acta,decada_votada:sen:814,ECON.DEUDA,ECON,0,0.95,agente:texto,2026-09-06T14:49:07Z
acta,decada_votada:sen:814,INFRA.VIVIENDA,INFRA,0,0.95,agente:texto,2026-09-06T14:49:07Z
acta,decada_votada:sen:814,JUST.CIVCOM,JUST,1,0.95,agente:texto,2026-09-06T14:49:07Z
acta,decada_votada:sen:816,TRAB.PREV,TRAB,1,0.95,agente:texto,2026-09-06T14:23:48Z
acta,decada_votada:sen:817,JUST.JUDIC,JUST,1,0.95,agente:texto,2026-09-06T13:57:14Z
acta,decada_votada:sen:817,POLINST.CONST,POLINST,0,0.95,agente:texto,2026-09-06T13:57:14Z
acta,decada_votada:sen:820,ECON.TRIB,ECON,1,0.95,agente:texto,2026-09-06T13:42:47Z
acta,decada_votada:sen:820,TRAB.LABOR,TRAB,0,0.95,agente:texto,2026-09-06T13:42:47Z
acta,decada_votada:sen:821,AUX.TRAMITE,AUX,0,0.8,agente:texto,2026-09-06T14:26:42Z
acta,decada_votada:sen:821,ECON.DEUDA,ECON,1,0.8,agente:texto,2026-09-06T14:26:42Z
acta,decada_votada:sen:821,ECON.PRESU,ECON,0,0.8,agente:texto,2026-09-06T14:26:42Z
acta,decada_votada:sen:821,INFRA.VIVIENDA,INFRA,0,0.8,agente:texto,2026-09-06T14:26:42Z
acta,decada_votada:sen:822,DERSOC.DDHH,DERSOC,1,0.95,agente:texto,2026-09-06T13:48:18Z
acta,decada_votada:sen:823,DESREG.DESECO,DESREG,0,0.85,agente:texto,2026-09-06T13:43:58Z
acta,decada_votada:sen:823,JUST.CIVCOM,JUST,1,0.85,agente:texto,2026-09-06T13:43:58Z
acta,decada_votada:sen:823,PROD.COMEX,PROD,0,0.85,agente:texto,2026-09-06T13:43:58Z
acta,decada_votada:sen:824,ECON.TRIB,ECON,1,0.95,agente:texto,2026-09-06T14:30:53Z
acta,decada_votada:sen:825,AUX.TRAMITE,AUX,0,0.95,agente:texto,2026-09-06T14:15:26Z
acta,decada_votada:sen:825,ECON.TRIB,ECON,1,0.95,agente:texto,2026-09-06T14:15:26Z
acta,decada_votada:sen:826,ECON.TRIB,ECON,1,0.95,agente:texto,2026-09-06T14:15:09Z
acta,decada_votada:sen:827,ECON.TRIB,ECON,1,0.95,agente:texto,2026-09-06T14:14:46Z
acta,decada_votada:sen:828,AUX.TRAMITE,AUX,0,0.95,agente:texto,2026-09-06T14:15:03Z
acta,decada_votada:sen:828,ECON.TRIB,ECON,1,0.95,agente:texto,2026-09-06T14:15:03Z
acta,decada_votada:sen:829,ECON.TRIB,ECON,1,0.95,agente:texto,2026-09-06T14:15:22Z
acta,decada_votada:sen:830,ECON.TRIB,ECON,1,0.95,agente:texto,2026-09-06T14:15:31Z
acta,decada_votada:sen:831,ECON.TRIB,ECON,1,0.99,manual,2026-09-07T19:08:32Z
acta,decada_votada:sen:834,CULT.MEDIOS,CULT,0,0.85,agente:texto,2026-09-06T14:24:27Z
acta,decada_votada:sen:834,DERSOC.DDHH,DERSOC,0,0.85,agente:texto,2026-09-06T14:24:27Z
acta,decada_votada:sen:834,SALUD.DISCAP,SALUD,1,0.85,agente:texto,2026-09-06T14:24:27Z
acta,decada_votada:sen:835,AUX.TRAMITE,AUX,0,0.95,agente:texto,2026-09-06T14:27:18Z
acta,decada_votada:sen:835,ECON.DEUDA,ECON,1,0.95,agente:texto,2026-09-06T14:27:18Z
acta,decada_votada:sen:835,ECON.TRIB,ECON,0,0.95,agente:texto,2026-09-06T14:27:18Z
acta,decada_votada:sen:836,CYT.PI,CYT,1,0.95,agente:texto,2026-09-06T14:43:54Z
acta,decada_votada:sen:836,DERSOC.DDHH,DERSOC,0,0.95,agente:texto,2026-09-06T14:43:54Z
acta,decada_votada:sen:836,SALUD.DISCAP,SALUD,0,0.95,agente:texto,2026-09-06T14:43:54Z
acta,decada_votada:sen:838,AUX.TRAMITE,AUX,1,0.95,agente:texto,2026-09-06T13:33:53Z
acta,decada_votada:sen:838,POLINST.ORGEST,POLINST,1,0.75,manual,2026-09-07T19:08:32Z
acta,decada_votada:sen:842,DERSOC.DDHH,DERSOC,0,0.95,agente:texto,2026-09-06T13:38:33Z
acta,decada_votada:sen:842,DERSOC.NINEZ,DERSOC,0,0.95,agente:texto,2026-09-06T13:38:33Z
acta,decada_votada:sen:842,JUST.PENAL,JUST,1,0.95,agente:texto,2026-09-06T13:38:33Z
acta,decada_votada:sen:843,AUX.SINCLASIF,AUX,1,0.0,agente:texto,2026-09-06T13:41:29Z
acta,decada_votada:sen:844,ECON.MON,ECON,0,0.95,agente:texto,2026-09-06T14:23:54Z
acta,decada_votada:sen:844,ENER.HIDRO,ENER,1,0.95,agente:texto,2026-09-06T14:23:54Z
acta,decada_votada:sen:844,PROD.COMEX,PROD,0,0.95,agente:texto,2026-09-06T14:23:54Z
acta,decada_votada:sen:846,ENER.ELEC,ENER,0,0.95,agente:texto,2026-09-06T13:52:20Z
acta,decada_votada:sen:846,ENER.RENOV,ENER,1,0.95,agente:texto,2026-09-06T13:52:20Z
acta,decada_votada:sen:849,AUX.HOMENAJE,AUX,1,0.95,agente:texto,2026-09-06T14:39:52Z
acta,decada_votada:sen:850,AMB.AGUA,AMB,1,0.95,agente:texto,2026-09-06T13:32:02Z
acta,decada_votada:sen:850,DESREG.EMPUB,DESREG,0,0.95,agente:texto,2026-09-06T13:32:02Z
acta,decada_votada:sen:850,INFRA.OBRA,INFRA,0,0.95,agente:texto,2026-09-06T13:32:02Z
acta,decada_votada:sen:850,POLINST.ORGEST,POLINST,0,0.95,agente:texto,2026-09-06T13:32:02Z
acta,decada_votada:sen:851,AUX.TRAMITE,AUX,0,0.95,agente:texto,2026-09-06T14:16:33Z
acta,decada_votada:sen:851,JUST.JUDIC,JUST,1,0.95,agente:texto,2026-09-06T14:16:33Z
acta,decada_votada:sen:852,JUST.JUDIC,JUST,1,0.95,agente:texto,2026-09-06T14:05:56Z
acta,decada_votada:sen:853,CULT.MEDIOS,CULT,0,0.75,agente:texto,2026-09-06T14:45:41Z
acta,decada_votada:sen:853,INFRA.TRANSP,INFRA,0,0.75,agente:texto,2026-09-06T14:45:41Z
acta,decada_votada:sen:853,JUST.SEGINT,JUST,1,0.75,agente:texto,2026-09-06T14:45:41Z
acta,decada_votada:sen:854,AUX.TRAMITE,AUX,1,0.95,agente:texto,2026-09-06T14:34:18Z
acta,decada_votada:sen:855,AUX.TRAMITE,AUX,1,0.95,agente:texto,2026-09-06T14:30:58Z
acta,decada_votada:sen:856,AUX.TRAMITE,AUX,1,0.95,agente:texto,2026-09-06T13:29:47Z
acta,decada_votada:sen:857,JUST.JUDIC,JUST,1,0.95,agente:texto,2026-09-06T13:30:44Z
acta,decada_votada:sen:864,AUX.HOMENAJE,AUX,1,0.95,agente:texto,2026-09-06T14:24:43Z
acta,decada_votada:sen:866,DESREG.MODEST,DESREG,0,0.9,agente:texto,2026-09-06T14:45:06Z
acta,decada_votada:sen:866,JUST.PENAL,JUST,0,0.9,agente:texto,2026-09-06T14:45:06Z
acta,decada_votada:sen:866,PROD.AGRO,PROD,1,0.9,agente:texto,2026-09-06T14:45:06Z
acta,decada_votada:sen:867,AUX.TRAMITE,AUX,1,0.95,agente:texto,2026-09-06T13:57:16Z
acta,decada_votada:sen:868,ECON.TRIB,ECON,1,0.95,agente:texto,2026-09-06T13:43:32Z
acta,decada_votada:sen:868,SALUD.MENTAL,SALUD,0,0.95,agente:texto,2026-09-06T13:43:32Z
acta,decada_votada:sen:868,SALUD.SISTEMA,SALUD,0,0.95,agente:texto,2026-09-06T13:43:32Z
acta,decada_votada:sen:870,AMB.AGUA,AMB,1,0.7,agente:texto,2026-09-06T14:18:53Z
acta,decada_votada:sen:870,AMB.BOSQUE,AMB,0,0.7,agente:texto,2026-09-06T14:18:53Z
acta,decada_votada:sen:870,AMB.CLIMA,AMB,0,0.7,agente:texto,2026-09-06T14:18:53Z
acta,decada_votada:sen:870,AMB.RESID,AMB,0,0.7,agente:texto,2026-09-06T14:18:53Z
acta,decada_votada:sen:870,DERSOC.DDHH,DERSOC,0,0.7,agente:texto,2026-09-06T14:18:53Z
acta,decada_votada:sen:871,DESREG.DESECO,DESREG,0,0.95,agente:texto,2026-09-06T14:39:49Z
acta,decada_votada:sen:871,ECON.TRIB,ECON,1,0.95,agente:texto,2026-09-06T14:39:49Z
acta,decada_votada:sen:871,PROD.INDPYME,PROD,0,0.95,agente:texto,2026-09-06T14:39:49Z
acta,decada_votada:sen:872,DESREG.EMPUB,DESREG,0,0.95,agente:texto,2026-09-06T14:40:36Z
acta,decada_votada:sen:872,ECON.TRIB,ECON,1,0.95,agente:texto,2026-09-06T14:40:36Z
acta,decada_votada:sen:872,INFRA.TELECOM,INFRA,0,0.95,agente:texto,2026-09-06T14:40:36Z
acta,decada_votada:sen:873,PROD.AGRO,PROD,0,0.95,agente:texto,2026-09-06T13:46:34Z
acta,decada_votada:sen:873,TRAB.LABOR,TRAB,0,0.95,agente:texto,2026-09-06T13:46:34Z
acta,decada_votada:sen:873,TRAB.SINDIC,TRAB,1,0.95,agente:texto,2026-09-06T13:46:34Z
acta,decada_votada:sen:874,DEF.TRATADO,DEF,1,0.95,agente:texto,2026-09-06T13:40:13Z
acta,decada_votada:sen:874,JUST.SEGINT,JUST,0,0.95,agente:texto,2026-09-06T13:40:13Z
acta,decada_votada:sen:875,DEF.TRATADO,DEF,1,0.95,agente:texto,2026-09-06T14:03:22Z
acta,decada_votada:sen:876,CULT.CULTURA,CULT,0,0.95,agente:texto,2026-09-06T14:23:04Z
acta,decada_votada:sen:876,DEF.TRATADO,DEF,1,0.95,agente:texto,2026-09-06T14:23:04Z
acta,decada_votada:sen:876,EDU.SUPERIOR,EDU,0,0.95,agente:texto,2026-09-06T14:23:04Z
acta,decada_votada:sen:878,AUX.TRAMITE,AUX,1,0.95,agente:texto,2026-09-06T14:43:48Z
acta,decada_votada:sen:880,AUX.TRAMITE,AUX,1,0.95,agente:texto,2026-09-06T14:33:53Z
acta,decada_votada:sen:881,AUX.TRAMITE,AUX,1,0.95,agente:texto,2026-09-06T13:31:30Z
acta,decada_votada:sen:882,AUX.TRAMITE,AUX,1,0.95,agente:texto,2026-09-06T13:30:42Z
acta,decada_votada:sen:883,JUST.JUDIC,JUST,1,0.95,agente:texto,2026-09-06T13:51:24Z
acta,decada_votada:sen:884,AUX.TRAMITE,AUX,1,0.95,agente:texto,2026-09-06T13:57:11Z
acta,decada_votada:sen:885,DESSOC.ASIST,DESSOC,0,0.95,agente:texto,2026-09-06T14:05:15Z
acta,decada_votada:sen:885,ECON.EMERG,ECON,1,0.95,agente:texto,2026-09-06T14:05:15Z
acta,decada_votada:sen:885,POLINST.ORGEST,POLINST,0,0.95,agente:texto,2026-09-06T14:05:15Z
acta,decada_votada:sen:886,AUX.TRAMITE,AUX,1,0.95,agente:texto,2026-09-06T13:41:45Z
acta,decada_votada:sen:887,AUX.SINCLASIF,AUX,1,0.0,agente:texto,2026-09-06T13:50:49Z
acta,decada_votada:sen:888,DEF.DEFENSA,DEF,1,0.95,agente:texto,2026-09-06T14:35:18Z
acta,decada_votada:sen:888,DEF.TRATADO,DEF,0,0.95,agente:texto,2026-09-06T14:35:18Z
acta,decada_votada:sen:889,DEF.DEFENSA,DEF,1,0.95,agente:texto,2026-09-06T14:28:25Z
acta,decada_votada:sen:889,DEF.TRATADO,DEF,0,0.95,agente:texto,2026-09-06T14:28:25Z
acta,decada_votada:sen:890,DEF.DEFENSA,DEF,1,0.95,agente:texto,2026-09-06T13:57:09Z
acta,decada_votada:sen:890,DEF.TRATADO,DEF,0,0.95,agente:texto,2026-09-06T13:57:09Z
acta,decada_votada:sen:891,AUX.TRAMITE,AUX,0,0.85,agente:texto,2026-09-06T14:34:05Z
acta,decada_votada:sen:891,ECON.DEUDA,ECON,1,0.85,agente:texto,2026-09-06T14:34:05Z
acta,decada_votada:sen:891,INFRA.VIVIENDA,INFRA,0,0.85,agente:texto,2026-09-06T14:34:05Z
acta,decada_votada:sen:892,AUX.TRAMITE,AUX,1,0.95,agente:texto,2026-09-06T14:35:52Z
acta,decada_votada:sen:893,AMB.RESID,AMB,1,0.85,agente:texto,2026-09-06T14:37:37Z
acta,decada_votada:sen:893,DESREG.DESECO,DESREG,0,0.85,agente:texto,2026-09-06T14:37:37Z
acta,decada_votada:sen:893,PROD.COMEX,PROD,0,0.85,agente:texto,2026-09-06T14:37:37Z
acta,decada_votada:sen:894,AUX.TRAMITE,AUX,1,0.95,agente:texto,2026-09-06T14:28:05Z
acta,decada_votada:sen:895,AUX.TRAMITE,AUX,1,0.95,agente:texto,2026-09-06T14:42:31Z
acta,decada_votada:sen:897,AUX.TRAMITE,AUX,1,0.95,agente:texto,2026-09-06T13:43:17Z
acta,decada_votada:sen:898,JUST.PENAL,JUST,1,0.95,agente:texto,2026-09-06T13:52:37Z
acta,decada_votada:sen:898,JUST.SEGINT,JUST,0,0.95,agente:texto,2026-09-06T13:52:37Z
acta,decada_votada:sen:899,DESSOC.PNC,DESSOC,0,0.95,agente:texto,2026-09-06T13:42:59Z
acta,decada_votada:sen:899,JUST.PROPIED,JUST,1,0.95,agente:texto,2026-09-06T13:42:59Z
acta,decada_votada:sen:899,TRAB.PREV,TRAB,0,0.95,agente:texto,2026-09-06T13:42:59Z
acta,decada_votada:sen:902,AUX.HOMENAJE,AUX,1,0.95,agente:texto,2026-09-06T14:26:48Z
acta,decada_votada:sen:906,AMB.BOSQUE,AMB,1,0.75,agente:texto,2026-09-06T14:47:24Z
acta,decada_votada:sen:906,AMB.MINER,AMB,0,0.75,agente:texto,2026-09-06T14:47:24Z
acta,decada_votada:sen:906,DESREG.DESECO,DESREG,0,0.75,agente:texto,2026-09-06T14:47:24Z
acta,decada_votada:sen:906,PROD.COMEX,PROD,0,0.75,agente:texto,2026-09-06T14:47:24Z
acta,decada_votada:sen:906,SALUD.SISTEMA,SALUD,0,0.75,agente:texto,2026-09-06T14:47:24Z
acta,decada_votada:sen:910,DEF.TRATADO,DEF,1,0.95,agente:texto,2026-09-06T14:37:27Z
acta,decada_votada:sen:910,DERSOC.DDHH,DERSOC,0,0.95,agente:texto,2026-09-06T14:37:27Z
acta,decada_votada:sen:910,DERSOC.GENERO,DERSOC,0,0.95,agente:texto,2026-09-06T14:37:27Z
acta,decada_votada:sen:911,AUX.TRAMITE,AUX,1,0.95,agente:texto,2026-09-06T14:44:38Z
acta,decada_votada:sen:912,DEF.EXTERIOR,DEF,0,0.95,agente:texto,2026-09-06T14:26:45Z
acta,decada_votada:sen:912,DEF.TRATADO,DEF,1,0.95,agente:texto,2026-09-06T14:26:45Z
acta,decada_votada:sen:912,POLINST.ORGEST,POLINST,0,0.95,agente:texto,2026-09-06T14:26:45Z
acta,decada_votada:sen:913,AUX.HOMENAJE,AUX,1,0.95,agente:texto,2026-09-06T14:23:57Z
acta,decada_votada:sen:914,AUX.TRAMITE,AUX,1,0.95,agente:texto,2026-09-06T14:47:54Z
acta,decada_votada:sen:915,ECON.PRESU,ECON,0,0.85,agente:texto,2026-09-06T14:03:25Z
acta,decada_votada:sen:915,INFRA.TRANSP,INFRA,0,0.85,agente:texto,2026-09-06T14:03:25Z
acta,decada_votada:sen:915,SALUD.DISCAP,SALUD,1,0.85,agente:texto,2026-09-06T14:03:25Z
acta,decada_votada:sen:916,AUX.TRAMITE,AUX,1,0.95,agente:texto,2026-09-06T14:31:53Z
acta,decada_votada:sen:916,JUST.JUDIC,JUST,1,0.99,manual,2026-09-07T19:08:32Z
acta,decada_votada:sen:917,AUX.TRAMITE,AUX,1,0.95,agente:texto,2026-09-06T14:42:34Z
acta,decada_votada:sen:918,AMB.MINER,AMB,0,0.9,agente:texto,2026-09-06T14:18:57Z
acta,decada_votada:sen:918,CULT.CULTURA,CULT,1,0.9,agente:texto,2026-09-06T14:18:57Z
acta,decada_votada:sen:918,JUST.PROPIED,JUST,0,0.9,agente:texto,2026-09-06T14:18:57Z
acta,decada_votada:sen:919,AUX.TRAMITE,AUX,1,0.95,agente:texto,2026-09-06T14:31:29Z
acta,decada_votada:sen:924,AUX.TRAMITE,AUX,0,0.95,agente:texto,2026-09-06T13:58:26Z
acta,decada_votada:sen:924,ECON.DEUDA,ECON,1,0.95,agente:texto,2026-09-06T13:58:26Z
acta,decada_votada:sen:924,TRAB.PREV,TRAB,0,0.95,agente:texto,2026-09-06T13:58:26Z
acta,decada_votada:sen:925,AUX.TRAMITE,AUX,0,0.75,agente:texto,2026-09-06T14:40:08Z
acta,decada_votada:sen:925,JUST.SEGINT,JUST,0,0.75,agente:texto,2026-09-06T14:40:08Z
acta,decada_votada:sen:925,POLINST.ORGEST,POLINST,1,0.75,agente:texto,2026-09-06T14:40:08Z
acta,decada_votada:sen:928,AUX.SINCLASIF,AUX,1,0.0,agente:texto,2026-09-06T13:31:36Z
acta,decada_votada:sen:929,AUX.HOMENAJE,AUX,0,0.85,agente:texto,2026-09-06T14:47:34Z
acta,decada_votada:sen:929,CULT.CULTURA,CULT,1,0.85,agente:texto,2026-09-06T14:47:34Z
acta,decada_votada:sen:93,DEF.DEFENSA,DEF,1,0.95,agente:texto,2026-09-06T14:18:34Z
acta,decada_votada:sen:93,DEF.EXTERIOR,DEF,0,0.95,agente:texto,2026-09-06T14:18:34Z
acta,decada_votada:sen:93,DEF.TRATADO,DEF,0,0.95,agente:texto,2026-09-06T14:18:34Z
acta,decada_votada:sen:930,AUX.TRAMITE,AUX,1,0.95,agente:texto,2026-09-06T14:36:30Z
acta,decada_votada:sen:931,AUX.TRAMITE,AUX,1,0.95,agente:texto,2026-09-06T14:09:44Z
acta,decada_votada:sen:932,DERSOC.DDHH,DERSOC,1,0.8,agente:texto,2026-09-06T13:42:44Z
acta,decada_votada:sen:932,JUST.JUDIC,JUST,0,0.8,agente:texto,2026-09-06T13:42:44Z
acta,decada_votada:sen:932,JUST.PENAL,JUST,0,0.8,agente:texto,2026-09-06T13:42:44Z
acta,decada_votada:sen:933,DERSOC.DDHH,DERSOC,1,0.95,agente:texto,2026-09-06T14:08:43Z
acta,decada_votada:sen:933,DERSOC.NINEZ,DERSOC,0,0.95,agente:texto,2026-09-06T14:08:43Z
acta,decada_votada:sen:933,JUST.SEGINT,JUST,0,0.95,agente:texto,2026-09-06T14:08:43Z
acta,decada_votada:sen:934,AUX.HOMENAJE,AUX,0,0.85,agente:texto,2026-09-06T14:07:46Z
acta,decada_votada:sen:934,CULT.CULTURA,CULT,1,0.85,agente:texto,2026-09-06T14:07:46Z
acta,decada_votada:sen:937,DERSOC.NINEZ,DERSOC,1,0.5,manual,2026-09-07T19:08:32Z
acta,decada_votada:sen:938,DEF.DEFENSA,DEF,1,0.95,agente:texto,2026-09-06T13:48:37Z
acta,decada_votada:sen:938,DEF.TRATADO,DEF,0,0.95,agente:texto,2026-09-06T13:48:37Z
acta,decada_votada:sen:94,DEF.DEFENSA,DEF,1,0.95,agente:texto,2026-09-06T14:08:32Z
acta,decada_votada:sen:94,DEF.EXTERIOR,DEF,0,0.95,agente:texto,2026-09-06T14:08:32Z
acta,decada_votada:sen:94,DEF.TRATADO,DEF,0,0.95,agente:texto,2026-09-06T14:08:32Z
acta,decada_votada:sen:941,AUX.TRAMITE,AUX,1,0.95,agente:texto,2026-09-06T13:42:12Z
acta,decada_votada:sen:942,AUX.HOMENAJE,AUX,0,0.85,agente:texto,2026-09-06T14:18:49Z
acta,decada_votada:sen:942,CULT.CULTURA,CULT,1,0.85,agente:texto,2026-09-06T14:18:49Z
acta,decada_votada:sen:942,DEF.EXTERIOR,DEF,0,0.85,agente:texto,2026-09-06T14:18:49Z
acta,decada_votada:sen:948,AUX.TRAMITE,AUX,1,0.95,agente:texto,2026-09-06T13:53:46Z
acta,decada_votada:sen:952,AUX.HOMENAJE,AUX,1,0.95,agente:texto,2026-09-06T14:32:54Z
acta,decada_votada:sen:955,AMB.BOSQUE,AMB,1,0.95,agente:texto,2026-09-06T14:48:30Z
acta,decada_votada:sen:956,AMB.BOSQUE,AMB,1,0.95,agente:texto,2026-09-06T14:48:27Z
acta,decada_votada:sen:956,ECON.PRESU,ECON,0,0.95,agente:texto,2026-09-06T14:48:27Z
acta,decada_votada:sen:960,AMB.BOSQUE,AMB,1,0.95,agente:texto,2026-09-06T14:48:00Z
acta,decada_votada:sen:963,AMB.BOSQUE,AMB,1,0.95,agente:texto,2026-09-06T14:39:07Z
acta,decada_votada:sen:963,ECON.PRESU,ECON,0,0.95,agente:texto,2026-09-06T14:39:07Z
acta,decada_votada:sen:964,AMB.BOSQUE,AMB,1,0.95,agente:texto,2026-09-06T14:00:57Z
acta,decada_votada:sen:965,AMB.BOSQUE,AMB,1,0.95,agente:texto,2026-09-06T14:45:37Z
acta,decada_votada:sen:965,AUX.TRAMITE,AUX,0,0.95,agente:texto,2026-09-06T14:45:37Z
acta,decada_votada:sen:966,AMB.BOSQUE,AMB,1,0.95,agente:texto,2026-09-06T14:46:20Z
acta,decada_votada:sen:966,AUX.TRAMITE,AUX,0,0.95,agente:texto,2026-09-06T14:46:20Z
acta,decada_votada:sen:967,AMB.BOSQUE,AMB,1,0.95,agente:texto,2026-09-06T14:46:11Z
acta,decada_votada:sen:968,AMB.BOSQUE,AMB,1,0.95,agente:texto,2026-09-06T14:46:09Z
acta,decada_votada:sen:969,AMB.BOSQUE,AMB,1,0.95,agente:texto,2026-09-06T14:41:11Z
acta,decada_votada:sen:969,ECON.PRESU,ECON,0,0.95,agente:texto,2026-09-06T14:41:11Z
acta,decada_votada:sen:970,AMB.BOSQUE,AMB,1,0.95,agente:texto,2026-09-06T14:40:42Z
acta,decada_votada:sen:970,ECON.PRESU,ECON,0,0.95,agente:texto,2026-09-06T14:40:42Z
acta,decada_votada:sen:972,AMB.BOSQUE,AMB,1,0.85,agente:texto,2026-09-06T14:49:01Z
acta,decada_votada:sen:972,JUST.CIVCOM,JUST,0,0.85,agente:texto,2026-09-06T14:49:01Z
acta,decada_votada:sen:974,AUX.TRAMITE,AUX,1,0.95,agente:texto,2026-09-06T14:37:50Z
acta,decada_votada:sen:975,AUX.HOMENAJE,AUX,0,0.95,agente:texto,2026-09-06T14:34:30Z
acta,decada_votada:sen:975,DERSOC.NINEZ,DERSOC,1,0.95,agente:texto,2026-09-06T14:34:30Z
acta,decada_votada:sen:976,ECON.COPART,ECON,0,0.95,agente:texto,2026-09-06T14:10:02Z
acta,decada_votada:sen:976,ECON.PRESU,ECON,0,0.95,agente:texto,2026-09-06T14:10:02Z
acta,decada_votada:sen:976,ENER.COMBUS,ENER,1,0.95,agente:texto,2026-09-06T14:10:02Z
acta,decada_votada:sen:976,ENER.TARIFA,ENER,0,0.95,agente:texto,2026-09-06T14:10:02Z
acta,decada_votada:sen:977,ECON.COPART,ECON,0,0.95,agente:texto,2026-09-06T14:30:32Z
acta,decada_votada:sen:977,ENER.COMBUS,ENER,1,0.95,agente:texto,2026-09-06T14:30:32Z
acta,decada_votada:sen:977,ENER.TARIFA,ENER,0,0.95,agente:texto,2026-09-06T14:30:32Z
acta,decada_votada:sen:978,ECON.TRIB,ECON,1,0.95,agente:texto,2026-09-06T14:16:57Z
acta,decada_votada:sen:98,DEF.DEFENSA,DEF,1,0.95,agente:texto,2026-09-06T13:43:52Z
acta,decada_votada:sen:98,DEF.TRATADO,DEF,0,0.95,agente:texto,2026-09-06T13:43:52Z
acta,decada_votada:sen:982,AUX.TRAMITE,AUX,1,0.95,agente:texto,2026-09-06T13:35:55Z
acta,decada_votada:sen:983,DERSOC.DDHH,DERSOC,0,0.9,agente:texto,2026-09-06T13:37:09Z
acta,decada_votada:sen:983,SALUD.MENTAL,SALUD,1,0.9,agente:texto,2026-09-06T13:37:09Z
acta,decada_votada:sen:983,SALUD.SISTEMA,SALUD,0,0.9,agente:texto,2026-09-06T13:37:09Z
acta,decada_votada:sen:984,DERSOC.ORIGIN,DERSOC,0,0.9,agente:texto,2026-09-06T13:55:13Z
acta,decada_votada:sen:984,DESSOC.ASIST,DESSOC,0,0.9,agente:texto,2026-09-06T13:55:13Z
acta,decada_votada:sen:984,TRAB.LABOR,TRAB,0,0.9,agente:texto,2026-09-06T13:55:13Z
acta,decada_votada:sen:984,TRAB.PREV,TRAB,1,0.9,agente:texto,2026-09-06T13:55:13Z
acta,decada_votada:sen:985,DEF.TRATADO,DEF,1,0.85,agente:texto,2026-09-06T14:26:26Z
acta,decada_votada:sen:985,ECON.PRESU,ECON,0,0.85,agente:texto,2026-09-06T14:26:26Z
acta,decada_votada:sen:986,AUX.TRAMITE,AUX,1,0.95,agente:texto,2026-09-06T13:51:22Z
acta,decada_votada:sen:988,AMB.CLIMA,AMB,0,0.95,agente:texto,2026-09-06T13:52:29Z
acta,decada_votada:sen:988,DESREG.DESECO,DESREG,0,0.95,agente:texto,2026-09-06T13:52:29Z
acta,decada_votada:sen:988,ECON.TRIB,ECON,0,0.95,agente:texto,2026-09-06T13:52:29Z
acta,decada_votada:sen:988,ENER.COMBUS,ENER,1,0.95,agente:texto,2026-09-06T13:52:29Z
acta,decada_votada:sen:988,PROD.AGRO,PROD,0,0.95,agente:texto,2026-09-06T13:52:29Z
acta,decada_votada:sen:989,EDU.SUPERIOR,EDU,1,0.99,manual,2026-09-07T19:08:32Z
acta,decada_votada:sen:990,DESREG.MODEST,DESREG,0,0.85,agente:texto,2026-09-06T14:37:44Z
acta,decada_votada:sen:990,POLINST.ETICA,POLINST,0,0.85,agente:texto,2026-09-06T14:37:44Z
acta,decada_votada:sen:990,SALUD.SISTEMA,SALUD,1,0.85,agente:texto,2026-09-06T14:37:44Z
acta,decada_votada:sen:992,CYT.CIBER,CYT,0,0.95,agente:texto,2026-09-06T13:41:55Z
acta,decada_votada:sen:992,JUST.PENAL,JUST,1,0.95,agente:texto,2026-09-06T13:41:55Z
acta,decada_votada:sen:995,AUX.TRAMITE,AUX,1,0.95,agente:texto,2026-09-06T14:28:02Z
acta,decada_votada:sen:996,AUX.TRAMITE,AUX,1,0.95,agente:texto,2026-09-06T14:36:36Z
acta,decada_votada:sen:997,AMB.AGUA,AMB,1,0.95,agente:texto,2026-09-06T13:46:11Z
acta,decada_votada:sen:997,INFRA.OBRA,INFRA,0,0.95,agente:texto,2026-09-06T13:46:11Z
acta,decada_votada:sen:997,JUST.SEGINT,JUST,0,0.95,agente:texto,2026-09-06T13:46:11Z
acta,decada_votada:sen:999,AUX.HOMENAJE,AUX,1,0.95,agente:texto,2026-09-06T13:39:17Z
acta,senado:1,ECON.DEUDA,ECON,1,0.95,agente:texto,2026-09-06T13:56:42Z
acta,senado:1,ECON.PRESU,ECON,0,0.95,agente:texto,2026-09-06T13:56:42Z
acta,senado:101,AUX.TRAMITE,AUX,1,0.95,agente:texto,2026-09-06T13:30:13Z
acta,senado:102,AUX.SINCLASIF,AUX,1,0.0,agente:texto,2026-09-06T14:31:33Z
acta,senado:108,AUX.TRAMITE,AUX,1,0.95,agente:texto,2026-09-06T13:35:19Z
acta,senado:109,JUST.JUDIC,JUST,0,0.95,agente:texto,2026-09-06T13:50:38Z
acta,senado:109,JUST.PENAL,JUST,1,0.95,agente:texto,2026-09-06T13:50:38Z
acta,senado:109,JUST.SEGINT,JUST,0,0.95,agente:texto,2026-09-06T13:50:38Z
acta,senado:110,JUST.JUDIC,JUST,0,0.95,agente:texto,2026-09-06T13:49:46Z
acta,senado:110,JUST.PENAL,JUST,1,0.95,agente:texto,2026-09-06T13:49:46Z
acta,senado:110,JUST.SEGINT,JUST,0,0.95,agente:texto,2026-09-06T13:49:46Z
acta,senado:1114,DERSOC.DDHH,DERSOC,0,0.95,agente:texto,2026-09-06T14:16:55Z
acta,senado:1114,DERSOC.GENERO,DERSOC,1,0.95,agente:texto,2026-09-06T14:16:55Z
acta,senado:1114,JUST.PENAL,JUST,0,0.95,agente:texto,2026-09-06T14:16:55Z
acta,senado:1114,JUST.SEGINT,JUST,0,0.95,agente:texto,2026-09-06T14:16:55Z
acta,senado:1119,AUX.TRAMITE,AUX,0,0.85,agente:texto,2026-09-06T13:29:04Z
acta,senado:1119,CYT.PI,CYT,0,0.85,agente:texto,2026-09-06T13:29:04Z
acta,senado:1119,DEF.EXTERIOR,DEF,0,0.85,agente:texto,2026-09-06T13:29:04Z
acta,senado:1119,DERSOC.NINEZ,DERSOC,0,0.85,agente:texto,2026-09-06T13:29:04Z
acta,senado:1119,DESREG.SOCIED,DESREG,1,0.85,agente:texto,2026-09-06T13:29:04Z
acta,senado:1119,ECON.EMERG,ECON,0,0.85,agente:texto,2026-09-06T13:29:04Z
acta,senado:1119,JUST.CIVCOM,JUST,0,0.85,agente:texto,2026-09-06T13:29:04Z
acta,senado:1119,JUST.SEGINT,JUST,0,0.85,agente:texto,2026-09-06T13:29:04Z
acta,senado:1119,PROD.AGRO,PROD,0,0.85,agente:texto,2026-09-06T13:29:04Z
acta,senado:1119,SALUD.SISTEMA,SALUD,0,0.85,agente:texto,2026-09-06T13:29:04Z
acta,senado:1120,AUX.HOMENAJE,AUX,0,0.85,agente:texto,2026-09-06T13:30:33Z
acta,senado:1120,CULT.CULTURA,CULT,1,0.85,agente:texto,2026-09-06T13:30:33Z
acta,senado:1120,EDU.BASICA,EDU,0,0.85,agente:texto,2026-09-06T13:30:33Z
acta,senado:1120,SALUD.MENTAL,SALUD,0,0.85,agente:texto,2026-09-06T13:30:33Z
acta,senado:116,AUX.TRAMITE,AUX,1,0.95,agente:texto,2026-09-06T13:45:21Z
acta,senado:1163,ECON.DEUDA,ECON,1,0.95,agente:texto,2026-07-22T21:59:26Z
acta,senado:1169,AUX.TRAMITE,AUX,1,0.95,agente:texto,2026-07-22T21:59:29Z
acta,senado:117,DESREG.MODEST,DESREG,1,0.85,agente:texto,2026-09-06T14:51:26Z
acta,senado:117,ECON.PRESU,ECON,0,0.85,agente:texto,2026-09-06T14:51:26Z
acta,senado:117,INFRA.OBRA,INFRA,0,0.85,agente:texto,2026-09-06T14:51:26Z
acta,senado:117,JUST.CIVCOM,JUST,0,0.85,agente:texto,2026-09-06T14:51:26Z
acta,senado:1170,AUX.TRAMITE,AUX,1,0.95,agente:texto,2026-07-22T21:59:31Z
acta,senado:1171,DEF.EXTERIOR,DEF,1,0.95,agente:texto,2026-07-22T21:59:33Z
acta,senado:1172,AUX.TRAMITE,AUX,1,0.95,agente:texto,2026-07-22T21:58:38Z
acta,senado:1173,AUX.TRAMITE,AUX,1,0.95,agente:texto,2026-07-22T21:58:40Z
acta,senado:1174,DEF.EXTERIOR,DEF,1,0.95,agente:texto,2026-07-22T21:58:43Z
acta,senado:1175,DERSOC.DDHH,DERSOC,0,0.95,agente:texto,2026-07-22T21:58:46Z
acta,senado:1175,DERSOC.NINEZ,DERSOC,1,0.95,agente:texto,2026-07-22T21:58:46Z
acta,senado:1175,POLINST.ORGEST,POLINST,0,0.95,agente:texto,2026-07-22T21:58:46Z
acta,senado:1176,DESREG.DESECO,DESREG,0,0.85,agente:texto,2026-07-22T21:58:50Z
acta,senado:1176,JUST.CIVCOM,JUST,0,0.85,agente:texto,2026-07-22T21:58:50Z
acta,senado:1176,PROD.COMEX,PROD,1,0.85,agente:texto,2026-07-22T21:58:50Z
acta,senado:1177,TRAB.PREV,TRAB,1,0.95,agente:texto,2026-07-22T21:58:52Z
acta,senado:1178,AUX.TRAMITE,AUX,1,0.95,agente:texto,2026-07-22T21:58:55Z
acta,senado:1179,AUX.TRAMITE,AUX,0,0.95,agente:texto,2026-07-22T21:58:58Z
acta,senado:1179,POLINST.CONST,POLINST,1,0.95,agente:texto,2026-07-22T21:58:58Z
acta,senado:1180,DEF.DEFENSA,DEF,0,0.95,agente:texto,2026-07-22T21:59:01Z
acta,senado:1180,ECON.EMERG,ECON,0,0.95,agente:texto,2026-07-22T21:59:01Z
acta,senado:1180,JUST.SEGINT,JUST,0,0.95,agente:texto,2026-07-22T21:59:01Z
acta,senado:1180,SALUD.SISTEMA,SALUD,1,0.95,agente:texto,2026-07-22T21:59:01Z
acta,senado:1180,TRAB.EMPLEOPUB,TRAB,0,0.95,agente:texto,2026-07-22T21:59:01Z
acta,senado:1182,EDU.BASICA,EDU,1,0.4,agente:texto,2026-07-22T21:59:08Z
acta,senado:1182,EDU.SUPERIOR,EDU,0,0.4,agente:texto,2026-07-22T21:59:08Z
acta,senado:1182,INFRA.VIVIENDA,INFRA,0,0.4,agente:texto,2026-07-22T21:59:08Z
acta,senado:1183,POLINST.CONST,POLINST,1,0.95,agente:texto,2026-07-22T21:59:11Z
acta,senado:1183,POLINST.ORGEST,POLINST,0,0.95,agente:texto,2026-07-22T21:59:11Z
acta,senado:1184,EDU.BASICA,EDU,0,0.6,agente:texto,2026-07-22T21:59:05Z
acta,senado:1184,EDU.SUPERIOR,EDU,1,0.6,agente:texto,2026-07-22T21:59:05Z
acta,senado:1184,INFRA.TELECOM,INFRA,0,0.6,agente:texto,2026-07-22T21:59:05Z
acta,senado:1185,DESREG.SOCIED,DESREG,0,0.95,agente:texto,2026-07-22T21:59:14Z
acta,senado:1185,INFRA.VIVIENDA,INFRA,0,0.95,agente:texto,2026-07-22T21:59:14Z
acta,senado:1185,JUST.CIVCOM,JUST,1,0.95,agente:texto,2026-07-22T21:59:14Z
acta,senado:1186,DEF.TRATADO,DEF,1,0.95,agente:texto,2026-07-22T21:59:17Z
acta,senado:1186,DERSOC.DDHH,DERSOC,0,0.95,agente:texto,2026-07-22T21:59:17Z
acta,senado:1186,TRAB.LABOR,TRAB,0,0.95,agente:texto,2026-07-22T21:59:17Z
acta,senado:1187,JUST.JUDIC,JUST,1,0.75,agente:texto,2026-07-22T21:59:21Z
acta,senado:1187,POLINST.ETICA,POLINST,0,0.75,agente:texto,2026-07-22T21:59:21Z
acta,senado:1188,AUX.TRAMITE,AUX,1,0.95,agente:texto,2026-07-22T21:59:23Z
acta,senado:1189,CYT.INNOV,CYT,0,0.95,agente:texto,2026-07-22T21:57:45Z
acta,senado:1189,INFRA.TELECOM,INFRA,0,0.95,agente:texto,2026-07-22T21:57:45Z
acta,senado:1189,SALUD.MEDIC,SALUD,0,0.95,agente:texto,2026-07-22T21:57:45Z
acta,senado:1189,SALUD.SISTEMA,SALUD,1,0.95,agente:texto,2026-07-22T21:57:45Z
acta,senado:1190,CYT.CIBER,CYT,0,0.95,agente:texto,2026-07-22T21:57:49Z
acta,senado:1190,DEF.EXTERIOR,DEF,1,0.95,agente:texto,2026-07-22T21:57:49Z
acta,senado:1190,DEF.TRATADO,DEF,0,0.95,agente:texto,2026-07-22T21:57:49Z
acta,senado:1191,CYT.CIENCIA,CYT,0,0.95,agente:texto,2026-07-22T21:57:58Z
acta,senado:1191,DERSOC.DDHH,DERSOC,0,0.95,agente:texto,2026-07-22T21:57:58Z
acta,senado:1191,EDU.SUPERIOR,EDU,0,0.95,agente:texto,2026-07-22T21:57:58Z
acta,senado:1191,JUST.PENAL,JUST,1,0.95,agente:texto,2026-07-22T21:57:58Z
acta,senado:1192,DERSOC.DDHH,DERSOC,0,0.95,agente:texto,2026-07-22T21:58:01Z
acta,senado:1192,ECON.DEUDA,ECON,0,0.95,agente:texto,2026-07-22T21:58:01Z
acta,senado:1192,ECON.TRIB,ECON,0,0.95,agente:texto,2026-07-22T21:58:01Z
acta,senado:1192,POLINST.CONST,POLINST,1,0.95,agente:texto,2026-07-22T21:58:01Z
acta,senado:1193,CYT.CIBER,CYT,0,0.95,agente:texto,2026-07-22T21:58:05Z
acta,senado:1193,DESREG.EMPUB,DESREG,0,0.95,agente:texto,2026-07-22T21:58:05Z
acta,senado:1193,ECON.PRESU,ECON,0,0.95,agente:texto,2026-07-22T21:58:05Z
acta,senado:1193,POLINST.CONST,POLINST,1,0.95,agente:texto,2026-07-22T21:58:05Z
acta,senado:1194,DESREG.MODEST,DESREG,0,0.95,agente:texto,2026-07-22T21:58:08Z
acta,senado:1194,TRAB.LABOR,TRAB,1,0.95,agente:texto,2026-07-22T21:58:08Z
acta,senado:1195,ECON.DEUDA,ECON,1,0.95,agente:texto,2026-07-22T21:57:35Z
acta,senado:1196,AUX.TRAMITE,AUX,1,0.95,agente:texto,2026-07-22T21:54:22Z
acta,senado:1197,AMB.AGUA,AMB,0,0.95,agente:texto,2026-07-22T21:57:39Z
acta,senado:1197,CULT.CULTURA,CULT,1,0.95,agente:texto,2026-07-22T21:57:39Z
acta,senado:1197,CULT.MEDIOS,CULT,0,0.95,agente:texto,2026-07-22T21:57:39Z
acta,senado:1197,DEF.TRATADO,DEF,0,0.95,agente:texto,2026-07-22T21:57:39Z
acta,senado:1197,EDU.SUPERIOR,EDU,0,0.95,agente:texto,2026-07-22T21:57:39Z
acta,senado:1197,POLINST.ETICA,POLINST,0,0.95,agente:texto,2026-07-22T21:57:39Z
acta,senado:1198,DESREG.DESECO,DESREG,0,0.75,agente:texto,2026-07-22T21:58:12Z
acta,senado:1198,ECON.EMERG,ECON,0,0.75,agente:texto,2026-07-22T21:58:12Z
acta,senado:1198,PROD.COMEX,PROD,1,0.75,agente:texto,2026-07-22T21:58:12Z
acta,senado:1199,ECON.EMERG,ECON,0,0.95,agente:texto,2026-07-22T21:57:43Z
acta,senado:1199,PROD.AGRO,PROD,1,0.95,agente:texto,2026-07-22T21:57:43Z
acta,senado:12,AUX.SINCLASIF,AUX,1,0.0,agente:texto,2026-09-06T14:27:33Z
acta,senado:1200,ECON.PRESU,ECON,1,0.99,manual,2026-09-07T19:08:32Z
acta,senado:1201,ECON.TRIB,ECON,1,0.95,agente:texto,2026-07-22T21:54:26Z
acta,senado:1202,DEF.DEFENSA,DEF,1,0.95,agente:texto,2026-07-22T21:55:53Z
acta,senado:1203,JUST.JUDIC,JUST,1,0.95,agente:texto,2026-07-22T21:58:17Z
acta,senado:1203,POLINST.ORGEST,POLINST,0,0.95,agente:texto,2026-07-22T21:58:17Z
acta,senado:1204,JUST.JUDIC,JUST,1,0.95,agente:texto,2026-07-22T21:56:04Z
acta,senado:1205,CYT.CIBER,CYT,0,0.95,agente:texto,2026-07-22T21:56:07Z
acta,senado:1205,DERSOC.DDHH,DERSOC,0,0.95,agente:texto,2026-07-22T21:56:07Z
acta,senado:1205,DERSOC.NINEZ,DERSOC,1,0.95,agente:texto,2026-07-22T21:56:07Z
acta,senado:1205,EDU.BASICA,EDU,0,0.95,agente:texto,2026-07-22T21:56:07Z
acta,senado:1206,DEF.TRATADO,DEF,1,0.95,agente:texto,2026-07-22T21:55:56Z
acta,senado:1206,ECON.DEUDA,ECON,0,0.95,agente:texto,2026-07-22T21:55:56Z
acta,senado:1206,INFRA.OBRA,INFRA,0,0.95,agente:texto,2026-07-22T21:55:56Z
acta,senado:1207,AUX.TRAMITE,AUX,1,0.95,agente:texto,2026-07-22T21:55:59Z
acta,senado:1208,AUX.TRAMITE,AUX,1,0.95,agente:texto,2026-07-22T21:56:10Z
acta,senado:1209,POLINST.CONST,POLINST,1,0.9,agente:texto,2026-07-22T21:58:19Z
acta,senado:1209,POLINST.ORGEST,POLINST,0,0.9,agente:texto,2026-07-22T21:58:19Z
acta,senado:1210,AUX.TRAMITE,AUX,1,0.95,agente:texto,2026-07-22T21:58:22Z
acta,senado:1211,JUST.JUDIC,JUST,1,0.95,agente:texto,2026-07-22T21:56:13Z
acta,senado:1212,PROD.AGRO,PROD,1,0.95,agente:texto,2026-07-22T21:56:16Z
acta,senado:1213,DEF.DEFENSA,DEF,1,0.95,agente:texto,2026-07-22T21:58:25Z
acta,senado:1213,ECON.PRESU,ECON,0,0.95,agente:texto,2026-07-22T21:58:25Z
acta,senado:1214,AUX.TRAMITE,AUX,1,0.95,agente:texto,2026-07-22T21:56:19Z
acta,senado:1215,ECON.COPART,ECON,0,0.85,agente:texto,2026-07-22T21:56:22Z
acta,senado:1215,JUST.SEGINT,JUST,0,0.85,agente:texto,2026-07-22T21:56:22Z
acta,senado:1215,POLINST.ORGEST,POLINST,1,0.85,agente:texto,2026-07-22T21:56:22Z
acta,senado:1216,CYT.INNOV,CYT,1,0.95,agente:texto,2026-07-22T21:58:27Z
acta,senado:1216,ECON.TRIB,ECON,0,0.95,agente:texto,2026-07-22T21:58:27Z
acta,senado:1216,PROD.INVER,PROD,0,0.95,agente:texto,2026-07-22T21:58:27Z
acta,senado:1217,ECON.MON,ECON,0,0.85,agente:texto,2026-07-22T21:56:25Z
acta,senado:1217,POLINST.ETICA,POLINST,1,0.85,agente:texto,2026-07-22T21:56:25Z
acta,senado:1218,AUX.TRAMITE,AUX,1,0.95,agente:texto,2026-07-22T21:58:29Z
acta,senado:1219,AUX.TRAMITE,AUX,1,0.95,agente:texto,2026-07-22T21:58:32Z
acta,senado:1220,AMB.CLIMA,AMB,1,0.85,agente:texto,2026-07-22T21:56:28Z
acta,senado:1220,DESREG.MODEST,DESREG,0,0.85,agente:texto,2026-07-22T21:56:28Z
acta,senado:1220,EDU.BASICA,EDU,0,0.85,agente:texto,2026-07-22T21:56:28Z
acta,senado:1220,TRAB.EMPLEOPUB,TRAB,0,0.85,agente:texto,2026-07-22T21:56:28Z
acta,senado:1221,CULT.MEDIOS,CULT,1,0.95,agente:texto,2026-07-22T21:56:31Z
acta,senado:1221,DERSOC.GENERO,DERSOC,0,0.95,agente:texto,2026-07-22T21:56:31Z
acta,senado:1222,DEF.TRATADO,DEF,1,0.85,agente:texto,2026-07-22T21:58:36Z
acta,senado:1222,ECON.DEUDA,ECON,0,0.85,agente:texto,2026-07-22T21:58:36Z
acta,senado:1222,INFRA.OBRA,INFRA,0,0.85,agente:texto,2026-07-22T21:58:36Z
acta,senado:1223,AUX.HOMENAJE,AUX,0,0.75,agente:texto,2026-07-22T21:56:34Z
acta,senado:1223,CULT.CULTURA,CULT,1,0.99,manual,2026-09-07T19:08:32Z
acta,senado:1224,DESREG.MODEST,DESREG,0,0.95,agente:texto,2026-07-22T21:56:58Z
acta,senado:1224,JUST.CIVCOM,JUST,1,0.95,agente:texto,2026-07-22T21:56:58Z
acta,senado:1224,TRAB.EMPLEOPUB,TRAB,0,0.95,agente:texto,2026-07-22T21:56:58Z
acta,senado:1225,AMB.AGUA,AMB,0,0.95,agente:texto,2026-07-22T21:56:37Z
acta,senado:1225,DEF.TRATADO,DEF,1,0.95,agente:texto,2026-07-22T21:56:37Z
acta,senado:1225,JUST.JUDIC,JUST,0,0.95,agente:texto,2026-07-22T21:56:37Z
acta,senado:1226,INFRA.TELECOM,INFRA,0,0.9,agente:texto,2026-07-22T21:57:00Z
acta,senado:1226,SALUD.SISTEMA,SALUD,1,0.9,agente:texto,2026-07-22T21:57:00Z
acta,senado:1227,DERSOC.DDHH,DERSOC,0,0.95,agente:texto,2026-07-22T21:57:03Z
acta,senado:1227,INFRA.TELECOM,INFRA,1,0.95,agente:texto,2026-07-22T21:57:03Z
acta,senado:1227,JUST.CIVCOM,JUST,0,0.95,agente:texto,2026-07-22T21:57:03Z
acta,senado:1228,ECON.EMERG,ECON,1,0.95,agente:texto,2026-07-22T21:54:29Z
acta,senado:1228,JUST.CIVCOM,JUST,0,0.95,agente:texto,2026-07-22T21:54:29Z
acta,senado:1229,AUX.TRAMITE,AUX,1,0.95,agente:texto,2026-07-22T21:54:32Z
acta,senado:1230,DEF.TRATADO,DEF,1,0.85,agente:texto,2026-07-22T21:54:37Z
acta,senado:1231,DESREG.EMPUB,DESREG,0,0.75,agente:texto,2026-07-22T21:56:41Z
acta,senado:1231,ECON.COPART,ECON,0,0.75,agente:texto,2026-07-22T21:56:41Z
acta,senado:1231,INFRA.VIVIENDA,INFRA,1,0.75,agente:texto,2026-07-22T21:56:41Z
acta,senado:1232,AUX.HOMENAJE,AUX,0,0.85,agente:texto,2026-07-22T21:54:41Z
acta,senado:1232,SALUD.MEDIC,SALUD,1,0.85,agente:texto,2026-07-22T21:54:41Z
acta,senado:1233,DESREG.DESECO,DESREG,0,0.75,agente:texto,2026-07-22T21:54:44Z
acta,senado:1233,PROD.INDPYME,PROD,0,0.75,agente:texto,2026-07-22T21:54:44Z
acta,senado:1233,SALUD.MEDIC,SALUD,1,0.75,agente:texto,2026-07-22T21:54:44Z
acta,senado:1234,AMB.CLIMA,AMB,0,0.95,agente:texto,2026-07-22T21:56:45Z
acta,senado:1234,DESREG.DESECO,DESREG,0,0.95,agente:texto,2026-07-22T21:56:45Z
acta,senado:1234,ENER.COMBUS,ENER,1,0.95,agente:texto,2026-07-22T21:56:45Z
acta,senado:1234,ENER.RENOV,ENER,0,0.95,agente:texto,2026-07-22T21:56:45Z
acta,senado:1234,PROD.INVER,PROD,0,0.95,agente:texto,2026-07-22T21:56:45Z
acta,senado:1235,ECON.DEUDA,ECON,0,0.85,agente:texto,2026-07-22T21:54:48Z
acta,senado:1235,ECON.PRESU,ECON,1,0.85,agente:texto,2026-07-22T21:54:48Z
acta,senado:1236,AUX.TRAMITE,AUX,1,0.95,agente:texto,2026-07-22T21:56:02Z
acta,senado:1237,DESSOC.ASIST,DESSOC,0,0.95,agente:texto,2026-07-22T21:56:50Z
acta,senado:1237,TRAB.LABOR,TRAB,1,0.95,agente:texto,2026-07-22T21:56:50Z
acta,senado:1237,TRAB.PREV,TRAB,0,0.95,agente:texto,2026-07-22T21:56:50Z
acta,senado:1238,AUX.HOMENAJE,AUX,0,0.9,agente:texto,2026-07-22T21:57:07Z
acta,senado:1238,DERSOC.DDHH,DERSOC,0,0.9,agente:texto,2026-07-22T21:57:07Z
acta,senado:1238,DERSOC.NINEZ,DERSOC,1,0.9,agente:texto,2026-07-22T21:57:07Z
acta,senado:1238,INFRA.OBRA,INFRA,0,0.9,agente:texto,2026-07-22T21:57:07Z
acta,senado:1238,SALUD.DISCAP,SALUD,0,0.9,agente:texto,2026-07-22T21:57:07Z
acta,senado:1239,AUX.HOMENAJE,AUX,0,0.8,agente:texto,2026-07-22T21:56:53Z
acta,senado:1239,CULT.CULTURA,CULT,1,0.8,agente:texto,2026-07-22T21:56:53Z
acta,senado:1239,DEF.TRATADO,DEF,0,0.8,agente:texto,2026-07-22T21:56:53Z
acta,senado:1239,EDU.SUPERIOR,EDU,0,0.8,agente:texto,2026-07-22T21:56:53Z
acta,senado:1240,DESREG.EMPUB,DESREG,1,0.75,agente:texto,2026-07-22T21:55:15Z
acta,senado:1240,INFRA.OBRA,INFRA,0,0.75,agente:texto,2026-07-22T21:55:15Z
acta,senado:1240,JUST.PROPIED,JUST,0,0.75,agente:texto,2026-07-22T21:55:15Z
acta,senado:1241,ECON.PRESU,ECON,1,0.95,agente:texto,2026-07-22T21:55:17Z
acta,senado:1242,AUX.TRAMITE,AUX,1,0.95,agente:texto,2026-07-22T21:57:10Z
acta,senado:1243,AUX.HOMENAJE,AUX,0,0.85,agente:texto,2026-07-22T21:55:21Z
acta,senado:1243,CULT.CULTURA,CULT,0,0.85,agente:texto,2026-07-22T21:55:21Z
acta,senado:1243,CULT.DEPORTE,CULT,1,0.85,agente:texto,2026-07-22T21:55:21Z
acta,senado:1243,JUST.PROPIED,JUST,0,0.85,agente:texto,2026-07-22T21:55:21Z
acta,senado:1244,DEF.TRATADO,DEF,0,0.95,agente:texto,2026-07-22T21:55:25Z
acta,senado:1244,DERSOC.DDHH,DERSOC,1,0.95,agente:texto,2026-07-22T21:55:25Z
acta,senado:1244,POLINST.CONST,POLINST,0,0.95,agente:texto,2026-07-22T21:55:25Z
acta,senado:1245,AUX.TRAMITE,AUX,1,0.95,agente:texto,2026-07-22T21:55:28Z
acta,senado:1246,ECON.PRESU,ECON,1,0.95,agente:texto,2026-07-22T21:55:31Z
acta,senado:1247,JUST.JUDIC,JUST,1,0.95,agente:texto,2026-07-22T21:57:13Z
acta,senado:1247,POLINST.ORGEST,POLINST,0,0.95,agente:texto,2026-07-22T21:57:13Z
acta,senado:1248,AUX.TRAMITE,AUX,0,0.85,agente:texto,2026-07-22T21:55:34Z
acta,senado:1248,DEF.DEFENSA,DEF,1,0.85,agente:texto,2026-07-22T21:55:34Z
acta,senado:1248,JUST.JUDIC,JUST,0,0.85,agente:texto,2026-07-22T21:55:34Z
acta,senado:1249,AUX.HOMENAJE,AUX,1,0.95,agente:texto,2026-07-22T21:57:15Z
acta,senado:125,DEF.TRATADO,DEF,0,0.99,manual,2026-09-07T19:08:32Z
acta,senado:125,PROD.COMEX,PROD,1,0.99,manual,2026-09-07T19:08:32Z
acta,senado:1250,AMB.RESID,AMB,0,0.85,agente:texto,2026-07-22T21:57:19Z
acta,senado:1250,DESREG.DESECO,DESREG,0,0.85,agente:texto,2026-07-22T21:57:19Z
acta,senado:1250,SALUD.SISTEMA,SALUD,1,0.85,agente:texto,2026-07-22T21:57:19Z
acta,senado:1251,INFRA.TRANSP,INFRA,0,0.85,agente:texto,2026-07-22T21:55:36Z
acta,senado:1251,JUST.CIVCOM,JUST,1,0.85,agente:texto,2026-07-22T21:55:36Z
acta,senado:1252,ECON.DEUDA,ECON,1,0.95,agente:texto,2026-07-22T21:57:21Z
acta,senado:1253,AUX.TRAMITE,AUX,1,0.95,agente:texto,2026-07-22T21:55:39Z
acta,senado:1254,DEF.DEFENSA,DEF,1,0.95,agente:texto,2026-07-22T21:55:45Z
acta,senado:1254,DEF.EXTERIOR,DEF,0,0.95,agente:texto,2026-07-22T21:55:45Z
acta,senado:1254,DEF.TRATADO,DEF,0,0.95,agente:texto,2026-07-22T21:55:45Z
acta,senado:1254,PROD.INVER,PROD,0,0.95,agente:texto,2026-07-22T21:55:45Z
acta,senado:1255,CULT.CULTURA,CULT,1,0.7,agente:texto,2026-07-22T21:57:25Z
acta,senado:1255,INFRA.TRANSP,INFRA,0,0.7,agente:texto,2026-07-22T21:57:25Z
acta,senado:1255,JUST.SEGINT,JUST,0,0.7,agente:texto,2026-07-22T21:57:25Z
acta,senado:1256,AMB.BOSQUE,AMB,1,0.95,agente:texto,2026-07-22T21:57:28Z
acta,senado:1256,AMB.CLIMA,AMB,0,0.95,agente:texto,2026-07-22T21:57:28Z
acta,senado:1256,DESREG.DESECO,DESREG,0,0.95,agente:texto,2026-07-22T21:57:28Z
acta,senado:1257,ECON.EMERG,ECON,1,0.95,agente:texto,2026-07-22T21:55:48Z
acta,senado:1257,ECON.TRIB,ECON,0,0.95,agente:texto,2026-07-22T21:55:48Z
acta,senado:1258,ECON.COPART,ECON,0,0.85,agente:texto,2026-07-22T21:54:20Z
acta,senado:1258,JUST.SEGINT,JUST,0,0.85,agente:texto,2026-07-22T21:54:20Z
acta,senado:1258,POLINST.ORGEST,POLINST,1,0.85,agente:texto,2026-07-22T21:54:20Z
acta,senado:1259,TRAB.PREV,TRAB,1,0.95,agente:texto,2026-07-22T21:57:30Z
acta,senado:1260,DERSOC.GENERO,DERSOC,1,0.95,agente:texto,2026-07-22T21:55:51Z
acta,senado:1260,JUST.CIVCOM,JUST,0,0.95,agente:texto,2026-07-22T21:55:51Z
acta,senado:1260,SALUD.SISTEMA,SALUD,0,0.95,agente:texto,2026-07-22T21:55:51Z
acta,senado:1261,DERSOC.DDHH,DERSOC,0,0.85,agente:texto,2026-07-22T21:57:33Z
acta,senado:1261,DERSOC.NINEZ,DERSOC,0,0.85,agente:texto,2026-07-22T21:57:33Z
acta,senado:1261,SALUD.SISTEMA,SALUD,1,0.85,agente:texto,2026-07-22T21:57:33Z
acta,senado:1266,DEF.EXTERIOR,DEF,1,0.95,agente:texto,2026-07-22T21:52:05Z
acta,senado:1267,ECON.COPART,ECON,1,0.9,agente:texto,2026-07-22T21:52:03Z
acta,senado:1267,POLINST.ORGEST,POLINST,0,0.9,agente:texto,2026-07-22T21:52:03Z
acta,senado:1268,DESREG.DESECO,DESREG,0,0.85,agente:texto,2026-07-22T21:52:08Z
acta,senado:1268,INFRA.OBRA,INFRA,0,0.85,agente:texto,2026-07-22T21:52:08Z
acta,senado:1268,PROD.INVER,PROD,1,0.85,agente:texto,2026-07-22T21:52:08Z
acta,senado:1269,CYT.CIENCIA,CYT,1,0.95,agente:texto,2026-07-22T21:52:11Z
acta,senado:1269,CYT.INNOV,CYT,0,0.95,agente:texto,2026-07-22T21:52:11Z
acta,senado:1269,ECON.COPART,ECON,0,0.95,agente:texto,2026-07-22T21:52:11Z
acta,senado:1269,ECON.PRESU,ECON,0,0.95,agente:texto,2026-07-22T21:52:11Z
acta,senado:127,AUX.TRAMITE,AUX,1,0.95,agente:texto,2026-09-06T13:41:07Z
acta,senado:1270,DEF.DEFENSA,DEF,0,0.85,agente:texto,2026-07-22T21:54:55Z
acta,senado:1270,DERSOC.DDHH,DERSOC,1,0.85,agente:texto,2026-07-22T21:54:55Z
acta,senado:1270,DESSOC.ASIST,DESSOC,0,0.85,agente:texto,2026-07-22T21:54:55Z
acta,senado:1271,AUX.TRAMITE,AUX,1,0.95,agente:texto,2026-07-22T21:54:57Z
acta,senado:1272,AUX.TRAMITE,AUX,1,0.95,agente:texto,2026-07-22T21:51:45Z
acta,senado:1273,AUX.TRAMITE,AUX,1,0.95,agente:texto,2026-07-22T21:51:13Z
acta,senado:1274,DESREG.DESECO,DESREG,1,0.9,agente:texto,2026-07-22T21:51:16Z
acta,senado:1274,PROD.COMEX,PROD,0,0.9,agente:texto,2026-07-22T21:51:16Z
acta,senado:1275,POLINST.PARTIDOS,POLINST,1,0.95,agente:texto,2026-07-22T21:52:14Z
acta,senado:1276,DEF.TRATADO,DEF,1,0.95,agente:texto,2026-07-22T21:52:16Z
acta,senado:1276,PROD.COMEX,PROD,0,0.95,agente:texto,2026-07-22T21:52:16Z
acta,senado:1277,AUX.HOMENAJE,AUX,1,1.0,agente:texto,2026-07-22T21:51:21Z
acta,senado:1280,AMB.BOSQUE,AMB,1,0.85,agente:texto,2026-07-22T21:54:51Z
acta,senado:1280,AUX.HOMENAJE,AUX,0,0.85,agente:texto,2026-07-22T21:54:51Z
acta,senado:1280,DESREG.MODEST,DESREG,0,0.85,agente:texto,2026-07-22T21:54:51Z
acta,senado:1281,DERSOC.DDHH,DERSOC,0,0.95,agente:texto,2026-07-22T21:55:06Z
acta,senado:1281,DERSOC.GENERO,DERSOC,1,0.95,agente:texto,2026-07-22T21:55:06Z
acta,senado:1281,JUST.PENAL,JUST,0,0.95,agente:texto,2026-07-22T21:55:06Z
acta,senado:1282,ECON.EMERG,ECON,0,0.95,agente:texto,2026-07-22T21:52:19Z
acta,senado:1282,ECON.TRIB,ECON,1,0.95,agente:texto,2026-07-22T21:52:19Z
acta,senado:1282,PROD.INDPYME,PROD,0,0.95,agente:texto,2026-07-22T21:52:19Z
acta,senado:1283,CULT.DEPORTE,CULT,1,0.95,agente:texto,2026-07-22T21:55:00Z
acta,senado:1283,JUST.PENAL,JUST,0,0.95,agente:texto,2026-07-22T21:55:00Z
acta,senado:1283,SALUD.ADICC,SALUD,0,0.95,agente:texto,2026-07-22T21:55:00Z
acta,senado:1284,AUX.TRAMITE,AUX,1,0.95,agente:texto,2026-07-22T21:55:09Z
acta,senado:1285,DERSOC.DDHH,DERSOC,0,0.95,agente:texto,2026-07-22T21:52:23Z
acta,senado:1285,POLINST.CONST,POLINST,0,0.95,agente:texto,2026-07-22T21:52:23Z
acta,senado:1285,SALUD.SISTEMA,SALUD,1,0.95,agente:texto,2026-07-22T21:52:23Z
acta,senado:1286,AUX.TRAMITE,AUX,1,0.95,agente:texto,2026-07-22T21:55:11Z
acta,senado:1287,AUX.HOMENAJE,AUX,0,0.9,agente:texto,2026-07-22T21:53:30Z
acta,senado:1287,ECON.DEUDA,ECON,1,0.9,agente:texto,2026-07-22T21:53:30Z
acta,senado:1287,ECON.MON,ECON,0,0.9,agente:texto,2026-07-22T21:53:30Z
acta,senado:1288,INFRA.OBRA,INFRA,1,0.75,agente:texto,2026-07-22T21:52:00Z
acta,senado:1288,INFRA.TRANSP,INFRA,0,0.75,agente:texto,2026-07-22T21:52:00Z
acta,senado:1288,POLINST.ORGEST,POLINST,0,0.75,agente:texto,2026-07-22T21:52:00Z
acta,senado:1289,DESSOC.ASIST,DESSOC,0,0.9,agente:texto,2026-07-22T21:53:34Z
acta,senado:1289,SALUD.MENTAL,SALUD,0,0.9,agente:texto,2026-07-22T21:53:34Z
acta,senado:1289,SALUD.SISTEMA,SALUD,1,0.9,agente:texto,2026-07-22T21:53:34Z
acta,senado:1289,TRAB.EMPLEOPUB,TRAB,0,0.9,agente:texto,2026-07-22T21:53:34Z
acta,senado:1290,DEF.EXTERIOR,DEF,1,0.95,agente:texto,2026-07-22T21:53:37Z
acta,senado:1291,AUX.HOMENAJE,AUX,1,0.95,agente:texto,2026-07-22T21:52:25Z
acta,senado:1292,AUX.TRAMITE,AUX,1,0.95,agente:texto,2026-07-22T21:51:23Z
acta,senado:1293,DESREG.DESECO,DESREG,0,0.95,agente:texto,2026-07-22T21:52:29Z
acta,senado:1293,PROD.AGRO,PROD,1,0.95,agente:texto,2026-07-22T21:52:29Z
acta,senado:1294,ECON.EMERG,ECON,0,0.85,agente:texto,2026-07-22T21:52:31Z
acta,senado:1294,SALUD.SISTEMA,SALUD,1,0.85,agente:texto,2026-07-22T21:52:31Z
acta,senado:1295,AUX.HOMENAJE,AUX,1,0.95,agente:texto,2026-07-22T21:52:34Z
acta,senado:1296,DERSOC.GENERO,DERSOC,1,0.95,agente:texto,2026-07-22T21:52:36Z
acta,senado:1296,PROD.AGRO,PROD,0,0.95,agente:texto,2026-07-22T21:52:36Z
acta,senado:1297,DESSOC.ASIST,DESSOC,0,0.85,agente:texto,2026-07-22T21:51:19Z
acta,senado:1297,SALUD.SISTEMA,SALUD,1,0.85,agente:texto,2026-07-22T21:51:19Z
acta,senado:1298,DESREG.MODEST,DESREG,0,0.85,agente:texto,2026-07-22T21:53:40Z
acta,senado:1298,JUST.SEGINT,JUST,1,0.85,agente:texto,2026-07-22T21:53:40Z
acta,senado:1299,AUX.TRAMITE,AUX,1,0.95,agente:texto,2026-07-22T21:52:40Z
acta,senado:1300,ECON.TRIB,ECON,1,0.95,agente:texto,2026-07-22T21:53:44Z
acta,senado:1301,POLINST.ELECT,POLINST,1,0.95,agente:texto,2026-07-22T21:51:07Z
acta,senado:1302,AUX.TRAMITE,AUX,1,0.95,agente:texto,2026-07-22T21:53:47Z
acta,senado:1303,AUX.TRAMITE,AUX,1,0.95,agente:texto,2026-07-22T21:53:50Z
acta,senado:1304,DERSOC.DDHH,DERSOC,0,0.95,agente:texto,2026-07-22T21:51:10Z
acta,senado:1304,DERSOC.GENERO,DERSOC,1,0.95,agente:texto,2026-07-22T21:51:10Z
acta,senado:1304,TRAB.EMPLEOPUB,TRAB,0,0.95,agente:texto,2026-07-22T21:51:10Z
acta,senado:1304,TRAB.LABOR,TRAB,0,0.95,agente:texto,2026-07-22T21:51:10Z
acta,senado:1305,PROD.REGESP,PROD,1,0.95,agente:texto,2026-07-22T21:53:53Z
acta,senado:1306,AUX.TRAMITE,AUX,1,0.95,agente:texto,2026-07-22T21:53:55Z
acta,senado:1307,DERSOC.NINEZ,DERSOC,0,0.95,agente:texto,2026-07-22T21:51:27Z
acta,senado:1307,SALUD.MEDIC,SALUD,1,0.95,agente:texto,2026-07-22T21:51:27Z
acta,senado:1307,SALUD.SISTEMA,SALUD,0,0.95,agente:texto,2026-07-22T21:51:27Z
acta,senado:1308,ECON.EMERG,ECON,0,0.85,agente:texto,2026-07-22T21:51:29Z
acta,senado:1308,POLINST.ORGEST,POLINST,0,0.85,agente:texto,2026-07-22T21:51:29Z
acta,senado:1308,SALUD.SISTEMA,SALUD,1,0.85,agente:texto,2026-07-22T21:51:29Z
acta,senado:1309,DEF.DEFENSA,DEF,1,0.95,agente:texto,2026-07-22T21:51:32Z
acta,senado:1309,DEF.TRATADO,DEF,0,0.95,agente:texto,2026-07-22T21:51:32Z
acta,senado:131,DERSOC.DDHH,DERSOC,0,0.95,agente:texto,2026-09-06T14:19:21Z
acta,senado:131,DERSOC.GENERO,DERSOC,0,0.95,agente:texto,2026-09-06T14:19:21Z
acta,senado:131,JUST.PENAL,JUST,1,0.95,agente:texto,2026-09-06T14:19:21Z
acta,senado:1310,DESREG.EMPUB,DESREG,1,0.85,agente:texto,2026-07-22T21:53:59Z
acta,senado:1310,ECON.COPART,ECON,0,0.85,agente:texto,2026-07-22T21:53:59Z
acta,senado:1311,AMB.BOSQUE,AMB,1,0.9,agente:texto,2026-07-22T21:54:02Z
acta,senado:1311,AMB.CLIMA,AMB,0,0.9,agente:texto,2026-07-22T21:54:02Z
acta,senado:1311,PROD.AGRO,PROD,0,0.9,agente:texto,2026-07-22T21:54:02Z
acta,senado:1311,PROD.INVER,PROD,0,0.9,agente:texto,2026-07-22T21:54:02Z
acta,senado:1312,DERSOC.DDHH,DERSOC,0,0.9,agente:texto,2026-07-22T21:51:35Z
acta,senado:1312,DERSOC.ORIGIN,DERSOC,0,0.99,manual,2026-09-07T19:08:32Z
acta,senado:1312,SALUD.SISTEMA,SALUD,1,0.99,manual,2026-09-07T19:08:32Z
acta,senado:1313,AMB.MINER,AMB,0,0.85,agente:texto,2026-07-22T21:54:06Z
acta,senado:1313,DESREG.DESECO,DESREG,0,0.85,agente:texto,2026-07-22T21:54:06Z
acta,senado:1313,PROD.INDPYME,PROD,1,0.85,agente:texto,2026-07-22T21:54:06Z
acta,senado:1313,SALUD.MEDIC,SALUD,0,0.85,agente:texto,2026-07-22T21:54:06Z
acta,senado:1314,ECON.PRESU,ECON,0,0.95,agente:texto,2026-07-22T21:51:38Z
acta,senado:1314,ECON.TRIB,ECON,1,0.95,agente:texto,2026-07-22T21:51:38Z
acta,senado:1314,PROD.INDPYME,PROD,0,0.95,agente:texto,2026-07-22T21:51:38Z
acta,senado:1315,AMB.CLIMA,AMB,0,0.9,agente:texto,2026-07-22T21:54:09Z
acta,senado:1315,DESREG.DESECO,DESREG,0,0.9,agente:texto,2026-07-22T21:54:09Z
acta,senado:1315,ENER.COMBUS,ENER,1,0.9,agente:texto,2026-07-22T21:54:09Z
acta,senado:1315,PROD.AGRO,PROD,0,0.9,agente:texto,2026-07-22T21:54:09Z
acta,senado:1316,AMB.CLIMA,AMB,0,0.9,agente:texto,2026-07-22T21:51:42Z
acta,senado:1316,DESREG.DESECO,DESREG,0,0.9,agente:texto,2026-07-22T21:51:42Z
acta,senado:1316,ENER.COMBUS,ENER,1,0.9,agente:texto,2026-07-22T21:51:42Z
acta,senado:1316,PROD.AGRO,PROD,0,0.9,agente:texto,2026-07-22T21:51:42Z
acta,senado:1317,AMB.AGUA,AMB,0,0.85,agente:texto,2026-07-22T21:51:48Z
acta,senado:1317,AMB.BOSQUE,AMB,0,0.85,agente:texto,2026-07-22T21:51:48Z
acta,senado:1317,AMB.CLIMA,AMB,0,0.85,agente:texto,2026-07-22T21:51:48Z
acta,senado:1317,EDU.BASICA,EDU,1,0.85,agente:texto,2026-07-22T21:51:48Z
acta,senado:1319,AUX.HOMENAJE,AUX,1,0.95,agente:texto,2026-07-22T21:52:52Z
acta,senado:1321,AUX.HOMENAJE,AUX,0,0.85,agente:texto,2026-07-22T21:50:46Z
acta,senado:1321,CULT.CULTURA,CULT,0,0.85,agente:texto,2026-07-22T21:50:46Z
acta,senado:1321,DERSOC.GENERO,DERSOC,1,0.85,agente:texto,2026-07-22T21:50:46Z
acta,senado:1321,DERSOC.ORIGIN,DERSOC,0,0.85,agente:texto,2026-07-22T21:50:46Z
acta,senado:1322,AMB.AGUA,AMB,1,0.95,agente:texto,2026-07-22T21:51:52Z
acta,senado:1322,ECON.COPART,ECON,0,0.95,agente:texto,2026-07-22T21:51:52Z
acta,senado:1322,POLINST.ORGEST,POLINST,0,0.95,agente:texto,2026-07-22T21:51:52Z
acta,senado:1323,AMB.RESID,AMB,1,0.95,agente:texto,2026-07-22T21:52:55Z
acta,senado:1323,ECON.PRESU,ECON,0,0.95,agente:texto,2026-07-22T21:52:55Z
acta,senado:1324,DERSOC.DDHH,DERSOC,0,0.75,agente:texto,2026-07-22T21:50:50Z
acta,senado:1324,DESREG.DESECO,DESREG,0,0.75,agente:texto,2026-07-22T21:50:50Z
acta,senado:1324,ECON.TRIB,ECON,1,0.75,agente:texto,2026-07-22T21:50:50Z
acta,senado:1324,JUST.CIVCOM,JUST,0,0.75,agente:texto,2026-07-22T21:50:50Z
acta,senado:1324,SALUD.SISTEMA,SALUD,0,0.75,agente:texto,2026-07-22T21:50:50Z
acta,senado:1325,AUX.TRAMITE,AUX,0,0.95,agente:texto,2026-07-22T21:53:06Z
acta,senado:1325,JUST.JUDIC,JUST,1,0.95,agente:texto,2026-07-22T21:53:06Z
acta,senado:1326,DEF.TRATADO,DEF,0,0.85,agente:texto,2026-07-22T21:50:18Z
acta,senado:1326,TRAB.PREV,TRAB,1,0.85,agente:texto,2026-07-22T21:50:18Z
acta,senado:1327,AUX.TRAMITE,AUX,1,0.95,agente:texto,2026-07-22T21:53:09Z
acta,senado:1328,DEF.EXTERIOR,DEF,1,0.95,agente:texto,2026-07-22T21:52:58Z
acta,senado:1328,DEF.TRATADO,DEF,0,0.95,agente:texto,2026-07-22T21:52:58Z
acta,senado:1328,POLINST.ETICA,POLINST,0,0.95,agente:texto,2026-07-22T21:52:58Z
acta,senado:1329,AUX.TRAMITE,AUX,1,0.95,agente:texto,2026-07-22T21:50:21Z
acta,senado:1330,DESREG.EMPUB,DESREG,0,0.9,agente:texto,2026-07-22T21:50:24Z
acta,senado:1330,JUST.PROPIED,JUST,1,0.9,agente:texto,2026-07-22T21:50:24Z
acta,senado:1331,AUX.HOMENAJE,AUX,0,0.95,agente:texto,2026-07-22T21:50:27Z
acta,senado:1331,CULT.CULTURA,CULT,1,0.95,agente:texto,2026-07-22T21:50:27Z
acta,senado:1332,AUX.HOMENAJE,AUX,1,0.95,agente:texto,2026-07-22T21:50:30Z
acta,senado:1333,AUX.HOMENAJE,AUX,0,0.85,agente:texto,2026-07-22T21:53:03Z
acta,senado:1333,DERSOC.DDHH,DERSOC,0,0.85,agente:texto,2026-07-22T21:53:03Z
acta,senado:1333,EDU.BASICA,EDU,1,0.85,agente:texto,2026-07-22T21:53:03Z
acta,senado:1334,AUX.SINCLASIF,AUX,1,0.0,agente:texto,2026-07-22T21:53:11Z
acta,senado:1335,AUX.TRAMITE,AUX,1,0.95,agente:texto,2026-07-22T21:54:11Z
acta,senado:1336,AUX.SINCLASIF,AUX,1,0.0,agente:texto,2026-07-22T21:54:14Z
acta,senado:1337,AUX.TRAMITE,AUX,1,0.95,agente:texto,2026-07-22T21:54:16Z
acta,senado:1338,AUX.TRAMITE,AUX,1,0.95,agente:texto,2026-07-22T21:53:25Z
acta,senado:1339,AUX.TRAMITE,AUX,1,0.95,agente:texto,2026-07-22T21:50:53Z
acta,senado:1340,AUX.SINCLASIF,AUX,1,0.0,agente:texto,2026-07-22T21:50:40Z
acta,senado:1341,AUX.TRAMITE,AUX,1,0.95,agente:texto,2026-07-22T21:53:27Z
acta,senado:1342,AUX.TRAMITE,AUX,1,0.95,agente:texto,2026-07-22T21:53:13Z
acta,senado:1343,EDU.BASICA,EDU,1,0.75,agente:texto,2026-07-22T21:53:16Z
acta,senado:1344,DERSOC.DDHH,DERSOC,1,0.95,agente:texto,2026-07-22T21:50:43Z
acta,senado:1344,DESSOC.ASIST,DESSOC,0,0.95,agente:texto,2026-07-22T21:50:43Z
acta,senado:1344,SALUD.SISTEMA,SALUD,0,0.95,agente:texto,2026-07-22T21:50:43Z
acta,senado:1345,AUX.SINCLASIF,AUX,1,0.85,agente:texto,2026-07-22T21:53:19Z
acta,senado:1346,AUX.TRAMITE,AUX,0,0.85,agente:texto,2026-07-22T21:50:58Z
acta,senado:1346,CULT.DEPORTE,CULT,0,0.85,agente:texto,2026-07-22T21:50:58Z
acta,senado:1346,DEF.EXTERIOR,DEF,0,0.85,agente:texto,2026-07-22T21:50:58Z
acta,senado:1346,DERSOC.ORIGIN,DERSOC,1,0.85,agente:texto,2026-07-22T21:50:58Z
acta,senado:1346,DESSOC.ASIST,DESSOC,0,0.85,agente:texto,2026-07-22T21:50:58Z
acta,senado:1346,EDU.BASICA,EDU,0,0.85,agente:texto,2026-07-22T21:50:58Z
acta,senado:1346,INFRA.VIVIENDA,INFRA,0,0.85,agente:texto,2026-07-22T21:50:58Z
acta,senado:1346,POLINST.ORGEST,POLINST,0,0.85,agente:texto,2026-07-22T21:50:58Z
acta,senado:1346,SALUD.DISCAP,SALUD,0,0.85,agente:texto,2026-07-22T21:50:58Z
acta,senado:1346,SALUD.MEDIC,SALUD,0,0.85,agente:texto,2026-07-22T21:50:58Z
acta,senado:1346,SALUD.SISTEMA,SALUD,0,0.85,agente:texto,2026-07-22T21:50:58Z
acta,senado:1346,TRAB.LABOR,TRAB,0,0.85,agente:texto,2026-07-22T21:50:58Z
acta,senado:1347,DERSOC.DDHH,DERSOC,1,0.95,agente:texto,2026-07-22T21:52:42Z
acta,senado:1347,JUST.JUDIC,JUST,0,0.95,agente:texto,2026-07-22T21:52:42Z
acta,senado:1347,TRAB.LABOR,TRAB,0,0.95,agente:texto,2026-07-22T21:52:42Z
acta,senado:1348,AUX.SINCLASIF,AUX,1,0.0,agente:texto,2026-07-22T21:50:32Z
acta,senado:1349,AUX.HOMENAJE,AUX,0,0.85,agente:texto,2026-07-22T21:50:35Z
acta,senado:1349,DEF.TRATADO,DEF,0,0.85,agente:texto,2026-07-22T21:50:35Z
acta,senado:1349,INFRA.OBRA,INFRA,0,0.85,agente:texto,2026-07-22T21:50:35Z
acta,senado:1349,INFRA.TRANSP,INFRA,1,0.85,agente:texto,2026-07-22T21:50:35Z
acta,senado:1350,AUX.HOMENAJE,AUX,0,0.85,agente:texto,2026-07-22T21:52:46Z
acta,senado:1350,INFRA.OBRA,INFRA,0,0.85,agente:texto,2026-07-22T21:52:46Z
acta,senado:1350,INFRA.TRANSP,INFRA,1,0.99,manual,2026-09-07T19:08:32Z
acta,senado:1350,POLINST.ORGEST,POLINST,0,0.85,agente:texto,2026-07-22T21:52:46Z
acta,senado:1350,PROD.COMEX,PROD,0,0.85,agente:texto,2026-07-22T21:52:46Z
acta,senado:1351,AUX.HOMENAJE,AUX,0,0.7,agente:texto,2026-07-22T21:51:56Z
acta,senado:1351,CULT.CULTURA,CULT,1,0.7,agente:texto,2026-07-22T21:51:56Z
acta,senado:1351,CULT.DEPORTE,CULT,0,0.7,agente:texto,2026-07-22T21:51:56Z
acta,senado:1352,AUX.HOMENAJE,AUX,1,0.95,agente:texto,2026-07-22T21:52:49Z
acta,senado:1353,DERSOC.NINEZ,DERSOC,0,0.9,agente:texto,2026-07-22T21:53:22Z
acta,senado:1353,DESSOC.ASIST,DESSOC,0,0.9,agente:texto,2026-07-22T21:53:22Z
acta,senado:1353,TRAB.LABOR,TRAB,1,0.9,agente:texto,2026-07-22T21:53:22Z
acta,senado:1355,ECON.TRIB,ECON,1,0.95,agente:texto,2026-07-22T21:50:37Z
acta,senado:1358,DEF.TRATADO,DEF,0,0.95,agente:texto,2026-07-22T21:49:49Z
acta,senado:1358,ECON.DEUDA,ECON,1,0.95,agente:texto,2026-07-22T21:49:49Z
acta,senado:1359,JUST.JUDIC,JUST,1,0.95,agente:texto,2026-07-22T21:49:51Z
acta,senado:1360,DEF.EXTERIOR,DEF,1,0.9,agente:texto,2026-07-22T21:49:56Z
acta,senado:1361,DEF.EXTERIOR,DEF,0,0.95,agente:texto,2026-07-22T21:51:04Z
acta,senado:1361,DEF.TRATADO,DEF,1,0.95,agente:texto,2026-07-22T21:51:04Z
acta,senado:1361,EDU.SUPERIOR,EDU,0,0.95,agente:texto,2026-07-22T21:51:04Z
acta,senado:1361,INFRA.TRANSP,INFRA,0,0.95,agente:texto,2026-07-22T21:51:04Z
acta,senado:1362,DEF.TRATADO,DEF,0,0.95,agente:texto,2026-07-22T21:49:32Z
acta,senado:1362,ECON.DEUDA,ECON,1,0.95,agente:texto,2026-07-22T21:49:32Z
acta,senado:1362,ECON.PRESU,ECON,0,0.95,agente:texto,2026-07-22T21:49:32Z
acta,senado:1364,DEF.EXTERIOR,DEF,1,0.95,agente:texto,2026-07-22T21:49:46Z
acta,senado:1365,TRAB.PREV,TRAB,1,0.95,agente:texto,2026-07-22T21:49:39Z
acta,senado:1366,AMB.BOSQUE,AMB,1,0.95,agente:texto,2026-07-22T21:49:54Z
acta,senado:1366,INFRA.OBRA,INFRA,0,0.95,agente:texto,2026-07-22T21:49:54Z
acta,senado:1367,DERSOC.NINEZ,DERSOC,1,0.95,agente:texto,2026-07-22T21:49:41Z
acta,senado:1367,SALUD.MEDIC,SALUD,0,0.95,agente:texto,2026-07-22T21:49:41Z
acta,senado:1367,SALUD.SISTEMA,SALUD,0,0.95,agente:texto,2026-07-22T21:49:41Z
acta,senado:1368,DERSOC.DDHH,DERSOC,0,0.9,agente:texto,2026-07-22T21:49:44Z
acta,senado:1368,SALUD.MEDIC,SALUD,0,0.9,agente:texto,2026-07-22T21:49:44Z
acta,senado:1368,SALUD.SISTEMA,SALUD,1,0.9,agente:texto,2026-07-22T21:49:44Z
acta,senado:1369,ECON.TRIB,ECON,1,0.99,manual,2026-09-07T19:08:32Z
acta,senado:1369,PROD.INDPYME,PROD,0,0.95,agente:texto,2026-07-22T21:49:59Z
acta,senado:1370,DESREG.DESECO,DESREG,0,0.8,agente:texto,2026-07-22T21:49:36Z
acta,senado:1370,INFRA.OBRA,INFRA,0,0.8,agente:texto,2026-07-22T21:49:36Z
acta,senado:1370,JUST.SEGINT,JUST,1,0.8,agente:texto,2026-07-22T21:49:36Z
acta,senado:1371,AMB.BOSQUE,AMB,1,0.95,agente:texto,2026-07-22T21:51:01Z
acta,senado:1371,DESSOC.ASIST,DESSOC,0,0.95,agente:texto,2026-07-22T21:51:01Z
acta,senado:1371,ECON.COPART,ECON,0,0.95,agente:texto,2026-07-22T21:51:01Z
acta,senado:1371,ECON.EMERG,ECON,0,0.95,agente:texto,2026-07-22T21:51:01Z
acta,senado:1371,PROD.AGRO,PROD,0,0.95,agente:texto,2026-07-22T21:51:01Z
acta,senado:14,JUST.PENAL,JUST,0,0.9,agente:texto,2026-09-06T14:50:30Z
acta,senado:14,JUST.SEGINT,JUST,1,0.9,agente:texto,2026-09-06T14:50:30Z
acta,senado:161,ECON.PRESU,ECON,1,0.95,agente:texto,2026-09-06T14:12:03Z
acta,senado:161,POLINST.ORGEST,POLINST,0,0.95,agente:texto,2026-09-06T14:12:03Z
acta,senado:17,AUX.SINCLASIF,AUX,1,0.0,agente:texto,2026-09-06T14:38:15Z
acta,senado:176,AUX.SINCLASIF,AUX,1,0.99,manual,2026-09-07T19:08:32Z
acta,senado:182,AUX.SINCLASIF,AUX,1,0.99,manual,2026-09-07T19:08:32Z
acta,senado:194,DESSOC.ASIST,DESSOC,0,0.95,agente:texto,2026-09-06T13:51:10Z
acta,senado:194,ECON.EMERG,ECON,1,0.95,agente:texto,2026-09-06T13:51:10Z
acta,senado:197,ECON.PRESU,ECON,0,0.95,agente:texto,2026-09-06T14:45:09Z
acta,senado:197,ECON.TRIB,ECON,1,0.95,agente:texto,2026-09-06T14:45:09Z
acta,senado:198,ECON.PRESU,ECON,0,0.95,agente:texto,2026-09-06T14:33:20Z
acta,senado:198,ECON.TRIB,ECON,1,0.95,agente:texto,2026-09-06T14:33:20Z
acta,senado:199,ECON.PRESU,ECON,0,0.95,agente:texto,2026-09-06T14:26:57Z
acta,senado:199,ECON.TRIB,ECON,1,0.95,agente:texto,2026-09-06T14:26:57Z
acta,senado:2,ECON.DEUDA,ECON,1,0.95,agente:texto,2026-09-06T13:33:50Z
acta,senado:200,ECON.PRESU,ECON,0,0.95,agente:texto,2026-09-06T14:25:25Z
acta,senado:200,ECON.TRIB,ECON,1,0.95,agente:texto,2026-09-06T14:25:25Z
acta,senado:210,CYT.INNOV,CYT,0,0.99,manual,2026-09-07T19:08:32Z
acta,senado:210,PROD.INVER,PROD,1,0.99,manual,2026-09-07T19:08:32Z
acta,senado:214,DESREG.DESECO,DESREG,0,0.85,agente:texto,2026-09-06T13:39:59Z
acta,senado:214,ECON.TRIB,ECON,0,0.85,agente:texto,2026-09-06T13:39:59Z
acta,senado:214,PROD.INVER,PROD,1,0.85,agente:texto,2026-09-06T13:39:59Z
acta,senado:216,AUX.SINCLASIF,AUX,1,0.99,manual,2026-09-07T19:08:32Z
acta,senado:218,ECON.COPART,ECON,0,0.95,agente:texto,2026-09-06T14:34:47Z
acta,senado:218,ECON.EMERG,ECON,1,0.95,agente:texto,2026-09-06T14:34:47Z
acta,senado:218,PROD.AGRO,PROD,0,0.95,agente:texto,2026-09-06T14:34:47Z
acta,senado:2181,AMB.BOSQUE,AMB,0,0.95,agente:texto,2026-07-22T21:48:51Z
acta,senado:2181,DESREG.EMPUB,DESREG,0,0.95,agente:texto,2026-07-22T21:48:51Z
acta,senado:2181,TRAB.PREV,TRAB,1,0.95,agente:texto,2026-07-22T21:48:51Z
acta,senado:2182,DEF.DEFENSA,DEF,1,0.95,agente:texto,2026-07-22T21:49:15Z
acta,senado:2182,DEF.EXTERIOR,DEF,0,0.95,agente:texto,2026-07-22T21:49:15Z
acta,senado:2183,DESREG.DESECO,DESREG,0,0.95,agente:texto,2026-07-22T21:50:06Z
acta,senado:2183,ECON.PRESU,ECON,0,0.95,agente:texto,2026-07-22T21:50:06Z
acta,senado:2183,INFRA.OBRA,INFRA,0,0.95,agente:texto,2026-07-22T21:50:06Z
acta,senado:2183,PROD.INDPYME,PROD,0,0.95,agente:texto,2026-07-22T21:50:06Z
acta,senado:2183,PROD.INVER,PROD,1,0.95,agente:texto,2026-07-22T21:50:06Z
acta,senado:2184,CYT.CIENCIA,CYT,0,0.85,agente:texto,2026-07-22T21:50:10Z
acta,senado:2184,SALUD.MEDIC,SALUD,0,0.85,agente:texto,2026-07-22T21:50:10Z
acta,senado:2184,SALUD.SISTEMA,SALUD,1,0.85,agente:texto,2026-07-22T21:50:10Z
acta,senado:2185,AUX.TRAMITE,AUX,1,0.95,agente:texto,2026-07-22T21:49:18Z
acta,senado:2186,AUX.HOMENAJE,AUX,0,0.85,agente:texto,2026-07-22T21:31:49Z
acta,senado:2186,CULT.CULTURA,CULT,1,0.85,agente:texto,2026-07-22T21:31:49Z
acta,senado:2186,CYT.CIENCIA,CYT,0,0.85,agente:texto,2026-07-22T21:31:49Z
acta,senado:2186,DERSOC.GENERO,DERSOC,0,0.85,agente:texto,2026-07-22T21:31:49Z
acta,senado:2186,DERSOC.NINEZ,DERSOC,0,0.85,agente:texto,2026-07-22T21:31:49Z
acta,senado:219,AMB.AGUA,AMB,0,0.95,agente:texto,2026-09-06T13:52:47Z
acta,senado:219,DESSOC.ASIST,DESSOC,0,0.95,agente:texto,2026-09-06T13:52:47Z
acta,senado:219,ECON.EMERG,ECON,1,0.95,agente:texto,2026-09-06T13:52:47Z
acta,senado:219,INFRA.OBRA,INFRA,0,0.95,agente:texto,2026-09-06T13:52:47Z
acta,senado:219,PROD.AGRO,PROD,0,0.95,agente:texto,2026-09-06T13:52:47Z
acta,senado:219,SALUD.SISTEMA,SALUD,0,0.95,agente:texto,2026-09-06T13:52:47Z
acta,senado:223,DERSOC.DDHH,DERSOC,0,0.95,agente:texto,2026-09-06T14:05:30Z
acta,senado:223,JUST.PENAL,JUST,1,0.95,agente:texto,2026-09-06T14:05:30Z
acta,senado:231,AUX.TRAMITE,AUX,1,0.95,agente:texto,2026-09-06T13:39:35Z
acta,senado:232,AUX.TRAMITE,AUX,1,0.95,agente:texto,2026-09-06T13:35:52Z
acta,senado:237,AUX.TRAMITE,AUX,0,0.95,agente:texto,2026-09-06T14:11:00Z
acta,senado:237,DERSOC.DDHH,DERSOC,1,0.95,agente:texto,2026-09-06T14:11:00Z
acta,senado:237,JUST.JUDIC,JUST,0,0.95,agente:texto,2026-09-06T14:11:00Z
acta,senado:2373,AUX.TRAMITE,AUX,0,0.95,agente:texto,2026-07-22T21:31:52Z
acta,senado:2373,DEF.EXTERIOR,DEF,0,0.95,agente:texto,2026-07-22T21:31:52Z
acta,senado:2373,JUST.JUDIC,JUST,1,0.95,agente:texto,2026-07-22T21:31:52Z
acta,senado:2373,POLINST.ORGEST,POLINST,0,0.95,agente:texto,2026-07-22T21:31:52Z
acta,senado:2374,AUX.HOMENAJE,AUX,0,0.85,agente:texto,2026-07-22T21:48:54Z
acta,senado:2374,CULT.CULTURA,CULT,1,0.85,agente:texto,2026-07-22T21:48:54Z
acta,senado:2374,INFRA.OBRA,INFRA,0,0.85,agente:texto,2026-07-22T21:48:54Z
acta,senado:2375,AUX.HOMENAJE,AUX,0,0.75,agente:texto,2026-07-22T21:50:03Z
acta,senado:2375,SALUD.DISCAP,SALUD,1,0.75,agente:texto,2026-07-22T21:50:03Z
acta,senado:2376,CYT.CIENCIA,CYT,1,0.85,agente:texto,2026-07-22T21:31:40Z
acta,senado:2376,CYT.INNOV,CYT,1,0.99,manual,2026-09-07T19:08:32Z
acta,senado:2376,PROD.INDPYME,PROD,0,0.85,agente:texto,2026-07-22T21:31:40Z
acta,senado:2376,PROD.INVER,PROD,0,0.85,agente:texto,2026-07-22T21:31:40Z
acta,senado:2377,DESREG.DESECO,DESREG,0,0.95,agente:texto,2026-07-22T21:49:10Z
acta,senado:2377,ECON.TRIB,ECON,0,0.95,agente:texto,2026-07-22T21:49:10Z
acta,senado:2377,PROD.INDPYME,PROD,1,0.95,agente:texto,2026-07-22T21:49:10Z
acta,senado:2378,AUX.HOMENAJE,AUX,1,0.95,agente:texto,2026-07-22T21:31:42Z
acta,senado:2382,JUST.JUDIC,JUST,1,0.95,agente:texto,2026-07-22T21:50:12Z
acta,senado:2382,POLINST.CONST,POLINST,0,0.95,agente:texto,2026-07-22T21:50:12Z
acta,senado:2393,CULT.CULTURA,CULT,1,0.9,agente:texto,2026-07-22T21:48:42Z
acta,senado:2393,ECON.PRESU,ECON,0,0.9,agente:texto,2026-07-22T21:48:42Z
acta,senado:2393,PROD.INDPYME,PROD,0,0.9,agente:texto,2026-07-22T21:48:42Z
acta,senado:2394,DESREG.DESECO,DESREG,1,0.85,agente:texto,2026-07-22T21:49:04Z
acta,senado:2394,DESREG.MODEST,DESREG,0,0.85,agente:texto,2026-07-22T21:49:04Z
acta,senado:2394,DESSOC.ASIST,DESSOC,0,0.85,agente:texto,2026-07-22T21:49:04Z
acta,senado:2394,INFRA.VIVIENDA,INFRA,0,0.85,agente:texto,2026-07-22T21:49:04Z
acta,senado:2395,CULT.CULTURA,CULT,0,0.95,agente:texto,2026-07-22T21:49:13Z
acta,senado:2395,DERSOC.DDHH,DERSOC,1,0.95,agente:texto,2026-07-22T21:49:13Z
acta,senado:2395,JUST.PROPIED,JUST,0,0.95,agente:texto,2026-07-22T21:49:13Z
acta,senado:2396,CYT.CIENCIA,CYT,1,0.95,agente:texto,2026-07-22T21:50:15Z
acta,senado:2396,CYT.INNOV,CYT,0,0.95,agente:texto,2026-07-22T21:50:15Z
acta,senado:2396,ECON.PRESU,ECON,0,0.95,agente:texto,2026-07-22T21:50:15Z
acta,senado:2397,CULT.CULTURA,CULT,1,0.8,agente:texto,2026-07-22T21:48:58Z
acta,senado:2397,INFRA.OBRA,INFRA,0,0.8,agente:texto,2026-07-22T21:48:58Z
acta,senado:2397,POLINST.ORGEST,POLINST,0,0.8,agente:texto,2026-07-22T21:48:58Z
acta,senado:2398,DERSOC.DDHH,DERSOC,0,0.95,agente:texto,2026-07-22T21:49:06Z
acta,senado:2398,DERSOC.GENERO,DERSOC,0,0.95,agente:texto,2026-07-22T21:49:06Z
acta,senado:2398,SALUD.SISTEMA,SALUD,1,0.95,agente:texto,2026-07-22T21:49:06Z
acta,senado:2399,JUST.JUDIC,JUST,1,0.95,agente:texto,2026-07-22T22:01:46Z
acta,senado:2399,POLINST.ORGEST,POLINST,0,0.95,agente:texto,2026-07-22T22:01:46Z
acta,senado:24,DERSOC.DDHH,DERSOC,0,0.95,agente:texto,2026-09-06T14:20:47Z
acta,senado:24,ECON.TRIB,ECON,0,0.95,agente:texto,2026-09-06T14:20:47Z
acta,senado:24,TRAB.PREV,TRAB,1,0.95,agente:texto,2026-09-06T14:20:47Z
acta,senado:240,AUX.TRAMITE,AUX,1,0.95,agente:texto,2026-09-06T13:56:12Z
acta,senado:2400,DEF.DEFENSA,DEF,1,0.85,agente:texto,2026-07-22T21:49:00Z
acta,senado:2400,JUST.JUDIC,JUST,0,0.85,agente:texto,2026-07-22T21:49:00Z
acta,senado:2401,ECON.PRESU,ECON,1,0.95,agente:texto,2026-07-22T21:31:45Z
acta,senado:2402,ECON.TRIB,ECON,1,0.95,agente:texto,2026-07-22T21:48:44Z
acta,senado:2403,AUX.HOMENAJE,AUX,0,0.95,agente:texto,2026-07-22T21:48:47Z
acta,senado:2403,DERSOC.DDHH,DERSOC,1,0.95,agente:texto,2026-07-22T21:48:47Z
acta,senado:2403,JUST.JUDIC,JUST,0,0.95,agente:texto,2026-07-22T21:48:47Z
acta,senado:2405,JUST.JUDIC,JUST,1,0.95,agente:texto,2026-07-22T22:01:49Z
acta,senado:2405,JUST.PENAL,JUST,0,0.95,agente:texto,2026-07-22T22:01:49Z
acta,senado:2405,POLINST.ORGEST,POLINST,0,0.95,agente:texto,2026-07-22T22:01:49Z
acta,senado:2406,DERSOC.DDHH,DERSOC,0,0.95,agente:texto,2026-07-22T22:00:38Z
acta,senado:2406,DERSOC.NINEZ,DERSOC,1,0.95,agente:texto,2026-07-22T22:00:38Z
acta,senado:2406,EDU.BASICA,EDU,0,0.95,agente:texto,2026-07-22T22:00:38Z
acta,senado:2407,CULT.CULTURA,CULT,0,0.85,agente:texto,2026-07-22T21:30:59Z
acta,senado:2407,DERSOC.DDHH,DERSOC,1,0.85,agente:texto,2026-07-22T21:30:59Z
acta,senado:2408,SALUD.DISCAP,SALUD,1,0.95,agente:texto,2026-07-22T22:00:40Z
acta,senado:2409,EDU.SUPERIOR,EDU,1,0.85,agente:texto,2026-07-22T22:00:56Z
acta,senado:2409,SALUD.SISTEMA,SALUD,0,0.85,agente:texto,2026-07-22T22:00:56Z
acta,senado:2409,TRAB.EMPLEOPUB,TRAB,0,0.85,agente:texto,2026-07-22T22:00:56Z
acta,senado:2410,DESREG.MODEST,DESREG,0,0.95,agente:texto,2026-07-22T22:00:59Z
acta,senado:2410,TRAB.PREV,TRAB,1,0.95,agente:texto,2026-07-22T22:00:59Z
acta,senado:2411,SALUD.MEDIC,SALUD,0,0.85,agente:texto,2026-07-22T21:30:53Z
acta,senado:2411,SALUD.SISTEMA,SALUD,1,0.85,agente:texto,2026-07-22T21:30:53Z
acta,senado:2412,ECON.TRIB,ECON,1,0.95,agente:texto,2026-07-22T22:01:02Z
acta,senado:2412,SALUD.SISTEMA,SALUD,0,0.95,agente:texto,2026-07-22T22:01:02Z
acta,senado:2412,TRAB.LABOR,TRAB,0,0.95,agente:texto,2026-07-22T22:01:02Z
acta,senado:2413,INFRA.TRANSP,INFRA,0,0.85,agente:texto,2026-07-22T22:00:44Z
acta,senado:2413,JUST.SEGINT,JUST,1,0.85,agente:texto,2026-07-22T22:00:44Z
acta,senado:2413,SALUD.ADICC,SALUD,0,0.85,agente:texto,2026-07-22T22:00:44Z
acta,senado:2414,JUST.JUDIC,JUST,1,0.85,agente:texto,2026-07-22T22:00:47Z
acta,senado:2414,JUST.PENAL,JUST,0,0.85,agente:texto,2026-07-22T22:00:47Z
acta,senado:2414,POLINST.ORGEST,POLINST,0,0.85,agente:texto,2026-07-22T22:00:47Z
acta,senado:2415,AUX.TRAMITE,AUX,1,0.95,agente:texto,2026-07-22T22:01:52Z
acta,senado:2416,AUX.TRAMITE,AUX,1,0.95,agente:texto,2026-07-22T21:30:51Z
acta,senado:2417,AUX.TRAMITE,AUX,1,0.95,agente:texto,2026-07-22T22:01:54Z
acta,senado:2418,ECON.TRIB,ECON,1,0.95,agente:texto,2026-07-22T22:00:49Z
acta,senado:2419,DESREG.DESECO,DESREG,0,0.95,agente:texto,2026-07-22T21:30:56Z
acta,senado:2419,INFRA.VIVIENDA,INFRA,0,0.95,agente:texto,2026-07-22T21:30:56Z
acta,senado:2419,JUST.CIVCOM,JUST,1,0.95,agente:texto,2026-07-22T21:30:56Z
acta,senado:2420,EDU.SUPERIOR,EDU,1,0.99,manual,2026-09-07T19:08:32Z
acta,senado:2421,EDU.SUPERIOR,EDU,1,0.95,agente:texto,2026-07-22T22:01:35Z
acta,senado:2422,EDU.SUPERIOR,EDU,1,0.95,agente:texto,2026-07-22T22:01:07Z
acta,senado:2423,EDU.SUPERIOR,EDU,1,0.95,agente:texto,2026-07-22T21:30:34Z
acta,senado:2424,EDU.SUPERIOR,EDU,1,0.95,agente:texto,2026-07-22T22:00:28Z
acta,senado:2425,DESSOC.ASIST,DESSOC,0,0.75,agente:texto,2026-07-22T22:01:10Z
acta,senado:2425,EDU.BASICA,EDU,1,0.75,agente:texto,2026-07-22T22:01:10Z
acta,senado:2425,EDU.SUPERIOR,EDU,0,0.75,agente:texto,2026-07-22T22:01:10Z
acta,senado:2425,INFRA.TELECOM,INFRA,0,0.75,agente:texto,2026-07-22T22:01:10Z
acta,senado:2426,ENER.TARIFA,ENER,1,0.95,agente:texto,2026-07-22T22:01:37Z
acta,senado:2427,AUX.TRAMITE,AUX,0,0.6,agente:texto,2026-07-22T22:01:41Z
acta,senado:2427,SALUD.SISTEMA,SALUD,1,0.6,agente:texto,2026-07-22T22:01:41Z
acta,senado:2428,AMB.CLIMA,AMB,0,0.95,agente:texto,2026-07-22T21:31:06Z
acta,senado:2428,DESREG.DESECO,DESREG,0,0.95,agente:texto,2026-07-22T21:31:06Z
acta,senado:2428,PROD.AGRO,PROD,1,0.95,agente:texto,2026-07-22T21:31:06Z
acta,senado:2429,DERSOC.DDHH,DERSOC,0,0.95,agente:texto,2026-07-22T21:31:03Z
acta,senado:2429,DERSOC.GENERO,DERSOC,1,0.95,agente:texto,2026-07-22T21:31:03Z
acta,senado:2429,JUST.PENAL,JUST,0,0.95,agente:texto,2026-07-22T21:31:03Z
acta,senado:243,CULT.CULTURA,CULT,0,0.85,agente:texto,2026-09-06T13:50:29Z
acta,senado:243,JUST.PROPIED,JUST,1,0.85,agente:texto,2026-09-06T13:50:29Z
acta,senado:243,POLINST.ORGEST,POLINST,0,0.85,agente:texto,2026-09-06T13:50:29Z
acta,senado:2430,DEF.DEFENSA,DEF,1,0.95,agente:texto,2026-07-22T22:01:43Z
acta,senado:2430,DEF.EXTERIOR,DEF,0,0.95,agente:texto,2026-07-22T22:01:43Z
acta,senado:245,DEF.DEFENSA,DEF,1,0.95,agente:texto,2026-09-06T13:50:53Z
acta,senado:245,DEF.EXTERIOR,DEF,0,0.95,agente:texto,2026-09-06T13:50:53Z
acta,senado:245,POLINST.ORGEST,POLINST,0,0.95,agente:texto,2026-09-06T13:50:53Z
acta,senado:246,AUX.SINCLASIF,AUX,1,0.0,agente:texto,2026-09-06T13:39:19Z
acta,senado:254,AUX.TRAMITE,AUX,1,0.95,agente:texto,2026-09-06T13:40:41Z
acta,senado:26,DERSOC.DDHH,DERSOC,0,0.95,agente:texto,2026-09-06T14:27:04Z
acta,senado:26,ECON.TRIB,ECON,0,0.95,agente:texto,2026-09-06T14:27:04Z
acta,senado:26,TRAB.PREV,TRAB,1,0.95,agente:texto,2026-09-06T14:27:04Z
acta,senado:263,AUX.TRAMITE,AUX,1,0.95,agente:texto,2026-09-06T13:53:33Z
acta,senado:266,JUST.CIVCOM,JUST,0,0.95,agente:texto,2026-09-06T14:38:38Z
acta,senado:266,JUST.PENAL,JUST,1,0.95,agente:texto,2026-09-06T14:38:38Z
acta,senado:266,POLINST.ETICA,POLINST,0,0.95,agente:texto,2026-09-06T14:38:38Z
acta,senado:268,DERSOC.DDHH,DERSOC,0,0.95,agente:texto,2026-09-06T14:46:28Z
acta,senado:268,JUST.CIVCOM,JUST,0,0.95,agente:texto,2026-09-06T14:46:28Z
acta,senado:268,JUST.PENAL,JUST,1,0.95,agente:texto,2026-09-06T14:46:28Z
acta,senado:271,DERSOC.DDHH,DERSOC,0,0.95,agente:texto,2026-09-06T14:19:06Z
acta,senado:271,JUST.CIVCOM,JUST,0,0.95,agente:texto,2026-09-06T14:19:06Z
acta,senado:271,JUST.PENAL,JUST,1,0.95,agente:texto,2026-09-06T14:19:06Z
acta,senado:272,JUST.CIVCOM,JUST,0,0.95,agente:texto,2026-09-06T14:19:00Z
acta,senado:272,JUST.PENAL,JUST,1,0.95,agente:texto,2026-09-06T14:19:00Z
acta,senado:273,JUST.CIVCOM,JUST,0,0.95,agente:texto,2026-09-06T13:40:33Z
acta,senado:273,JUST.PENAL,JUST,1,0.95,agente:texto,2026-09-06T13:40:33Z
acta,senado:274,DERSOC.DDHH,DERSOC,0,0.95,agente:texto,2026-09-06T14:52:00Z
acta,senado:274,DERSOC.ORIGIN,DERSOC,1,0.95,agente:texto,2026-09-06T14:52:00Z
acta,senado:274,JUST.PROPIED,JUST,0,0.95,agente:texto,2026-09-06T14:52:00Z
acta,senado:275,DERSOC.ORIGIN,DERSOC,1,0.95,agente:texto,2026-09-06T14:41:16Z
acta,senado:275,JUST.PROPIED,JUST,0,0.95,agente:texto,2026-09-06T14:41:16Z
acta,senado:275,POLINST.ORGEST,POLINST,0,0.95,agente:texto,2026-09-06T14:41:16Z
acta,senado:276,DERSOC.DDHH,DERSOC,0,0.95,agente:texto,2026-09-06T14:41:00Z
acta,senado:276,DERSOC.ORIGIN,DERSOC,1,0.95,agente:texto,2026-09-06T14:41:00Z
acta,senado:276,JUST.PROPIED,JUST,0,0.95,agente:texto,2026-09-06T14:41:00Z
acta,senado:291,AUX.TRAMITE,AUX,1,0.95,agente:texto,2026-09-06T13:58:32Z
acta,senado:3,AUX.TRAMITE,AUX,0,0.95,agente:texto,2026-09-06T13:49:43Z
acta,senado:3,ECON.DEUDA,ECON,1,0.95,agente:texto,2026-09-06T13:49:43Z
acta,senado:307,ECON.PRESU,ECON,0,0.9,agente:texto,2026-09-06T14:15:44Z
acta,senado:307,ECON.TRIB,ECON,0,0.9,agente:texto,2026-09-06T14:15:44Z
acta,senado:307,TRAB.PREV,TRAB,1,0.9,agente:texto,2026-09-06T14:15:44Z
acta,senado:310,AUX.TRAMITE,AUX,1,0.95,agente:texto,2026-09-06T13:32:28Z
acta,senado:313,ECON.PRESU,ECON,0,0.8,agente:texto,2026-09-06T13:48:05Z
acta,senado:313,ECON.TRIB,ECON,0,0.8,agente:texto,2026-09-06T13:48:05Z
acta,senado:313,PROD.INVER,PROD,1,0.8,agente:texto,2026-09-06T13:48:05Z
acta,senado:315,DEF.TRATADO,DEF,1,0.95,agente:texto,2026-09-06T13:50:16Z
acta,senado:315,ECON.TRIB,ECON,0,0.95,agente:texto,2026-09-06T13:50:16Z
acta,senado:320,AMB.BOSQUE,AMB,1,0.95,agente:texto,2026-09-06T14:43:35Z
acta,senado:320,DEF.TRATADO,DEF,0,0.95,agente:texto,2026-09-06T14:43:35Z
acta,senado:320,ECON.COPART,ECON,0,0.95,agente:texto,2026-09-06T14:43:35Z
acta,senado:321,DERSOC.DDHH,DERSOC,0,0.95,agente:texto,2026-09-06T13:57:48Z
acta,senado:321,JUST.PENAL,JUST,1,0.95,agente:texto,2026-09-06T13:57:48Z
acta,senado:33,DERSOC.DDHH,DERSOC,0,0.95,agente:texto,2026-09-06T13:50:56Z
acta,senado:33,ECON.TRIB,ECON,0,0.95,agente:texto,2026-09-06T13:50:56Z
acta,senado:33,TRAB.PREV,TRAB,1,0.95,agente:texto,2026-09-06T13:50:56Z
acta,senado:34,DERSOC.DDHH,DERSOC,0,0.95,agente:texto,2026-09-06T14:47:59Z
acta,senado:34,ECON.TRIB,ECON,0,0.95,agente:texto,2026-09-06T14:47:59Z
acta,senado:34,TRAB.PREV,TRAB,1,0.95,agente:texto,2026-09-06T14:47:59Z
acta,senado:342,JUST.PENAL,JUST,1,0.75,manual,2026-09-07T19:08:32Z
acta,senado:352,AUX.TRAMITE,AUX,1,0.95,agente:texto,2026-09-06T13:30:01Z
acta,senado:353,AUX.SINCLASIF,AUX,1,0.0,agente:texto,2026-09-06T14:25:27Z
acta,senado:354,AUX.TRAMITE,AUX,0,0.95,agente:texto,2026-09-06T14:16:23Z
acta,senado:354,JUST.JUDIC,JUST,1,0.95,agente:texto,2026-09-06T14:16:23Z
acta,senado:355,AUX.SINCLASIF,AUX,1,0.99,manual,2026-09-07T19:08:32Z
acta,senado:356,AUX.TRAMITE,AUX,1,0.95,agente:texto,2026-09-06T13:52:11Z
acta,senado:371,AUX.TRAMITE,AUX,1,0.95,agente:texto,2026-09-06T13:28:42Z
acta,senado:372,AUX.SINCLASIF,AUX,1,0.0,agente:texto,2026-09-06T14:25:18Z
acta,senado:374,AUX.TRAMITE,AUX,1,0.95,agente:texto,2026-09-06T14:46:14Z
acta,senado:38,DERSOC.DDHH,DERSOC,0,0.95,agente:texto,2026-09-06T14:48:22Z
acta,senado:38,ECON.TRIB,ECON,0,0.95,agente:texto,2026-09-06T14:48:22Z
acta,senado:38,TRAB.PREV,TRAB,1,0.95,agente:texto,2026-09-06T14:48:22Z
acta,senado:386,AUX.TRAMITE,AUX,1,0.95,agente:texto,2026-09-06T14:30:20Z
acta,senado:387,AUX.TRAMITE,AUX,1,0.95,agente:texto,2026-09-06T14:22:48Z
acta,senado:388,AUX.TRAMITE,AUX,1,0.95,agente:texto,2026-09-06T14:22:41Z
acta,senado:389,AUX.TRAMITE,AUX,1,0.95,agente:texto,2026-09-06T14:22:50Z
acta,senado:396,ECON.COPART,ECON,1,0.95,agente:texto,2026-09-06T14:38:18Z
acta,senado:396,ECON.TRIB,ECON,0,0.95,agente:texto,2026-09-06T14:38:18Z
acta,senado:396,POLINST.ORGEST,POLINST,0,0.95,agente:texto,2026-09-06T14:38:18Z
acta,senado:398,DESREG.SOCIED,DESREG,0,0.85,agente:texto,2026-09-06T14:45:18Z
acta,senado:398,ECON.TRIB,ECON,1,0.85,agente:texto,2026-09-06T14:45:18Z
acta,senado:398,PROD.REGESP,PROD,0,0.85,agente:texto,2026-09-06T14:45:18Z
acta,senado:399,DEF.DEFENSA,DEF,0,0.95,agente:texto,2026-09-06T14:29:10Z
acta,senado:399,TRAB.EMPLEOPUB,TRAB,1,0.95,agente:texto,2026-09-06T14:29:10Z
acta,senado:399,TRAB.LABOR,TRAB,0,0.95,agente:texto,2026-09-06T14:29:10Z
acta,senado:400,AUX.SINCLASIF,AUX,1,0.0,agente:texto,2026-09-06T13:38:02Z
acta,senado:403,AUX.TRAMITE,AUX,1,0.95,agente:texto,2026-09-06T14:19:02Z
acta,senado:404,DESREG.DESECO,DESREG,0,0.75,agente:texto,2026-09-06T14:47:38Z
acta,senado:404,PROD.COMEX,PROD,0,0.75,agente:texto,2026-09-06T14:47:38Z
acta,senado:404,PROD.INDPYME,PROD,1,0.75,agente:texto,2026-09-06T14:47:38Z
acta,senado:406,DERSOC.DDHH,DERSOC,0,0.95,agente:texto,2026-09-06T14:47:46Z
acta,senado:406,DERSOC.GENERO,DERSOC,1,0.95,agente:texto,2026-09-06T14:47:46Z
acta,senado:406,POLINST.ETICA,POLINST,0,0.95,agente:texto,2026-09-06T14:47:46Z
acta,senado:406,POLINST.ORGEST,POLINST,0,0.95,agente:texto,2026-09-06T14:47:46Z
acta,senado:407,DEF.TRATADO,DEF,1,0.95,agente:texto,2026-09-06T14:52:06Z
acta,senado:407,PROD.COMEX,PROD,0,0.95,agente:texto,2026-09-06T14:52:06Z
acta,senado:407,PROD.INVER,PROD,0,0.95,agente:texto,2026-09-06T14:52:06Z
acta,senado:408,JUST.CIVCOM,JUST,1,0.95,agente:texto,2026-09-06T14:02:33Z
acta,senado:420,ECON.TRIB,ECON,0,0.95,agente:texto,2026-09-06T14:33:44Z
acta,senado:420,JUST.CIVCOM,JUST,1,0.95,agente:texto,2026-09-06T14:33:44Z
acta,senado:420,PROD.COMEX,PROD,0,0.95,agente:texto,2026-09-06T14:33:44Z
acta,senado:424,AMB.AGUA,AMB,0,0.95,agente:texto,2026-09-06T14:47:00Z
acta,senado:424,DESSOC.ASIST,DESSOC,0,0.95,agente:texto,2026-09-06T14:47:00Z
acta,senado:424,ECON.EMERG,ECON,1,0.95,agente:texto,2026-09-06T14:47:00Z
acta,senado:424,INFRA.OBRA,INFRA,0,0.95,agente:texto,2026-09-06T14:47:00Z
acta,senado:429,AUX.TRAMITE,AUX,1,0.95,agente:texto,2026-09-06T14:52:33Z
acta,senado:43,DESSOC.PNC,DESSOC,0,0.95,agente:texto,2026-09-06T14:09:27Z
acta,senado:43,ECON.TRIB,ECON,0,0.95,agente:texto,2026-09-06T14:09:27Z
acta,senado:43,TRAB.PREV,TRAB,1,0.95,agente:texto,2026-09-06T14:09:27Z
acta,senado:430,AUX.SINCLASIF,AUX,1,0.0,agente:texto,2026-09-06T14:36:38Z
acta,senado:431,CYT.INNOV,CYT,0,0.95,agente:texto,2026-09-06T13:50:41Z
acta,senado:431,INFRA.OBRA,INFRA,0,0.95,agente:texto,2026-09-06T13:50:41Z
acta,senado:431,INFRA.TRANSP,INFRA,1,0.95,agente:texto,2026-09-06T13:50:41Z
acta,senado:432,CYT.INNOV,CYT,0,0.95,agente:texto,2026-09-06T13:49:50Z
acta,senado:432,INFRA.OBRA,INFRA,0,0.95,agente:texto,2026-09-06T13:49:50Z
acta,senado:432,INFRA.TRANSP,INFRA,1,0.95,agente:texto,2026-09-06T13:49:50Z
acta,senado:434,AUX.TRAMITE,AUX,1,0.95,agente:texto,2026-09-06T14:02:25Z
acta,senado:435,DESREG.DESECO,DESREG,0,0.95,agente:texto,2026-09-06T14:49:38Z
acta,senado:435,ECON.PRESU,ECON,0,0.95,agente:texto,2026-09-06T14:49:38Z
acta,senado:435,INFRA.TRANSP,INFRA,1,0.95,agente:texto,2026-09-06T14:49:38Z
acta,senado:436,ECON.COPART,ECON,0,0.95,agente:texto,2026-09-06T14:21:24Z
acta,senado:436,ECON.TRIB,ECON,1,0.95,agente:texto,2026-09-06T14:21:24Z
acta,senado:436,ENER.COMBUS,ENER,0,0.95,agente:texto,2026-09-06T14:21:24Z
acta,senado:441,JUST.CIVCOM,JUST,0,0.95,agente:texto,2026-09-06T13:50:23Z
acta,senado:441,JUST.JUDIC,JUST,1,0.95,agente:texto,2026-09-06T13:50:23Z
acta,senado:441,POLINST.ORGEST,POLINST,0,0.95,agente:texto,2026-09-06T13:50:23Z
acta,senado:451,AUX.TRAMITE,AUX,1,0.95,agente:texto,2026-09-06T14:23:22Z
acta,senado:452,AUX.TRAMITE,AUX,1,0.95,agente:texto,2026-09-06T14:46:47Z
acta,senado:453,ECON.PRESU,ECON,0,0.95,agente:texto,2026-09-06T14:24:33Z
acta,senado:453,TRAB.PREV,TRAB,1,0.95,agente:texto,2026-09-06T14:24:33Z
acta,senado:458,INFRA.VIVIENDA,INFRA,0,0.95,agente:texto,2026-09-06T14:11:07Z
acta,senado:458,JUST.PROPIED,JUST,1,0.95,agente:texto,2026-09-06T14:11:07Z
acta,senado:458,SALUD.SISTEMA,SALUD,0,0.95,agente:texto,2026-09-06T14:11:07Z
acta,senado:461,DEF.TRATADO,DEF,1,0.95,agente:texto,2026-09-06T13:50:01Z
acta,senado:461,DESREG.SOCIED,DESREG,0,0.95,agente:texto,2026-09-06T13:50:01Z
acta,senado:462,ECON.PRESU,ECON,0,0.9,agente:texto,2026-09-06T14:06:43Z
acta,senado:462,TRAB.PREV,TRAB,1,0.9,agente:texto,2026-09-06T14:06:43Z
acta,senado:463,DESSOC.ASIST,DESSOC,0,0.95,agente:texto,2026-09-06T14:11:31Z
acta,senado:463,ECON.PRESU,ECON,0,0.95,agente:texto,2026-09-06T14:11:31Z
acta,senado:463,TRAB.PREV,TRAB,1,0.95,agente:texto,2026-09-06T14:11:31Z
acta,senado:464,DESSOC.ASIST,DESSOC,0,0.85,agente:texto,2026-09-06T14:17:12Z
acta,senado:464,ECON.PRESU,ECON,0,0.85,agente:texto,2026-09-06T14:17:12Z
acta,senado:464,TRAB.PREV,TRAB,1,0.85,agente:texto,2026-09-06T14:17:12Z
acta,senado:465,DESSOC.ASIST,DESSOC,0,0.85,agente:texto,2026-09-06T14:17:53Z
acta,senado:465,ECON.PRESU,ECON,0,0.85,agente:texto,2026-09-06T14:17:53Z
acta,senado:465,TRAB.PREV,TRAB,1,0.85,agente:texto,2026-09-06T14:17:53Z
acta,senado:466,DESSOC.ASIST,DESSOC,0,0.85,agente:texto,2026-09-06T14:17:22Z
acta,senado:466,ECON.PRESU,ECON,0,0.85,agente:texto,2026-09-06T14:17:22Z
acta,senado:466,TRAB.PREV,TRAB,1,0.85,agente:texto,2026-09-06T14:17:22Z
acta,senado:467,DESSOC.ASIST,DESSOC,0,0.95,agente:texto,2026-09-06T14:18:00Z
acta,senado:467,ECON.PRESU,ECON,0,0.95,agente:texto,2026-09-06T14:18:00Z
acta,senado:467,TRAB.PREV,TRAB,1,0.95,agente:texto,2026-09-06T14:18:00Z
acta,senado:468,AUX.TRAMITE,AUX,0,0.95,agente:texto,2026-09-06T14:02:45Z
acta,senado:468,ECON.PRESU,ECON,1,0.95,agente:texto,2026-09-06T14:02:45Z
acta,senado:469,AUX.SINCLASIF,AUX,1,0.0,agente:texto,2026-09-06T13:42:20Z
acta,senado:47,AUX.SINCLASIF,AUX,1,0.0,agente:texto,2026-09-06T13:35:59Z
acta,senado:471,ECON.PRESU,ECON,0,0.95,agente:texto,2026-09-06T13:49:58Z
acta,senado:471,ECON.TRIB,ECON,1,0.95,agente:texto,2026-09-06T13:49:58Z
acta,senado:472,ECON.EMERG,ECON,1,0.95,agente:texto,2026-09-06T14:49:18Z
acta,senado:481,DEF.EXTERIOR,DEF,0,0.85,agente:texto,2026-09-06T14:42:02Z
acta,senado:481,DERSOC.DDHH,DERSOC,1,0.85,agente:texto,2026-09-06T14:42:02Z
acta,senado:481,JUST.JUDIC,JUST,0,0.85,agente:texto,2026-09-06T14:42:02Z
acta,senado:483,AUX.TRAMITE,AUX,1,0.95,agente:texto,2026-09-06T13:40:38Z
acta,senado:485,AUX.TRAMITE,AUX,1,0.95,agente:texto,2026-09-06T14:42:04Z
acta,senado:488,AUX.TRAMITE,AUX,1,0.95,agente:texto,2026-09-06T13:45:24Z
acta,senado:491,AUX.TRAMITE,AUX,1,0.95,agente:texto,2026-09-06T13:33:14Z
acta,senado:496,DEF.TRATADO,DEF,0,0.95,agente:texto,2026-09-06T14:32:43Z
acta,senado:496,ECON.DEUDA,ECON,1,0.95,agente:texto,2026-09-06T14:32:43Z
acta,senado:499,AUX.TRAMITE,AUX,0,0.95,agente:texto,2026-09-06T14:38:55Z
acta,senado:499,ECON.PRESU,ECON,1,0.95,agente:texto,2026-09-06T14:38:55Z
acta,senado:5,ECON.DEUDA,ECON,1,0.95,agente:texto,2026-09-06T13:50:47Z
acta,senado:5,ECON.PRESU,ECON,0,0.95,agente:texto,2026-09-06T13:50:47Z
acta,senado:5,POLINST.CONST,POLINST,0,0.95,agente:texto,2026-09-06T13:50:47Z
acta,senado:51,AUX.HOMENAJE,AUX,1,0.95,agente:texto,2026-09-06T13:50:32Z
acta,senado:513,JUST.JUDIC,JUST,1,0.9,agente:texto,2026-09-06T14:44:07Z
acta,senado:514,AUX.HOMENAJE,AUX,0,0.85,agente:texto,2026-09-06T14:27:15Z
acta,senado:514,CYT.INNOV,CYT,0,0.85,agente:texto,2026-09-06T14:27:15Z
acta,senado:514,INFRA.TELECOM,INFRA,1,0.85,agente:texto,2026-09-06T14:27:15Z
acta,senado:514,PROD.INVER,PROD,0,0.85,agente:texto,2026-09-06T14:27:15Z
acta,senado:516,AUX.SINCLASIF,AUX,1,0.99,manual,2026-09-07T19:08:32Z
acta,senado:55,JUST.JUDIC,JUST,1,0.95,agente:texto,2026-09-06T14:34:36Z
acta,senado:55,JUST.PENAL,JUST,0,0.95,agente:texto,2026-09-06T14:34:36Z
acta,senado:56,JUST.JUDIC,JUST,1,0.95,agente:texto,2026-09-06T14:33:05Z
acta,senado:56,JUST.PENAL,JUST,0,0.95,agente:texto,2026-09-06T14:33:05Z
acta,senado:59,AUX.HOMENAJE,AUX,0,0.8,agente:texto,2026-09-06T14:41:05Z
acta,senado:59,INFRA.TRANSP,INFRA,1,0.8,agente:texto,2026-09-06T14:41:05Z
acta,senado:6,ECON.DEUDA,ECON,1,0.95,agente:texto,2026-09-06T13:43:09Z
acta,senado:6,ECON.PRESU,ECON,0,0.95,agente:texto,2026-09-06T13:43:09Z
acta,senado:6,POLINST.ORGEST,POLINST,0,0.95,agente:texto,2026-09-06T13:43:09Z
acta,senado:62,DEF.TRATADO,DEF,1,0.95,agente:texto,2026-09-06T14:46:50Z
acta,senado:62,JUST.PENAL,JUST,0,0.95,agente:texto,2026-09-06T14:46:50Z
acta,senado:7,ECON.DEUDA,ECON,1,0.95,agente:texto,2026-09-06T13:47:54Z
acta,senado:7,ECON.PRESU,ECON,0,0.95,agente:texto,2026-09-06T13:47:54Z
acta,senado:7,POLINST.ORGEST,POLINST,0,0.95,agente:texto,2026-09-06T13:47:54Z
acta,senado:8,AMB.CLIMA,AMB,0,0.95,agente:texto,2026-09-06T14:46:35Z
acta,senado:8,DESREG.MODEST,DESREG,0,0.95,agente:texto,2026-09-06T14:46:35Z
acta,senado:8,DESSOC.ASIST,DESSOC,0,0.95,agente:texto,2026-09-06T14:46:35Z
acta,senado:8,ECON.EMERG,ECON,1,0.95,agente:texto,2026-09-06T14:46:35Z
acta,senado:80,CULT.MEDIOS,CULT,0,0.95,agente:texto,2026-09-06T14:08:11Z
acta,senado:80,ECON.TRIB,ECON,1,0.95,agente:texto,2026-09-06T14:08:11Z
acta,senado:87,DESREG.MODEST,DESREG,1,0.85,agente:texto,2026-09-06T14:31:26Z
acta,senado:87,DESREG.SOCIED,DESREG,0,0.85,agente:texto,2026-09-06T14:31:26Z
acta,senado:87,ECON.PRESU,ECON,0,0.85,agente:texto,2026-09-06T14:31:26Z
acta,senado:87,INFRA.OBRA,INFRA,0,0.85,agente:texto,2026-09-06T14:31:26Z
acta,senado:88,DESREG.MODEST,DESREG,0,0.85,agente:texto,2026-09-06T14:42:52Z
acta,senado:88,DESREG.SOCIED,DESREG,1,0.85,agente:texto,2026-09-06T14:42:52Z
acta,senado:88,ECON.PRESU,ECON,0,0.85,agente:texto,2026-09-06T14:42:52Z
acta,senado:88,INFRA.OBRA,INFRA,0,0.75,manual,2026-09-07T19:08:32Z
acta,senado:88,PROD.INVER,PROD,1,0.75,manual,2026-09-07T19:08:32Z
acta,senado:89,DESREG.MODEST,DESREG,1,0.75,agente:texto,2026-09-06T14:25:22Z
acta,senado:89,ECON.PRESU,ECON,0,0.75,agente:texto,2026-09-06T14:25:22Z
acta,senado:89,INFRA.OBRA,INFRA,0,0.75,agente:texto,2026-09-06T14:25:22Z
acta,senado:90,DESREG.MODEST,DESREG,0,0.85,agente:texto,2026-09-06T14:42:41Z
acta,senado:90,DESREG.SOCIED,DESREG,1,0.85,agente:texto,2026-09-06T14:42:41Z
acta,senado:90,ECON.PRESU,ECON,0,0.85,agente:texto,2026-09-06T14:42:41Z
acta,senado:91,DESREG.DESECO,DESREG,0,0.85,agente:texto,2026-09-06T14:42:29Z
acta,senado:91,DESREG.SOCIED,DESREG,1,0.85,agente:texto,2026-09-06T14:42:29Z
acta,senado:91,INFRA.OBRA,INFRA,0,0.85,agente:texto,2026-09-06T14:42:29Z
acta,senado:92,DESREG.DESECO,DESREG,1,0.85,agente:texto,2026-09-06T13:43:36Z
acta,senado:92,DESREG.MODEST,DESREG,0,0.85,agente:texto,2026-09-06T13:43:36Z
acta,senado:92,ECON.PRESU,ECON,0,0.85,agente:texto,2026-09-06T13:43:36Z
acta,senado:92,JUST.CIVCOM,JUST,0,0.85,agente:texto,2026-09-06T13:43:36Z
acta,senado:93,DESREG.MODEST,DESREG,1,0.85,agente:texto,2026-09-06T14:42:21Z
acta,senado:93,ECON.PRESU,ECON,0,0.85,agente:texto,2026-09-06T14:42:21Z
acta,senado:93,INFRA.OBRA,INFRA,0,0.85,agente:texto,2026-09-06T14:42:21Z
acta,senado:94,DESREG.DESECO,DESREG,0,0.85,agente:texto,2026-09-06T14:41:36Z
acta,senado:94,DESREG.MODEST,DESREG,0,0.85,agente:texto,2026-09-06T14:41:36Z
acta,senado:94,DESREG.SOCIED,DESREG,1,0.85,agente:texto,2026-09-06T14:41:36Z
acta,senado:94,JUST.CIVCOM,JUST,0,0.85,agente:texto,2026-09-06T14:41:36Z
acta,senado:95,DESREG.EMPUB,DESREG,0,0.75,agente:texto,2026-09-06T14:29:01Z
acta,senado:95,DESREG.MODEST,DESREG,1,0.75,agente:texto,2026-09-06T14:29:01Z
acta,senado:95,ECON.PRESU,ECON,0,0.75,agente:texto,2026-09-06T14:29:01Z
acta,senado:95,INFRA.OBRA,INFRA,0,0.75,agente:texto,2026-09-06T14:29:01Z
acta,senado:96,DESREG.MODEST,DESREG,0,0.85,agente:texto,2026-09-06T14:42:17Z
acta,senado:96,DESREG.SOCIED,DESREG,1,0.85,agente:texto,2026-09-06T14:42:17Z
acta,senado:96,ECON.PRESU,ECON,0,0.85,agente:texto,2026-09-06T14:42:17Z
acta,senado:96,JUST.CIVCOM,JUST,0,0.85,agente:texto,2026-09-06T14:42:17Z
acta,senado:97,DESREG.MODEST,DESREG,0,0.85,agente:texto,2026-09-06T14:42:09Z
acta,senado:97,DESREG.SOCIED,DESREG,1,0.85,agente:texto,2026-09-06T14:42:09Z
acta,senado:97,JUST.CIVCOM,JUST,0,0.85,agente:texto,2026-09-06T14:42:09Z
acta,senado:98,DESREG.MODEST,DESREG,1,0.75,agente:texto,2026-09-06T14:42:25Z
acta,senado:98,ECON.PRESU,ECON,0,0.75,agente:texto,2026-09-06T14:42:25Z
acta,senado:98,INFRA.OBRA,INFRA,0,0.75,agente:texto,2026-09-06T14:42:25Z
