Apellido,Nombre,Distrito,IniciaMandato,FinalizaMandato,Bloque
Granados,Dulce,Buenos Aires,2009-12-10,2013-12-09,Frente para la Victoria - Pj
Granados,Dulce,Buenos Aires,2013-12-10,2017-12-09,Frente para la Victoria - Pj
Lopez Arias,Marcelo Eduardo,Salta,2009-12-10,2011-12-09,Peronista
Müller,Mabel Hilda,Buenos Aires,2013-09-11,2013-12-09,Frente Renovador
Pichetto,Miguel Angel,Buenos Aires,2024-08-07,2027-12-09,Encuentro Federal
Negri,Mario Raul,Cordoba,2011-12-10,2015-12-09,Ucr
Negri,Mario Raul,Cordoba,2015-12-10,2019-12-09,Ucr
Negri,Mario Raul,Cordoba,2019-12-10,2023-12-09,Ucr
Vazquez,Silvia Beatriz,Buenos Aires,2008-09-30,2011-12-09,Partido de la Concertacion - Forja
Acevedo,Sergio,Santa Cruz,2023-12-12,2025-09-15,Por Santa Cruz
Atanasof,Alfredo Nestor,Buenos Aires,2011-12-07,2013-12-09,Frente Peronista
Carrio,Elisa Maria Avelina,Ciudad de Buenos Aires,2011-12-06,2013-12-09,Coalicion Civica - Ari
Carrio,Elisa Maria Avelina,Ciudad de Buenos Aires,2016-02-04,2017-12-09,Coalicion Civica
Carrio,Elisa Maria Avelina,Ciudad de Buenos Aires,2017-12-10,2020-02-29,Coalicion Civica
Das Neves,Mario,Chubut,2013-12-10,2015-12-10,Trabajo y Dignidad
Garre,Nilda Celia,Ciudad de Buenos Aires,2015-12-10,2019-12-09,Frente para la Victoria - Pj
Raimundi,Carlos,Buenos Aires,2015-06-09,2015-12-09,Solidario Si
Albrisi,Cesar Alfredo,Cordoba,2009-12-10,2010-04-14,Peronismo Federal
Camaño,Graciela,Buenos Aires,2011-12-07,2011-12-09,Frente Peronista
Camaño,Graciela,Buenos Aires,2013-09-11,2015-12-09,Frente Renovador
Camaño,Graciela,Buenos Aires,2019-06-26,2019-12-09,Consenso Federal
Camaño,Graciela,Buenos Aires,2023-11-22,2023-12-09,Consenso Federal
Conti,Diana Beatriz,Buenos Aires,2009-12-10,2013-12-09,Frente para la Victoria - Pj
Conti,Diana Beatriz,Buenos Aires,2013-12-10,2017-12-09,Frente para la Victoria - Pj
Puiggros,Adriana Victoria,Buenos Aires,2007-12-10,2011-12-09,Frente para la Victoria - Pj
Puiggros,Adriana Victoria,Buenos Aires,2011-12-10,2015-12-09,Frente para la Victoria - Pj
Rivas,Jorge,Buenos Aires,2009-12-10,2011-12-09,Nuevo Encuentro Popular y Solidario
Rivas,Jorge,Buenos Aires,2011-12-10,2015-12-09,Frente para la Victoria - Pj
Santin,Eduardo,Buenos Aires,2015-02-24,2015-12-09,Movimiento Nacional Alfonsinista
Scioli,Daniel,Buenos Aires,2019-12-10,2020-03-05,Frente de Todos
Stolbizer,Margarita Rosa,Buenos Aires,2009-12-10,2013-12-09,Gen
Stolbizer,Margarita Rosa,Buenos Aires,2013-12-10,2017-12-09,Gen
Gioja,Jose Luis,San Juan,2015-12-10,2019-12-09,Frente para la Victoria - Pj
Gioja,Jose Luis,San Juan,2019-12-10,2023-12-09,Frente de Todos
Moreau,Leopoldo Raul Guido,Buenos Aires,2019-12-10,2021-12-09,Frente de Todos
Moreau,Leopoldo Raul Guido,Buenos Aires,2023-12-10,2025-12-09,Unión por la Patria
Yoma,Jorge Raul,La Rioja,2013-10-08,2013-12-09,El Chacho
Gil Lavedra,Ricardo Rodolfo,Ciudad de Buenos Aires,2009-12-10,2013-12-09,Ucr
Caviglia,Franco Agustin,Buenos Aires,2016-03-15,2017-12-09,Juntos por Argentina
Daher,Zulema Beatriz,Salta,2011-10-26,2011-12-09,Union Peronista
Diaz Bancalari,Jose Maria,Buenos Aires,2007-12-10,2011-12-09,Frente para la Victoria - Pj
Diaz Bancalari,Jose Maria,Buenos Aires,2011-12-10,2015-12-09,Frente para la Victoria - Pj
Giannettasio,Graciela Maria,Buenos Aires,2007-12-10,2011-12-09,Frente para la Victoria - Pj
Giannettasio,Graciela Maria,Buenos Aires,2011-12-10,2015-11-27,Frente para la Victoria - Pj
Giubergia,Miguel Angel,Jujuy,2007-12-10,2011-12-09,Ucr
Giubergia,Miguel Angel,Jujuy,2011-12-10,2015-07-15,Ucr
Macaluse,Eduardo Gabriel,Buenos Aires,2011-09-07,2011-12-09,Unidad Popular
Obeid,Jorge Alberto,Santa Fe,2009-12-10,2011-12-09,Peronismo Federal
Obeid,Jorge Alberto,Santa Fe,2013-12-10,2014-01-28,Frente para la Victoria - Pj
Ocaña,Graciela,Buenos Aires,2011-12-10,2013-12-09,Unidad para el Desarrollo Social y la Equidad
Ocaña,Graciela,Buenos Aires,2017-12-10,2021-12-09,Pro
Ocaña,Graciela,Buenos Aires,2021-12-10,2023-12-09,Pro
Puerta,Federico Ramon,Misiones,2011-12-07,2013-12-09,Frente Peronista
Quiroz,Elsa Siria,Buenos Aires,2009-12-10,2011-12-09,Coalicion Civica
Bullrich,Patricia,Ciudad de Buenos Aires,2009-12-10,2011-12-09,Coalicion Civica
Bullrich,Patricia,Ciudad de Buenos Aires,2013-12-10,2015-12-09,Union Pro
Lusquiños,Luis Bernardo,San Luis,2016-03-01,2017-06-17,Compromiso Federal
Lombardi,Hernan,Buenos Aires,2023-12-10,2025-03-10,Pro
Caparros,Mabel Luisa,Tierra del Fuego,2019-12-10,2023-12-09,Frente de Todos
Brizuela del Moral,Eduardo Segundo,Catamarca,2013-12-10,2017-12-09,Frente Civico y Social de Catamarca
Brizuela del Moral,Eduardo Segundo,Catamarca,2019-12-27,2021-08-25,Frente Civico y Social de Catamarca
Basteiro,Sergio Ariel,Buenos Aires,2009-12-10,2011-12-09,Nuevo Encuentro Popular y Solidario
Bertone,Rosana Andrea,Tierra del Fuego,2009-12-10,2013-12-09,Frente para la Victoria - Pj
Bertone,Rosana Andrea,Tierra del Fuego,2019-12-10,2023-12-09,Frente de Todos
Brown,Carlos Ramon,Buenos Aires,2013-11-15,2015-12-09,Fe
Cigogna,Luis Francisco Jorge,Buenos Aires,2009-12-10,2013-12-09,Frente para la Victoria - Pj
Cigogna,Luis Francisco Jorge,Buenos Aires,2014-12-16,2017-12-09,Frente para la Victoria - Pj
Cordoba,Stella Maris,Tucuman,2009-12-10,2013-12-09,Frente para la Victoria - Pj
Cusinato,Gustavo,Entre Rios,2007-12-10,2011-12-09,Ucr
Herrera,Griselda Noemi,La Rioja,2011-12-10,2015-12-09,Frente para la Victoria - Pj
Osuna,Blanca Ines,Entre Rios,2019-12-10,2023-12-09,Frente de Todos
Osuna,Blanca Ines,Entre Rios,2023-12-10,2027-12-09,Unión por la Patria
Rodriguez,Marcela Virginia,Buenos Aires,2011-08-05,2013-12-09,Democracia Igualitaria y Participativa (D.i.p.)
Schiaretti,Juan,Cordoba,2013-12-10,2015-12-09,Union por Cordoba
Schiaretti,Juan,Cordoba,2026-02-12,2029-12-09,Provincias Unidas
Solanas,Julio Rodolfo,Entre Rios,2011-12-10,2015-12-09,Frente para la Victoria - Pj
Solanas,Julio Rodolfo,Entre Rios,2015-12-10,2019-12-09,Frente para la Victoria - Pj
Zottos,Andres,Salta,2017-12-10,2021-12-09,Justicialista
Ibarra,Vilma Lidia,Ciudad de Buenos Aires,2009-12-10,2011-12-09,Nuevo Encuentro Popular y Solidario
De Mendiguren,Jose Ignacio,Buenos Aires,2015-12-10,2017-12-09,Federal Unidos por una Nueva Argentina
De Mendiguren,Jose Ignacio,Buenos Aires,2019-12-10,2021-12-09,Frente de Todos
Alvarez,Juan Jose,Buenos Aires,2011-03-01,2011-12-09,Nucleo Unidad Peronista
Montoya,Jorge Luciano,Cordoba,2011-03-01,2011-12-09,Nucleo Unidad Peronista
De Vido,Julio,Buenos Aires,2015-12-10,2019-12-09,Frente para la Victoria - Pj
Filmus,Daniel,Ciudad de Buenos Aires,2019-12-10,2020-01-23,Frente de Todos
Kirchner,Nestor Carlos,Buenos Aires,2009-12-10,2010-10-27,Frente para la Victoria - Pj
Borsani,Luis Gustavo,Mendoza,2015-12-10,2019-12-09,Ucr
Caserio,Carlos Alberto,Cordoba,2015-12-10,2017-12-09,Union por Cordoba
Comelli,Alicia Marcela,Neuquen,2007-12-10,2011-12-09,Mov Pop Neuquino
Comelli,Alicia Marcela,Neuquen,2011-12-10,2015-12-09,Mov Pop Neuquino
De la Rosa,Maria Graciela,Formosa,2007-12-10,2011-12-09,Frente para la Victoria - Pj
De la Rosa,Maria Graciela,Formosa,2025-12-10,2029-12-09,Unión por la Patria
Alonso,Gumersindo Federico,Cordoba,2009-12-10,2013-12-09,Frente Civico - Cordoba
Diaz,Susana Eladia,Tucuman,2007-12-10,2011-10-26,Frente para la Victoria - Pj
Fadel,Patricia Susana,Mendoza,2007-12-10,2011-12-09,Frente para la Victoria - Pj
Fiol,Paulina Esther,Santa Fe,2007-12-10,2011-12-09,Frente para la Victoria - Pj
Garcia,Susana Rosa,Santa Fe,2009-12-10,2011-12-09,Coalicion Civica
Gioja,Juan Carlos,San Juan,2007-12-10,2011-12-09,Frente para la Victoria - Pj
Giudici,Silvana Myriam,Ciudad de Buenos Aires,2007-12-10,2011-12-09,Ucr
Godoy,Ruperto Eduardo,San Juan,2007-12-10,2011-12-09,Frente para la Victoria - Pj
Irrazabal,Juan Manuel,Misiones,2007-12-10,2011-12-09,Frente para la Victoria - Pj
Marconato,Gustavo Angel,Santa Fe,2007-12-10,2011-12-09,Frente para la Victoria - Pj
Martinez,Julio Cesar,La Rioja,2009-12-10,2013-12-09,Ucr
Martinez,Julio Cesar,La Rioja,2013-12-10,2015-12-10,Ucr
Mongelo,Jose Ricardo,Chaco,2011-12-10,2015-12-09,Frente para la Victoria - Pj
Perez,Adrian,Buenos Aires,2009-12-10,2011-12-09,Coalicion Civica
Perez,Adrian,Buenos Aires,2013-12-10,2015-12-09,Frente Renovador
Perie,Hugo Ruben,Corrientes,2007-12-10,2011-08-15,Frente para la Victoria - Pj
Pinedo,Federico,Ciudad de Buenos Aires,2007-12-10,2011-12-09,Pro
Pinedo,Federico,Ciudad de Buenos Aires,2015-12-03,2015-12-09,Pro y Union por entre Rios
Ritondo,Cristian A.,Buenos Aires,2019-12-10,2023-12-09,Pro
Ritondo,Cristian A.,Buenos Aires,2023-12-10,2027-12-09,Pro
Sartori,Diego Horacio,Misiones,2019-12-10,2023-12-09,Frente de la Concordia Misionero
Sluga,Juan Carlos,Buenos Aires,2007-12-10,2011-12-09,Frente para la Victoria - Pj
Vargas Aignasse,Geronimo,Tucuman,2007-12-10,2011-10-26,Frente para la Victoria - Pj
Bonasso,Miguel Luis,Ciudad de Buenos Aires,2007-12-10,2011-12-09,Dialogo por Buenos Aires
Lozano,Claudio Raul,Ciudad de Buenos Aires,2011-09-07,2011-12-09,Unidad Popular
Lozano,Claudio Raul,Ciudad de Buenos Aires,2011-12-10,2015-12-09,Unidad Popular
Leguizamon,Maria Laura,Buenos Aires,2007-12-10,2011-12-09,Frente para la Victoria - Pj
Poggi,Claudio Javier,San Luis,2016-02-22,2017-12-09,Avanzar San Luis
Poggi,Claudio Javier,San Luis,2021-12-10,2023-11-01,Avanzar San Luis
Rios,Roberto Fabian,Corrientes,2011-12-10,2013-12-10,Frente para la Victoria - Pj
Landau,Jorge Alberto,Buenos Aires,2007-12-10,2011-12-09,Frente para la Victoria - Pj
Landau,Jorge Alberto,Buenos Aires,2011-12-10,2015-11-30,Frente para la Victoria - Pj
Taiana,Jorge,Buenos Aires,2025-12-10,2029-12-09,Unión por la Patria
Aguad,Oscar Raul,Cordoba,2009-12-10,2013-12-09,Ucr
Aguad,Oscar Raul,Cordoba,2013-12-10,2015-12-09,Ucr
Alvarez Rodriguez,Maria Cristina,Buenos Aires,2015-12-10,2019-12-09,Frente para la Victoria - Pj
Alvarez Rodriguez,Maria Cristina,Buenos Aires,2019-12-10,2021-09-21,Frente de Todos
Bertol,Paula Maria,Ciudad de Buenos Aires,2009-12-10,2013-12-09,Pro
Binner,Hermes Juan,Santa Fe,2013-12-10,2017-12-09,Partido Socialista
Brillo,Jose Ricardo,Neuquen,2009-12-10,2013-12-09,Mov Pop Neuquino
Brue,Daniel Agustin,Santiago del Estero,2009-12-10,2013-12-09,Frente Civico por Santiago
Brue,Daniel Agustin,Santiago del Estero,2019-12-10,2023-12-09,Frente de Todos
Bullrich,Esteban Jose,Ciudad de Buenos Aires,2009-12-10,2010-08-31,Pro
Canela,Susana Mercedes,Salta,2013-12-10,2015-12-09,Frente para la Victoria - Pj
Carlotto,Remo Gerardo,Buenos Aires,2009-12-10,2013-12-09,Frente para la Victoria - Pj
Carlotto,Remo Gerardo,Buenos Aires,2016-06-23,2017-12-09,Peronismo para la Victoria
Collantes,Genaro Aurelio,Catamarca,2009-12-10,2009-12-25,Ucr
Cornejo,Alfredo Victor,Mendoza,2021-12-10,2023-12-09,Ucr
De Marchi,Omar,Mendoza,2009-12-10,2013-12-09,Democrata de Mendoza
De Marchi,Omar,Mendoza,2019-12-10,2023-12-09,Pro
De Narvaez,Francisco,Buenos Aires,2011-12-07,2013-12-09,Frente Peronista
De Narvaez,Francisco,Buenos Aires,2013-12-10,2015-12-03,Union Celeste y Blanco
Depetri,Edgardo Fernando,Buenos Aires,2010-11-03,2013-12-09,Frente para la Victoria - Pj
Depetri,Edgardo Fernando,Buenos Aires,2013-12-10,2017-12-09,Frente para la Victoria - Pj
Di Tullio,Juliana,Buenos Aires,2009-12-10,2013-12-09,Frente para la Victoria - Pj
Di Tullio,Juliana,Buenos Aires,2013-12-10,2017-12-09,Frente para la Victoria - Pj
Diaz Roig,Juan Carlos,Formosa,2009-12-10,2013-12-09,Frente para la Victoria - Pj
Diaz Roig,Juan Carlos,Formosa,2013-12-10,2017-12-09,Frente para la Victoria - Pj
Ferra de Bartol,Margarita,San Juan,2009-12-10,2013-10-11,Frente para la Victoria - Pj
Garcia,Maria Teresa,Buenos Aires,2009-12-10,2013-12-09,Frente para la Victoria - Pj
Garcia,Maria Teresa,Buenos Aires,2013-12-10,2017-12-09,Frente para la Victoria - Pj
Garcia,Maria Teresa,Buenos Aires,2025-12-10,2029-12-09,Unión por la Patria
Giacomino,Daniel Oscar,Cordoba,2011-12-10,2015-12-09,Frente para la Victoria - Pj
Kroneberger,Daniel Ricardo,La Pampa,2011-12-10,2015-12-09,Ucr
Kroneberger,Daniel Ricardo,La Pampa,2015-12-10,2019-12-09,Ucr
Kunkel,Carlos Miguel,Buenos Aires,2009-12-10,2013-12-09,Frente para la Victoria - Pj
Kunkel,Carlos Miguel,Buenos Aires,2013-12-10,2017-12-09,Frente para la Victoria - Pj
Moises,Maria Carolina,Jujuy,2017-12-18,2019-12-09,Justicialista
Moises,Maria Carolina,Jujuy,2019-12-10,2023-12-09,Frente de Todos
Moreno,Carlos Julio,Buenos Aires,2009-12-10,2013-12-09,Frente para la Victoria - Pj
Moreno,Carlos Julio,Buenos Aires,2013-12-10,2017-12-09,Frente para la Victoria - Pj
Oliva,Cristian Rodolfo,Santiago del Estero,2009-12-10,2013-12-09,Frente Civico por Santiago
Oliva,Cristian Rodolfo,Santiago del Estero,2013-12-10,2017-12-09,Frente Civico por Santiago
Recalde,Hector Pedro,Buenos Aires,2009-12-10,2013-12-09,Frente para la Victoria - Pj
Recalde,Hector Pedro,Buenos Aires,2013-12-10,2017-12-09,Frente para la Victoria - Pj
Rossi,Agustin Oscar,Santa Fe,2009-12-10,2013-05-31,Frente para la Victoria - Pj
Rossi,Agustin Oscar,Santa Fe,2019-12-10,2019-12-10,Frente de Todos
Rossi,Agustin Oscar,Santa Fe,2025-12-10,2029-12-09,Unión por la Patria
Salim,Juan Arturo,Tucuman,2009-12-10,2013-12-09,Frente para la Victoria - Pj
Sarghini,Jorge Emilio,Buenos Aires,2019-12-19,2021-12-09,Consenso Federal
Soto,Gladys Beatriz,Chaco,2011-12-10,2015-12-09,Frente para la Victoria - Pj
Thomas,Enrique Luis,Mendoza,2011-12-07,2013-12-09,Frente Peronista
Tonelli,Pablo Gabriel,Ciudad de Buenos Aires,2013-12-10,2015-12-09,Union Pro
Tonelli,Pablo Gabriel,Ciudad de Buenos Aires,2017-12-10,2019-12-09,Pro
Tonelli,Pablo Gabriel,Ciudad de Buenos Aires,2019-12-10,2023-12-09,Pro
West,Mariano Federico,Buenos Aires,2009-12-10,2011-12-11,Frente para la Victoria - Pj
Closs,Maurice Fabian,Misiones,2017-12-10,2019-12-09,Misiones
Uñac,Jose Ruben,San Juan,2011-12-10,2015-12-09,Frente para la Victoria - Pj
Gonzalez,Nancy Susana,Chubut,2009-12-10,2013-12-09,Frente para la Victoria - Pj
Sanchez,Fernando,Ciudad de Buenos Aires,2016-02-04,2017-12-09,Coalicion Civica
Obiglio,Julian Martin,Ciudad de Buenos Aires,2010-10-13,2013-12-09,Pro
Bianchi,Ivana Maria,San Luis,2011-12-07,2011-12-09,Frente Peronista
Bianchi,Ivana Maria,San Luis,2013-09-17,2015-12-09,Compromiso Federal
Bianchi,Ivana Maria,San Luis,2018-02-06,2019-12-09,Unidad Justicialista
Calcagno y Maillmann,Eric,Buenos Aires,2011-12-10,2015-12-09,Frente para la Victoria - Pj
Acosta,Maria Julia,Catamarca,2007-12-10,2011-12-09,Frente para la Victoria - Pj
Agosto,Walter Alfredo,Santa Fe,2009-12-10,2011-12-09,Peronismo Federal
Aguirre,Hilda,La Rioja,2007-12-10,2011-12-09,Frente para la Victoria - Pj
Aguirre,Hilda,La Rioja,2019-12-10,2023-12-09,Frente de Todos
Aguirre,Hilda,La Rioja,2023-12-10,2027-12-09,Unión por la Patria
Alfaro,German Enrique,Tucuman,2007-12-10,2011-10-21,Frente para la Victoria - Pj
Alvaro,Hector Jorge,Mendoza,2007-12-10,2011-12-09,De la Concertacion
Arbo,Jose Ameghino,Corrientes,2007-12-10,2011-12-09,Partido Liberal de Corrientes
Areta,Maria Josefa,Corrientes,2007-12-10,2011-12-09,Frente de Todos
Barrios,Miguel Angel,Santa Fe,2007-12-10,2011-12-09,Partido Socialista
Bedano,Nora Esther,Cordoba,2007-12-10,2011-12-09,Frente para la Victoria - Pj
Bedano,Nora Esther,Cordoba,2011-12-10,2015-12-09,Frente para la Victoria - Pj
Belous,Nelida,Tierra del Fuego,2010-09-09,2011-12-09,Social Patagonico
Benas,Veronica Claudia,Santa Fe,2011-09-07,2011-12-09,Unidad Popular
Calchaqui,Mariel,Tierra del Fuego,2007-12-10,2011-12-09,Frente para la Victoria - Pj
Caselles,Graciela Maria,San Juan,2007-12-10,2011-12-09,Frente para la Victoria - Pj
Caselles,Graciela Maria,San Juan,2011-12-10,2015-12-09,Frente para la Victoria - Pj
Caselles,Graciela Maria,San Juan,2017-12-08,2019-12-09,Partido Bloquista de San Juan
Caselles,Graciela Maria,San Juan,2019-12-10,2023-12-09,Frente de Todos
Cejas,Jorge Alberto,Rio Negro,2007-12-10,2011-12-09,Frente para la Victoria - Pj
Cejas,Jorge Alberto,Rio Negro,2011-12-10,2015-12-09,Frente para la Victoria - Pj
Cortina,Roy,Ciudad de Buenos Aires,2007-12-10,2011-12-09,Partido Socialista
Cortina,Roy,Ciudad de Buenos Aires,2011-12-10,2015-12-09,Partido Socialista
Cremer de Busti,Maria Cristina,Entre Rios,2009-12-10,2011-12-06,Peronismo Federal
Cremer de Busti,Maria Cristina,Entre Rios,2011-12-07,2013-12-09,Frente Peronista
Cremer de Busti,Maria Cristina,Entre Rios,2013-12-10,2017-12-09,Union por entre Rios
Chiquichano,Rosa Laudelina,Chubut,2007-12-10,2011-12-09,Frente para la Victoria - Pj
Damilano Grivarello,Viviana Monica,Chaco,2007-12-10,2011-12-09,Frente para la Victoria - Pj
Dato,Alfredo Carlos,Tucuman,2007-12-10,2011-12-09,Frente para la Victoria - Pj
Dato,Alfredo Carlos,Tucuman,2011-12-10,2015-12-09,Frente para la Victoria - Pj
Del Campillo,Hector Eduardo,Cordoba,2007-12-10,2011-12-09,Ucr
Fein,Monica Hayde,Santa Fe,2007-12-10,2011-12-09,Partido Socialista
Fernandez Basualdo,Luis Maria,Formosa,2007-12-10,2010-10-19,Frente para la Victoria - Pj
Garcia Hamilton,Jose Ignacio,Tucuman,2007-12-10,2009-06-17,Ucr
Garcia,Irma Adriana,La Pampa,2011-10-26,2011-12-09,Union Peronista
Gil Lozano,Claudia Fernanda,Ciudad de Buenos Aires,2009-12-10,2011-12-09,Coalicion Civica
Gonzalez,Juan Dante,Mendoza,2007-12-10,2011-12-09,Frente para la Victoria - Pj
Gonzalez,Juan Dante,Mendoza,2011-12-10,2015-12-09,Frente para la Victoria - Pj
Herrera,Jose Alberto,Santiago del Estero,2007-12-10,2011-12-09,Frente Civico por Santiago
Herrera,Jose Alberto,Santiago del Estero,2011-12-10,2015-12-09,Frente Civico por Santiago
Herrera,Jose Alberto,Santiago del Estero,2015-12-10,2017-11-08,Frente Civico por Santiago
Hotton,Cynthia Liliana,Ciudad de Buenos Aires,2009-07-31,2011-12-09,Valores para Mi Pais
Kenny,Eduardo Enrique Federico,La Pampa,2007-12-10,2011-12-09,Ucr
Korenfeld,Beatriz Liliana,Santa Cruz,2007-12-10,2011-12-09,Frente para la Victoria - Pj
Leverberg,Stella Maris,Misiones,2007-12-10,2011-12-09,Frente para la Victoria - Pj
Leverberg,Stella Maris,Misiones,2011-12-10,2015-12-09,Frente para la Victoria - Pj
Lopez,Rafael Angel,Formosa,2007-12-10,2011-12-09,Frente para la Victoria - Pj
Luna de Marcos,Ana Zulema,Santiago del Estero,2007-12-10,2011-12-09,Frente Civico por Santiago
Merchan,Paula Cecilia,Cordoba,2009-12-10,2011-12-09,Libres del Sur
Merlo,Mario Raul,San Luis,2009-12-10,2011-12-09,Peronismo Federal
Montero,Laura Gisela,Mendoza,2008-08-14,2009-11-24,Consenso Federal
Morante,Antonio Arnaldo Maria,Chaco,2007-12-10,2011-12-09,Frente para la Victoria - Pj
Morejon,Manuel Amor,Chubut,2009-12-10,2011-12-09,Peronista
Pais,Juan Mario,Chubut,2007-12-10,2011-12-09,Frente para la Victoria - Pj
Pais,Juan Mario,Chubut,2011-12-10,2015-12-09,Frente para la Victoria - Pj
Paroli,Raul Omar,Catamarca,2007-12-10,2011-12-09,Frente Civico y Social de Catamarca
Pastoriza,Mirta Ameliana,Santiago del Estero,2007-12-10,2011-12-09,Frente Civico por Santiago
Pastoriza,Mirta Ameliana,Santiago del Estero,2011-12-10,2015-12-09,Frente Civico por Santiago
Pastoriza,Mirta Ameliana,Santiago del Estero,2015-12-10,2019-12-09,Frente Civico por Santiago
Peralta,Fabian Francisco,Santa Fe,2009-11-12,2011-12-09,Gen
Peralta,Fabian Francisco,Santa Fe,2011-12-10,2015-12-09,Gen
Pereyra,Guillermo Antonio,Mendoza,2007-12-10,2011-12-09,Frente para la Victoria - Pj
Perez,Jorge Raul,Santiago del Estero,2007-12-10,2011-11-11,Frente Civico por Santiago
Portela,Agustin Alberto,Corrientes,2007-12-10,2011-12-09,Ucr
Portela,Agustin Alberto,Corrientes,2011-12-10,2015-12-09,Ucr
Prieto,Hugo Nelson,Neuquen,2007-12-10,2011-12-09,De la Concertacion
Rejal,Jesus Fernando,La Rioja,2007-12-10,2009-11-24,Frente para la Victoria - Pj
Rossi,Alejandro Luis,Santa Fe,2007-12-10,2011-12-09,Frente para la Victoria - Pj
Rossi,Cipriana Lorena,Rio Negro,2011-10-26,2011-12-09,Union Peronista
Sciutto,Ruben Dario,Tierra del Fuego,2007-12-10,2011-12-09,Frente para la Victoria - Pj
Sciutto,Ruben Dario,Tierra del Fuego,2013-09-26,2015-12-09,Peronismo Mas al Sur
Storni,Silvia,Cordoba,2007-12-10,2011-12-09,Ucr
Urlich,Carlos,Chaco,2007-12-10,2011-12-09,Ucr
Viale,Lisandro Alfredo,Entre Rios,2007-12-10,2011-12-09,Partido Socialista
Vilariño,Jose Antonio,Salta,2007-12-10,2011-12-09,Frente para la Victoria - Pj
Vilariño,Jose Antonio,Salta,2011-12-10,2015-12-09,Frente para la Victoria - Pj
Zavallo,Gustavo Marcelo,Entre Rios,2009-07-28,2011-12-09,Peronismo Federal
Gullo,Juan Carlos Dante,Ciudad de Buenos Aires,2007-12-10,2011-12-09,Frente para la Victoria - Pj
Reyes,Maria Fernanda,Ciudad de Buenos Aires,2009-12-10,2011-12-09,Coalicion Civica
Iglesias,Fernando Adolfo,Ciudad de Buenos Aires,2009-12-10,2011-12-09,Coalicion Civica
Iglesias,Fernando Adolfo,Ciudad de Buenos Aires,2017-12-10,2021-12-09,Pro
Iglesias,Fernando Adolfo,Ciudad de Buenos Aires,2023-12-10,2025-12-09,Pro
Martinez Oddone,Heriberto Agustin,Cordoba,2007-12-10,2011-12-09,Ucr
Fellner,Eduardo Alfredo,Jujuy,2007-12-10,2011-12-09,Frente para la Victoria - Pj
Baldata,Griselda Angela,Cordoba,2009-12-10,2011-12-09,Coalicion Civica
Vega,Juan Carlos,Cordoba,2009-12-10,2011-12-09,Coalicion Civica
Martiarena,Mario Humberto,Jujuy,2009-09-09,2011-12-09,Peronismo Jujeño
Paredes Urquiza,Alberto Nicolas,La Rioja,2007-12-10,2011-12-09,Frente para la Victoria - Pj
Llera,Timoteo,Misiones,2007-12-10,2011-12-09,Frente para la Victoria - Pj
Perie,Julia Argentina,Misiones,2007-12-10,2011-12-09,Frente para la Victoria - Pj
Perie,Julia Argentina,Misiones,2011-12-10,2015-12-09,Frente para la Victoria - Pj
Scalesi,Juan Carlos,Rio Negro,2008-08-14,2011-12-09,Consenso Federal
Torfe,Monica Liliana,Salta,2007-12-10,2011-12-09,Renovador de Salta
Randazzo,Florencio,Buenos Aires,2024-08-07,2025-12-09,Encuentro Federal
Lousteau,Martin,Ciudad de Buenos Aires,2013-12-10,2016-02-29,Suma + Unen
Lousteau,Martin,Ciudad de Buenos Aires,2017-12-10,2019-12-09,Evolucion Radical
Lousteau,Martin,Ciudad de Buenos Aires,2025-12-10,2029-12-09,Provincias Unidas
Rodriguez,Evaristo Arturo,Santa Cruz,2007-12-10,2011-12-09,Frente para la Victoria - Pj
Parrilli,Nanci Maria Agustina,Neuquen,2013-12-10,2015-12-09,Frente para la Victoria - Pj
Cobos,Julio,Mendoza,2013-12-10,2015-12-09,Ucr
Cobos,Julio,Mendoza,2023-12-10,2025-12-09,Ucr - Unión Cívica Radical
Alcuaz,Horacio Alberto,Buenos Aires,2009-11-12,2011-12-09,Gen
Argüello,Octavio,Buenos Aires,2007-12-10,2011-12-09,Frente para la Victoria - Pj
Bidegain,Gloria Mercedes,Buenos Aires,2007-12-10,2011-12-09,Frente para la Victoria - Pj
Bidegain,Gloria Mercedes,Buenos Aires,2011-12-10,2015-12-09,Frente para la Victoria - Pj
Cuccovillo,Ricardo Oscar,Buenos Aires,2007-12-10,2011-12-09,Partido Socialista
Cuccovillo,Ricardo Oscar,Buenos Aires,2011-12-10,2015-12-09,Partido Socialista
Carca,Elisa Beatriz,Buenos Aires,2009-12-10,2011-12-09,Coalicion Civica
Donda Perez,Victoria Analia,Buenos Aires,2009-12-10,2011-12-09,Libres del Sur
Donda Perez,Victoria Analia,Buenos Aires,2011-12-10,2015-12-09,Libres del Sur
Donda Perez,Victoria Analia,Ciudad de Buenos Aires,2018-10-30,2019-12-09,Somos
Donda Perez,Victoria Analia,Ciudad de Buenos Aires,2019-12-10,2019-12-10,Frente de Todos
Flores,Hector,Buenos Aires,2009-12-10,2011-12-09,Coalicion Civica
Flores,Hector,Buenos Aires,2017-12-10,2021-12-09,Coalicion Civica
Gribaudo,Christian Alejandro,Buenos Aires,2007-12-10,2011-12-09,Pro
Gribaudo,Christian Alejandro,Buenos Aires,2013-12-10,2016-02-29,Union Pro
Katz,Daniel,Buenos Aires,2009-11-12,2011-12-09,Ucr
Lanceta,Ruben Orfel,Buenos Aires,2007-12-10,2011-12-09,Ucr
Linares,Maria Virginia,Buenos Aires,2009-11-12,2011-12-09,Gen
Linares,Maria Virginia,Buenos Aires,2011-12-10,2015-12-09,Gen
Moran,Juan Carlos,Buenos Aires,2009-12-10,2011-12-09,Coalicion Civica
Pasini,Ariel Osvaldo Eloy,Buenos Aires,2007-12-10,2011-12-09,Frente para la Victoria - Pj
Pasini,Ariel Osvaldo Eloy,Buenos Aires,2015-04-08,2015-12-09,Frente para la Victoria - Pj
Rioboo,Sandra Adriana,Buenos Aires,2007-12-10,2011-12-09,Ucr
Ruiz,Ramon,Buenos Aires,2007-12-10,2010-09-20,Frente para la Victoria - Pj
Satragno,Lidia Elsa,Buenos Aires,2007-12-10,2011-12-09,Pro
Segarra,Adela Rosa,Buenos Aires,2007-12-10,2011-12-09,Frente para la Victoria - Pj
Segarra,Adela Rosa,Buenos Aires,2011-12-10,2015-12-09,Frente para la Victoria - Pj
Serebrinsky,Gustavo Eduardo,Buenos Aires,2009-11-12,2011-12-09,Ucr
Sola,Felipe Carlos,Buenos Aires,2011-10-04,2011-10-25,No Integra Bloque
Sola,Felipe Carlos,Buenos Aires,2013-09-11,2013-12-09,Frente Renovador
Sola,Felipe Carlos,Buenos Aires,2015-12-10,2017-12-09,Federal Unidos por una Nueva Argentina
Sola,Felipe Carlos,Buenos Aires,2019-12-10,2019-12-10,Frente de Todos
Erro,Norberto Pedro,Buenos Aires,2009-11-12,2011-12-09,Ucr
Gardella,Patricia Susana,Buenos Aires,2009-12-10,2011-12-09,Corriente de Pensamiento Federal
Ledesma,Julio Ruben,Buenos Aires,2013-09-11,2013-12-09,Frente Renovador
Bernazza,Claudia Alicia,Buenos Aires,2020-05-13,2021-12-09,Frente de Todos
Albarracin,Jorge Luis,Mendoza,2011-12-10,2013-12-09,Ucr
Massa,Sergio Tomas,Buenos Aires,2015-12-10,2017-12-09,Federal Unidos por una Nueva Argentina
Massa,Sergio Tomas,Buenos Aires,2019-12-10,2022-08-02,Frente de Todos
Lorges,Juan Carlos,Buenos Aires,2009-05-20,2011-12-09,Frente para la Victoria - Pj
Castaldo,Norah Susana,Tucuman,2009-08-05,2011-12-09,Ucr
Dominguez,Julian Andres,Buenos Aires,2011-12-10,2015-12-09,Frente para la Victoria - Pj
Corpacci,Lucia Benigna,Catamarca,2021-12-10,2022-04-17,Frente de Todos
Juez,Luis Alfredo,Cordoba,2019-12-10,2021-12-07,Pro
Cano,Jose Manuel,Tucuman,2013-12-10,2015-12-10,Ucr
Cano,Jose Manuel,Tucuman,2017-12-10,2021-12-09,Ucr
Quintero,Marta Beatriz,La Rioja,2009-11-25,2011-12-09,Frente para la Victoria - Pj
Pinto,Sergio Damian,Mendoza,2009-11-25,2011-12-09,Ucr
Iturraspe,Nora Graciela,Buenos Aires,2011-09-07,2013-12-09,Unidad Popular
Wayar,Walter Raul,Salta,2009-12-10,2013-12-09,Frente Peronista Federal
Abdala de Matarazzo,Norma Amanda,Santiago del Estero,2009-12-10,2013-12-09,Frente Civico por Santiago
Abdala de Matarazzo,Norma Amanda,Santiago del Estero,2013-12-10,2017-12-09,Frente Civico por Santiago
Abdala de Matarazzo,Norma Amanda,Santiago del Estero,2019-12-10,2021-12-09,Frente de Todos
Albrieu,Oscar Edmundo Nicolas,Rio Negro,2009-12-10,2013-12-01,Frente para la Victoria - Pj
Alfonsin,Ricardo Luis,Buenos Aires,2009-12-10,2013-12-09,Ucr
Alfonsin,Ricardo Luis,Buenos Aires,2013-12-10,2017-12-09,Ucr
Alonso,Laura,Ciudad de Buenos Aires,2009-12-10,2013-12-09,Pro
Alonso,Laura,Ciudad de Buenos Aires,2013-12-10,2015-12-22,Union Pro
Alvarez,Elsa Maria,Santa Cruz,2009-12-10,2013-12-09,Ucr
Alvarez,Jorge Mario,Santa Fe,2009-12-10,2013-12-09,Ucr
Amadeo,Eduardo Pablo,Buenos Aires,2013-09-11,2013-12-09,Frente Renovador
Amadeo,Eduardo Pablo,Buenos Aires,2017-12-10,2019-12-09,Pro
Arena,Celia Isabel,Santa Fe,2011-12-10,2013-12-09,Frente para la Victoria - Pj
Argumedo,Alcira Susana,Ciudad de Buenos Aires,2009-12-10,2013-12-09,Movimiento Proyecto Sur
Argumedo,Alcira Susana,Ciudad de Buenos Aires,2013-12-10,2017-12-09,Proyecto Sur - Unen
Aspiazu,Lucio Bernardo,Corrientes,2009-12-10,2013-12-09,Ucr
Barbieri,Mario Leandro,Buenos Aires,2009-12-10,2013-12-09,Ucr
Barrandeguy,Raul Enrique,Entre Rios,2009-12-10,2013-12-09,Frente para la Victoria - Pj
Benedetti,Atilio,Entre Rios,2009-12-10,2013-12-09,Ucr
Benedetti,Atilio,Entre Rios,2017-12-10,2021-12-09,Ucr
Benedetti,Atilio,Entre Rios,2023-12-10,2025-12-09,Ucr - Unión Cívica Radical
Bernal,Maria Eugenia,Jujuy,2009-12-10,2013-12-09,Frente para la Victoria - Pj
Blanco de Peralta,Blanca,Santa Cruz,2009-12-10,2013-12-09,Frente para la Victoria - Pj
Buryaile,Ricardo,Formosa,2009-12-10,2013-12-09,Ucr
Buryaile,Ricardo,Formosa,2013-12-10,2016-02-29,Ucr
Buryaile,Ricardo,Formosa,2019-12-10,2023-12-09,Ucr
Cardelli,Jorge Justo,Ciudad de Buenos Aires,2009-12-10,2013-12-09,Movimiento Proyecto Sur
Carranza,Carlos Alberto,Santa Fe,2013-09-11,2013-12-09,Frente Renovador
Casañas,Juan Francisco,Tucuman,2009-12-10,2013-12-09,Ucr
Casañas,Juan Francisco,Tucuman,2016-04-05,2017-12-09,Del Bicentenario
Castañon,Hugo,Rio Negro,2009-12-10,2013-12-09,Ucr
Chemes,Jorge Omar,Entre Rios,2009-12-10,2013-12-09,Ucr
Chieno,Maria Elena Petrona,Corrientes,2009-12-10,2013-12-09,Frente para la Victoria - Pj
Ciciliani,Alicia Mabel,Santa Fe,2009-12-10,2013-12-09,Partido Socialista
Ciciliani,Alicia Mabel,Santa Fe,2013-12-10,2017-12-09,Partido Socialista
Comi,Carlos Marcelo,Santa Fe,2011-12-06,2013-12-09,Coalicion Civica - Ari
Costa,Eduardo Raul,Santa Cruz,2009-12-10,2013-12-09,Ucr
Costa,Eduardo Raul,Santa Cruz,2013-12-10,2017-12-09,Ucr
Currilen,Oscar Ruben,Chubut,2011-12-06,2013-12-09,Frente para la Victoria - Pj
De Prat Gay,Alfonso,Ciudad de Buenos Aires,2011-12-06,2013-12-09,Coalicion Civica - Ari
Espindola,Gladys Susana,Cordoba,2009-12-10,2013-12-09,Ucr
Fadul,Liliana,Tierra del Fuego,2009-12-10,2013-12-09,Partido Federal Fueguino
Faustinelli,Hipolito,Cordoba,2009-12-10,2013-12-09,Ucr
Favario,Carlos Alberto,Santa Fe,2009-12-10,2013-12-09,Democrata Progresista
Felix,Omar Chafi,Mendoza,2009-12-10,2013-12-09,Frente para la Victoria - Pj
Felix,Omar Chafi,Mendoza,2019-12-10,2021-12-09,Frente de Todos
Fernandez,Rodolfo Alfredo,Corrientes,2009-12-10,2013-12-09,Ucr
Ferrari,Gustavo Alfredo Horacio,Buenos Aires,2011-12-07,2013-12-09,Frente Peronista
Fiad,Mario Raymundo,Jujuy,2009-12-10,2013-12-09,Ucr
Fiad,Mario Raymundo,Jujuy,2013-12-10,2015-12-09,Ucr
Forconi,Juan Carlos,Santa Fe,2013-04-18,2013-12-09,Frente para la Victoria - Pj
Forte,Ulises Umberto Jose,La Pampa,2009-12-10,2013-12-09,Ucr
Fortuna,Francisco Jose,Cordoba,2009-12-10,2013-12-09,Cordoba Federal
Gallardo,Miriam Graciela,Tucuman,2009-12-10,2013-12-09,Frente para la Victoria - Pj
Gallardo,Miriam Graciela,Tucuman,2014-04-03,2017-12-09,Frente para la Victoria - Pj
Gambaro,Natalia,Buenos Aires,2011-12-07,2013-12-09,Frente Peronista
Garnero,Estela Ramona,Cordoba,2009-12-10,2013-12-09,Cordoba Federal
Germano,Daniel,Santa Fe,2011-12-07,2013-12-09,Frente Peronista
Gonzalez,Gladys Esther,Buenos Aires,2009-12-10,2013-12-09,Pro
Gonzalez,Gladys Esther,Buenos Aires,2013-12-10,2017-01-06,Union Pro
Guzman,Olga Elizabeth,Neuquen,2009-12-10,2013-12-09,Mov Pop Neuquino
Heller,Carlos,Ciudad de Buenos Aires,2013-06-28,2013-12-09,Frente Nuevo Encuentro
Heller,Carlos,Ciudad de Buenos Aires,2015-06-09,2017-12-09,Solidario Si
Heller,Carlos,Ciudad de Buenos Aires,2019-12-19,2021-12-09,Frente de Todos
Heller,Carlos,Ciudad de Buenos Aires,2023-12-10,2025-12-09,Unión por la Patria
Ibarra,Eduardo Mauricio,San Juan,2011-12-10,2013-12-09,Union por San Juan
Juri,Mariana,Mendoza,2009-12-10,2013-12-09,Ucr
Llanos,Ermindo Edgardo Marcelo,Jujuy,2009-12-14,2013-12-09,Frente para la Victoria - Pj
Majdalani,Silvia Cristina,Buenos Aires,2009-12-10,2013-12-09,Pro
Majdalani,Silvia Cristina,Ciudad de Buenos Aires,2013-12-10,2015-12-09,Union Pro
Mansur,Ricardo Alfredo,Mendoza,2009-12-10,2011-12-09,Ucr
Martinez,Ernesto Felix,Cordoba,2009-12-10,2013-12-09,Frente Civico - Cordoba
Martinez,Soledad,Buenos Aires,2009-12-10,2013-12-09,Pro
Martinez,Soledad,Buenos Aires,2013-12-10,2017-12-09,Union Pro
Mazzarella,Susana del Valle,Cordoba,2009-12-10,2013-12-09,Frente Civico - Cordoba
Mendoza,Sandra Marcela,Chaco,2009-12-10,2013-12-09,Frente para la Victoria - Pj
Mendoza,Sandra Marcela,Chaco,2013-12-10,2017-12-09,Frente para la Victoria - Pj
Mera,Dalmacio,Catamarca,2009-12-10,2011-12-09,Frente para la Victoria - Pj
Michetti,Marta Gabriela,Ciudad de Buenos Aires,2009-12-10,2013-12-09,Pro
Milman,Gerardo,Buenos Aires,2009-12-10,2013-12-09,Gen
Milman,Gerardo,Buenos Aires,2023-12-10,2025-12-09,Pro
Mouilleron,Roberto Mario,Buenos Aires,2013-09-11,2013-12-09,Frente Renovador
Nebreda,Carmen Rosa,Cordoba,2009-12-10,2013-12-09,Frente para la Victoria - Pj
Orsolini,Pablo Eduardo,Chaco,2009-12-10,2013-12-09,Ucr
Olmedo,Alfredo Horacio,Salta,2009-12-10,2013-12-09,Salta Somos Todos
Olmedo,Alfredo Horacio,Salta,2015-12-18,2019-12-09,Salta Somos Todos
Pansa,Sergio Horacio,San Luis,2013-09-17,2013-12-09,Compromiso Federal
Parada,Liliana Beatriz,Ciudad de Buenos Aires,2011-09-07,2013-12-09,Unidad Popular
Perez,Alberto Jose,San Luis,2013-09-17,2013-12-09,Compromiso Federal
Piemonte,Hector Horacio,Buenos Aires,2011-12-06,2013-12-09,Coalicion Civica - Ari
Pilatti Vergara,Maria Ines,Chaco,2009-12-10,2013-12-09,Frente para la Victoria - Pj
Plaini,Francisco Omar,Buenos Aires,2013-07-05,2013-12-09,"Cultura, Educacion y Trabajo"
Plaini,Francisco Omar,Buenos Aires,2013-12-10,2017-12-09,"Cultura, Educacion y Trabajo"
Quiroga,Horacio Rodolfo,Neuquen,2009-12-10,2011-11-29,Ucr
Re,Hilma Leonor,Entre Rios,2011-12-06,2013-12-09,Coalicion Civica - Ari
Regazzoli,Maria Cristina,La Pampa,2009-12-10,2013-12-09,Partido Justicialista la Pampa
Risko,Silvia Lucrecia,Misiones,2009-12-10,2013-12-09,Frente para la Victoria - Pj
Risko,Silvia Lucrecia,Misiones,2016-06-16,2017-12-09,Frente de la Concordia Misionero
Rivara,Raul Alberto,Buenos Aires,2013-09-11,2013-12-09,Frente Renovador
Robledo,Roberto Ricardo,La Pampa,2009-12-10,2013-12-09,Partido Justicialista la Pampa
Rucci,Claudia Monica,Buenos Aires,2011-12-07,2013-12-09,Frente Peronista
Rucci,Claudia Monica,Buenos Aires,2016-03-01,2017-12-09,Unidos por una Nueva Argentina
Sabbatella,Martin,Buenos Aires,2013-06-28,2013-12-09,Frente Nuevo Encuentro
Solanas,Fernando Ezequiel,Ciudad de Buenos Aires,2009-12-10,2013-12-09,Movimiento Proyecto Sur
Storani,Maria Luisa,Buenos Aires,2009-12-10,2013-12-09,Ucr
Terada,Alicia,Chaco,2011-12-06,2013-12-09,Coalicion Civica - Ari
Terada,Alicia,Chaco,2016-02-04,2017-12-09,Coalicion Civica
Terada,Alicia,Chaco,2017-12-10,2021-12-09,Coalicion Civica
Tomas,Hector Daniel,San Juan,2009-12-10,2013-12-09,Frente para la Victoria - Pj
Tomas,Hector Daniel,San Juan,2013-12-10,2016-11-11,Frente para la Victoria - Pj
Triaca,Alberto Jorge,Ciudad de Buenos Aires,2009-12-10,2013-12-09,Pro
Triaca,Alberto Jorge,Ciudad de Buenos Aires,2013-12-10,2015-12-09,Union Pro
Tunessi,Juan Pedro,Buenos Aires,2009-12-10,2013-12-09,Ucr
Veaute,Mariana Alejandra,Catamarca,2013-09-11,2013-12-09,Frente Renovador
Videla,Nora Esther,San Luis,2013-09-17,2013-12-09,Compromiso Federal
Yarade,Fernando,Salta,2009-12-10,2013-12-09,Frente para la Victoria - Pj
Ziegler,Alex Roberto,Misiones,2009-12-10,2013-12-09,Frente para la Victoria - Pj
Ziegler,Alex Roberto,Misiones,2016-03-09,2017-12-09,Libertad Valores y Cambio
Alizegui,Antonio Anibal,Entre Rios,2009-12-10,2011-12-09,Frente para la Victoria - Pj
Molas,Pedro Omar,Catamarca,2011-11-02,2013-12-09,Frente Civico y Social de Catamarca
Asef,Daniel Edgardo,Cordoba,2011-03-01,2011-12-09,Nucleo Unidad Peronista
Dutto,Gustavo Alberto,Buenos Aires,2010-11-03,2011-12-09,Frente para la Victoria - Pj
Donkin,Carlos Guillermo,Formosa,2010-11-10,2011-12-09,Frente para la Victoria - Pj
Donkin,Carlos Guillermo,Formosa,2011-12-10,2015-12-09,Frente para la Victoria - Pj
Perroni,Ana Maria,Corrientes,2011-09-07,2011-12-09,Frente para la Victoria - Pj
Perroni,Ana Maria,Corrientes,2011-12-10,2015-12-09,Frente para la Victoria - Pj
Aguilar,Lino Walter,San Luis,2013-09-17,2015-12-09,Compromiso Federal
Alonso,Maria Luz,La Pampa,2011-12-10,2015-12-09,Frente para la Victoria - Pj
Aragon,Santiago Diego,Buenos Aires,2011-12-10,2012-03-02,Frente para la Victoria - Pj
Arregui,Andres Roberto,Buenos Aires,2011-12-10,2015-12-09,Frente para la Victoria - Pj
Asseff,Alberto,Buenos Aires,2013-12-10,2015-12-09,Unir
Asseff,Alberto,Buenos Aires,2019-12-10,2023-12-09,Pro
Avoscan,Herman Horacio,Rio Negro,2011-12-10,2015-12-09,Frente para la Victoria - Pj
Balcedo,Maria Ester,Buenos Aires,2011-12-10,2015-12-09,Frente para la Victoria - Pj
Barchetta,Omar Segundo,Santa Fe,2011-12-10,2015-12-09,Partido Socialista
Basterra,Luis Eugenio,Formosa,2011-12-10,2015-12-09,Frente para la Victoria - Pj
Basterra,Luis Eugenio,Formosa,2015-12-10,2019-12-09,Frente para la Victoria - Pj
Basterra,Luis Eugenio,Formosa,2019-12-10,2019-12-10,Frente de Todos
Basterra,Luis Eugenio,Formosa,2023-12-10,2027-12-09,Unión por la Patria
Bazze,Miguel Angel,Buenos Aires,2011-12-10,2015-12-09,Ucr
Bazze,Miguel Angel,Buenos Aires,2015-12-10,2019-12-09,Ucr
Bazze,Miguel Angel,Buenos Aires,2019-12-10,2023-12-09,Ucr
Bianchi,Maria del Carmen,Ciudad de Buenos Aires,2011-12-10,2015-12-09,Frente para la Victoria - Pj
Biella Calvet,Bernardo Jose,Salta,2011-12-10,2015-12-09,Udeso Salta
Brawer,Mara,Ciudad de Buenos Aires,2011-12-10,2015-12-09,Frente para la Victoria - Pj
Brawer,Mara,Ciudad de Buenos Aires,2019-12-19,2023-12-09,Frente de Todos
Brizuela y Doria de Cara,Olga Ines,La Rioja,2011-12-10,2014-04-02,Ucr
Bromberg,Isaac Benjamin,Tucuman,2011-12-10,2015-12-09,Frente para la Victoria - Pj
Carmona,Guillermo Ramon,Mendoza,2011-12-10,2015-12-09,Frente para la Victoria - Pj
Carmona,Guillermo Ramon,Mendoza,2015-12-10,2019-12-09,Frente para la Victoria - Pj
Catalan Magni,Julio Cesar,Tierra del Fuego,2011-12-10,2013-12-09,Frente para la Victoria - Pj
Ciampini,Jose Alberto,Neuquen,2011-12-10,2015-12-09,Frente para la Victoria - Pj
Ciampini,Jose Alberto,Neuquen,2015-12-10,2019-12-09,Frente para la Victoria - Pj
Cleri,Marcos,Santa Fe,2011-12-10,2015-12-09,Frente para la Victoria - Pj
Cleri,Marcos,Santa Fe,2015-12-10,2019-12-09,Frente para la Victoria - Pj
Cleri,Marcos,Santa Fe,2019-12-10,2023-12-09,Frente de Todos
De Ferrari Rueda,Patricia,Cordoba,2011-12-10,2015-12-09,Ucr
De Gennaro,Victor Norberto,Buenos Aires,2011-12-10,2015-12-09,Unidad Popular
De Pedro,Eduardo Enrique,Buenos Aires,2011-12-10,2015-02-26,Frente para la Victoria - Pj
De Pedro,Eduardo Enrique,Buenos Aires,2015-12-10,2019-12-09,Frente para la Victoria - Pj
De Pedro,Eduardo Enrique,Buenos Aires,2019-12-10,2019-12-10,Frente de Todos
Duclos,Omar Arnaldo,Buenos Aires,2011-12-10,2015-12-09,Gen
Eliceche,Carlos Tomas,Chubut,2011-12-10,2013-03-01,Frente para la Victoria - Pj
Elorriaga,Osvaldo Enrique,Entre Rios,2011-12-10,2015-12-09,Frente para la Victoria - Pj
Feletti,Roberto Jose,Ciudad de Buenos Aires,2011-12-10,2015-12-09,Frente para la Victoria - Pj
Fernandez Sagasti,Anabel,Mendoza,2011-12-10,2015-12-09,Frente para la Victoria - Pj
Ferreyra,Araceli,Corrientes,2011-12-10,2015-12-09,Frente para la Victoria - Pj
Ferreyra,Araceli,Corrientes,2018-10-26,2019-12-09,Movimiento Evita
Fiore Viñuales,Maria Cristina del Valle,Salta,2011-12-10,2013-12-09,Renovador de Salta
Francioni,Fabian Marcelo,Cordoba,2011-12-10,2015-12-09,Frente para la Victoria - Pj
Garcia Larraburu,Silvina Marcela,Rio Negro,2011-12-10,2013-12-09,Frente para la Victoria - Pj
Garcia,Andrea Fabiana,Buenos Aires,2011-12-10,2015-12-09,Frente para la Victoria - Pj
Garramuño,Jorge Alberto,Tierra del Fuego,2013-12-10,2015-09-07,Mov Pop Fueguino
Garrido,Manuel,Ciudad de Buenos Aires,2011-12-10,2015-12-09,Ucr
Gdansky,Carlos Enrique,Buenos Aires,2011-12-10,2015-12-09,Frente para la Victoria - Pj
Giaccone,Claudia Alejandra,Santa Fe,2011-12-10,2015-12-09,Frente para la Victoria - Pj
Grosso,Leonardo,Buenos Aires,2011-12-10,2015-12-09,Frente para la Victoria - Pj
Grosso,Leonardo,Buenos Aires,2018-10-26,2019-12-09,Movimiento Evita
Grosso,Leonardo,Buenos Aires,2019-12-10,2023-12-09,Frente de Todos
Guccione,Jose Daniel,Misiones,2011-12-10,2015-12-09,Frente para la Victoria - Pj
Gutierrez,Monica Edith,Cordoba,2011-12-10,2015-12-09,Frente para la Victoria - Pj
Ianni,Ana Maria,Santa Cruz,2011-12-10,2015-12-09,Frente para la Victoria - Pj
Ianni,Ana Maria,Santa Cruz,2023-12-10,2027-12-09,Unión por la Patria
Junio,Juan Carlos Isaac,Ciudad de Buenos Aires,2015-06-09,2015-12-09,Solidario Si
Kosiner,Pablo Francisco Juan,Salta,2011-12-10,2015-12-09,Frente para la Victoria - Pj
Kosiner,Pablo Francisco Juan,Salta,2016-02-04,2019-12-09,Justicialista
Larroque,Andres,Ciudad de Buenos Aires,2011-12-10,2015-12-09,Frente para la Victoria - Pj
Larroque,Andres,Ciudad de Buenos Aires,2015-12-10,2019-12-09,Frente para la Victoria - Pj
Larroque,Andres,Buenos Aires,2019-12-10,2020-05-01,Frente de Todos
Lotto,Ines Beatriz,Formosa,2011-12-10,2015-12-09,Frente para la Victoria - Pj
Lotto,Ines Beatriz,Formosa,2015-12-10,2019-12-09,Frente para la Victoria - Pj
Maldonado,Victor Hugo,Chaco,2011-12-10,2015-12-09,Ucr
Martinez,Oscar Ariel,Santa Fe,2013-09-11,2015-12-09,Frente Renovador
Mendoza,Mayra Soledad,Buenos Aires,2011-12-10,2015-12-09,Frente para la Victoria - Pj
Mendoza,Mayra Soledad,Buenos Aires,2015-12-10,2019-12-09,Frente para la Victoria - Pj
Metaza,Mario Alfredo,Santa Cruz,2011-12-10,2015-12-09,Frente para la Victoria - Pj
Mirkin,Beatriz Graciela,Tucuman,2011-12-10,2013-03-02,Frente para la Victoria - Pj
Molina,Manuel Isauro,Catamarca,2011-12-10,2015-12-09,Frente para la Victoria - Pj
Moyano,Juan Facundo,Buenos Aires,2015-07-14,2015-12-09,Frente Renovador
Moyano,Juan Facundo,Buenos Aires,2018-10-22,2019-12-09,Red por Argentina
Moyano,Juan Facundo,Buenos Aires,2019-12-10,2021-08-13,Frente de Todos
Müller,Edgar Raul,Cordoba,2013-09-17,2015-12-09,Compromiso Federal
Navarro,Graciela,Santiago del Estero,2011-12-10,2015-12-09,Frente Civico por Santiago
Navarro,Graciela,Santiago del Estero,2015-12-10,2019-12-09,Frente Civico por Santiago
Navarro,Graciela,Santiago del Estero,2019-12-10,2023-12-09,Frente de Todos
Oporto,Mario Nestor,Buenos Aires,2011-12-10,2015-12-09,Frente para la Victoria - Pj
Ortiz Correa,Marcia Sara Maria,Catamarca,2011-12-10,2015-12-09,Frente para la Victoria - Pj
Ortiz,Mariela,Jujuy,2011-12-10,2015-12-09,Frente para la Victoria - Pj
Perotti,Omar Angel,Santa Fe,2011-12-10,2015-12-09,Frente para la Victoria - Pj
Pietragalla Corti,Horacio,Buenos Aires,2011-12-10,2015-12-09,Frente para la Victoria - Pj
Pietragalla Corti,Horacio,Buenos Aires,2019-12-10,2019-12-10,Frente de Todos
Pietragalla Corti,Horacio,Buenos Aires,2025-12-10,2029-12-09,Unión por la Patria
Pradines,Roberto Arturo,Mendoza,2011-12-10,2015-12-09,Democrata de Mendoza
Rasino,Elida Elena,Santa Fe,2011-12-10,2015-12-09,Partido Socialista
Redczuk,Oscar Felipe,Misiones,2011-12-10,2015-12-09,Frente para la Victoria - Pj
Riestra,Antonio Sabino,Santa Fe,2011-12-10,2015-12-09,Unidad Popular
Rios,Liliana Maria,Entre Rios,2011-12-10,2015-12-09,Frente para la Victoria - Pj
Rivarola,Ruben Armando,Jujuy,2011-12-10,2015-12-09,Frente para la Victoria - Pj
Roberti,Alberto Oscar,Buenos Aires,2015-11-05,2015-12-09,No Integra Bloque
Roberti,Alberto Oscar,Buenos Aires,2016-02-04,2018-05-17,Justicialista
Rogel,Fabian Dulio,Entre Rios,2011-12-10,2015-12-09,Ucr
Ruiz,Aida Delia,Santiago del Estero,2011-12-10,2015-12-09,Frente Civico por Santiago
Sacca,Luis Fernando,Tucuman,2011-12-10,2015-12-09,Ucr
Santillan,Walter Marcelo,Tucuman,2011-12-10,2015-12-09,Frente para la Victoria - Pj
Santillan,Walter Marcelo,Tucuman,2015-12-10,2019-12-09,Frente para la Victoria - Pj
Schmidt Liermann,Cornelia,Ciudad de Buenos Aires,2013-12-10,2015-12-09,Union Pro
Schmidt Liermann,Cornelia,Ciudad de Buenos Aires,2017-12-10,2019-12-09,Pro
Simoncini,Silvia Rosa,Santa Fe,2011-12-10,2015-12-09,Frente para la Victoria - Pj
Tineo,Javier Hector,La Rioja,2011-12-10,2015-12-09,Frente para la Victoria - Pj
Valinotto,Jorge Anselmo,Cordoba,2011-12-10,2015-12-09,Frente Civico - Cordoba
Vaquie,Enrique Andres,Mendoza,2011-12-10,2015-12-09,Ucr
Villa,Jose Antonio,San Juan,2011-12-10,2015-12-09,Frente para la Victoria - Pj
Villata,Graciela Susana,Cordoba,2011-12-10,2015-12-09,Frente Civico - Cordoba
Zabalza,Juan Carlos,Santa Fe,2011-12-10,2015-12-09,Partido Socialista
Ziebart,Cristina Isabel,Chubut,2011-12-10,2015-12-09,Frente para la Victoria - Pj
Gonzalez,Pablo Gerardo,Santa Cruz,2019-12-10,2021-02-10,Frente de Todos
Yagüe,Linda Cristina,Neuquen,2011-11-30,2013-12-09,Ucr
Pucheta,Ramona,Buenos Aires,2013-10-22,2015-12-09,Frente por la Inclusion Social
Yazbek,Ruben David,Catamarca,2011-12-10,2013-12-09,Frente para la Victoria - Pj
Harispe,Gaston,Buenos Aires,2013-12-19,2015-12-09,Frente para la Victoria - Pj
Zamarreño,Maria Eugenia,Buenos Aires,2012-03-14,2015-12-09,Frente para la Victoria - Pj
Contrera,Monica Graciela,Chubut,2013-03-13,2015-12-09,Frente para la Victoria - Pj
Carrillo,Maria del Carmen,Tucuman,2013-03-13,2015-12-09,Frente para la Victoria - Pj
Bettanin,Juan Carlos,Santa Fe,2013-06-28,2013-12-09,Frente Nuevo Encuentro
Kicillof,Axel,Ciudad de Buenos Aires,2015-12-10,2019-12-09,Frente para la Victoria - Pj
Alegre,Gilberto Oscar,Buenos Aires,2015-12-10,2017-12-09,Federal Unidos por una Nueva Argentina
D Alessandro,Marcelo Silvio,Buenos Aires,2015-12-10,2016-03-11,Federal Unidos por una Nueva Argentina
Daer,Hector Ricardo,Buenos Aires,2017-05-16,2017-12-09,Bloque de los Trabajadores
Ehcosor,Maria Azucena,Buenos Aires,2015-12-10,2017-12-09,Federal Unidos por una Nueva Argentina
Fabiani,Eduardo Alberto,Buenos Aires,2016-03-15,2017-12-09,Juntos por Argentina
Giustozzi,Ruben Dario,Buenos Aires,2016-03-15,2017-12-09,Juntos por Argentina
Gutierrez,Hector Maria,Buenos Aires,2013-12-10,2017-12-09,Ucr
Guzman,Sandro Adrian,Buenos Aires,2016-12-01,2017-12-09,Frente Norte
Insaurralde,Martin,Buenos Aires,2013-12-10,2014-12-10,Frente para la Victoria - Pj
Magario,Veronica Maria,Buenos Aires,2013-12-10,2015-12-09,Frente para la Victoria - Pj
Pitrola,Nestor Antonio,Buenos Aires,2015-12-10,2017-06-10,Frente de Izquierda y de los Trabajadores
Romero,Oscar Alberto,Buenos Aires,2016-02-04,2017-12-09,Justicialista
Schwindt,Maria Liliana,Buenos Aires,2015-12-10,2017-12-09,Federal Unidos por una Nueva Argentina
Schwindt,Maria Liliana,Buenos Aires,2020-02-27,2021-12-09,Frente de Todos
Troiano,Gabriela Alejandra,Buenos Aires,2013-12-10,2017-12-09,Partido Socialista
Tundis,Mirta,Buenos Aires,2015-12-10,2017-12-09,Federal Unidos por una Nueva Argentina
Tundis,Mirta,Buenos Aires,2019-12-10,2021-12-09,Frente de Todos
Juarez,Myrian del Valle,Catamarca,2013-12-10,2017-12-09,Frente Civico y Social de Catamarca
Tomassi,Nestor Nicolas,Catamarca,2016-02-04,2017-12-09,Justicialista
Martinez Campos,Gustavo Jose,Chaco,2016-02-04,2017-12-09,Justicialista
Pedrini,Juan Manuel,Chaco,2013-12-10,2017-12-09,Frente para la Victoria - Pj
Pedrini,Juan Manuel,Chaco,2023-12-10,2025-12-09,Unión por la Patria
Tejedor,Miguel Angel,Chaco,2013-12-10,2014-10-21,Ucr
Lagoria,Elia Nelly,Chubut,2013-12-10,2017-12-09,Trabajo y Dignidad
Bergman,Sergio Alejandro,Ciudad de Buenos Aires,2013-12-10,2015-12-09,Union Pro
Cabandie,Juan,Ciudad de Buenos Aires,2013-12-10,2017-12-09,Frente para la Victoria - Pj
Cabandie,Juan,Ciudad de Buenos Aires,2017-12-10,2019-12-09,Frente para la Victoria - Pj
Carrizo,Ana Carla,Ciudad de Buenos Aires,2016-02-19,2017-12-09,Ucr
Carrizo,Ana Carla,Ciudad de Buenos Aires,2019-12-10,2021-12-09,Ucr
Carrizo,Ana Carla,Ciudad de Buenos Aires,2024-10-24,2025-12-09,Democracia para Siempre
Mazure,Liliana Amalia,Ciudad de Buenos Aires,2013-12-10,2017-12-09,Frente para la Victoria - Pj
Sturzenegger,Federico Adolfo,Ciudad de Buenos Aires,2013-12-10,2015-12-09,Union Pro
Baldassi,Hector W.,Cordoba,2013-12-10,2017-12-09,Union Pro
Baldassi,Hector W.,Cordoba,2017-12-10,2021-12-09,Pro
Baldassi,Hector W.,Cordoba,2023-12-10,2025-12-09,Pro
Carrizo,Soledad,Cordoba,2013-12-10,2017-12-09,Ucr
Carrizo,Soledad,Cordoba,2017-12-10,2021-12-09,Ucr
Carrizo,Soledad,Cordoba,2023-12-10,2025-12-09,Ucr - Unión Cívica Radical
Gill,Martin Rodrigo,Cordoba,2013-12-10,2015-12-09,Frente para la Victoria - Pj
Mestre,Diego Matias,Cordoba,2013-12-10,2017-12-09,Ucr
Mestre,Diego Matias,Cordoba,2017-12-10,2021-12-09,Ucr
Rossi,Blanca Araceli,Cordoba,2016-03-01,2017-12-09,Unidos por una Nueva Argentina
Scotto,Silvia Carolina,Cordoba,2013-12-10,2014-08-26,Frente para la Victoria - Pj
Rubin,Carlos Gustavo,Corrientes,2016-02-04,2017-12-09,Justicialista
Semhan,Maria de las Mercedes,Corrientes,2015-12-10,2017-12-09,Ucr
Valdes,Gustavo Adolfo,Corrientes,2013-12-10,2017-12-09,Ucr
Barreto,Jorge Ruben,Entre Rios,2013-12-10,2017-12-09,Frente para la Victoria - Pj
D'agostino,Jorge Marcelo,Entre Rios,2013-12-10,2017-12-09,Ucr
Gaillard,Ana Carolina,Entre Rios,2013-12-10,2017-12-09,Frente para la Victoria - Pj
Gaillard,Ana Carolina,Entre Rios,2019-12-19,2021-12-09,Frente de Todos
Gaillard,Ana Carolina,Entre Rios,2023-12-10,2025-12-09,Unión por la Patria
Burgos,Maria Gabriela,Jujuy,2013-12-10,2017-12-09,Ucr
Burgos,Maria Gabriela,Jujuy,2017-12-10,2021-12-09,Ucr
Tentor,Hector Olindo,Jujuy,2016-02-04,2017-12-09,Justicialista
Fernandez Mendia,Gustavo Rodolfo,La Pampa,2016-02-04,2017-12-09,Justicialista
Mac Allister,Carlos Javier,La Pampa,2013-12-10,2015-12-28,Union Pro
Torroba,Francisco Javier,La Pampa,2013-12-10,2017-12-09,Ucr
Madera,Teresita,La Rioja,2016-02-04,2017-12-09,Justicialista
Abraham,Alejandro,Mendoza,2013-12-13,2017-12-09,Frente para la Victoria - Pj
Del Caño,Nicolas,Mendoza,2013-12-10,2015-12-02,Pts - Frente de Izquierda
Del Caño,Nicolas,Buenos Aires,2017-12-10,2021-06-10,Pts - Frente de Izquierda
Del Caño,Nicolas,Buenos Aires,2024-06-11,2025-07-02,Pts-Frente de Izquierda Unidad
Del Caño,Nicolas,Buenos Aires,2026-04-07,2029-12-09,Pts-Frente de Izquierda y de Trabajadores Unidad
Gimenez,Patricia Viviana,Mendoza,2013-12-10,2017-12-09,Ucr
Petri,Luis,Mendoza,2013-12-10,2017-12-09,Ucr
Petri,Luis,Mendoza,2017-12-10,2021-12-09,Ucr
Petri,Luis,Mendoza,2025-12-10,2029-12-09,La Libertad Avanza
Pastori,Luis Mario,Misiones,2013-12-10,2017-12-09,Ucr
Pastori,Luis Mario,Misiones,2017-12-10,2021-12-09,Ucr
San Martin,Adrian,Neuquen,2013-12-10,2017-12-09,Mov Pop Neuquino
Villar Molina,Maria Ines,Neuquen,2013-12-10,2017-12-09,Mov Pop Neuquino
Bardeggia,Luis Maria,Rio Negro,2013-12-10,2017-12-09,Frente para la Victoria - Pj
Soria,Maria Emilia,Rio Negro,2013-12-10,2017-12-09,Frente para la Victoria - Pj
Soria,Maria Emilia,Rio Negro,2017-12-10,2019-12-02,Frente para la Victoria - Pj
Durand Cornejo,Guillermo Mario,Salta,2016-03-08,2017-12-09,Union Pro
Isa,Evita Nelida,Salta,2016-02-04,2017-12-09,Justicialista
Lopez,Pablo Sebastian,Salta,2013-12-10,2017-12-09,Frente de Izquierda y de los Trabajadores
Caceres,Eduardo Augusto,San Juan,2013-12-10,2017-12-09,Union Pro
Caceres,Eduardo Augusto,San Juan,2017-12-10,2021-12-09,Pro
Castro,Sandra Daniela,San Juan,2013-12-10,2017-12-09,Frente para la Victoria - Pj
Castro,Sandra Daniela,San Juan,2017-12-10,2019-12-09,Frente para la Victoria - Pj
Arenas,Berta Hortensia,San Luis,2013-12-10,2017-12-09,Compromiso Federal
Riccardo,Jose Luis,San Luis,2013-12-10,2017-12-09,Ucr
Riccardo,Jose Luis,San Luis,2017-12-10,2021-12-09,Ucr
Salino,Fernando Aldo,San Luis,2013-12-10,2015-12-10,Compromiso Federal
Gomez Bull,Mauricio Ricardo,Santa Cruz,2013-12-10,2017-12-09,Frente para la Victoria - Pj
Toledo,Susana Maria,Santa Cruz,2013-12-10,2017-12-09,Ucr
Barletta,Mario Domingo,Santa Fe,2013-12-10,2017-12-09,Ucr
Gonzalez,Josefina Victoria,Santa Fe,2013-12-10,2017-12-09,Frente para la Victoria - Pj
Gonzalez,Josefina Victoria,Santa Fe,2019-12-10,2021-12-09,Frente de Todos
Javkin,Pablo Lautaro,Santa Fe,2013-12-10,2015-12-09,Coalicion Civica Ari - Unen
Scaglia,Gisela,Santa Fe,2013-12-10,2017-12-09,Union Pro
Scaglia,Gisela,Santa Fe,2017-12-10,2021-12-09,Pro
Scaglia,Gisela,Santa Fe,2025-12-10,2029-12-09,Provincias Unidas
Spinozzi,Ricardo Adrian,Santa Fe,2013-12-10,2017-12-09,Union Pro
Torres del Sel,Miguel Ignacio,Santa Fe,2013-12-10,2015-02-19,Union Pro
Juarez,Manuel Humberto,Santiago del Estero,2013-12-10,2017-12-09,Frente Civico por Santiago
Martinez,Oscar Anselmo,Tierra del Fuego,2013-12-10,2017-12-09,Movimiento Solidario Popular
Perez,Martin Alejandro,Tierra del Fuego,2013-12-10,2017-12-09,Frente para la Victoria - Pj
Perez,Martin Alejandro,Tierra del Fuego,2019-12-10,2019-12-11,Frente de Todos
Jaldo,Osvaldo Francisco,Tucuman,2013-12-10,2014-03-05,Frente para la Victoria - Pj
Elias de Perez,Silvia Beatriz,Tucuman,2013-12-18,2015-12-09,Ucr
Carrizo,Nilda Mabel,Tucuman,2013-12-10,2017-12-09,Frente para la Victoria - Pj
Carrizo,Nilda Mabel,Tucuman,2019-12-10,2023-12-09,Frente de Todos
Gervasoni,Lautaro,Entre Rios,2013-12-10,2017-12-09,Frente para la Victoria - Pj
Gagliardi,Josue,Rio Negro,2013-12-10,2015-12-09,Frente para la Victoria - Pj
Gonzalez,Veronica,Tierra del Fuego,2013-12-10,2015-12-09,Frente para la Victoria - Pj
Marcopulos,Juan Fernando,Corrientes,2013-12-10,2015-12-09,Frente para la Victoria - Pj
Boyadjian,Graciela Eunice,Tierra del Fuego,2013-12-10,2015-12-09,Mov Pop Fueguino
Esper,Laura,Buenos Aires,2014-04-03,2015-12-09,Frente Renovador
Seminara,Eduardo Jorge,Santa Fe,2014-04-03,2017-12-09,Frente para la Victoria - Pj
Olivares,Hector Enrique,La Rioja,2014-04-03,2015-12-09,Ucr
Olivares,Hector Enrique,La Rioja,2015-12-10,2019-05-12,Ucr
Bernabey,Ramon Ernesto,Cordoba,2016-03-15,2017-12-09,Brigadier General Juan Bautista Bustos
Laspina,Luciano Andres,Santa Fe,2015-02-25,2017-12-09,Union Pro
Laspina,Luciano Andres,Santa Fe,2017-12-10,2021-12-09,Pro
Laspina,Luciano Andres,Santa Fe,2023-12-10,2025-12-09,Pro
Bregman,Myriam,Buenos Aires,2015-06-10,2016-12-06,Pts - Frente de Izquierda
Bregman,Myriam,Ciudad de Buenos Aires,2024-06-11,2024-06-10,Pts-Frente de Izquierda Unidad
Bregman,Myriam,Ciudad de Buenos Aires,2026-04-07,2029-12-09,Pts-Frente de Izquierda y de Trabajadores Unidad
Fernandez Blanco,Maria Cristina,Jujuy,2015-07-15,2015-12-09,Ucr
Lospennato,Silvia,Buenos Aires,2017-12-10,2019-12-09,Pro
Lospennato,Silvia,Buenos Aires,2019-12-10,2023-12-09,Pro
Lospennato,Silvia,Buenos Aires,2023-12-10,2025-12-09,Pro
Monzo,Emilio,Buenos Aires,2017-12-10,2019-12-09,Pro
Monzo,Emilio,Buenos Aires,2024-08-07,2025-12-09,Encuentro Federal
Acerenza,Samanta Maria Celeste,Buenos Aires,2017-12-10,2019-12-09,Pro
Echegaray,Alejandro Carlos Augusto,Buenos Aires,2015-12-10,2019-12-09,Ucr
Urroz,Paula Marcela,Buenos Aires,2017-12-10,2019-12-09,Pro
Lipovetzky,Daniel Andres,Buenos Aires,2017-12-10,2019-12-09,Pro
Buil,Sergio Omar,Buenos Aires,2017-12-10,2019-12-09,Pro
Banfi,Karina,Buenos Aires,2015-12-10,2019-12-09,Ucr
Banfi,Karina,Buenos Aires,2019-12-10,2023-12-09,Ucr
Banfi,Karina,Buenos Aires,2025-12-10,2027-12-09,Adelante Buenos Aires
Wolff,Waldo Ezequiel,Buenos Aires,2017-12-10,2019-12-09,Pro
Wolff,Waldo Ezequiel,Buenos Aires,2019-12-10,2022-12-30,Pro
Torello,Pablo,Buenos Aires,2017-12-10,2019-12-09,Pro
Torello,Pablo,Buenos Aires,2019-12-10,2023-12-09,Pro
Bossio,Diego Luis,Buenos Aires,2019-06-27,2019-12-09,Federal Unidos por una Nueva Argentina
Furlan,Francisco Abel,Buenos Aires,2015-12-10,2019-12-09,Frente para la Victoria - Pj
Grana,Adrian Eduardo,Buenos Aires,2015-12-10,2019-12-09,Frente para la Victoria - Pj
Raverta,Maria Fernanda,Buenos Aires,2015-12-10,2019-12-09,Frente para la Victoria - Pj
Castagneto,Carlos Daniel,Buenos Aires,2015-12-10,2019-12-09,Frente para la Victoria - Pj
Castagneto,Carlos Daniel,Buenos Aires,2019-12-10,2019-12-11,Frente de Todos
Castagneto,Carlos Daniel,Buenos Aires,2023-12-10,2027-12-09,Unión por la Patria
Tailhade,Rodolfo,Buenos Aires,2015-12-10,2019-12-09,Frente para la Victoria - Pj
Tailhade,Rodolfo,Buenos Aires,2019-12-10,2023-12-09,Frente de Todos
Tailhade,Rodolfo,Buenos Aires,2023-12-10,2027-12-09,Unión por la Patria
Volnovich,Luana,Buenos Aires,2015-12-10,2019-12-09,Frente para la Victoria - Pj
Volnovich,Luana,Buenos Aires,2019-12-10,2019-12-10,Frente de Todos
Volnovich,Luana,Buenos Aires,2023-12-10,2027-12-09,Unión por la Patria
Rodriguez,Rodrigo Martin,Buenos Aires,2015-12-10,2019-12-09,Frente para la Victoria - Pj
Guerin,Maria Isabel,Buenos Aires,2015-12-10,2019-12-09,Frente para la Victoria - Pj
Selva,Carlos Americo,Buenos Aires,2015-12-10,2019-12-09,Federal Unidos por una Nueva Argentina
Selva,Carlos Americo,Buenos Aires,2019-12-10,2023-12-09,Frente de Todos
Passo,Marcela Fabiana,Buenos Aires,2015-12-10,2019-12-09,Federal Unidos por una Nueva Argentina
Passo,Marcela Fabiana,Buenos Aires,2023-12-10,2025-12-09,Unión por la Patria
Bevilacqua,Gustavo,Buenos Aires,2015-12-10,2019-12-09,Federal Unidos por una Nueva Argentina
Perez,Raul Joaquin,Buenos Aires,2015-12-10,2019-12-09,Federal Unidos por una Nueva Argentina
Moreau,Cecilia,Buenos Aires,2015-12-10,2019-12-09,Federal Unidos por una Nueva Argentina
Moreau,Cecilia,Buenos Aires,2019-12-10,2023-12-09,Frente de Todos
Moreau,Cecilia,Buenos Aires,2023-12-10,2027-12-09,Unión por la Patria
Hers Cabral,Anabella Ruth,Ciudad de Buenos Aires,2017-12-10,2018-12-12,Pro
Wechsler,Marcelo German,Ciudad de Buenos Aires,2017-12-10,2019-12-09,Pro
Gonzalez,Alvaro,Ciudad de Buenos Aires,2017-12-10,2019-12-09,Pro
Gonzalez,Alvaro,Ciudad de Buenos Aires,2019-12-10,2023-12-09,Pro
Gonzalez,Alvaro,Ciudad de Buenos Aires,2023-12-10,2027-12-09,Pro
Villalonga,Juan Carlos,Ciudad de Buenos Aires,2017-12-10,2019-12-09,Pro
Lavagna,Marco,Ciudad de Buenos Aires,2019-06-26,2019-12-09,Consenso Federal
Pitiot,Carla Betina,Ciudad de Buenos Aires,2015-12-10,2019-12-09,Federal Unidos por una Nueva Argentina
Mercado,Veronica,Catamarca,2015-12-10,2019-12-09,Frente para la Victoria - Pj
Quintar,Amado,Catamarca,2015-12-10,2016-12-12,Frente Civico y Social de Catamarca
Rach Quiroga,Analia,Chaco,2015-12-10,2019-12-09,Frente para la Victoria - Pj
Masin,Maria Lucila,Chaco,2015-12-10,2019-12-09,Frente para la Victoria - Pj
Masin,Maria Lucila,Chaco,2019-12-10,2023-12-09,Frente de Todos
Goicoechea,Horacio,Chaco,2015-12-10,2019-12-09,Ucr
Igon,Santiago Nicolas,Chubut,2015-12-10,2019-12-09,Frente para la Victoria - Pj
Igon,Santiago Nicolas,Chubut,2019-12-10,2023-12-09,Frente de Todos
Llanos Massa,Ana Maria,Chubut,2015-12-10,2019-12-09,Frente para la Victoria - Pj
Taboada,Jorge,Chubut,2018-03-20,2019-12-09,"Cultura, Educacion y Trabajo"
Miranda,Pedro Ruben,Mendoza,2016-02-04,2019-12-09,Justicialista
Britez,Maria Cristina,Misiones,2015-12-10,2019-12-09,Frente para la Victoria - Pj
Britez,Maria Cristina,Misiones,2019-12-10,2023-12-09,Frente de Todos
Franco,Jorge Daniel,Misiones,2016-06-16,2019-12-09,Frente de la Concordia Misionero
Di Stefano,Daniel,Misiones,2017-12-07,2019-12-09,Frente de la Concordia Misionero
Lopez Koenig,Leandro Gaston,Neuquen,2017-12-10,2019-12-09,Pro
Doñate,Claudio Martin,Rio Negro,2015-12-10,2019-12-09,Frente para la Victoria - Pj
Horne,Silvia Renee,Rio Negro,2018-10-26,2019-12-09,Movimiento Evita
Wisky,Sergio Javier,Rio Negro,2017-12-10,2019-12-09,Pro
David,Javier,Salta,2016-02-04,2019-12-09,Justicialista
Nanni,Miguel,Salta,2015-12-10,2019-12-09,Ucr
Nanni,Miguel,Salta,2019-12-10,2023-12-09,Ucr
Castro Molina,Enrique Roberto,San Juan,2015-12-10,2016-05-24,Compromiso con San Juan
Kirchner,Maximo Carlos,Santa Cruz,2015-12-10,2019-12-09,Frente para la Victoria - Pj
Kirchner,Maximo Carlos,Buenos Aires,2019-12-10,2023-12-09,Frente de Todos
Kirchner,Maximo Carlos,Buenos Aires,2023-12-10,2027-12-09,Unión por la Patria
Roquel,Hector Alberto,Santa Cruz,2015-12-10,2018-02-27,Ucr
Frana,Silvina Patricia,Santa Fe,2015-12-10,2019-12-09,Frente para la Victoria - Pj
Ramos,Alejandro,Santa Fe,2017-12-06,2019-12-09,Primero Argentina
De Ponti,Lucila Maria,Santa Fe,2018-10-26,2019-12-09,Movimiento Evita
Rodriguez,Matias David,Tierra del Fuego,2015-12-10,2019-12-09,Frente para la Victoria - Pj
Carol,Analuz Ailen,Tierra del Fuego,2015-12-10,2019-12-09,Frente para la Victoria - Pj
Orellana,Jose Fernando,Tucuman,2018-02-07,2019-10-30,Justicialista por Tucuman
Soraire,Mirta Alicia,Tucuman,2017-12-12,2019-12-09,Frente para la Victoria - Pj
Martinez,Ana Laura,Santa Fe,2015-12-10,2017-12-07,Union Pro
Incicco,Lucas Ciriaco,Santa Fe,2017-12-10,2019-12-09,Pro
Nuñez,Jose,Santa Fe,2017-12-10,2019-12-09,Pro
Nuñez,Jose,Santa Fe,2019-12-10,2023-12-09,Pro
Nuñez,Jose,Santa Fe,2025-12-10,2027-12-09,Provincias Unidas
Garreton,Facundo,Tucuman,2017-12-10,2019-12-09,Pro
Villavicencio,Maria Teresita,Tucuman,2017-12-10,2019-12-09,Evolucion Radical
Grandinetti,Alejandro Ariel,Santa Fe,2019-06-26,2019-12-09,Consenso Federal
Massetani,Vanesa Laura,Santa Fe,2015-12-10,2019-12-09,Federal Unidos por una Nueva Argentina
Massetani,Vanesa Laura,Santa Fe,2019-12-10,2023-12-09,Frente de Todos
Marcucci,Hugo Maria,Santa Fe,2015-12-10,2019-12-09,Ucr
Roma,Carlos Gaston,Tierra del Fuego,2017-12-10,2019-12-09,Pro
Sosa,Soledad,Mendoza,2015-12-10,2017-12-09,Frente de Izquierda y de los Trabajadores
Pretto,Pedro Javier,Cordoba,2017-12-10,2019-12-09,Pro
Rista,Olga Maria,Cordoba,2015-12-10,2019-12-09,Ucr
Martinez Villada,Leonor Maria,Cordoba,2016-02-04,2019-12-09,Coalicion Civica
Martinez Villada,Leonor Maria,Cordoba,2019-12-10,2023-12-09,Coalicion Civica
Massot,Nicolas,Cordoba,2017-12-10,2019-12-09,Pro
Massot,Nicolas,Buenos Aires,2024-08-07,2027-12-09,Encuentro Federal
Pereyra,Juan Manuel,Cordoba,2015-12-10,2019-12-09,Concertacion Forja
Estevez,Gabriela Beatriz,Cordoba,2015-12-10,2019-12-09,Frente para la Victoria - Pj
Estevez,Gabriela Beatriz,Cordoba,2019-12-10,2023-12-09,Frente de Todos
Estevez,Gabriela Beatriz,Cordoba,2023-12-10,2027-12-09,Unión por la Patria
Massei,Juan Carlos,Cordoba,2015-12-10,2015-12-10,Federal Unidos por una Nueva Argentina
Nazario,Adriana Monica,Cordoba,2018-12-18,2019-12-09,Cordoba Federal
Ruiz Aragon,Jose Arnaldo,Corrientes,2015-12-10,2019-12-09,Frente para la Victoria - Pj
Ruiz Aragon,Jose Arnaldo,Corrientes,2019-12-10,2021-12-09,Frente de Todos
Macias,Oscar Alberto,Corrientes,2016-02-11,2019-12-09,Justicialista
Dindart,Julian,Corrientes,2015-12-10,2019-12-09,Ucr
Monfort,Marcelo Alejandro,Entre Rios,2015-12-10,2019-12-09,Ucr
Gayol,Yanina Celeste,Entre Rios,2017-12-10,2019-12-09,Pro
Huss,Juan Manuel,Entre Rios,2015-12-10,2019-12-09,Frente para la Victoria - Pj
Hernandez,Martin Osvaldo,Formosa,2015-12-10,2019-12-09,Ucr
Snopek,Guillermo,Jujuy,2017-12-10,2019-12-09,Justicialista
Snopek,Guillermo,Jujuy,2023-12-15,2027-12-09,Unión por la Patria
Martinez,Silvia Alejandra,Jujuy,2015-12-10,2019-12-09,Ucr
Snopek,Alejandro Francisco,Jujuy,2019-06-26,2019-12-09,Consenso Federal
Ziliotto,Sergio Raul,La Pampa,2016-02-04,2019-12-09,Justicialista
Molina,Karina Alejandra,La Rioja,2017-12-10,2019-12-09,Pro
Herrera,Luis Beder,La Rioja,2016-02-12,2019-12-09,Justicialista
Balbo,Elva Susana,Mendoza,2017-12-10,2018-04-30,Pro
Morales,Mariana Elizabet,Santiago del Estero,2015-12-10,2019-12-09,Federal Unidos por una Nueva Argentina
Frigerio,Rogelio,Entre Rios,2021-12-16,2023-07-05,Pro
Rodriguez Machado,Laura Elena,Cordoba,2025-11-03,2025-12-09,La Libertad Avanza
Rodriguez Machado,Laura Elena,Cordoba,2025-12-10,2029-12-09,La Libertad Avanza
Verasay,Pamela Fernanda,Mendoza,2023-12-10,2025-12-09,Ucr - Unión Cívica Radical
Verasay,Pamela Fernanda,Mendoza,2025-12-10,2029-12-09,Ucr - Unión Cívica Radical
Raffo,Julio,Ciudad de Buenos Aires,2016-03-21,2017-12-09,Dialogo y Trabajo
Dure,Lucila Beatriz,Formosa,2016-03-01,2017-12-09,Partido Socialista
Bermejo,Sixto Osvaldo,Chubut,2016-03-01,2017-12-09,Trabajo y Dignidad
Guzman,Andres Ernesto,Cordoba,2017-06-26,2017-12-09,Brigadier General Juan Bautista Bustos
Martinez,Dario,Neuquen,2016-03-01,2017-12-09,Frente para la Victoria - Pj
Martinez,Dario,Neuquen,2019-12-10,2020-08-28,Frente de Todos
Lopardo,Maria Paula,Ciudad de Buenos Aires,2016-03-01,2017-12-09,Union Pro
Patiño,Jose Luis,Ciudad de Buenos Aires,2016-03-01,2017-12-09,Union Pro
Patiño,Jose Luis,Ciudad de Buenos Aires,2020-05-13,2021-12-09,Pro
Maquieyra,Martin,La Pampa,2016-03-01,2017-12-09,Union Pro
Maquieyra,Martin,La Pampa,2017-12-10,2021-12-09,Pro
Maquieyra,Martin,La Pampa,2023-12-10,2025-12-09,Pro
Conesa,Eduardo Raul,Ciudad de Buenos Aires,2016-03-01,2017-12-09,Union Pro
Besada,Alicia Irma,Ciudad de Buenos Aires,2016-03-01,2017-12-09,Union Pro
Alonso,Horacio Fernando,Buenos Aires,2016-03-01,2017-12-09,Federal Unidos por una Nueva Argentina
Sorgente,Marcelo Adolfo,Ciudad de Buenos Aires,2016-03-01,2017-12-09,Union Pro
Bellocq,Gerardo Alberto,Cordoba,2016-03-01,2016-04-26,Ucr
Masso,Federico Augusto,Tucuman,2016-03-01,2017-12-09,Libres del Sur
Albornoz,Gabriela Romina,Jujuy,2016-03-01,2017-12-09,Ucr
Huczak,Stella Maris,Mendoza,2017-12-10,2019-12-09,Pro
Vega,Maria Clara del Valle,La Rioja,2016-03-01,2017-12-09,Ucr
Calleri,Agustin Santiago,Cordoba,2016-03-01,2017-12-09,Unidos por una Nueva Argentina
Brezzo,Maria Eugenia,Cordoba,2016-03-01,2017-12-09,Unidos por una Nueva Argentina
Brügge,Juan Fernando,Cordoba,2017-12-06,2019-12-09,Cordoba Federal
Brügge,Juan Fernando,Cordoba,2025-12-10,2027-12-09,Provincias Unidas
Copes,Ana Isabel,Santa Fe,2016-03-01,2017-12-09,Democrata Progresista
Litza,Monica Edith,Buenos Aires,2016-03-01,2017-12-09,Federal Unidos por una Nueva Argentina
Cousinet,Graciela,Mendoza,2016-03-01,2017-12-09,Libres del Sur
Arrieta,Gustavo Hector,Buenos Aires,2016-03-15,2017-12-09,Frente para la Victoria - Pj
Austin,Brenda Lis,Cordoba,2016-05-18,2017-12-09,Ucr
Austin,Brenda Lis,Cordoba,2017-12-10,2021-12-09,Ucr
Peñaloza Marianetti,Maria Florencia,San Juan,2017-12-06,2019-12-09,Somos San Juan
Tovares,Ramon Alberto,San Juan,2016-11-30,2017-12-09,Frente para la Victoria - Pj
Giordano,Juan Carlos,Buenos Aires,2016-12-06,2017-12-09,Izquierda Socialista - Frente de Izquierda
Giordano,Juan Carlos,Buenos Aires,2020-12-10,2021-12-09,Izquierda Socialista - Frente de Izquierda
Giordano,Juan Carlos,Buenos Aires,2025-07-03,2025-12-09,Izquierda Socialista Fit-Unidad
Vera Gonzalez,Orieta Cecilia,Catamarca,2016-12-22,2019-12-09,Coalicion Civica
Couly,Veronica Carolina,Buenos Aires,2017-02-15,2017-12-09,Federal Unidos por una Nueva Argentina
Gonzalez Seligra,Nathalia Ines,Buenos Aires,2017-06-21,2019-03-10,Pts - Frente de Izquierda
Dominguez,Ramon Alfredo,San Luis,2017-07-05,2017-12-09,Compromiso Federal
Neder,Estela Mary,Santiago del Estero,2017-11-22,2019-12-09,Frente Civico por Santiago
Neder,Estela Mary,Santiago del Estero,2019-12-10,2023-12-09,Frente de Todos
Neder,Estela Mary,Santiago del Estero,2023-12-10,2027-12-09,Unión por la Patria
Aicega,Juan,Buenos Aires,2017-12-10,2021-12-09,Pro
Allende,Walberto,San Juan,2019-12-10,2021-12-09,Frente de Todos
Allende,Walberto,San Juan,2023-12-10,2025-12-09,Unión por la Patria
Alonso,Laura V.,Buenos Aires,2019-12-10,2019-12-10,Frente de Todos
Alume Sbodio,Karim Augusto,San Luis,2019-12-10,2021-12-09,Frente de Todos
Polledo,Carmen,Ciudad de Buenos Aires,2017-12-10,2021-12-09,Pro
Ansaloni,Pablo,Buenos Aires,2019-12-10,2021-12-09,Unidad y Equidad Federal
Ansaloni,Pablo,Buenos Aires,2023-12-10,2027-12-09,La Libertad Avanza
Arce,Mario Horacio,Formosa,2017-12-10,2021-12-09,Ucr
Arroyo,Daniel,Buenos Aires,2018-10-22,2019-12-09,Red por Argentina
Arroyo,Daniel,Buenos Aires,2023-12-10,2025-12-09,Unión por la Patria
Avila,Beatriz Luisa,Tucuman,2017-12-10,2021-12-09,Partido por la Justicia Social
Ayala,Aida Beatriz Maxima,Chaco,2017-12-10,2021-12-09,Ucr
Bahillo,Juan Jose,Entre Rios,2017-12-10,2019-12-02,Justicialista
Berisso,Hernan,Buenos Aires,2017-12-10,2021-12-09,Pro
Brambilla,Sofia,Corrientes,2017-12-10,2021-12-09,Pro
Brambilla,Sofia,Corrientes,2023-12-10,2025-12-09,Pro
Campagnoli,Marcela,Buenos Aires,2017-12-10,2021-12-09,Coalicion Civica
Campagnoli,Marcela,Buenos Aires,2024-05-02,2025-12-09,Coalicion Civica
Campos,Javier,Buenos Aires,2017-12-10,2021-12-09,Coalicion Civica
Cantard,Albor Angel,Santa Fe,2017-12-10,2021-12-09,Ucr
Carambia,Antonio Jose,Santa Cruz,2020-10-29,2021-12-09,Accion Federal
Carro,Pablo,Cordoba,2019-12-10,2021-12-09,Frente de Todos
Carro,Pablo,Cordoba,2023-12-10,2025-12-09,Unión por la Patria
Cassinerio,Paulo Leonardo,Cordoba,2017-12-10,2021-12-09,Cordoba Federal
Cerruti,Gabriela,Ciudad de Buenos Aires,2019-12-10,2021-10-13,Frente de Todos
Contigiani,Luis Gustavo,Santa Fe,2018-06-11,2021-12-09,Frente Progresista Civico y Social
Correa,Walter,Buenos Aires,2019-12-10,2021-12-09,Frente de Todos
Cresto,Mayda,Entre Rios,2019-12-10,2021-12-09,Frente de Todos
Del Cerro,Gonzalo Pedro Antonio,Santa Fe,2017-12-10,2021-12-09,Ucr
Del Pla,Romina,Buenos Aires,2017-12-10,2020-12-09,Frente de Izquierda y de los Trabajadores
Del Pla,Romina,Buenos Aires,2024-06-11,2024-06-26,Partido Obrero-Frente de Izquierda y Trabajadores Unidad
Del Pla,Romina,Buenos Aires,2026-04-27,2029-12-09,Partido Obrero en el Frente de Izquierda y de Trabajadores-U
Delu,Melina Aida,La Pampa,2019-12-10,2021-12-09,Frente de Todos
Fernandez Langan,Ezequiel,Buenos Aires,2017-12-10,2021-12-09,Pro
Fernandez Patri,Ramiro,Formosa,2019-12-10,2021-12-09,Frente de Todos
Fernandez Patri,Ramiro,Formosa,2023-12-10,2025-12-09,Unión por la Patria
Fernandez,Carlos A.,Buenos Aires,2017-12-10,2021-12-09,Ucr
Flores,Danilo Adrian,La Rioja,2019-12-10,2021-12-09,Frente de Todos
Fregonese,Alicia,Entre Rios,2017-12-10,2021-12-09,Pro
Fregonese,Alicia,Entre Rios,2025-12-10,2029-12-09,Pro
Frizza,Gabriel Alberto,Cordoba,2017-12-10,2021-12-09,Pro
Garcia,Alejandro,Ciudad de Buenos Aires,2017-12-10,2021-12-09,Pro
Ginocchio,Silvana Micaela,Catamarca,2019-12-10,2021-12-09,Frente de Todos
Ginocchio,Silvana Micaela,Catamarca,2023-12-10,2025-12-09,Unión por la Patria
Grande,Martin,Salta,2017-12-10,2021-12-09,Pro
Infante,Hugo Orlando,Santiago del Estero,2017-12-10,2018-12-30,Frente Civico por Santiago
Lacoste,Jorge Enrique,Entre Rios,2017-12-10,2021-12-09,Ucr
Leavy,Sergio Napoleon,Salta,2017-12-10,2019-12-09,Frente para la Victoria - Pj
Zamarbide,Federico Raul,Mendoza,2017-12-10,2021-12-09,Ucr
Ledesma Abdala de Zamora,Claudia,Santiago del Estero,2017-12-10,2019-12-09,Frente Civico por Santiago
Lehmann,Maria Lucila,Santa Fe,2017-12-10,2021-12-09,Coalicion Civica
Llaryora,Martin Miguel,Cordoba,2017-12-10,2019-12-09,Cordoba Federal
Matzen,Lorena,Rio Negro,2017-12-10,2021-12-09,Ucr
Medina,Gladys,Tucuman,2019-12-10,2021-12-09,Frente de Todos
Medina,Gladys,Tucuman,2024-01-24,2025-12-09,Independencia
Medina,Gladys,Tucuman,2025-12-10,2029-12-09,Independencia
Medina,Martin Nicolas,Buenos Aires,2017-12-10,2021-12-09,Pro
Menna,Gustavo,Chubut,2017-12-10,2021-12-09,Ucr
Monaldi,Osmar Antonio,Jujuy,2017-12-10,2021-12-09,Pro
Montenegro,Guillermo Tristan,Buenos Aires,2017-12-10,2019-12-04,Pro
Morales,Flavia,Misiones,2017-12-10,2021-12-09,Frente de la Concordia Misionero
Mosqueda,Juan,Chaco,2019-12-10,2021-12-09,Frente de Todos
Najul,Claudia,Mendoza,2017-12-10,2021-12-09,Ucr
Oliveto Lago,Paula,Ciudad de Buenos Aires,2017-12-10,2021-12-09,Coalicion Civica
Oliveto Lago,Paula,Ciudad de Buenos Aires,2024-05-02,2025-12-09,Coalicion Civica
Lopez,Juan Manuel,Ciudad de Buenos Aires,2017-12-10,2021-12-09,Coalicion Civica
Lopez,Juan Manuel,Buenos Aires,2024-05-02,2025-12-09,Coalicion Civica
Macha,Monica,Buenos Aires,2019-12-10,2021-12-09,Frente de Todos
Macha,Monica,Buenos Aires,2025-05-05,2025-12-09,Unión por la Patria
Martiarena,Jose Luis,Jujuy,2019-12-10,2021-12-09,Frente de Todos
Pertile,Elda,Chaco,2019-12-10,2021-12-09,Frente de Todos
Piccolomini,Maria Carla,Buenos Aires,2017-12-10,2021-12-09,Pro
Quetglas,Fabio Jose,Buenos Aires,2017-12-10,2021-12-09,Ucr
Quetglas,Fabio Jose,Buenos Aires,2023-12-10,2025-12-09,Ucr - Unión Cívica Radical
Ramon,Jose Luis,Mendoza,2019-12-10,2021-12-09,Unidad y Equidad Federal
Rauschenberger,Ariel,La Pampa,2019-12-10,2021-12-09,Frente de Todos
Rauschenberger,Ariel,La Pampa,2023-12-10,2027-12-09,Unión por la Patria
Regidor Belledone,Estela Mercedes,Corrientes,2017-12-10,2021-12-09,Ucr
Reyes,Roxana Nahir,Santa Cruz,2017-12-10,2021-12-09,Ucr
Reyes,Roxana Nahir,Santa Cruz,2023-12-10,2025-12-09,Ucr - Unión Cívica Radical
Rodenas,Alejandra,Santa Fe,2019-12-10,2019-12-11,Frente de Todos
Romero,Jorge Antonio,Corrientes,2019-12-10,2021-12-09,Frente de Todos
Romero,Jorge Antonio,Corrientes,2023-12-10,2025-12-09,Unión por la Patria
Rosso,Victoria,San Luis,2019-12-10,2021-12-09,Frente de Todos
Russo,Laura,Buenos Aires,2019-12-10,2021-12-09,Frente de Todos
Saadi,Gustavo Arturo,Catamarca,2017-12-13,2019-12-03,Elijo Catamarca
Sahad,Julio Enrique,La Rioja,2017-12-10,2021-12-09,Pro
Salvarezza,Roberto,Buenos Aires,2019-12-10,2019-12-10,Frente de Todos
Sapag,Alma Liliana,Neuquen,2017-12-10,2021-12-09,Mov Pop Neuquino
Schlereth,David Pablo,Neuquen,2017-12-10,2021-12-09,Pro
Sierra,Magdalena,Buenos Aires,2019-12-10,2021-02-10,Frente de Todos
Siley,Vanesa Raquel,Buenos Aires,2019-12-10,2021-12-09,Frente de Todos
Siley,Vanesa Raquel,Buenos Aires,2025-12-10,2025-12-09,Unión por la Patria
Siley,Vanesa Raquel,Buenos Aires,2025-12-10,2029-12-09,Unión por la Patria
Stefani,Hector Antonio,Tierra del Fuego,2017-12-10,2021-12-09,Pro
Stefani,Hector Antonio,Tierra del Fuego,2023-12-10,2024-10-12,Pro
Suarez Lastra,Facundo,Ciudad de Buenos Aires,2017-12-10,2021-12-09,Ucr
Vallejos,Fernanda,Buenos Aires,2019-12-10,2021-12-09,Frente de Todos
Vazquez,Juan Benedicto,Santa Cruz,2019-12-10,2021-12-09,Frente de Todos
Vigo,Alejandra Maria,Cordoba,2017-12-10,2021-12-09,Cordoba Federal
Villa,Natalia Soledad,Buenos Aires,2017-12-10,2021-12-09,Pro
Wellbach,Ricardo,Misiones,2017-12-10,2021-12-09,Frente de la Concordia Misionero
Yasky,Hugo,Buenos Aires,2019-12-10,2021-12-09,Frente de Todos
Yasky,Hugo,Buenos Aires,2025-12-10,2025-12-09,Unión por la Patria
Yasky,Hugo,Buenos Aires,2025-12-10,2029-12-09,Unión por la Patria
Espinoza,Fernando,Buenos Aires,2019-12-10,2019-12-11,Frente de Todos
Yedlin,Pablo Raul,Tucuman,2019-12-10,2021-12-09,Frente de Todos
Yedlin,Pablo Raul,Tucuman,2023-12-10,2027-12-09,Unión por la Patria
Bucca,Eduardo,Buenos Aires,2021-08-05,2021-12-09,Frente de Todos
Mendoza,Josefina,Buenos Aires,2017-12-10,2021-12-09,Ucr
Muñoz,Rosa Rosario,Chubut,2019-12-10,2021-12-09,Frente de Todos
Enriquez,Jorge Ricardo,Ciudad de Buenos Aires,2017-12-18,2021-12-09,Pro
Hummel,Astrid,Santa Fe,2017-12-18,2019-12-09,Pro
Vallone,Andres Alberto,San Luis,2018-02-06,2019-12-09,Unidad Justicialista
Derna,Veronica,Misiones,2017-12-18,2019-12-09,Frente de la Concordia Misionero
Ricci,Nadia Lorena,Santa Cruz,2018-03-14,2019-12-09,Ucr
Bragagnolo,Sebastian,Mendoza,2018-05-09,2019-12-09,Pro
Asencio,Fernando,Buenos Aires,2018-10-22,2019-12-09,Red por Argentina
Schlotthauer,Monica Leticia,Buenos Aires,2019-04-04,2019-12-09,Izquierda Socialista - Frente de Izquierda
Schlotthauer,Monica Leticia,Buenos Aires,2021-06-10,2021-12-09,Izquierda Socialista - Frente de Izquierda
Schlotthauer,Monica Leticia,Buenos Aires,2024-06-27,2025-04-10,Izquierda Socialista Fit-Unidad
Herrera,Bernardo Jose,Santiago del Estero,2019-12-10,2021-12-09,Frente de Todos
Herrera,Bernardo Jose,Santiago del Estero,2023-12-10,2025-12-09,Unión por la Patria
Moretti,Jose Luis,La Rioja,2019-05-15,2019-12-09,Federal Unidos por una Nueva Argentina
Caballero,Alejandra Alcira,Ciudad de Buenos Aires,2019-06-26,2019-12-09,Pro
Mirabella,Roberto,Santa Fe,2024-12-26,2025-12-09,Defendamos Santa Fe
Latorre,Jimena,Mendoza,2019-12-10,2023-12-09,Ucr
Ruarte,Adriana Noemi,Cordoba,2019-12-10,2023-12-09,Pro
Godoy,Lucas Javier,Salta,2019-12-10,2023-12-09,Frente de Todos
Romero,Victor Hugo,Cordoba,2019-12-10,2023-12-09,Ucr
Uceda,Marisa Lourdes,Mendoza,2019-12-10,2023-12-09,Frente de Todos
Rizzotti,Jorge,Jujuy,2019-12-10,2023-12-09,Ucr
Rizzotti,Jorge,Jujuy,2025-12-10,2027-12-09,Provincias Unidas
Sanchez,Francisco,Neuquen,2019-12-10,2023-12-09,Pro
Estevez,Enrique,Santa Fe,2019-12-10,2023-12-09,Socialista
Ascarate,Lidia Ines,Tucuman,2019-12-10,2023-12-09,Ucr
Aparicio,Alicia N.,Buenos Aires,2019-12-10,2023-12-09,Frente de Todos
Ormachea,Claudia Beatriz,Buenos Aires,2019-12-10,2023-12-09,Frente de Todos
Lampreabe,Florencia,Buenos Aires,2019-12-10,2023-12-09,Frente de Todos
Ponce,Carlos Ybrhain,San Luis,2019-12-10,2023-12-09,Frente de Todos
Schiavoni,Alfredo Oscar,Misiones,2019-12-10,2023-12-09,Pro
Martin,Juan,Santa Fe,2019-12-10,2023-12-09,Ucr
Cisneros,Carlos,Tucuman,2019-12-10,2023-12-09,Frente de Todos
Cisneros,Carlos,Tucuman,2023-12-10,2027-12-09,Unión por la Patria
El Sukaria,Soher,Cordoba,2019-12-10,2023-12-09,Pro
Morales Gorleri,Victoria,Ciudad de Buenos Aires,2019-12-10,2023-12-09,Pro
Gutierrez,Carlos,Cordoba,2019-12-10,2023-12-09,Cordoba Federal
Gutierrez,Carlos,Cordoba,2025-12-10,2027-12-09,Provincias Unidas
Perez Araujo,Hernan,La Pampa,2019-12-10,2023-12-09,Frente de Todos
Barbaro,Hector Cacho,Misiones,2019-12-10,2023-12-09,Frente de Todos
Lena,Gabriela,Entre Rios,2019-12-10,2023-12-09,Ucr
Vivero,Carlos Alberto,Neuquen,2019-12-19,2021-12-09,Frente de Todos
Soria,Martin,Rio Negro,2019-12-10,2021-03-27,Frente de Todos
Soria,Martin,Rio Negro,2023-12-10,2025-12-09,Unión por la Patria
Rodriguez,Alejandro Topo,Buenos Aires,2023-11-22,2023-12-09,Consenso Federal
Gutierrez,Ramiro,Buenos Aires,2019-12-10,2023-12-09,Frente de Todos
Gutierrez,Ramiro,Buenos Aires,2023-12-10,2027-12-09,Unión por la Patria
Martinez,Maria Rosa,Buenos Aires,2019-12-10,2023-12-09,Frente de Todos
Berhongaray,Martin Antonio,La Pampa,2021-12-10,2023-12-09,Evolucion Radical
Casaretto,Marcelo Pablo,Entre Rios,2019-12-10,2023-12-09,Frente de Todos
Yacobitti,Emiliano Benjamin,Ciudad de Buenos Aires,2021-12-10,2023-12-09,Evolucion Radical
Casas,Sergio Guillermo,La Rioja,2019-12-10,2023-12-09,Frente de Todos
Casas,Sergio Guillermo,La Rioja,2023-12-10,2027-12-09,Unión por la Patria
Hein,Gustavo Rene,Entre Rios,2019-12-10,2023-12-09,Pro
Cornejo,Virginia,Salta,2020-02-26,2023-12-09,Pro
Frigerio,Federico,Tierra del Fuego,2019-12-10,2023-12-09,Pro
Parola,Maria Graciela,Formosa,2019-12-10,2023-12-09,Frente de Todos
Parola,Maria Graciela,Formosa,2023-12-10,2027-12-09,Unión por la Patria
Cacace,Alejandro,San Luis,2021-12-10,2023-12-09,Evolucion Radical
Torres,Ignacio Agustin,Chubut,2022-06-13,2022-08-10,Juntos por el Cambio Chubut
Ferraro,Maximiliano,Ciudad de Buenos Aires,2019-12-10,2023-12-09,Coalicion Civica
Ferraro,Maximiliano,Ciudad de Buenos Aires,2024-05-02,2027-12-09,Coalicion Civica
Obeid,Alejandra del Huerto,Santa Fe,2019-12-10,2023-12-09,Frente de Todos
Martinez,German Pedro,Santa Fe,2019-12-10,2023-12-09,Frente de Todos
Martinez,German Pedro,Santa Fe,2023-12-10,2027-12-09,Unión por la Patria
Alvarez,Felipe,La Rioja,2021-12-10,2023-12-09,Ser - Somos Energia para Renovar
Lopez Rodriguez,Dante,Catamarca,2019-12-19,2021-12-09,Frente de Todos
Lopez Rodriguez,Dante,Catamarca,2023-12-10,2025-12-09,Unión por la Patria
Leito,Mario,Tucuman,2019-12-10,2023-10-27,Frente de Todos
Angelini,Federico,Santa Fe,2019-12-10,2023-12-09,Pro
De Lamadrid,Alvaro,Ciudad de Buenos Aires,2019-12-10,2021-12-09,Ucr
Rey,Maria Lujan,Buenos Aires,2019-12-10,2023-12-09,Pro
Landriscini,Susana Graciela,Rio Negro,2019-12-10,2023-12-09,Frente de Todos
Crescimbeni,Camila,Buenos Aires,2019-12-10,2023-12-09,Pro
Vilar,Daniela Marina,Buenos Aires,2019-12-10,2021-12-16,Frente de Todos
Leiva,Aldo,Chaco,2019-12-10,2023-12-09,Frente de Todos
Leiva,Aldo,Chaco,2023-12-10,2027-12-09,Unión por la Patria
Caliva,Lia Veronica,Salta,2019-12-10,2023-12-09,Frente de Todos
Orrego,Humberto Marcelo,San Juan,2019-12-10,2023-12-09,Produccion y Trabajo
Bermejo,Alejandro Daniel,Mendoza,2019-12-10,2021-03-27,Frente de Todos
Cipolini,Gerardo,Chaco,2019-12-10,2023-12-09,Ucr
Cipolini,Gerardo,Chaco,2023-12-10,2027-12-09,Ucr - Unión Cívica Radical
Hagman,Itai,Ciudad de Buenos Aires,2019-12-10,2023-12-09,Frente de Todos
Hagman,Itai,Ciudad de Buenos Aires,2023-12-10,2025-12-09,Unión por la Patria
Hagman,Itai,Ciudad de Buenos Aires,2025-12-10,2029-12-09,Unión por la Patria
Ameri,Juan Emilio,Salta,2019-12-19,2020-09-24,Frente de Todos
Amaya,Domingo Luis,Tucuman,2021-12-10,2023-12-09,Encuentro Federal
Manzi,Ruben,Catamarca,2019-12-10,2023-12-09,Coalicion Civica
Montoto,Maria Luisa,Santiago del Estero,2019-12-19,2021-12-09,Frente de Todos
Montoto,Maria Luisa,Santiago del Estero,2023-12-10,2025-12-09,Unión por la Patria
Joury,Maria de las Mercedes,Buenos Aires,2019-12-10,2023-12-09,Pro
Frade,Monica,Buenos Aires,2019-12-10,2023-12-09,Coalicion Civica
Frade,Monica,Buenos Aires,2024-05-02,2027-12-09,Coalicion Civica
Salvador,Sebastian Nicolas,Buenos Aires,2019-12-10,2023-12-09,Ucr
Garcia de Luca,Sebastian,Buenos Aires,2021-12-10,2023-12-09,Encuentro Federal
Di Giacomo,Luis,Rio Negro,2019-12-10,2023-12-09,Juntos Somos Rio Negro
Garcia,Ximena,Santa Fe,2019-12-10,2023-12-09,Ucr
Fernandez,Eduardo,Cordoba,2019-12-10,2023-12-09,Frente de Todos
Martinez,Dolores,Ciudad de Buenos Aires,2021-12-10,2023-12-09,Evolucion Radical
Sand,Nancy,Corrientes,2019-12-10,2023-12-09,Frente de Todos
Sand,Nancy,Corrientes,2023-12-10,2027-12-09,Unión por la Patria
Vara,Jorge,Corrientes,2019-12-10,2023-12-09,Ucr
Ferreyra,Daniel Julio,Jujuy,2019-12-10,2023-08-05,Frente de Todos
Rezinovsky,Dina,Ciudad de Buenos Aires,2019-12-10,2023-12-09,Pro
Penacca,Paula Andrea,Ciudad de Buenos Aires,2019-12-10,2023-12-09,Frente de Todos
Penacca,Paula Andrea,Ciudad de Buenos Aires,2023-12-10,2027-12-09,Unión por la Patria
Daives,Ricardo,Santiago del Estero,2019-12-10,2023-12-09,Frente de Todos
Daives,Ricardo,Santiago del Estero,2023-12-10,2027-12-09,Unión por la Patria
Zuvic,Mariana,Ciudad de Buenos Aires,2019-12-10,2023-12-09,Coalicion Civica
Jetter,Ingrid,Corrientes,2019-12-10,2023-12-09,Pro
Valdes,Eduardo Felix,Ciudad de Buenos Aires,2019-12-10,2023-12-09,Frente de Todos
Valdes,Eduardo Felix,Ciudad de Buenos Aires,2023-12-10,2027-12-09,Unión por la Patria
Yambrun,Liliana Patricia,Buenos Aires,2019-12-10,2023-12-09,Frente de Todos
Castets,Laura Carolina,Santa Fe,2023-03-27,2023-12-09,Valores Republicanos
Stilman,Mariana,Buenos Aires,2019-12-10,2023-12-09,Coalicion Civica
Hernandez,Estela,Chubut,2019-12-10,2023-12-09,Frente de Todos
Vessvessian,Paola,Santa Cruz,2019-12-10,2023-12-09,Frente de Todos
Cafiero,Santiago,Buenos Aires,2023-12-10,2027-12-09,Unión por la Patria
Fagioli,Federico,Buenos Aires,2019-12-19,2023-12-09,Frente de Todos
Rodriguez Saa,Nicolas,Buenos Aires,2019-12-19,2021-12-09,Frente de Todos
Koenig,Marcelo,Buenos Aires,2019-12-19,2021-12-09,Frente de Todos
Bogdanich,Esteban Mateo,Santa Fe,2019-12-19,2021-12-09,Frente de Todos
Marquez,Claudia Gabriela,Cordoba,2019-12-19,2021-12-09,Cordoba Federal
Sposito,Ayelen,Rio Negro,2019-12-19,2021-12-09,Frente de Todos
Guevara,Francisco,San Juan,2019-12-19,2021-12-09,Frente de Todos
Lopez,Jimena,Buenos Aires,2019-12-19,2022-12-01,Frente de Todos
Lopez,Jimena,Buenos Aires,2025-12-10,2029-12-09,Unión por la Patria
Fernandez,Hector,Buenos Aires,2019-12-19,2021-12-09,Frente de Todos
Daldovo,Nelly Ramona,Formosa,2019-12-19,2023-12-09,Frente de Todos
Uhrig,Romina,Buenos Aires,2019-12-19,2021-12-09,Frente de Todos
Yutrovic,Carolina,Tierra del Fuego,2019-12-19,2021-12-09,Frente de Todos
Yutrovic,Carolina,Tierra del Fuego,2023-12-10,2025-12-09,Unión por la Patria
Mounier,Patricia,Santa Fe,2019-12-19,2021-12-09,Frente de Todos
Alderete,Juan Carlos,Buenos Aires,2019-12-19,2023-12-09,Frente de Todos
Marziotta,Gisela,Ciudad de Buenos Aires,2020-01-29,2021-12-09,Frente de Todos
Marziotta,Gisela,Ciudad de Buenos Aires,2023-12-10,2025-12-09,Unión por la Patria
Caceres,Adriana,Buenos Aires,2020-02-27,2021-12-09,Pro
Bormioli,Lisandro,Buenos Aires,2020-05-13,2023-12-09,Frente de Todos
Carnaghi,Guillermo Oscar,Neuquen,2020-09-25,2023-12-09,Frente de Todos
Figueroa,Alcira Elsa,Salta,2020-10-07,2021-12-09,Frente de Todos
Veron,Jorge Guillermo,Santa Cruz,2021-02-11,2023-12-09,Frente de Todos
Ortega,Carlos,Buenos Aires,2021-02-11,2021-12-09,Frente de Todos
Dantas,Pedro Cristian,Rio Negro,2021-03-27,2023-12-09,Frente de Todos
Perez Plaza,Eber Albano,Mendoza,2021-03-27,2023-12-09,Frente de Todos
Yapor,Lucio,Buenos Aires,2021-10-26,2023-12-09,Frente de Todos
Lopez,Gustavo Fernando,Ciudad de Buenos Aires,2021-10-26,2021-12-09,Frente de Todos
Souto,Natalia Marcela,Buenos Aires,2021-10-26,2023-12-09,Frente de Todos
Marcolli,Julieta,Catamarca,2021-10-26,2021-12-09,Frente Civico y Social de Catamarca
Milei,Javier Gerardo,Ciudad de Buenos Aires,2021-12-10,2023-11-29,La Libertad Avanza
Besana,Gabriela,Buenos Aires,2023-12-10,2025-12-09,Pro
Figueroa,Rolando,Neuquen,2021-12-10,2023-12-05,Movimiento Popular Neuquino
Sayago,Silvia,Santiago del Estero,2021-12-10,2021-12-12,Frente de Todos
Estrada,Emiliano,Salta,2023-12-10,2025-12-09,Unión por la Patria
Chomiak,Maria Luisa,Chaco,2023-12-10,2025-12-09,Unión por la Patria
Ledesma,Tomas,Entre Rios,2023-12-10,2025-12-09,Unión por la Patria
Sanchez,Roberto Antonio,Tucuman,2023-12-10,2025-12-09,Ucr - Unión Cívica Radical
Figueroa Casas,Germana,Santa Fe,2023-12-10,2025-12-09,Pro
Toniolli,Eduardo,Santa Fe,2023-12-10,2025-12-09,Unión por la Patria
Fein,Monica,Santa Fe,2024-08-07,2025-12-09,Encuentro Federal
Santoro,Leandro,Ciudad de Buenos Aires,2023-12-10,2025-12-09,Unión por la Patria
Antola,Marcela,Entre Rios,2024-10-24,2025-12-09,Democracia para Siempre
Coli,Marcela,La Pampa,2024-10-24,2025-12-09,Democracia para Siempre
Tavela,Danya,Buenos Aires,2024-10-24,2025-12-09,Democracia para Siempre
Tolosa Paz,Victoria,Buenos Aires,2021-12-10,2022-10-12,Frente de Todos
Tolosa Paz,Victoria,Buenos Aires,2023-12-10,2027-12-09,Unión por la Patria
Galimberti,Pedro Jorge,Entre Rios,2023-12-10,2024-09-09,Ucr - Unión Cívica Radical
Lopez Murphy,Ricardo Hipolito,Ciudad de Buenos Aires,2025-03-05,2025-12-09,Republicanos Unidos
Vargas Matyi,Brenda,Buenos Aires,2023-12-10,2025-12-09,Unión por la Patria
Zapata,Carlos Raul,Salta,2025-12-10,2025-12-09,La Libertad Avanza
Zapata,Carlos Raul,Salta,2025-12-10,2029-12-09,La Libertad Avanza
Espert,Jose Luis,Buenos Aires,2024-03-13,2025-12-09,La Libertad Avanza
Pedrali,Gabriela,La Rioja,2023-12-10,2025-12-09,Unión por la Patria
Pedrali,Gabriela,La Rioja,2025-12-10,2029-12-09,Unión por la Patria
Fernandez,Agustin,Tucuman,2024-01-24,2025-12-09,Independencia
Palazzo,Sergio Omar,Buenos Aires,2025-12-10,2025-12-09,Unión por la Patria
Palazzo,Sergio Omar,Buenos Aires,2025-12-10,2029-12-09,Unión por la Patria
Propato,Agustina Lucrecia,Buenos Aires,2023-12-10,2025-12-09,Unión por la Patria
Propato,Agustina Lucrecia,Buenos Aires,2025-12-10,2029-12-09,Unión por la Patria
Barletta,Mario,Santa Fe,2024-10-30,2025-12-09,Unidos
Bertoldi,Tanya,Neuquen,2023-12-10,2025-12-09,Unión por la Patria
Manes,Facundo,Buenos Aires,2024-10-24,2025-12-09,Democracia para Siempre
Omodeo,Paula,Tucuman,2023-12-10,2025-12-09,Creo
Garcia Aresca,Ignacio,Cordoba,2025-12-10,2025-12-09,Provincias Unidas
Garcia Aresca,Ignacio,Cordoba,2025-12-10,2029-12-09,Provincias Unidas
Chaher,Leila,Jujuy,2023-12-10,2025-12-09,Unión por la Patria
Alianiello,Eugenia,Chubut,2023-12-10,2025-12-09,Unión por la Patria
Borrego,Victoria,Buenos Aires,2024-05-02,2025-12-09,Coalicion Civica
Sotolano,Maria,Buenos Aires,2023-12-10,2025-12-09,Pro
Pereyra,Julio,Buenos Aires,2023-12-10,2025-12-09,Unión por la Patria
Ajmechet,Sabrina,Ciudad de Buenos Aires,2025-11-03,2025-12-09,La Libertad Avanza
Ajmechet,Sabrina,Ciudad de Buenos Aires,2025-12-10,2029-12-09,La Libertad Avanza
Bermejo,Adolfo,Mendoza,2023-12-10,2025-12-09,Unión por la Patria
Zangla,Maria Jose,San Luis,2021-12-10,2021-12-20,Frente de Todos
Chumpitaz,Gabriel Felipe,Santa Fe,2025-05-05,2025-12-09,Futuro y Libertad
Tejeda,Maria Victoria,Santa Fe,2021-12-10,2023-11-28,Evolucion Radical
Aubone,Ana Fabiola,San Juan,2023-12-10,2025-12-09,Unión por la Patria
Paponet,Liliana,Mendoza,2023-12-10,2025-12-09,Unión por la Patria
Carbajal,Fernando,Formosa,2024-10-24,2025-12-09,Democracia para Siempre
Tortoriello,Anibal,Rio Negro,2025-12-10,2025-12-09,La Libertad Avanza
Tortoriello,Anibal,Rio Negro,2025-12-10,2029-12-09,La Libertad Avanza
Stolbizer,Margarita,Buenos Aires,2024-08-07,2025-12-09,Encuentro Federal
Gollan,Daniel,Buenos Aires,2023-12-10,2025-12-09,Unión por la Patria
Monti,Francisco,Catamarca,2025-04-14,2025-12-09,Liga del Interior Eli
De la Sota,Natalia,Cordoba,2025-12-10,2025-12-09,Defendamos Córdoba
De la Sota,Natalia,Cordoba,2025-12-10,2029-12-09,Defendamos Córdoba
Polini,Juan Carlos,Chaco,2024-10-24,2025-12-09,Democracia para Siempre
Cervi,Pablo,Neuquen,2025-04-14,2025-12-09,Liga del Interior Eli
Chahla,Rossana,Tucuman,2021-12-10,2023-10-27,Frente de Todos
Bouhid,Gustavo,Jujuy,2021-12-10,2023-06-02,Ucr
Villarruel,Victoria,Ciudad de Buenos Aires,2021-12-10,2023-12-04,La Libertad Avanza
Arjol,Martin,Misiones,2025-04-14,2025-12-09,Liga del Interior Eli
Vilca,Alejandro,Jujuy,2024-06-11,2025-12-09,Pts-Frente de Izquierda Unidad
Litza,Monica,Buenos Aires,2023-12-10,2025-12-09,Unión por la Patria
Alonso,Constanza Maria,Buenos Aires,2023-12-10,2025-12-09,Unión por la Patria
Martinez,Alvaro,Mendoza,2025-12-10,2025-12-09,La Libertad Avanza
Martinez,Alvaro,Mendoza,2025-12-10,2029-12-09,La Libertad Avanza
Santos,Gustavo,Cordoba,2021-12-10,2023-08-14,Pro
Piparo,Carolina,Buenos Aires,2024-09-13,2025-12-01,La Libertad Avanza
Klipauka Lewtak,Florencia,Misiones,2024-03-20,2025-12-09,La Libertad Avanza
De Loredo,Rodrigo,Cordoba,2023-12-10,2025-12-09,Ucr - Unión Cívica Radical
Tetaz,Martin Alberto,Ciudad de Buenos Aires,2023-12-10,2025-12-09,Ucr - Unión Cívica Radical
Marin,Varinia Lis,La Pampa,2023-12-10,2025-12-09,Unión por la Patria
Marin,Varinia Lis,La Pampa,2025-12-10,2029-12-09,Unión por la Patria
Quiroz,Marilu,Chaco,2023-12-10,2025-12-09,Pro
Calletti,Pamela,Salta,2023-12-10,2025-12-09,Innovación Federal
Bachey,Karina Ethel,San Luis,2023-12-10,2025-12-09,Pro
Mastaler,Magali,Santa Fe,2023-12-10,2025-12-09,Unión por la Patria
Herrera,Ricardo,La Rioja,2023-12-10,2025-12-09,Unión por la Patria
Iparraguirre,Rogelio,Buenos Aires,2023-12-10,2025-12-09,Unión por la Patria
Santilli,Diego,Buenos Aires,2023-12-10,2025-11-07,Pro
Romero,Ana Clara,Chubut,2023-12-10,2025-12-09,Pro
Vidal,Maria Eugenia,Ciudad de Buenos Aires,2023-12-10,2025-12-09,Pro
Domingo,Agustin,Rio Negro,2023-12-10,2025-12-09,Innovación Federal
Finocchiaro,Alejandro,Buenos Aires,2023-12-10,2025-12-09,Pro
Finocchiaro,Alejandro,Buenos Aires,2025-12-10,2029-12-09,Pro
Brouwer de Koning,Gabriela,Cordoba,2023-12-10,2025-12-09,Ucr - Unión Cívica Radical
Vidal,Claudio Orlando,Santa Cruz,2021-12-10,2023-12-07,Ser - Somos Energia para Renovar
Laciar,Susana Alicia,San Juan,2021-12-10,2023-12-09,Produccion y Trabajo
Aguirre,Manuel Ignacio,Corrientes,2024-10-24,2025-12-09,Democracia para Siempre
Zaracho,Natalia,Buenos Aires,2021-12-16,2023-12-09,Frente de Todos
Zaracho,Natalia,Buenos Aires,2023-12-10,2027-12-09,Unión por la Patria
Costa,Anahi,Catamarca,2021-12-16,2023-12-09,Frente de Todos
Gonzalez,Gustavo Carlos Miguel,Santa Cruz,2023-12-10,2025-12-09,Unión por la Patria
Moyano,Nilda,Santiago del Estero,2023-12-10,2025-12-09,Unión por la Patria
Taccetta,Matias,Chubut,2021-12-16,2023-12-08,Pro
Borda,Fabian Antonio,Corrientes,2021-12-16,2023-12-09,Frente de Todos
Nieri,Lisandro,Mendoza,2021-12-16,2023-12-09,Ucr
Nieri,Lisandro,Mendoza,2023-12-10,2027-12-09,Ucr - Unión Cívica Radical
Carasso,Marcos Gustavo,Cordoba,2021-12-16,2023-12-09,Ucr
Fernandez,Carlos Alberto,Misiones,2023-12-10,2025-12-09,Innovación Federal
Zabala Chacur,Natalia,San Luis,2023-12-10,2025-12-09,Unión por la Patria
Marino,Juan,Buenos Aires,2022-08-02,2023-12-09,Frente de Todos
Marino,Juan,Buenos Aires,2023-12-10,2027-12-09,Unión por la Patria
Moran,Micaela,Buenos Aires,2023-12-10,2025-12-09,Unión por la Patria
Olmos,Kelly,Ciudad de Buenos Aires,2025-12-10,2029-12-09,Unión por la Patria
Arricau,Carolina Natalia,Buenos Aires,2022-12-01,2023-12-09,Frente de Todos
Mraida,Gabriel Sebastian,Buenos Aires,2023-02-28,2023-06-30,Pro
Sarapura,Natalia Silvina,Jujuy,2023-12-10,2025-12-09,Ucr - Unión Cívica Radical
Espil,Santiago Eugenio,Buenos Aires,2023-07-05,2023-12-09,Coalicion Civica
Agost Carreño,Oscar,Cordoba,2024-08-07,2025-12-09,Encuentro Federal
Cantero,Carlos,Jujuy,2023-08-23,2023-12-09,Frente de Todos
Fernandez,Elia Marina,Tucuman,2024-01-24,2025-12-09,Independencia
Fernandez,Elia Marina,Tucuman,2025-12-10,2027-12-09,Independencia
Herrera,Marcela,Tucuman,2023-11-02,2023-12-09,Frente de Todos
Arancibia Rodriguez,Alberto Gustavo,San Luis,2023-12-20,2025-12-09,La Libertad Avanza
Araujo,Maria Fernanda,Ciudad de Buenos Aires,2023-12-07,2025-12-09,La Libertad Avanza
Emma,Nicolas,Ciudad de Buenos Aires,2025-12-10,2025-12-09,La Libertad Avanza
Emma,Nicolas,Ciudad de Buenos Aires,2025-12-10,2029-12-09,La Libertad Avanza
Llancafilo,Osvaldo,Neuquen,2024-02-21,2025-12-09,Movimiento Popular Neuquino
Giorgi,Melina,Santa Fe,2024-10-24,2025-12-09,Democracia para Siempre
Aveiro,Martin,Mendoza,2023-12-10,2027-12-09,Unión por la Patria
Almiron,Lisandro,Corrientes,2023-12-10,2027-12-09,La Libertad Avanza
Arrua,Alberto,Misiones,2023-12-10,2027-12-09,Innovación Federal
Vancsik,Daniel,Misiones,2023-12-10,2027-12-09,Innovación Federal
Arabia,Damian,Ciudad de Buenos Aires,2025-11-03,2027-12-09,La Libertad Avanza
Strada,Julia,Buenos Aires,2025-05-05,2027-12-09,Unión por la Patria
Coletta,Mariela,Ciudad de Buenos Aires,2025-12-10,2027-12-09,Provincias Unidas
Bordet,Gustavo,Entre Rios,2023-12-10,2027-12-09,Unión por la Patria
Ruiz,Yamila,Misiones,2023-12-10,2027-12-09,Innovación Federal
Vasquez,Patricia,Buenos Aires,2025-11-03,2027-12-09,La Libertad Avanza
Vega,Yolanda,Salta,2023-12-10,2027-12-09,Innovación Federal
Santillan Juarez Brahim,Juliana,Buenos Aires,2023-12-10,2027-12-09,La Libertad Avanza
Peluc,Jose,San Juan,2023-12-10,2027-12-09,La Libertad Avanza
Diez,Romina,Santa Fe,2023-12-10,2027-12-09,La Libertad Avanza
Bornoroni,Gabriel,Cordoba,2023-12-10,2027-12-09,La Libertad Avanza
Giudici,Silvana,Ciudad de Buenos Aires,2025-11-03,2027-12-09,La Libertad Avanza
Campero,Mariano,Tucuman,2025-11-19,2027-12-09,La Libertad Avanza
Monzon,Roxana,Buenos Aires,2023-12-10,2027-12-09,Unión por la Patria
Morchio,Francisco,Entre Rios,2025-12-10,2027-12-09,La Libertad Avanza
Araujo Hernandez,Jorge Neri,Tierra del Fuego,2023-12-10,2027-12-09,Unión por la Patria
Bongiovanni,Alejandro,Santa Fe,2025-12-01,2027-12-09,La Libertad Avanza
Ardohain,Martin,La Pampa,2023-12-10,2027-12-09,Pro
Picon Martinez,Nancy Viviana,San Juan,2023-12-10,2027-12-09,Produccion y Trabajo
Picat,Luis Albino,Cordoba,2025-11-19,2027-12-09,La Libertad Avanza
Avila,Fernanda,Catamarca,2025-12-10,2027-12-09,Elijo Catamarca
Glinski,Jose,Chubut,2023-12-10,2027-12-09,Unión por la Patria
Selva,Sabrina,Buenos Aires,2023-12-10,2027-12-09,Unión por la Patria
Gonzalez,Gerardo Gustavo,Formosa,2026-02-13,2027-12-09,Innovación Federal
Molle,Matias,Buenos Aires,2023-12-10,2027-12-09,Unión por la Patria
Fernandez Molero,Daiana,Ciudad de Buenos Aires,2023-12-10,2027-12-09,Pro
Avico,Belen,Cordoba,2025-11-07,2027-12-09,La Libertad Avanza
Arrieta,Lourdes Micaela,Mendoza,2025-12-10,2027-12-09,Provincias Unidas
D'alessandro,Carlos,San Luis,2025-08-22,2025-12-09,Coherencia
Pagano,Marcela Marina,Buenos Aires,2025-12-19,2027-12-09,Coherencia
Gomez,Jose,Santiago del Estero,2023-12-10,2027-12-09,Unión por la Patria
Marquez,Nadia,Neuquen,2023-12-10,2025-12-09,La Libertad Avanza
Benegas Lynch,Bertie,Buenos Aires,2023-12-10,2027-12-09,La Libertad Avanza
Santurio,Santiago,Buenos Aires,2023-12-10,2027-12-09,La Libertad Avanza
Castillo,Christian,Buenos Aires,2024-06-11,2025-12-09,Pts-Frente de Izquierda Unidad
Vallejos,Alfredo,Corrientes,2023-12-10,2024-07-15,Ucr - Unión Cívica Radical
Juliano,Pablo,Buenos Aires,2025-12-10,2027-12-09,Provincias Unidas
Ponce,Maria Celeste,Cordoba,2023-12-10,2027-12-09,La Libertad Avanza
Llano,Mercedes,Mendoza,2023-12-10,2027-12-09,La Libertad Avanza
Mayoraz,Nicolas,Santa Fe,2023-12-10,2027-12-09,La Libertad Avanza
Correa Llano,Facundo,Mendoza,2023-12-10,2027-12-09,La Libertad Avanza
Zago,Oscar,Ciudad de Buenos Aires,2024-04-12,2027-12-09,Mid - Movimiento de Integración y Desarrollo
Giuliano,Diego A.,Santa Fe,2023-12-10,2027-12-09,Unión por la Patria
Macyszyn,Lorena,Buenos Aires,2024-09-13,2027-12-09,La Libertad Avanza
Noblega,Sebastian,Catamarca,2025-12-10,2027-12-09,Elijo Catamarca
Zulli,Christian Alejandro,Corrientes,2023-12-10,2027-12-09,Unión por la Patria
Potenza,Luciana,Buenos Aires,2023-12-10,2027-12-09,Unión por la Patria
Bianchetti,Emmanuel,Misiones,2023-12-10,2027-12-09,Pro
Capozzi,Sergio Eduardo,Rio Negro,2025-12-10,2027-12-09,Provincias Unidas
Manrique,Mario,Buenos Aires,2023-12-10,2027-12-09,Unión por la Patria
Pokoik,Lorena,Ciudad de Buenos Aires,2023-12-10,2027-12-09,Unión por la Patria
Todero,Pablo,Neuquen,2023-12-10,2027-12-09,Unión por la Patria
Lemoine,Lilia,Buenos Aires,2023-12-10,2027-12-09,La Libertad Avanza
Chica,Jorge,San Juan,2023-12-10,2027-12-09,Unión por la Patria
Yeza,Martin,Buenos Aires,2023-12-10,2027-12-09,Pro
Freites,Andrea,Tierra del Fuego,2023-12-10,2027-12-09,Unión por la Patria
Bonacci,Rocio,Santa Fe,2023-12-10,2027-12-09,La Libertad Avanza
Falcone,Eduardo,Buenos Aires,2024-04-12,2027-12-09,Mid - Movimiento de Integración y Desarrollo
Carignano,Florencia,Santa Fe,2023-12-10,2027-12-09,Unión por la Patria
Villaverde,Lorena,Rio Negro,2023-12-10,2027-12-09,La Libertad Avanza
Ibañez,Maria Cecilia,Cordoba,2025-08-22,2027-12-09,La Libertad Avanza
Campitelli,Celia,Santiago del Estero,2023-12-10,2027-12-09,Unión por la Patria
Avila,Jorge Antonio,Chubut,2025-12-10,2027-12-09,Provincias Unidas
Montenegro,Guillermo,Buenos Aires,2023-12-10,2027-12-09,La Libertad Avanza
Orozco,Emilia,Salta,2023-12-13,2025-12-09,La Libertad Avanza
Quintar,Manuel,Jujuy,2023-12-10,2027-12-09,La Libertad Avanza
Huesen,Gerardo,Tucuman,2023-12-10,2027-12-09,La Libertad Avanza
Garrido,Jose Luis,Santa Cruz,2023-12-10,2027-12-09,Por Santa Cruz
Outes,Pablo,Salta,2023-12-10,2027-12-09,Innovación Federal
De Sensi,Maria Florencia,Buenos Aires,2023-12-10,2025-12-09,Pro
De Sensi,Maria Florencia,Buenos Aires,2025-12-10,2029-12-09,Pro
Treffinger,Cesar,Chubut,2023-12-10,2027-12-09,La Libertad Avanza
Moreno Ovalle,Julio,Salta,2023-12-13,2027-12-09,La Libertad Avanza
Moreno,Maria de los Angeles,San Juan,2023-12-11,2025-12-09,Produccion y Trabajo
Pauli,Santiago,Tierra del Fuego,2023-12-10,2027-12-09,La Libertad Avanza
Garcia,Carlos,Chaco,2023-12-10,2027-12-09,La Libertad Avanza
Menem,Martin,La Rioja,2023-12-10,2027-12-09,La Libertad Avanza
Paulon,Esteban,Santa Fe,2025-12-10,2027-12-09,Provincias Unidas
Torres,Alejandra,Cordoba,2025-12-10,2027-12-09,Provincias Unidas
Razzini,Veronica,Santa Fe,2025-12-01,2027-12-09,La Libertad Avanza
Benedit,Beltran,Entre Rios,2023-12-10,2027-12-09,La Libertad Avanza
Ferreyra,Alida,Ciudad de Buenos Aires,2024-01-31,2027-12-09,La Libertad Avanza
Ali,Ernesto Pipi,San Luis,2024-01-31,2027-12-09,Unión por la Patria
Biasi,Vanina,Ciudad de Buenos Aires,2024-06-27,2025-07-02,Partido Obrero -Frente de Izquierda y de Trabajadores -Unida
Tournier,Jose Federico,Corrientes,2025-11-19,2027-12-09,La Libertad Avanza
Ballejos,Nancy,Entre Rios,2024-09-11,2025-12-09,Pro
Garramuño,Ricardo,Tierra del Fuego,2025-02-11,2025-12-09,Somos Fueguinos
Sanchez Wrba,Javier,Buenos Aires,2025-12-10,2025-12-09,Pro
Sanchez Wrba,Javier,Buenos Aires,2025-12-10,2029-12-09,Pro
Ripoll,Vilma,Buenos Aires,2025-04-21,2025-12-09,Mst - Frente de Izquierda y Trabajadores Unidad
De Mendieta,Mercedes,Ciudad de Buenos Aires,2025-07-03,2025-12-09,Izquierda Socialista Fit-Unidad
Prades,C. Facundo,Santa Cruz,2025-09-17,2025-12-09,Por Santa Cruz
Andreussi,Barbara,Jujuy,2025-12-10,2029-12-09,La Libertad Avanza
Palladino,Claudia Maria,Catamarca,2025-12-10,2029-12-09,Unión por la Patria
Ravera,Valentina,Santa Fe,2025-12-10,2029-12-09,La Libertad Avanza
Pellegrini,Agustin,Santa Fe,2025-12-10,2029-12-09,La Libertad Avanza
Longo,Johanna Sabrina,Buenos Aires,2025-12-10,2029-12-09,La Libertad Avanza
Molinuevo,Soledad,Tucuman,2025-12-10,2029-12-09,La Libertad Avanza
Soldano,Laura,Cordoba,2025-12-10,2029-12-09,La Libertad Avanza
Carrancio,Alejandro,Buenos Aires,2025-12-10,2029-12-09,La Libertad Avanza
Humenuk,Gladys,Buenos Aires,2025-12-10,2029-12-09,La Libertad Avanza
Aguero,Guillermo Cesar,Chaco,2025-12-10,2029-12-09,Ucr - Unión Cívica Radical
Roberto,Santiago Luis,Ciudad de Buenos Aires,2025-12-10,2029-12-09,Unión por la Patria
Lopez Pasquali,Cecilia,Santiago del Estero,2025-12-10,2029-12-09,Unión por la Patria
Giampieri,Antonela,Ciudad de Buenos Aires,2025-12-10,2029-12-09,Pro
Gonzalez Estevarena,Maria Luisa,Buenos Aires,2025-12-10,2029-12-09,La Libertad Avanza
Almena,Carlos Alberto,San Luis,2025-12-10,2029-12-09,La Libertad Avanza
Lluch,Enrique,Cordoba,2025-12-10,2029-12-09,La Libertad Avanza
Velazquez,M. Elena,Buenos Aires,2025-12-10,2029-12-09,Unión por la Patria
Campora,Lucia,Ciudad de Buenos Aires,2025-12-10,2029-12-09,Unión por la Patria
Reichardt,Karen,Buenos Aires,2025-12-10,2029-12-09,La Libertad Avanza
Ferran,Abelardo,La Pampa,2025-12-10,2029-12-09,Unión por la Patria
Niveyro,Miriam,Buenos Aires,2025-12-10,2029-12-09,La Libertad Avanza
Alvarez,Claudio,San Luis,2026-02-13,2027-12-09,Innovación Federal
Vera,Andrea Fernanda,Buenos Aires,2025-12-10,2029-12-09,La Libertad Avanza
Trotta,Nicolas Alfredo,Buenos Aires,2025-12-10,2029-12-09,Unión por la Patria
Pareja,Sebastian,Buenos Aires,2025-12-10,2029-12-09,La Libertad Avanza
Zigaran,Maria Ines,Jujuy,2025-12-10,2029-12-09,Provincias Unidas
Borgatta,Alejandrina,Santa Fe,2025-12-10,2029-12-09,Unión por la Patria
Torres,Ruben Dario,Buenos Aires,2025-12-10,2029-12-09,La Libertad Avanza
Andino,Cristian,San Juan,2025-12-10,2029-12-09,Unión por la Patria
Gonzalez,Diogenes Ignacio,Corrientes,2025-12-10,2029-12-09,Ucr - Unión Cívica Radical
Montenegro,Juan Pablo,Santa Fe,2025-12-10,2029-12-09,La Libertad Avanza
Flores,Maria Gabriela,Salta,2025-12-10,2029-12-09,La Libertad Avanza
Leone,Andres,Ciudad de Buenos Aires,2025-12-10,2029-12-09,La Libertad Avanza
Bruno,Eliana,Salta,2025-12-10,2027-12-09,La Libertad Avanza
Mukdise,Jorge,Santiago del Estero,2025-12-10,2029-12-09,Unión por la Patria
Grabois,Juan,Buenos Aires,2025-12-10,2029-12-09,Unión por la Patria
Dolce,Sergio,Chaco,2025-12-10,2029-12-09,Unión por la Patria
Diaz,Fernanda,Buenos Aires,2025-12-10,2029-12-09,Unión por la Patria
Schneider,Dario,Entre Rios,2025-12-10,2029-12-09,Ucr - Unión Cívica Radical
Maureira,Karina,Neuquen,2025-12-10,2029-12-09,La Neuquinidad
Noguera,Javier,Tucuman,2025-12-10,2029-12-09,Independencia
Campo,Julieta Marisol,Chaco,2025-12-10,2029-12-09,Unión por la Patria
Galmarini,Sebastian,Buenos Aires,2025-12-10,2029-12-09,Unión por la Patria
Gonzales,Alfredo,Jujuy,2025-12-10,2029-12-09,La Libertad Avanza
Becerra,Monica,San Luis,2025-12-10,2029-12-09,La Libertad Avanza
Brizuela,Adrian,Catamarca,2025-12-10,2029-12-09,La Libertad Avanza
Ojeda,Joaquin,Buenos Aires,2025-12-10,2029-12-09,La Libertad Avanza
Herrera Ahuad,Oscar A.,Misiones,2025-12-10,2029-12-09,Innovación Federal
Lanesan Sancho,Moira,Santa Cruz,2025-12-10,2029-12-09,Unión por la Patria
Mango,Marcelo,Rio Negro,2025-12-10,2027-12-09,Unión por la Patria
Gruber,Maura,Misiones,2025-12-10,2029-12-09,La Libertad Avanza
Fernandez,Jorge,San Luis,2025-12-12,2029-12-09,Primero San Luis
Basualdo,Carolina,Cordoba,2025-12-10,2029-12-09,Provincias Unidas
Hartfield,Diego,Misiones,2025-12-10,2029-12-09,La Libertad Avanza
Goitia,Rosario,Chaco,2025-12-10,2029-12-09,La Libertad Avanza
Felix,Emir,Mendoza,2025-12-10,2029-12-09,Unión por la Patria
Tomassoni,Yamile,Santa Fe,2025-12-10,2029-12-09,La Libertad Avanza
Visconti,Gino,La Rioja,2025-12-10,2029-12-09,La Libertad Avanza
Frias,Maira,Chubut,2025-12-10,2029-12-09,La Libertad Avanza
Serquis,Adriana Cristina,Rio Negro,2025-12-10,2029-12-09,Unión por la Patria
Gallardo,Maria Virginia,Corrientes,2025-12-10,2029-12-09,La Libertad Avanza
Michel,Guillermo,Entre Rios,2025-12-10,2029-12-09,Unión por la Patria
Farias,Pablo,Santa Fe,2025-12-10,2029-12-09,Provincias Unidas
Miño,Fernanda,Buenos Aires,2025-12-10,2029-12-09,Unión por la Patria
Luque,Juan Pablo,Chubut,2025-12-10,2029-12-09,Unión por la Patria
Tepp,Caren,Santa Fe,2025-12-10,2029-12-09,Unión por la Patria
Barbur,Marcelo,Santiago del Estero,2025-12-10,2029-12-09,Unión por la Patria
Marclay,Marianela,Entre Rios,2025-12-10,2029-12-09,Unión por la Patria
Castelnuovo,Giselle,Buenos Aires,2025-12-10,2029-12-09,La Libertad Avanza
Andrade,Javier,Ciudad de Buenos Aires,2025-12-10,2027-12-09,Unión por la Patria
Tita,Paulo Agustin,Tierra del Fuego,2025-12-10,2029-12-09,Unión por la Patria
Petrovich,Maria Lorena,Buenos Aires,2025-12-10,2027-12-09,La Libertad Avanza
Riesco,Gaston,Neuquen,2025-12-10,2029-12-09,La Libertad Avanza
Figliuolo,Sergio,Buenos Aires,2025-12-10,2029-12-09,La Libertad Avanza
Laumann,Andres Ariel,Entre Rios,2025-12-10,2029-12-09,La Libertad Avanza
Holzman,Patricia,Ciudad de Buenos Aires,2025-12-10,2029-12-09,La Libertad Avanza
Rodriguez,Miguel,Tierra del Fuego,2025-12-10,2029-12-09,La Libertad Avanza
Ravier,Adrian,La Pampa,2025-12-10,2029-12-09,La Libertad Avanza
Roca,Gonzalo,Cordoba,2025-12-10,2029-12-09,La Libertad Avanza
Monguillot,Fernando,Catamarca,2025-12-10,2029-12-09,Elijo Catamarca
Hadad,Raul,Corrientes,2025-12-10,2029-12-09,Unión por la Patria
Salzmann,Marina Dorotea,Buenos Aires,2025-12-10,2029-12-09,Unión por la Patria
Urien,Hernan,Buenos Aires,2025-12-10,2029-12-09,La Libertad Avanza
Biella,Bernardo,Salta,2025-12-10,2029-12-09,Innovación Federal
Moyano,Hugo Antonio,Buenos Aires,2025-12-10,2029-12-09,Unión por la Patria
Pitrola,Nestor,Buenos Aires,2026-04-27,2026-04-27,Partido Obrero en el Frente de Izquierda y de Trabajadores
Jaime Quiroga,Carlos Gustavo,San Juan,2025-12-10,2029-12-09,Produccion y Trabajo
Molina,Juan Carlos,Santa Cruz,2025-12-10,2029-12-09,Unión por la Patria
Mondaca,Soledad,Neuquen,2025-12-10,2029-12-09,La Libertad Avanza
Metral Asensio,Julieta,Mendoza,2025-12-10,2029-12-09,La Libertad Avanza
Guzman,Jairo,Santa Cruz,2025-12-10,2029-12-09,La Libertad Avanza
Garcia,Alvaro,Buenos Aires,2025-12-10,2029-12-09,La Libertad Avanza
Pelli,Federico Agustin,Tucuman,2025-12-10,2029-12-09,La Libertad Avanza
Patiño Brizuela,Marcos,Cordoba,2025-12-10,2029-12-09,La Libertad Avanza
Muñoz,Gabriela Luciana,Neuquen,2025-12-10,2027-12-09,La Libertad Avanza
Fargosi,Alejandro,Ciudad de Buenos Aires,2025-12-10,2029-12-09,La Libertad Avanza
De Andreis,Fernando,Ciudad de Buenos Aires,2025-12-10,2029-12-09,Pro
Chiconi,Abel,San Juan,2025-12-10,2029-12-09,La Libertad Avanza
Basualdo,Atilio,Formosa,2025-12-18,2029-12-09,La Libertad Avanza
