denominador,taxonomia_id,taxonomia,fuente,confianza,asignada_en
0001-CD-2026,AUX.TRAMITE,Trámite parlamentario (sin contenido sustantivo),agente:texto,0.85,2026-09-16T15:41:13+00:00
0001-D-2025,CULT.MEDIOS,Medios / Comunicación,agente:texto,0.95,2026-09-16T15:41:17+00:00
0001-D-2025,DESREG.EMPUB,Empresas públicas / Privatizaciones,agente:texto,0.9,2026-09-16T15:41:17+00:00
0001-D-2025,POLINST.ORGEST,Organización del Estado / Ministerios,agente:texto,0.75,2026-09-16T15:41:17+00:00
0001-D-2026,INFRA.TRANSP,"Transporte (incl. subsidios al transporte, trenes)",agente:texto,0.75,2026-09-16T15:41:20+00:00
0001-D-2026,JUST.SEGINT,Seguridad interior,agente:texto,0.85,2026-09-16T15:41:20+00:00
0001-PE-2008,DEF.TRATADO,Tratados y acuerdos internacionales,agente:texto,0.9,2026-09-15T23:39:55+00:00
0001-PE-2008,DERSOC.DDHH,Derechos humanos,agente:texto,0.95,2026-09-15T23:39:55+00:00
0001-PE-2008,POLINST.ORGEST,Organización del Estado / Ministerios,agente:texto,0.7,2026-09-15T23:39:55+00:00
0001-PE-2010,DESREG.SOCIED,Régimen de sociedades / comercial,agente:texto,0.6,2026-09-15T23:39:59+00:00
0001-PE-2010,JUST.CIVCOM,Derecho civil / comercial (códigos de fondo),agente:texto,0.75,2026-09-15T23:39:59+00:00
0001-PE-2010,TRAB.LABOR,Relaciones laborales (reforma laboral),agente:texto,0.95,2026-09-15T23:39:59+00:00
0001-PE-2011,DERSOC.MIGRA,Migraciones,agente:texto,0.6,2026-09-15T23:40:02+00:00
0001-PE-2011,JUST.PROPIED,Propiedad (inviolabilidad),agente:texto,0.95,2026-09-15T23:40:02+00:00
0001-PE-2011,PROD.AGRO,"Agro, ganadería y pesca",agente:texto,0.85,2026-09-15T23:40:02+00:00
0001-PE-2012,ECON.MON,Monetario y cambiario,agente:texto,0.95,2026-09-15T23:40:05+00:00
0001-PE-2012,ECON.PRESU,Presupuesto y gasto público,agente:texto,0.7,2026-09-15T23:40:05+00:00
0001-PE-2013,JUST.JUDIC,Organización judicial / Magistratura,agente:texto,0.95,2026-09-15T23:40:08+00:00
0001-PE-2013,POLINST.ETICA,Transparencia / Lobby / Ética pública,agente:texto,0.7,2026-09-15T23:40:08+00:00
0001-PE-2013,TRAB.EMPLEOPUB,Empleo público,agente:texto,0.85,2026-09-15T23:40:08+00:00
0001-PE-2014,ECON.TRIB,Tributario / Impuestos,agente:texto,0.95,2026-09-15T23:40:12+00:00
0001-PE-2014,ENER.COMBUS,Combustibles,agente:texto,0.9,2026-09-15T23:40:12+00:00
0001-PE-2014,ENER.RENOV,Renovables,agente:texto,0.75,2026-09-15T23:40:12+00:00
0001-PE-2016,ECON.DEUDA,Deuda y financiamiento,agente:texto,0.95,2026-09-15T23:40:14+00:00
0001-PE-2022,DEF.TRATADO,Tratados y acuerdos internacionales,agente:texto,0.75,2026-09-15T23:40:18+00:00
0001-PE-2022,ECON.DEUDA,Deuda y financiamiento,agente:texto,0.95,2026-09-15T23:40:18+00:00
0001-PE-2022,ECON.PRESU,Presupuesto y gasto público,agente:texto,0.65,2026-09-15T23:40:18+00:00
0001-PE-2023,DEF.DEFENSA,Defensa / Fuerzas Armadas,agente:texto,0.95,2026-09-15T23:40:20+00:00
0001-PE-2023,DEF.TRATADO,Tratados y acuerdos internacionales,agente:texto,0.85,2026-09-15T23:40:20+00:00
0001-PE-2025,CULT.DEPORTE,Deporte,agente:texto,0.85,2026-09-16T17:11:59+00:00
0001-PE-2025,JUST.PENAL,Derecho penal / Código penal,agente:texto,0.75,2026-09-16T17:11:59+00:00
0001-PE-2025,JUST.SEGINT,Seguridad interior,agente:texto,0.85,2026-09-16T17:11:59+00:00
0001-PE-2026,AUX.TRAMITE,Trámite parlamentario (sin contenido sustantivo),agente:texto,0.95,2026-09-15T23:40:22+00:00
0001-S-2023,DESREG.DESECO,Desregulación económica,agente:texto,0.75,2026-09-15T23:40:25+00:00
0001-S-2023,DESSOC.PNC,Pensiones no contributivas,agente:texto,0.85,2026-09-15T23:40:25+00:00
0001-S-2023,TRAB.PREV,Previsional / Jubilaciones,agente:texto,0.95,2026-09-15T23:40:25+00:00
0002-CD-2026,AUX.HOMENAJE,"Homenajes y declaraciones (de interés, beneplácito)",agente:texto,0.95,2026-09-16T17:12:01+00:00
0002-D-2025,DERSOC.DDHH,Derechos humanos,agente:texto,0.35,2026-09-16T17:12:04+00:00
0002-D-2025,INFRA.TRANSP,"Transporte (incl. subsidios al transporte, trenes)",agente:texto,0.85,2026-09-16T17:12:04+00:00
0002-D-2026,JUST.PENAL,Derecho penal / Código penal,agente:texto,0.95,2026-09-16T17:12:07+00:00
0002-D-2026,TRAB.PREV,Previsional / Jubilaciones,agente:texto,0.85,2026-09-16T17:12:07+00:00
0002-PE-2008,AMB.CLIMA,Cambio climático,agente:texto,0.7,2026-09-15T23:40:29+00:00
0002-PE-2008,DESREG.DESECO,Desregulación económica,agente:texto,0.75,2026-09-15T23:40:29+00:00
0002-PE-2008,ENER.RENOV,Renovables,agente:texto,0.85,2026-09-15T23:40:29+00:00
0002-PE-2008,PROD.COMEX,Comercio interior y exterior,agente:texto,0.65,2026-09-15T23:40:29+00:00
0002-PE-2009,POLINST.ELECT,Reforma electoral,agente:texto,0.95,2026-09-15T23:40:31+00:00
0002-PE-2010,DESREG.SOCIED,Régimen de sociedades / comercial,agente:texto,0.75,2026-09-15T23:40:35+00:00
0002-PE-2010,DESSOC.ASIST,Asistencia social / Planes,agente:texto,0.6,2026-09-15T23:40:35+00:00
0002-PE-2010,JUST.CIVCOM,Derecho civil / comercial (códigos de fondo),agente:texto,0.95,2026-09-15T23:40:35+00:00
0002-PE-2010,TRAB.LABOR,Relaciones laborales (reforma laboral),agente:texto,0.85,2026-09-15T23:40:35+00:00
0002-PE-2011,JUST.CIVCOM,Derecho civil / comercial (códigos de fondo),agente:texto,0.95,2026-09-15T23:40:39+00:00
0002-PE-2011,POLINST.CONST,Reforma constitucional,agente:texto,0.6,2026-09-15T23:40:39+00:00
0002-PE-2012,POLINST.ELECT,Reforma electoral,agente:texto,0.95,2026-09-15T23:40:40+00:00
0002-PE-2013,JUST.JUDIC,Organización judicial / Magistratura,agente:texto,0.65,2026-09-15T23:40:44+00:00
0002-PE-2013,POLINST.ETICA,Transparencia / Lobby / Ética pública,agente:texto,0.95,2026-09-15T23:40:44+00:00
0002-PE-2014,ECON.TRIB,Tributario / Impuestos,agente:texto,0.95,2026-09-15T23:40:46+00:00
0002-PE-2015,DESREG.EMPUB,Empresas públicas / Privatizaciones,agente:texto,0.85,2026-09-15T23:40:49+00:00
0002-PE-2015,ECON.PRESU,Presupuesto y gasto público,agente:texto,0.7,2026-09-15T23:40:49+00:00
0002-PE-2015,INFRA.TRANSP,"Transporte (incl. subsidios al transporte, trenes)",agente:texto,0.95,2026-09-15T23:40:49+00:00
0002-PE-2025,AUX.TRAMITE,Trámite parlamentario (sin contenido sustantivo),agente:texto,0.95,2026-09-16T17:12:09+00:00
0002-S-2026,DEF.TRATADO,Tratados y acuerdos internacionales,agente:texto,0.95,2026-09-15T23:40:52+00:00
0002-S-2026,ECON.TRIB,Tributario / Impuestos,agente:texto,0.9,2026-09-15T23:40:52+00:00
0003-CD-2026,ECON.PRESU,Presupuesto y gasto público,agente:texto,0.95,2026-09-16T17:12:13+00:00
0003-CD-2026,ENER.COMBUS,Combustibles,agente:texto,0.8,2026-09-16T17:12:13+00:00
0003-CD-2026,ENER.ELEC,Energía eléctrica,agente:texto,0.75,2026-09-16T17:12:13+00:00
0003-CD-2026,ENER.TARIFA,Tarifas y subsidios energéticos,agente:texto,0.9,2026-09-16T17:12:13+00:00
0003-CD-2026,PROD.REGESP,Regímenes especiales (p. ej. Zonas Frías),agente:texto,0.85,2026-09-16T17:12:13+00:00
0003-D-2014,DEF.DEFENSA,Defensa / Fuerzas Armadas,agente:texto,0.65,2026-09-15T23:40:55+00:00
0003-D-2014,DERSOC.DDHH,Derechos humanos,agente:texto,0.85,2026-09-15T23:40:55+00:00
0003-D-2014,JUST.CIVCOM,Derecho civil / comercial (códigos de fondo),agente:texto,0.75,2026-09-15T23:40:55+00:00
0003-D-2025,JUST.CIVCOM,Derecho civil / comercial (códigos de fondo),agente:texto,0.95,2026-09-16T17:12:15+00:00
0003-D-2026,POLINST.ETICA,Transparencia / Lobby / Ética pública,agente:texto,0.75,2026-09-16T17:12:18+00:00
0003-D-2026,TRAB.SINDIC,Sindical,agente:texto,0.95,2026-09-16T17:12:18+00:00
0003-JGM-2010,AUX.TRAMITE,Trámite parlamentario (sin contenido sustantivo),agente:texto,0.85,2026-09-15T23:40:58+00:00
0003-JGM-2010,ECON.DEUDA,Deuda y financiamiento,agente:texto,0.95,2026-09-15T23:40:58+00:00
0003-JGM-2010,ECON.PRESU,Presupuesto y gasto público,agente:texto,0.7,2026-09-15T23:40:58+00:00
0003-JGM-2013,DESREG.SOCIED,Régimen de sociedades / comercial,agente:texto,0.7,2026-09-15T23:41:01+00:00
0003-JGM-2013,ECON.TRIB,Tributario / Impuestos,agente:texto,0.85,2026-09-15T23:41:01+00:00
0003-JGM-2013,PROD.AGRO,"Agro, ganadería y pesca",agente:texto,0.85,2026-09-15T23:41:01+00:00
0003-JGM-2013,PROD.COMEX,Comercio interior y exterior,agente:texto,0.75,2026-09-15T23:41:01+00:00
0003-PE-2008,DERSOC.DDHH,Derechos humanos,agente:texto,0.9,2026-09-15T23:41:04+00:00
0003-PE-2008,JUST.JUDIC,Organización judicial / Magistratura,agente:texto,0.75,2026-09-15T23:41:04+00:00
0003-PE-2008,JUST.SEGINT,Seguridad interior,agente:texto,0.85,2026-09-15T23:41:04+00:00
0003-PE-2009,DEF.DEFENSA,Defensa / Fuerzas Armadas,agente:texto,0.9,2026-09-15T23:41:07+00:00
0003-PE-2009,DESREG.EMPUB,Empresas públicas / Privatizaciones,agente:texto,0.7,2026-09-15T23:41:07+00:00
0003-PE-2010,ECON.TRIB,Tributario / Impuestos,agente:texto,0.95,2026-09-15T23:41:09+00:00
0003-PE-2010,JUST.PENAL,Derecho penal / Código penal,agente:texto,0.95,2026-09-15T23:41:09+00:00
0003-PE-2013,JUST.JUDIC,Organización judicial / Magistratura,agente:texto,0.95,2026-09-15T23:41:12+00:00
0003-PE-2013,POLINST.ETICA,Transparencia / Lobby / Ética pública,agente:texto,0.85,2026-09-15T23:41:12+00:00
0003-PE-2015,AUX.HOMENAJE,"Homenajes y declaraciones (de interés, beneplácito)",agente:texto,0.15,2026-09-15T23:41:15+00:00
0003-PE-2015,JUST.PROPIED,Propiedad (inviolabilidad),agente:texto,0.95,2026-09-15T23:41:15+00:00
0003-PE-2016,AUX.TRAMITE,Trámite parlamentario (sin contenido sustantivo),agente:texto,0.95,2026-09-15T23:41:17+00:00
0003-PE-2024,CYT.CIBER,Ciberseguridad y datos,agente:texto,0.75,2026-09-15T23:41:20+00:00
0003-PE-2024,DERSOC.DDHH,Derechos humanos,agente:texto,0.65,2026-09-15T23:41:20+00:00
0003-PE-2024,JUST.PENAL,Derecho penal / Código penal,agente:texto,0.95,2026-09-15T23:41:20+00:00
0003-PE-2025,ECON.TRIB,Tributario / Impuestos,agente:texto,0.95,2026-09-15T23:41:23+00:00
0003-PE-2025,JUST.CIVCOM,Derecho civil / comercial (códigos de fondo),agente:texto,0.85,2026-09-15T23:41:23+00:00
0003-PE-2025,JUST.PENAL,Derecho penal / Código penal,agente:texto,0.9,2026-09-15T23:41:23+00:00
0003-PE-2026,ECON.PRESU,Presupuesto y gasto público,agente:texto,0.95,2026-09-15T23:41:27+00:00
0003-PE-2026,ENER.COMBUS,Combustibles,agente:texto,0.8,2026-09-15T23:41:27+00:00
0003-PE-2026,ENER.ELEC,Energía eléctrica,agente:texto,0.78,2026-09-15T23:41:27+00:00
0003-PE-2026,ENER.TARIFA,Tarifas y subsidios energéticos,agente:texto,0.92,2026-09-15T23:41:27+00:00
0003-PE-2026,PROD.REGESP,Regímenes especiales (p. ej. Zonas Frías),agente:texto,0.85,2026-09-15T23:41:27+00:00
0003-S-2014,DEF.TRATADO,Tratados y acuerdos internacionales,agente:texto,0.85,2026-09-15T23:41:30+00:00
0003-S-2014,ECON.DEUDA,Deuda y financiamiento,agente:texto,0.7,2026-09-15T23:41:30+00:00
0003-S-2014,JUST.CIVCOM,Derecho civil / comercial (códigos de fondo),agente:texto,0.8,2026-09-15T23:41:30+00:00
0003-S-2026,AMB.AGUA,Agua,agente:texto,0.7,2026-09-15T23:41:33+00:00
0003-S-2026,DEF.TRATADO,Tratados y acuerdos internacionales,agente:texto,0.95,2026-09-15T23:41:33+00:00
0003-S-2026,PROD.AGRO,"Agro, ganadería y pesca",agente:texto,0.85,2026-09-15T23:41:33+00:00
0003-S-2026,PROD.COMEX,Comercio interior y exterior,agente:texto,0.75,2026-09-15T23:41:33+00:00
0004-CD-2026,DEF.TRATADO,Tratados y acuerdos internacionales,agente:texto,0.95,2026-09-16T17:12:21+00:00
0004-D-2025,AUX.HOMENAJE,"Homenajes y declaraciones (de interés, beneplácito)",agente:texto,0.95,2026-09-16T17:12:23+00:00
0004-D-2026,CYT.IA,Inteligencia artificial,agente:texto,0.95,2026-09-16T17:12:27+00:00
0004-D-2026,CYT.INNOV,Innovación / Economía del conocimiento / Software,agente:texto,0.75,2026-09-16T17:12:27+00:00
0004-D-2026,ECON.PRESU,Presupuesto y gasto público,agente:texto,0.7,2026-09-16T17:12:27+00:00
0004-PE-2008,JUST.PENAL,Derecho penal / Código penal,agente:texto,0.95,2026-09-15T23:41:35+00:00
0004-PE-2010,AUX.HOMENAJE,"Homenajes y declaraciones (de interés, beneplácito)",agente:texto,0.75,2026-09-15T23:41:38+00:00
0004-PE-2010,DERSOC.DDHH,Derechos humanos,agente:texto,0.85,2026-09-15T23:41:38+00:00
0004-PE-2012,DESREG.DESECO,Desregulación económica,agente:texto,0.85,2026-09-15T23:41:41+00:00
0004-PE-2012,DESREG.SOCIED,Régimen de sociedades / comercial,agente:texto,0.75,2026-09-15T23:41:41+00:00
0004-PE-2012,ECON.TRIB,Tributario / Impuestos,agente:texto,0.7,2026-09-15T23:41:41+00:00
0004-PE-2012,JUST.CIVCOM,Derecho civil / comercial (códigos de fondo),agente:texto,0.8,2026-09-15T23:41:41+00:00
0004-PE-2016,DEF.TRATADO,Tratados y acuerdos internacionales,agente:texto,0.95,2026-09-15T23:41:44+00:00
0004-PE-2016,DERSOC.DDHH,Derechos humanos,agente:texto,0.8,2026-09-15T23:41:44+00:00
0004-PE-2016,TRAB.LABOR,Relaciones laborales (reforma laboral),agente:texto,0.85,2026-09-15T23:41:44+00:00
0004-PE-2024,JUST.PENAL,Derecho penal / Código penal,agente:texto,0.95,2026-09-15T23:41:47+00:00
0004-PE-2025,AUX.TRAMITE,Trámite parlamentario (sin contenido sustantivo),agente:texto,0.85,2026-09-16T17:12:30+00:00
0004-PE-2025,ECON.PRESU,Presupuesto y gasto público,agente:texto,0.75,2026-09-16T17:12:30+00:00
0004-PE-2025,TRAB.PREV,Previsional / Jubilaciones,agente:texto,0.95,2026-09-16T17:12:30+00:00
0004-PE-2026,POLINST.ETICA,Transparencia / Lobby / Ética pública,agente:texto,0.95,2026-09-16T17:12:32+00:00
0004-S-2011,ECON.TRIB,Tributario / Impuestos,agente:texto,0.6,2026-09-15T23:41:50+00:00
0004-S-2011,JUST.CIVCOM,Derecho civil / comercial (códigos de fondo),agente:texto,0.9,2026-09-15T23:41:50+00:00
0004-S-2021,DEF.TRATADO,Tratados y acuerdos internacionales,agente:texto,0.95,2026-09-15T23:41:53+00:00
0004-S-2021,JUST.JUDIC,Organización judicial / Magistratura,agente:texto,0.7,2026-09-15T23:41:53+00:00
0004-S-2026,AMB.AGUA,Agua,agente:texto,0.7,2026-09-16T17:12:36+00:00
0004-S-2026,AUX.HOMENAJE,"Homenajes y declaraciones (de interés, beneplácito)",agente:texto,0.92,2026-09-16T17:12:36+00:00
0004-S-2026,ENER.RENOV,Renovables,agente:texto,0.95,2026-09-16T17:12:36+00:00
0004-S-2026,INFRA.OBRA,Obra pública,agente:texto,0.65,2026-09-16T17:12:36+00:00
0005-CD-2026,DEF.TRATADO,Tratados y acuerdos internacionales,agente:texto,0.95,2026-09-16T17:12:39+00:00
0005-CD-2026,JUST.JUDIC,Organización judicial / Magistratura,agente:texto,0.85,2026-09-16T17:12:39+00:00
0005-D-2014,AMB.RESID,Residuos,agente:texto,0.95,2026-09-15T23:41:56+00:00
0005-D-2014,ECON.TRIB,Tributario / Impuestos,agente:texto,0.75,2026-09-15T23:41:56+00:00
0005-D-2014,JUST.CIVCOM,Derecho civil / comercial (códigos de fondo),agente:texto,0.7,2026-09-15T23:41:56+00:00
0005-D-2025,AUX.HOMENAJE,"Homenajes y declaraciones (de interés, beneplácito)",agente:texto,1.0,2026-09-16T17:12:41+00:00
0005-D-2026,CYT.CIBER,Ciberseguridad y datos,agente:texto,0.75,2026-09-16T17:12:44+00:00
0005-D-2026,JUST.PENAL,Derecho penal / Código penal,agente:texto,0.95,2026-09-16T17:12:44+00:00
0005-JGM-2008,AUX.TRAMITE,Trámite parlamentario (sin contenido sustantivo),agente:texto,0.95,2026-09-15T23:41:58+00:00
0005-JGM-2012,AUX.TRAMITE,Trámite parlamentario (sin contenido sustantivo),agente:texto,0.85,2026-09-15T23:42:01+00:00
0005-JGM-2012,POLINST.ORGEST,Organización del Estado / Ministerios,agente:texto,0.95,2026-09-15T23:42:01+00:00
0005-JGM-2026,ECON.PRESU,Presupuesto y gasto público,agente:texto,0.95,2026-09-16T17:12:46+00:00
0005-PE-2008,DERSOC.DDHH,Derechos humanos,agente:texto,0.85,2026-09-15T23:42:03+00:00
0005-PE-2008,JUST.JUDIC,Organización judicial / Magistratura,agente:texto,0.75,2026-09-15T23:42:03+00:00
0005-PE-2008,JUST.PENAL,Derecho penal / Código penal,agente:texto,0.95,2026-09-15T23:42:03+00:00
0005-PE-2011,DEF.TRATADO,Tratados y acuerdos internacionales,agente:texto,0.85,2026-09-15T23:42:06+00:00
0005-PE-2011,ECON.DEUDA,Deuda y financiamiento,agente:texto,0.75,2026-09-15T23:42:06+00:00
0005-PE-2012,AUX.TRAMITE,Trámite parlamentario (sin contenido sustantivo),agente:texto,0.95,2026-09-15T23:42:09+00:00
0005-PE-2013,ECON.TRIB,Tributario / Impuestos,agente:texto,0.95,2026-09-15T23:42:11+00:00
0005-PE-2014,DERSOC.NINEZ,Niñez e infancia,agente:texto,0.85,2026-09-15T23:42:14+00:00
0005-PE-2014,EDU.BASICA,Educación básica y media,agente:texto,0.95,2026-09-15T23:42:14+00:00
0005-PE-2024,AUX.SINCLASIF,Sin clasificar (no encaja en ninguna; revisar),agente:texto,0.95,2026-09-15T23:42:17+00:00
0005-PE-2025,AUX.TRAMITE,Trámite parlamentario (sin contenido sustantivo),agente:texto,0.85,2026-09-16T17:12:49+00:00
0005-PE-2025,TRAB.PREV,Previsional / Jubilaciones,agente:texto,0.95,2026-09-16T17:12:49+00:00
0005-PE-2026,DESREG.DESECO,Desregulación económica,agente:texto,0.65,2026-09-15T23:42:21+00:00
0005-PE-2026,ECON.TRIB,Tributario / Impuestos,agente:texto,0.6,2026-09-15T23:42:21+00:00
0005-PE-2026,PROD.INDPYME,Industria y PyMEs,agente:texto,0.7,2026-09-15T23:42:21+00:00
0005-PE-2026,PROD.INVER,Promoción de inversiones (RIGI),agente:texto,0.95,2026-09-15T23:42:21+00:00
0005-S-2009,CULT.DEPORTE,Deporte,agente:texto,0.95,2026-09-15T23:42:23+00:00
0005-S-2009,ECON.PRESU,Presupuesto y gasto público,agente:texto,0.85,2026-09-15T23:42:23+00:00
0005-S-2012,JUST.PENAL,Derecho penal / Código penal,agente:texto,0.95,2026-09-15T23:42:26+00:00
0005-S-2013,DEF.TRATADO,Tratados y acuerdos internacionales,agente:texto,0.95,2026-09-15T23:42:29+00:00
0005-S-2013,ECON.DEUDA,Deuda y financiamiento,agente:texto,0.75,2026-09-15T23:42:29+00:00
0005-S-2024,DEF.TRATADO,Tratados y acuerdos internacionales,agente:texto,0.95,2026-09-15T23:42:31+00:00
0005-S-2024,ECON.TRIB,Tributario / Impuestos,agente:texto,0.9,2026-09-15T23:42:31+00:00
0005-S-2026,AUX.HOMENAJE,"Homenajes y declaraciones (de interés, beneplácito)",agente:texto,0.95,2026-09-16T17:12:51+00:00
0006-CD-2026,DESREG.DESECO,Desregulación económica,agente:texto,0.65,2026-09-16T17:12:55+00:00
0006-CD-2026,PROD.INDPYME,Industria y PyMEs,agente:texto,0.7,2026-09-16T17:12:55+00:00
0006-CD-2026,PROD.INVER,Promoción de inversiones (RIGI),agente:texto,0.95,2026-09-16T17:12:55+00:00
0006-D-2025,ECON.TRIB,Tributario / Impuestos,agente:texto,0.95,2026-09-16T17:12:58+00:00
0006-D-2025,JUST.CIVCOM,Derecho civil / comercial (códigos de fondo),agente:texto,0.75,2026-09-16T17:12:58+00:00
0006-D-2026,JUST.CIVCOM,Derecho civil / comercial (códigos de fondo),agente:texto,0.95,2026-09-16T17:13:00+00:00
0006-JGM-2012,ECON.DEUDA,Deuda y financiamiento,agente:texto,0.65,2026-09-15T23:42:35+00:00
0006-JGM-2012,ECON.PRESU,Presupuesto y gasto público,agente:texto,0.7,2026-09-15T23:42:35+00:00
0006-JGM-2012,INFRA.VIVIENDA,Vivienda y hábitat,agente:texto,0.95,2026-09-15T23:42:35+00:00
0006-JGM-2026,ECON.PRESU,Presupuesto y gasto público,agente:texto,0.95,2026-09-16T17:13:03+00:00
0006-PE-2008,JUST.JUDIC,Organización judicial / Magistratura,agente:texto,0.95,2026-09-15T23:42:37+00:00
0006-PE-2008,JUST.PENAL,Derecho penal / Código penal,agente:texto,0.9,2026-09-15T23:42:37+00:00
0006-PE-2009,ECON.PRESU,Presupuesto y gasto público,agente:texto,0.7,2026-09-15T23:42:40+00:00
0006-PE-2009,ENER.HIDRO,Hidrocarburos (petróleo y gas),agente:texto,0.5,2026-09-15T23:42:40+00:00
0006-PE-2009,INFRA.OBRA,Obra pública,agente:texto,0.9,2026-09-15T23:42:40+00:00
0006-PE-2012,ECON.EMERG,Emergencia económica,agente:texto,0.85,2026-09-15T23:42:43+00:00
0006-PE-2012,ECON.TRIB,Tributario / Impuestos,agente:texto,0.95,2026-09-15T23:42:43+00:00
0006-PE-2013,AUX.TRAMITE,Trámite parlamentario (sin contenido sustantivo),agente:texto,0.95,2026-09-15T23:42:45+00:00
0006-PE-2016,JUST.PENAL,Derecho penal / Código penal,agente:texto,0.95,2026-09-15T23:42:49+00:00
0006-PE-2018,ECON.COPART,Coparticipación / Federalismo fiscal,agente:texto,0.9,2026-09-15T23:42:52+00:00
0006-PE-2020,ECON.PRESU,Presupuesto y gasto público,agente:texto,0.75,2026-09-15T23:42:55+00:00
0006-PE-2020,TRAB.PREV,Previsional / Jubilaciones,agente:texto,0.95,2026-09-15T23:42:55+00:00
0006-PE-2022,CYT.INNOV,Innovación / Economía del conocimiento / Software,agente:texto,0.9,2026-09-15T23:42:58+00:00
0006-PE-2022,DESREG.DESECO,Desregulación económica,agente:texto,0.7,2026-09-15T23:42:58+00:00
0006-PE-2022,PROD.INVER,Promoción de inversiones (RIGI),agente:texto,0.85,2026-09-15T23:42:58+00:00
0006-PE-2024,DEF.TRATADO,Tratados y acuerdos internacionales,agente:texto,0.95,2026-09-15T23:43:00+00:00
0006-PE-2024,ECON.TRIB,Tributario / Impuestos,agente:texto,0.9,2026-09-15T23:43:00+00:00
0006-PE-2025,AUX.TRAMITE,Trámite parlamentario (sin contenido sustantivo),agente:texto,0.85,2026-09-15T23:43:04+00:00
0006-PE-2025,DERSOC.DDHH,Derechos humanos,agente:texto,0.7,2026-09-15T23:43:04+00:00
0006-PE-2025,SALUD.DISCAP,Discapacidad,agente:texto,0.95,2026-09-15T23:43:04+00:00
0006-PE-2026,ECON.TRIB,Tributario / Impuestos,agente:texto,0.95,2026-09-15T23:43:07+00:00
0006-PE-2026,JUST.CIVCOM,Derecho civil / comercial (códigos de fondo),agente:texto,0.85,2026-09-15T23:43:07+00:00
0006-S-2009,AUX.HOMENAJE,"Homenajes y declaraciones (de interés, beneplácito)",agente:texto,0.95,2026-09-15T23:43:09+00:00
0006-S-2011,DESREG.EMPUB,Empresas públicas / Privatizaciones,agente:texto,0.6,2026-09-15T23:43:12+00:00
0006-S-2011,INFRA.OBRA,Obra pública,agente:texto,0.7,2026-09-15T23:43:12+00:00
0006-S-2012,DEF.EXTERIOR,Política exterior,agente:texto,0.8,2026-09-15T23:43:14+00:00
0006-S-2012,DEF.TRATADO,Tratados y acuerdos internacionales,agente:texto,0.9,2026-09-15T23:43:14+00:00
0006-S-2012,POLINST.ORGEST,Organización del Estado / Ministerios,agente:texto,0.7,2026-09-15T23:43:14+00:00
0006-S-2016,ECON.DEUDA,Deuda y financiamiento,agente:texto,0.95,2026-09-15T23:43:17+00:00
0006-S-2016,ECON.PRESU,Presupuesto y gasto público,agente:texto,0.85,2026-09-15T23:43:17+00:00
0006-S-2016,POLINST.ORGEST,Organización del Estado / Ministerios,agente:texto,0.75,2026-09-15T23:43:17+00:00
0006-S-2021,AMB.BOSQUE,Bosques / Glaciares / Áreas protegidas,agente:texto,0.9,2026-09-15T23:43:20+00:00
0006-S-2021,DESSOC.ASIST,Asistencia social / Planes,agente:texto,0.75,2026-09-15T23:43:20+00:00
0006-S-2021,ECON.EMERG,Emergencia económica,agente:texto,0.95,2026-09-15T23:43:20+00:00
0006-S-2024,DEF.EXTERIOR,Política exterior,agente:texto,0.75,2026-09-15T23:43:22+00:00
0006-S-2024,DEF.TRATADO,Tratados y acuerdos internacionales,agente:texto,0.95,2026-09-15T23:43:22+00:00
0006-S-2024,PROD.INVER,Promoción de inversiones (RIGI),agente:texto,0.85,2026-09-15T23:43:22+00:00
0006-S-2026,AUX.HOMENAJE,"Homenajes y declaraciones (de interés, beneplácito)",agente:texto,1.0,2026-09-16T17:13:05+00:00
0007-D-2025,DESREG.SOCIED,Régimen de sociedades / comercial,agente:texto,0.75,2026-09-16T17:13:08+00:00
0007-D-2025,JUST.CIVCOM,Derecho civil / comercial (códigos de fondo),agente:texto,0.95,2026-09-16T17:13:08+00:00
0007-D-2026,JUST.JUDIC,Organización judicial / Magistratura,agente:texto,0.95,2026-09-16T17:13:11+00:00
0007-D-2026,JUST.PENAL,Derecho penal / Código penal,agente:texto,0.9,2026-09-16T17:13:11+00:00
0007-D-2026,POLINST.ORGEST,Organización del Estado / Ministerios,agente:texto,0.85,2026-09-16T17:13:11+00:00
0007-PE-2008,JUST.JUDIC,Organización judicial / Magistratura,agente:texto,0.95,2026-09-15T23:43:25+00:00
0007-PE-2009,CYT.INNOV,Innovación / Economía del conocimiento / Software,agente:texto,0.7,2026-09-15T23:43:28+00:00
0007-PE-2009,ECON.TRIB,Tributario / Impuestos,agente:texto,0.95,2026-09-15T23:43:28+00:00
0007-PE-2013,AUX.TRAMITE,Trámite parlamentario (sin contenido sustantivo),agente:texto,0.65,2026-09-15T23:43:31+00:00
0007-PE-2013,ECON.EMERG,Emergencia económica,agente:texto,0.75,2026-09-15T23:43:31+00:00
0007-PE-2014,AUX.TRAMITE,Trámite parlamentario (sin contenido sustantivo),agente:texto,0.95,2026-09-15T23:43:34+00:00
0007-PE-2016,JUST.PENAL,Derecho penal / Código penal,agente:texto,0.95,2026-09-15T23:43:36+00:00
0007-PE-2016,JUST.SEGINT,Seguridad interior,agente:texto,0.75,2026-09-15T23:43:36+00:00
0007-PE-2017,DEF.TRATADO,Tratados y acuerdos internacionales,agente:texto,0.95,2026-09-15T23:43:39+00:00
0007-PE-2017,ECON.DEUDA,Deuda y financiamiento,agente:texto,0.65,2026-09-15T23:43:39+00:00
0007-PE-2017,ECON.TRIB,Tributario / Impuestos,agente:texto,0.9,2026-09-15T23:43:39+00:00
0007-PE-2018,CULT.DEPORTE,Deporte,agente:texto,0.8,2026-09-15T23:43:41+00:00
0007-PE-2018,JUST.PENAL,Derecho penal / Código penal,agente:texto,0.95,2026-09-15T23:43:41+00:00
0007-PE-2018,JUST.SEGINT,Seguridad interior,agente:texto,0.85,2026-09-15T23:43:41+00:00
0007-PE-2024,JUST.SEGINT,Seguridad interior,agente:texto,0.95,2026-09-15T23:43:43+00:00
0007-PE-2025,AUX.HOMENAJE,"Homenajes y declaraciones (de interés, beneplácito)",agente:texto,1.0,2026-09-15T23:43:45+00:00
0007-PE-2026,DESREG.MODEST,Modernización del Estado,agente:texto,0.7,2026-09-15T23:43:48+00:00
0007-PE-2026,ECON.MON,Monetario y cambiario,agente:texto,0.95,2026-09-15T23:43:48+00:00
0007-S-2009,DESREG.EMPUB,Empresas públicas / Privatizaciones,agente:texto,0.5,2026-09-15T23:43:52+00:00
0007-S-2009,INFRA.OBRA,Obra pública,agente:texto,0.6,2026-09-15T23:43:52+00:00
0007-S-2009,POLINST.ORGEST,Organización del Estado / Ministerios,agente:texto,0.4,2026-09-15T23:43:52+00:00
0007-S-2011,DERSOC.DDHH,Derechos humanos,agente:texto,0.75,2026-09-15T23:43:55+00:00
0007-S-2011,JUST.PENAL,Derecho penal / Código penal,agente:texto,0.95,2026-09-15T23:43:55+00:00
0007-S-2015,AMB.AGUA,Agua,agente:texto,0.75,2026-09-15T23:43:59+00:00
0007-S-2015,ECON.EMERG,Emergencia económica,agente:texto,0.9,2026-09-15T23:43:59+00:00
0007-S-2015,POLINST.ORGEST,Organización del Estado / Ministerios,agente:texto,0.85,2026-09-15T23:43:59+00:00
0007-S-2016,ECON.EMERG,Emergencia económica,agente:texto,0.85,2026-09-15T23:44:02+00:00
0007-S-2016,TRAB.EMPLEOPUB,Empleo público,agente:texto,0.65,2026-09-15T23:44:02+00:00
0007-S-2025,AUX.TRAMITE,Trámite parlamentario (sin contenido sustantivo),agente:texto,0.7,2026-09-16T17:13:14+00:00
0007-S-2025,ECON.EMERG,Emergencia económica,agente:texto,0.95,2026-09-16T17:13:14+00:00
0007-S-2026,AUX.HOMENAJE,"Homenajes y declaraciones (de interés, beneplácito)",agente:texto,0.95,2026-09-16T17:13:16+00:00
0008-D-2025,DESREG.DESECO,Desregulación económica,agente:texto,0.75,2026-09-16T17:13:20+00:00
0008-D-2025,ECON.TRIB,Tributario / Impuestos,agente:texto,0.7,2026-09-16T17:13:20+00:00
0008-D-2025,PROD.COMEX,Comercio interior y exterior,agente:texto,0.65,2026-09-16T17:13:20+00:00
0008-D-2026,AUX.HOMENAJE,"Homenajes y declaraciones (de interés, beneplácito)",agente:texto,0.75,2026-09-16T17:13:24+00:00
0008-D-2026,DEF.EXTERIOR,Política exterior,agente:texto,0.95,2026-09-16T17:13:24+00:00
0008-D-2026,DERSOC.DDHH,Derechos humanos,agente:texto,0.92,2026-09-16T17:13:24+00:00
0008-JGM-2025,ECON.PRESU,Presupuesto y gasto público,agente:texto,0.95,2026-09-16T17:13:26+00:00
0008-PE-2011,JUST.PENAL,Derecho penal / Código penal,agente:texto,0.95,2026-09-15T23:44:04+00:00
0008-PE-2011,JUST.SEGINT,Seguridad interior,agente:texto,0.85,2026-09-15T23:44:04+00:00
0008-PE-2013,ECON.EMERG,Emergencia económica,agente:texto,0.65,2026-09-15T23:44:07+00:00
0008-PE-2013,ECON.PRESU,Presupuesto y gasto público,agente:texto,0.75,2026-09-15T23:44:07+00:00
0008-PE-2013,ECON.TRIB,Tributario / Impuestos,agente:texto,0.95,2026-09-15T23:44:07+00:00
0008-PE-2016,DERSOC.DDHH,Derechos humanos,agente:texto,0.85,2026-09-15T23:44:14+00:00
0008-PE-2016,POLINST.ETICA,Transparencia / Lobby / Ética pública,agente:texto,0.95,2026-09-15T23:44:14+00:00
0008-PE-2020,DESREG.DESECO,Desregulación económica,agente:texto,0.75,2026-09-15T23:44:17+00:00
0008-PE-2020,INFRA.OBRA,Obra pública,agente:texto,0.85,2026-09-15T23:44:17+00:00
0008-PE-2020,PROD.INVER,Promoción de inversiones (RIGI),agente:texto,0.95,2026-09-15T23:44:17+00:00
0008-PE-2021,PROD.COMEX,Comercio interior y exterior,agente:texto,0.65,2026-09-15T23:44:20+00:00
0008-PE-2021,PROD.INDPYME,Industria y PyMEs,agente:texto,0.9,2026-09-15T23:44:20+00:00
0008-PE-2021,PROD.INVER,Promoción de inversiones (RIGI),agente:texto,0.95,2026-09-15T23:44:20+00:00
0008-PE-2024,DEF.DEFENSA,Defensa / Fuerzas Armadas,agente:texto,0.95,2026-09-15T23:44:22+00:00
0008-PE-2024,DEF.EXTERIOR,Política exterior,agente:texto,0.85,2026-09-15T23:44:22+00:00
0008-PE-2025,DEF.DEFENSA,Defensa / Fuerzas Armadas,agente:texto,0.95,2026-09-16T17:13:30+00:00
0008-PE-2025,DEF.EXTERIOR,Política exterior,agente:texto,0.75,2026-09-16T17:13:30+00:00
0008-PE-2026,AMB.AGUA,Agua,agente:texto,0.8,2026-09-16T17:13:33+00:00
0008-PE-2026,DEF.TRATADO,Tratados y acuerdos internacionales,agente:texto,0.95,2026-09-16T17:13:33+00:00
0008-PE-2026,PROD.AGRO,"Agro, ganadería y pesca",agente:texto,0.85,2026-09-16T17:13:33+00:00
0008-S-2009,AUX.HOMENAJE,"Homenajes y declaraciones (de interés, beneplácito)",agente:texto,0.95,2026-09-15T23:44:24+00:00
0008-S-2009,CULT.CULTURA,Cultura / Patrimonio,agente:texto,0.85,2026-09-15T23:44:24+00:00
0008-S-2011,DERSOC.DDHH,Derechos humanos,agente:texto,0.6,2026-09-15T23:44:28+00:00
0008-S-2011,DERSOC.ORIGIN,Pueblos originarios,agente:texto,0.65,2026-09-15T23:44:28+00:00
0008-S-2011,JUST.JUDIC,Organización judicial / Magistratura,agente:texto,0.85,2026-09-15T23:44:28+00:00
0008-S-2013,DEF.TRATADO,Tratados y acuerdos internacionales,agente:texto,0.95,2026-09-15T23:44:30+00:00
0008-S-2013,ECON.DEUDA,Deuda y financiamiento,agente:texto,0.85,2026-09-15T23:44:30+00:00
0008-S-2016,AMB.CLIMA,Cambio climático,agente:texto,0.85,2026-09-15T23:44:33+00:00
0008-S-2016,DESSOC.ASIST,Asistencia social / Planes,agente:texto,0.7,2026-09-15T23:44:33+00:00
0008-S-2016,ECON.EMERG,Emergencia económica,agente:texto,0.95,2026-09-15T23:44:33+00:00
0008-S-2025,ECON.EMERG,Emergencia económica,agente:texto,0.95,2026-09-15T23:44:36+00:00
0008-S-2025,POLINST.ORGEST,Organización del Estado / Ministerios,agente:texto,0.6,2026-09-15T23:44:36+00:00
0008-S-2026,CYT.CIENCIA,Ciencia y técnica,agente:texto,0.75,2026-09-16T17:13:36+00:00
0008-S-2026,INFRA.OBRA,Obra pública,agente:texto,0.6,2026-09-16T17:13:36+00:00
0009-CD-2026,ECON.TRIB,Tributario / Impuestos,agente:texto,0.95,2026-09-16T17:13:39+00:00
0009-CD-2026,PROD.AGRO,"Agro, ganadería y pesca",agente:texto,0.85,2026-09-16T17:13:39+00:00
0009-D-2025,AUX.HOMENAJE,"Homenajes y declaraciones (de interés, beneplácito)",agente:texto,0.95,2026-09-16T17:13:41+00:00
0009-D-2026,AUX.HOMENAJE,"Homenajes y declaraciones (de interés, beneplácito)",agente:texto,0.95,2026-09-16T17:13:44+00:00
0009-JGM-2025,AUX.TRAMITE,Trámite parlamentario (sin contenido sustantivo),agente:texto,0.95,2026-09-16T17:13:46+00:00
0009-PE-2011,ECON.EMERG,Emergencia económica,agente:texto,0.7,2026-09-15T23:44:40+00:00
0009-PE-2011,JUST.NARCO,Narcotráfico,agente:texto,0.85,2026-09-15T23:44:40+00:00
0009-PE-2011,JUST.PENAL,Derecho penal / Código penal,agente:texto,0.95,2026-09-15T23:44:40+00:00
0009-PE-2013,DERSOC.DDHH,Derechos humanos,agente:texto,0.75,2026-09-15T23:44:44+00:00
0009-PE-2013,JUST.CIVCOM,Derecho civil / comercial (códigos de fondo),agente:texto,0.85,2026-09-15T23:44:44+00:00
0009-PE-2015,CULT.CULTURA,Cultura / Patrimonio,agente:texto,0.75,2026-09-15T23:44:47+00:00
0009-PE-2015,TRAB.LABOR,Relaciones laborales (reforma laboral),agente:texto,0.7,2026-09-15T23:44:47+00:00
0009-PE-2016,ECON.TRIB,Tributario / Impuestos,agente:texto,0.95,2026-09-15T23:44:50+00:00
0009-PE-2016,PROD.COMEX,Comercio interior y exterior,agente:texto,0.65,2026-09-15T23:44:50+00:00
0009-PE-2017,DESREG.DESECO,Desregulación económica,agente:texto,0.75,2026-09-15T23:44:54+00:00
0009-PE-2017,ECON.PRESU,Presupuesto y gasto público,agente:texto,0.65,2026-09-15T23:44:54+00:00
0009-PE-2017,PROD.INDPYME,Industria y PyMEs,agente:texto,0.7,2026-09-15T23:44:54+00:00
0009-PE-2025,AUX.TRAMITE,Trámite parlamentario (sin contenido sustantivo),agente:texto,0.95,2026-09-15T23:44:58+00:00
0009-S-2009,AUX.HOMENAJE,"Homenajes y declaraciones (de interés, beneplácito)",agente:texto,0.9,2026-09-15T23:45:00+00:00
0009-S-2009,CULT.CULTURA,Cultura / Patrimonio,agente:texto,0.95,2026-09-15T23:45:00+00:00
0009-S-2022,JUST.JUDIC,Organización judicial / Magistratura,agente:texto,0.95,2026-09-15T23:45:02+00:00
0009-S-2026,ECON.TRIB,Tributario / Impuestos,agente:texto,0.75,2026-09-16T17:13:50+00:00
0009-S-2026,PROD.AGRO,"Agro, ganadería y pesca",agente:texto,0.95,2026-09-16T17:13:50+00:00
0009-S-2026,PROD.COMEX,Comercio interior y exterior,agente:texto,0.9,2026-09-16T17:13:50+00:00
0009-S-2026,PROD.INDPYME,Industria y PyMEs,agente:texto,0.7,2026-09-16T17:13:50+00:00
0010-CD-2026,AUX.HOMENAJE,"Homenajes y declaraciones (de interés, beneplácito)",agente:texto,0.95,2026-09-16T17:13:53+00:00
0010-CD-2026,CULT.CULTURA,Cultura / Patrimonio,agente:texto,0.85,2026-09-16T17:13:53+00:00
0010-D-2025,ECON.COPART,Coparticipación / Federalismo fiscal,agente:texto,0.85,2026-09-16T17:13:56+00:00
0010-D-2025,ECON.TRIB,Tributario / Impuestos,agente:texto,0.95,2026-09-16T17:13:56+00:00
0010-D-2025,ENER.COMBUS,Combustibles,agente:texto,0.95,2026-09-16T17:13:56+00:00
0010-D-2025,INFRA.VIVIENDA,Vivienda y hábitat,agente:texto,0.8,2026-09-16T17:13:56+00:00
0010-D-2026,AUX.HOMENAJE,"Homenajes y declaraciones (de interés, beneplácito)",agente:texto,0.95,2026-09-16T17:13:59+00:00
0010-D-2026,CULT.CULTURA,Cultura / Patrimonio,agente:texto,0.85,2026-09-16T17:13:59+00:00
0010-JGM-2008,AUX.TRAMITE,Trámite parlamentario (sin contenido sustantivo),agente:texto,0.85,2026-09-15T23:45:05+00:00
0010-JGM-2008,ECON.PRESU,Presupuesto y gasto público,agente:texto,0.95,2026-09-15T23:45:05+00:00
0010-JGM-2025,AUX.TRAMITE,Trámite parlamentario (sin contenido sustantivo),agente:texto,0.95,2026-09-16T17:14:02+00:00
0010-JGM-2026,AUX.TRAMITE,Trámite parlamentario (sin contenido sustantivo),agente:texto,0.95,2026-09-16T17:14:04+00:00
0010-PE-2008,ECON.TRIB,Tributario / Impuestos,agente:texto,0.95,2026-09-15T23:45:08+00:00
0010-PE-2008,INFRA.OBRA,Obra pública,agente:texto,0.9,2026-09-15T23:45:08+00:00
0010-PE-2008,INFRA.TRANSP,"Transporte (incl. subsidios al transporte, trenes)",agente:texto,0.85,2026-09-15T23:45:08+00:00
0010-PE-2011,AUX.TRAMITE,Trámite parlamentario (sin contenido sustantivo),agente:texto,0.95,2026-09-15T23:45:10+00:00
0010-PE-2013,ECON.TRIB,Tributario / Impuestos,agente:texto,0.95,2026-09-15T23:45:13+00:00
0010-PE-2013,PROD.COMEX,Comercio interior y exterior,agente:texto,0.6,2026-09-15T23:45:13+00:00
0010-PE-2015,ECON.EMERG,Emergencia económica,agente:texto,0.85,2026-09-15T23:45:17+00:00
0010-PE-2015,ECON.TRIB,Tributario / Impuestos,agente:texto,0.95,2026-09-15T23:45:17+00:00
0010-PE-2015,SALUD.ADICC,Adicciones / Ludopatía,agente:texto,0.75,2026-09-15T23:45:17+00:00
0010-PE-2016,DEF.TRATADO,Tratados y acuerdos internacionales,agente:texto,0.95,2026-09-15T23:45:20+00:00
0010-PE-2016,ECON.TRIB,Tributario / Impuestos,agente:texto,0.9,2026-09-15T23:45:20+00:00
0010-PE-2024,JUST.PENALJUV,Régimen penal juvenil,agente:texto,0.95,2026-09-15T23:45:22+00:00
0010-PE-2025,AUX.TRAMITE,Trámite parlamentario (sin contenido sustantivo),agente:texto,0.95,2026-09-15T23:45:25+00:00
0010-S-2010,ECON.COPART,Coparticipación / Federalismo fiscal,agente:texto,0.95,2026-09-15T23:45:27+00:00
0010-S-2010,ECON.TRIB,Tributario / Impuestos,agente:texto,0.85,2026-09-15T23:45:27+00:00
0010-S-2010,PROD.AGRO,"Agro, ganadería y pesca",agente:texto,0.75,2026-09-15T23:45:27+00:00
0010-S-2013,JUST.JUDIC,Organización judicial / Magistratura,agente:texto,0.95,2026-09-15T23:45:29+00:00
0010-S-2019,ECON.COPART,Coparticipación / Federalismo fiscal,agente:texto,0.6,2026-09-15T23:45:32+00:00
0010-S-2019,ECON.EMERG,Emergencia económica,agente:texto,0.95,2026-09-15T23:45:32+00:00
0010-S-2019,PROD.AGRO,"Agro, ganadería y pesca",agente:texto,0.92,2026-09-15T23:45:32+00:00
0010-S-2026,DESREG.DESECO,Desregulación económica,agente:texto,0.65,2026-09-16T17:14:08+00:00
0010-S-2026,PROD.AGRO,"Agro, ganadería y pesca",agente:texto,0.95,2026-09-16T17:14:08+00:00
0010-S-2026,PROD.COMEX,Comercio interior y exterior,agente:texto,0.7,2026-09-16T17:14:08+00:00
0011-CD-2026,AUX.HOMENAJE,"Homenajes y declaraciones (de interés, beneplácito)",agente:texto,0.95,2026-09-16T17:14:10+00:00
0011-D-2025,POLINST.ELECT,Reforma electoral,agente:texto,0.95,2026-09-16T17:14:12+00:00
0011-D-2026,ENER.TARIFA,Tarifas y subsidios energéticos,agente:texto,0.95,2026-09-16T17:14:15+00:00
0011-D-2026,SALUD.DISCAP,Discapacidad,agente:texto,0.9,2026-09-16T17:14:15+00:00
0011-JGM-2008,ECON.PRESU,Presupuesto y gasto público,agente:texto,0.95,2026-09-15T23:45:34+00:00
0011-JGM-2009,ECON.EMERG,Emergencia económica,agente:texto,0.9,2026-09-15T23:45:37+00:00
0011-JGM-2009,POLINST.ORGEST,Organización del Estado / Ministerios,agente:texto,0.6,2026-09-15T23:45:37+00:00
0011-JGM-2009,PROD.AGRO,"Agro, ganadería y pesca",agente:texto,0.95,2026-09-15T23:45:37+00:00
0011-JGM-2026,AUX.TRAMITE,Trámite parlamentario (sin contenido sustantivo),agente:texto,0.85,2026-09-16T17:14:18+00:00
0011-JGM-2026,ECON.PRESU,Presupuesto y gasto público,agente:texto,0.95,2026-09-16T17:14:18+00:00
0011-PE-2008,DESREG.DESECO,Desregulación económica,agente:texto,0.7,2026-09-15T23:45:41+00:00
0011-PE-2008,ECON.TRIB,Tributario / Impuestos,agente:texto,0.6,2026-09-15T23:45:41+00:00
0011-PE-2008,PROD.COMEX,Comercio interior y exterior,agente:texto,0.8,2026-09-15T23:45:41+00:00
0011-PE-2008,PROD.INDPYME,Industria y PyMEs,agente:texto,0.9,2026-09-15T23:45:41+00:00
0011-PE-2011,ECON.EMERG,Emergencia económica,agente:texto,0.95,2026-09-15T23:45:44+00:00
0011-PE-2015,ECON.EMERG,Emergencia económica,agente:texto,0.85,2026-09-15T23:45:46+00:00
0011-PE-2020,DERSOC.DDHH,Derechos humanos,agente:texto,0.75,2026-09-15T23:45:49+00:00
0011-PE-2020,DERSOC.GENERO,Género / Diversidad,agente:texto,0.9,2026-09-15T23:45:49+00:00
0011-PE-2020,JUST.PENAL,Derecho penal / Código penal,agente:texto,0.95,2026-09-15T23:45:49+00:00
0011-PE-2020,SALUD.SISTEMA,Sistema de salud / Hospitales / Obras sociales,agente:texto,0.85,2026-09-15T23:45:49+00:00
0011-PE-2024,DEF.TRATADO,Tratados y acuerdos internacionales,agente:texto,0.95,2026-09-15T23:45:52+00:00
0011-PE-2024,JUST.PENALJUV,Régimen penal juvenil,agente:texto,0.7,2026-09-15T23:45:52+00:00
0011-PE-2025,ECON.DEUDA,Deuda y financiamiento,agente:texto,0.7,2026-09-16T17:14:21+00:00
0011-PE-2025,ECON.MON,Monetario y cambiario,agente:texto,0.85,2026-09-16T17:14:21+00:00
0011-PE-2025,ECON.PRESU,Presupuesto y gasto público,agente:texto,0.9,2026-09-16T17:14:21+00:00
0011-PE-2026,AUX.TRAMITE,Trámite parlamentario (sin contenido sustantivo),agente:texto,0.6,2026-09-16T17:14:25+00:00
0011-PE-2026,DEF.DEFENSA,Defensa / Fuerzas Armadas,agente:texto,0.95,2026-09-16T17:14:25+00:00
0011-PE-2026,DEF.TRATADO,Tratados y acuerdos internacionales,agente:texto,0.75,2026-09-16T17:14:25+00:00
0011-S-2013,JUST.JUDIC,Organización judicial / Magistratura,agente:texto,0.95,2026-09-15T23:45:54+00:00
0011-S-2014,DEF.TRATADO,Tratados y acuerdos internacionales,agente:texto,0.75,2026-09-15T23:45:58+00:00
0011-S-2014,POLINST.ORGEST,Organización del Estado / Ministerios,agente:texto,0.65,2026-09-15T23:45:58+00:00
0011-S-2017,DERSOC.DDHH,Derechos humanos,agente:texto,0.7,2026-09-15T23:46:01+00:00
0011-S-2017,JUST.JUDIC,Organización judicial / Magistratura,agente:texto,0.75,2026-09-15T23:46:01+00:00
0011-S-2017,POLINST.ETICA,Transparencia / Lobby / Ética pública,agente:texto,0.85,2026-09-15T23:46:01+00:00
0011-S-2026,DERSOC.DDHH,Derechos humanos,agente:texto,0.7,2026-09-16T17:14:28+00:00
0011-S-2026,SALUD.SISTEMA,Sistema de salud / Hospitales / Obras sociales,agente:texto,0.75,2026-09-16T17:14:28+00:00
0012-CD-2026,AUX.HOMENAJE,"Homenajes y declaraciones (de interés, beneplácito)",agente:texto,0.95,2026-09-16T17:14:31+00:00
0012-CD-2026,CULT.CULTURA,Cultura / Patrimonio,agente:texto,0.7,2026-09-16T17:14:31+00:00
0012-CD-2026,EDU.BASICA,Educación básica y media,agente:texto,0.6,2026-09-16T17:14:31+00:00
0012-D-2025,POLINST.ELECT,Reforma electoral,agente:texto,0.95,2026-09-16T17:14:34+00:00
0012-D-2026,CYT.CIENCIA,Ciencia y técnica,agente:texto,0.6,2026-09-16T17:14:37+00:00
0012-D-2026,POLINST.ORGEST,Organización del Estado / Ministerios,agente:texto,0.55,2026-09-16T17:14:37+00:00
0012-D-2026,SALUD.DISCAP,Discapacidad,agente:texto,0.85,2026-09-16T17:14:37+00:00
0012-JGM-2009,ECON.PRESU,Presupuesto y gasto público,agente:texto,0.95,2026-09-15T23:46:04+00:00
0012-JGM-2012,DESREG.EMPUB,Empresas públicas / Privatizaciones,agente:texto,0.85,2026-09-15T23:46:07+00:00
0012-JGM-2012,ECON.MON,Monetario y cambiario,agente:texto,0.7,2026-09-15T23:46:07+00:00
0012-JGM-2013,ECON.PRESU,Presupuesto y gasto público,agente:texto,0.95,2026-09-15T23:46:09+00:00
0012-JGM-2026,ECON.PRESU,Presupuesto y gasto público,agente:texto,0.99,2026-09-16T17:14:39+00:00
0012-PE-2011,ECON.EMERG,Emergencia económica,agente:texto,0.85,2026-09-15T23:46:12+00:00
0012-PE-2011,ECON.TRIB,Tributario / Impuestos,agente:texto,0.95,2026-09-15T23:46:12+00:00
0012-PE-2020,DERSOC.GENERO,Género / Diversidad,agente:texto,0.7,2026-09-15T23:46:15+00:00
0012-PE-2020,DERSOC.NINEZ,Niñez e infancia,agente:texto,0.8,2026-09-15T23:46:15+00:00
0012-PE-2020,SALUD.SISTEMA,Sistema de salud / Hospitales / Obras sociales,agente:texto,0.85,2026-09-15T23:46:15+00:00
0012-PE-2021,AMB.CLIMA,Cambio climático,agente:texto,0.55,2026-09-15T23:46:18+00:00
0012-PE-2021,ECON.COPART,Coparticipación / Federalismo fiscal,agente:texto,0.6,2026-09-15T23:46:18+00:00
0012-PE-2021,PROD.AGRO,"Agro, ganadería y pesca",agente:texto,0.95,2026-09-15T23:46:18+00:00
0012-PE-2021,PROD.COMEX,Comercio interior y exterior,agente:texto,0.7,2026-09-15T23:46:18+00:00
0012-PE-2021,PROD.INDPYME,Industria y PyMEs,agente:texto,0.75,2026-09-15T23:46:18+00:00
0012-PE-2022,ECON.PRESU,Presupuesto y gasto público,agente:texto,0.7,2026-09-15T23:46:21+00:00
0012-PE-2022,ECON.TRIB,Tributario / Impuestos,agente:texto,0.95,2026-09-15T23:46:21+00:00
0012-PE-2024,DEF.TRATADO,Tratados y acuerdos internacionales,agente:texto,0.95,2026-09-15T23:46:24+00:00
0012-PE-2024,JUST.JUDIC,Organización judicial / Magistratura,agente:texto,0.75,2026-09-15T23:46:24+00:00
0012-PE-2025,ECON.EMERG,Emergencia económica,agente:texto,0.85,2026-09-16T17:14:43+00:00
0012-PE-2025,ECON.PRESU,Presupuesto y gasto público,agente:texto,0.9,2026-09-16T17:14:43+00:00
0012-PE-2025,SALUD.DISCAP,Discapacidad,agente:texto,0.95,2026-09-16T17:14:43+00:00
0012-S-2013,JUST.CIVCOM,Derecho civil / comercial (códigos de fondo),agente:texto,0.75,2026-09-15T23:46:26+00:00
0012-S-2013,JUST.JUDIC,Organización judicial / Magistratura,agente:texto,0.85,2026-09-15T23:46:26+00:00
0012-S-2013,POLINST.ORGEST,Organización del Estado / Ministerios,agente:texto,0.6,2026-09-15T23:46:26+00:00
0012-S-2015,DERSOC.DDHH,Derechos humanos,agente:texto,0.9,2026-09-15T23:46:30+00:00
0012-S-2015,JUST.JUDIC,Organización judicial / Magistratura,agente:texto,0.7,2026-09-15T23:46:30+00:00
0012-S-2016,ECON.PRESU,Presupuesto y gasto público,agente:texto,0.6,2026-09-15T23:46:33+00:00
0012-S-2016,INFRA.VIVIENDA,Vivienda y hábitat,agente:texto,0.95,2026-09-15T23:46:33+00:00
0012-S-2017,DEF.TRATADO,Tratados y acuerdos internacionales,agente:texto,0.95,2026-09-15T23:46:36+00:00
0012-S-2017,PROD.COMEX,Comercio interior y exterior,agente:texto,0.9,2026-09-15T23:46:36+00:00
0012-S-2019,POLINST.ETICA,Transparencia / Lobby / Ética pública,agente:texto,0.9,2026-09-15T23:46:38+00:00
0012-S-2019,POLINST.PARTIDOS,Partidos políticos,agente:texto,0.95,2026-09-15T23:46:38+00:00
0012-S-2026,DESREG.SOCIED,Régimen de sociedades / comercial,agente:texto,0.7,2026-09-16T17:14:47+00:00
0012-S-2026,PROD.AGRO,"Agro, ganadería y pesca",agente:texto,0.95,2026-09-16T17:14:47+00:00
0013-CD-2026,AUX.HOMENAJE,"Homenajes y declaraciones (de interés, beneplácito)",agente:texto,0.95,2026-09-16T17:14:49+00:00
0013-D-2025,JUST.PENAL,Derecho penal / Código penal,agente:texto,0.75,2026-09-16T17:14:52+00:00
0013-D-2025,POLINST.ELECT,Reforma electoral,agente:texto,0.95,2026-09-16T17:14:52+00:00
0013-D-2026,DESREG.DESECO,Desregulación económica,agente:texto,0.75,2026-09-16T17:14:55+00:00
0013-D-2026,ENER.ELEC,Energía eléctrica,agente:texto,0.9,2026-09-16T17:14:55+00:00
0013-D-2026,ENER.TARIFA,Tarifas y subsidios energéticos,agente:texto,0.85,2026-09-16T17:14:55+00:00
0013-PE-2008,DESSOC.ASIST,Asistencia social / Planes,agente:texto,0.7,2026-09-15T23:46:41+00:00
0013-PE-2008,ECON.COPART,Coparticipación / Federalismo fiscal,agente:texto,0.8,2026-09-15T23:46:41+00:00
0013-PE-2008,ECON.TRIB,Tributario / Impuestos,agente:texto,0.95,2026-09-15T23:46:41+00:00
0013-PE-2008,PROD.AGRO,"Agro, ganadería y pesca",agente:texto,0.95,2026-09-15T23:46:41+00:00
0013-PE-2011,ENER.HIDRO,Hidrocarburos (petróleo y gas),agente:texto,0.95,2026-09-15T23:46:43+00:00
0013-PE-2011,PROD.COMEX,Comercio interior y exterior,agente:texto,0.75,2026-09-15T23:46:43+00:00
0013-PE-2016,DERSOC.NINEZ,Niñez e infancia,agente:texto,0.85,2026-09-15T23:46:46+00:00
0013-PE-2016,EDU.BASICA,Educación básica y media,agente:texto,0.95,2026-09-15T23:46:46+00:00
0013-PE-2020,AUX.HOMENAJE,"Homenajes y declaraciones (de interés, beneplácito)",agente:texto,0.8,2026-09-15T23:46:49+00:00
0013-PE-2020,DERSOC.DDHH,Derechos humanos,agente:texto,0.85,2026-09-15T23:46:49+00:00
0013-PE-2022,DESREG.SOCIED,Régimen de sociedades / comercial,agente:texto,0.65,2026-09-15T23:46:53+00:00
0013-PE-2022,DESSOC.ASIST,Asistencia social / Planes,agente:texto,0.75,2026-09-15T23:46:53+00:00
0013-PE-2022,INFRA.VIVIENDA,Vivienda y hábitat,agente:texto,0.85,2026-09-15T23:46:53+00:00
0013-PE-2025,DEF.DEFENSA,Defensa / Fuerzas Armadas,agente:texto,0.95,2026-09-16T17:14:57+00:00
0013-PE-2025,DEF.EXTERIOR,Política exterior,agente:texto,0.85,2026-09-16T17:14:57+00:00
0013-PE-2026,JUST.PROPIED,Propiedad (inviolabilidad),agente:texto,0.95,2026-09-16T17:14:59+00:00
0013-S-2009,AUX.TRAMITE,Trámite parlamentario (sin contenido sustantivo),agente:texto,0.85,2026-09-15T23:46:55+00:00
0013-S-2009,DEF.EXTERIOR,Política exterior,agente:texto,0.95,2026-09-15T23:46:55+00:00
0013-S-2010,DEF.TRATADO,Tratados y acuerdos internacionales,agente:texto,0.95,2026-09-15T23:46:58+00:00
0013-S-2010,PROD.COMEX,Comercio interior y exterior,agente:texto,0.9,2026-09-15T23:46:58+00:00
0013-S-2026,CULT.DEPORTE,Deporte,agente:texto,0.9,2026-09-16T17:15:03+00:00
0013-S-2026,ECON.TRIB,Tributario / Impuestos,agente:texto,0.6,2026-09-16T17:15:03+00:00
0014-CD-2026,AUX.HOMENAJE,"Homenajes y declaraciones (de interés, beneplácito)",agente:texto,0.95,2026-09-16T17:15:05+00:00
0014-D-2025,POLINST.ELECT,Reforma electoral,agente:texto,0.95,2026-09-16T17:15:07+00:00
0014-D-2026,ENER.TARIFA,Tarifas y subsidios energéticos,agente:texto,0.5,2026-09-16T17:15:12+00:00
0014-D-2026,INFRA.TELECOM,Telecomunicaciones / Conectividad,agente:texto,0.5,2026-09-16T17:15:12+00:00
0014-D-2026,INFRA.TRANSP,"Transporte (incl. subsidios al transporte, trenes)",agente:texto,0.4,2026-09-16T17:15:12+00:00
0014-D-2026,POLINST.ORGEST,Organización del Estado / Ministerios,agente:texto,0.75,2026-09-16T17:15:12+00:00
0014-JGM-2025,ECON.PRESU,Presupuesto y gasto público,agente:texto,0.99,2026-09-15T23:47:00+00:00
0014-PE-2008,JUST.CIVCOM,Derecho civil / comercial (códigos de fondo),agente:texto,0.95,2026-09-15T23:47:03+00:00
0014-PE-2008,JUST.JUDIC,Organización judicial / Magistratura,agente:texto,0.75,2026-09-15T23:47:03+00:00
0014-PE-2011,ECON.TRIB,Tributario / Impuestos,agente:texto,0.95,2026-09-15T23:47:05+00:00
0014-PE-2013,AUX.TRAMITE,Trámite parlamentario (sin contenido sustantivo),agente:texto,0.9,2026-09-15T23:47:08+00:00
0014-PE-2013,ECON.PRESU,Presupuesto y gasto público,agente:texto,0.85,2026-09-15T23:47:08+00:00
0014-PE-2016,DESREG.DESECO,Desregulación económica,agente:texto,0.75,2026-09-15T23:47:11+00:00
0014-PE-2016,PROD.INDPYME,Industria y PyMEs,agente:texto,0.95,2026-09-15T23:47:11+00:00
0014-PE-2016,PROD.INVER,Promoción de inversiones (RIGI),agente:texto,0.95,2026-09-15T23:47:11+00:00
0014-PE-2025,DEF.EXTERIOR,Política exterior,agente:texto,0.75,2026-09-15T23:47:14+00:00
0014-PE-2025,DEF.TRATADO,Tratados y acuerdos internacionales,agente:texto,0.95,2026-09-15T23:47:14+00:00
0014-PE-2025,PROD.COMEX,Comercio interior y exterior,agente:texto,0.9,2026-09-15T23:47:14+00:00
0014-S-2009,AUX.TRAMITE,Trámite parlamentario (sin contenido sustantivo),agente:texto,0.85,2026-09-15T23:47:16+00:00
0014-S-2009,DEF.EXTERIOR,Política exterior,agente:texto,0.95,2026-09-15T23:47:16+00:00
0014-S-2014,AUX.HOMENAJE,"Homenajes y declaraciones (de interés, beneplácito)",agente:texto,0.95,2026-09-15T23:47:19+00:00
0014-S-2026,JUST.JUDIC,Organización judicial / Magistratura,agente:texto,0.95,2026-09-16T17:15:14+00:00
0015-CD-2026,AUX.HOMENAJE,"Homenajes y declaraciones (de interés, beneplácito)",agente:texto,0.95,2026-09-16T17:15:16+00:00
0015-D-2025,POLINST.ELECT,Reforma electoral,agente:texto,0.95,2026-09-16T17:15:18+00:00
0015-D-2026,DESSOC.ASIST,Asistencia social / Planes,agente:texto,0.75,2026-09-16T17:15:21+00:00
0015-D-2026,INFRA.TRANSP,"Transporte (incl. subsidios al transporte, trenes)",agente:texto,0.95,2026-09-16T17:15:21+00:00
0015-D-2026,TRAB.PREV,Previsional / Jubilaciones,agente:texto,0.85,2026-09-16T17:15:21+00:00
0015-JGM-2012,ECON.PRESU,Presupuesto y gasto público,agente:texto,0.95,2026-09-15T23:47:21+00:00
0015-JGM-2014,ECON.PRESU,Presupuesto y gasto público,agente:texto,0.99,2026-09-15T23:47:23+00:00
0015-JGM-2015,ECON.PRESU,Presupuesto y gasto público,agente:texto,0.98,2026-09-15T23:47:25+00:00
0015-JGM-2025,AUX.TRAMITE,Trámite parlamentario (sin contenido sustantivo),agente:texto,0.85,2026-09-16T17:15:24+00:00
0015-JGM-2025,ECON.PRESU,Presupuesto y gasto público,agente:texto,0.95,2026-09-16T17:15:24+00:00
0015-PE-2010,JUST.CIVCOM,Derecho civil / comercial (códigos de fondo),agente:texto,0.85,2026-09-15T23:47:28+00:00
0015-PE-2010,JUST.NARCO,Narcotráfico,agente:texto,0.78,2026-09-15T23:47:28+00:00
0015-PE-2010,JUST.PENAL,Derecho penal / Código penal,agente:texto,0.95,2026-09-15T23:47:28+00:00
0015-PE-2015,AMB.CLIMA,Cambio climático,agente:texto,0.7,2026-09-15T23:47:32+00:00
0015-PE-2015,DESREG.EMPUB,Empresas públicas / Privatizaciones,agente:texto,0.8,2026-09-15T23:47:32+00:00
0015-PE-2015,ENER.ELEC,Energía eléctrica,agente:texto,0.9,2026-09-15T23:47:32+00:00
0015-PE-2015,ENER.HIDRO,Hidrocarburos (petróleo y gas),agente:texto,0.85,2026-09-15T23:47:32+00:00
0015-PE-2015,PROD.AGRO,"Agro, ganadería y pesca",agente:texto,0.6,2026-09-15T23:47:32+00:00
0015-PE-2016,DERSOC.DDHH,Derechos humanos,agente:texto,0.7,2026-09-15T23:47:35+00:00
0015-PE-2016,ECON.TRIB,Tributario / Impuestos,agente:texto,0.85,2026-09-15T23:47:35+00:00
0015-PE-2016,TRAB.PREV,Previsional / Jubilaciones,agente:texto,0.95,2026-09-15T23:47:35+00:00
0015-PE-2025,JUST.PENALJUV,Régimen penal juvenil,agente:texto,0.95,2026-09-16T17:15:26+00:00
0015-S-2014,AUX.HOMENAJE,"Homenajes y declaraciones (de interés, beneplácito)",agente:texto,0.95,2026-09-15T23:47:37+00:00
0015-S-2022,DEF.TRATADO,Tratados y acuerdos internacionales,agente:texto,0.95,2026-09-15T23:47:40+00:00
0015-S-2022,EDU.SUPERIOR,Educación superior / Universidades / Financiamiento,agente:texto,0.95,2026-09-15T23:47:40+00:00
0015-S-2026,AUX.HOMENAJE,"Homenajes y declaraciones (de interés, beneplácito)",agente:texto,0.95,2026-09-16T17:15:29+00:00
0015-S-2026,INFRA.OBRA,Obra pública,agente:texto,0.7,2026-09-16T17:15:29+00:00
0015-S-2026,PROD.COMEX,Comercio interior y exterior,agente:texto,0.65,2026-09-16T17:15:29+00:00
0016-CD-2026,AUX.HOMENAJE,"Homenajes y declaraciones (de interés, beneplácito)",agente:texto,0.95,2026-09-16T17:15:32+00:00
0016-D-2025,JUST.JUDIC,Organización judicial / Magistratura,agente:texto,0.75,2026-09-16T17:15:35+00:00
0016-D-2025,POLINST.ETICA,Transparencia / Lobby / Ética pública,agente:texto,0.85,2026-09-16T17:15:35+00:00
0016-D-2026,AUX.TRAMITE,Trámite parlamentario (sin contenido sustantivo),agente:texto,0.95,2026-09-16T17:15:37+00:00
0016-JGM-2011,ECON.PRESU,Presupuesto y gasto público,agente:texto,0.95,2026-09-15T23:47:42+00:00
0016-JGM-2016,ECON.PRESU,Presupuesto y gasto público,agente:texto,0.95,2026-09-15T23:47:44+00:00
0016-JGM-2018,ECON.PRESU,Presupuesto y gasto público,agente:texto,0.95,2026-09-15T23:47:46+00:00
0016-JGM-2025,ECON.PRESU,Presupuesto y gasto público,agente:texto,0.95,2026-09-16T17:15:39+00:00
0016-PE-2008,ECON.PRESU,Presupuesto y gasto público,agente:texto,0.7,2026-09-15T23:47:49+00:00
0016-PE-2008,ECON.TRIB,Tributario / Impuestos,agente:texto,0.95,2026-09-15T23:47:49+00:00
0016-PE-2019,DESSOC.ASIST,Asistencia social / Planes,agente:texto,0.85,2026-09-15T23:47:52+00:00
0016-PE-2019,ECON.EMERG,Emergencia económica,agente:texto,0.95,2026-09-15T23:47:52+00:00
0016-PE-2019,ECON.PRESU,Presupuesto y gasto público,agente:texto,0.7,2026-09-15T23:47:52+00:00
0016-PE-2019,PROD.INDPYME,Industria y PyMEs,agente:texto,0.75,2026-09-15T23:47:52+00:00
0016-S-2014,DESREG.DESECO,Desregulación económica,agente:texto,0.65,2026-09-15T23:47:55+00:00
0016-S-2014,TRAB.LABOR,Relaciones laborales (reforma laboral),agente:texto,0.95,2026-09-15T23:47:55+00:00
0016-S-2014,TRAB.SINDIC,Sindical,agente:texto,0.75,2026-09-15T23:47:55+00:00
0016-S-2017,AMB.AGUA,Agua,agente:texto,0.7,2026-09-15T23:47:58+00:00
0016-S-2017,DESSOC.ASIST,Asistencia social / Planes,agente:texto,0.75,2026-09-15T23:47:58+00:00
0016-S-2017,ECON.EMERG,Emergencia económica,agente:texto,0.95,2026-09-15T23:47:58+00:00
0016-S-2017,INFRA.OBRA,Obra pública,agente:texto,0.85,2026-09-15T23:47:58+00:00
0016-S-2017,PROD.AGRO,"Agro, ganadería y pesca",agente:texto,0.9,2026-09-15T23:47:58+00:00
0016-S-2017,SALUD.SISTEMA,Sistema de salud / Hospitales / Obras sociales,agente:texto,0.75,2026-09-15T23:47:58+00:00
0016-S-2018,DEF.TRATADO,Tratados y acuerdos internacionales,agente:texto,0.95,2026-09-15T23:48:01+00:00
0016-S-2018,ECON.TRIB,Tributario / Impuestos,agente:texto,0.9,2026-09-15T23:48:01+00:00
0016-S-2026,JUST.JUDIC,Organización judicial / Magistratura,agente:texto,0.7,2026-09-16T17:15:42+00:00
0016-S-2026,POLINST.ORGEST,Organización del Estado / Ministerios,agente:texto,0.85,2026-09-16T17:15:42+00:00
0017-CD-2026,CULT.DEPORTE,Deporte,agente:texto,0.95,2026-09-16T17:15:46+00:00
0017-CD-2026,DERSOC.NINEZ,Niñez e infancia,agente:texto,0.6,2026-09-16T17:15:46+00:00
0017-CD-2026,JUST.SEGINT,Seguridad interior,agente:texto,0.75,2026-09-16T17:15:46+00:00
0017-D-2025,POLINST.ELECT,Reforma electoral,agente:texto,0.95,2026-09-16T17:15:48+00:00
0017-D-2026,AUX.HOMENAJE,"Homenajes y declaraciones (de interés, beneplácito)",agente:texto,0.85,2026-09-16T17:15:51+00:00
0017-D-2026,CULT.CULTURA,Cultura / Patrimonio,agente:texto,0.75,2026-09-16T17:15:51+00:00
0017-D-2026,CULT.DEPORTE,Deporte,agente:texto,0.95,2026-09-16T17:15:51+00:00
0017-JGM-2025,ECON.PRESU,Presupuesto y gasto público,agente:texto,0.95,2026-09-16T17:15:53+00:00
0017-JGM-2025,INFRA.OBRA,Obra pública,agente:texto,0.85,2026-09-16T17:15:53+00:00
0017-PE-2010,PROD.AGRO,"Agro, ganadería y pesca",agente:texto,0.9,2026-09-15T23:48:03+00:00
0017-PE-2010,TRAB.LABOR,Relaciones laborales (reforma laboral),agente:texto,0.95,2026-09-15T23:48:03+00:00
0017-PE-2017,DESREG.SOCIED,Régimen de sociedades / comercial,agente:texto,0.65,2026-09-15T23:48:06+00:00
0017-PE-2017,ECON.TRIB,Tributario / Impuestos,agente:texto,0.95,2026-09-15T23:48:06+00:00
0017-PE-2019,AUX.TRAMITE,Trámite parlamentario (sin contenido sustantivo),agente:texto,0.95,2026-09-15T23:48:09+00:00
0017-PE-2025,ECON.PRESU,Presupuesto y gasto público,agente:texto,0.85,2026-09-16T17:15:56+00:00
0017-PE-2025,EDU.SUPERIOR,Educación superior / Universidades / Financiamiento,agente:texto,0.95,2026-09-16T17:15:56+00:00
0017-PE-2025,TRAB.LABOR,Relaciones laborales (reforma laboral),agente:texto,0.8,2026-09-16T17:15:56+00:00
0017-S-2010,ECON.DEUDA,Deuda y financiamiento,agente:texto,0.95,2026-09-15T23:48:12+00:00
0017-S-2010,ECON.PRESU,Presupuesto y gasto público,agente:texto,0.7,2026-09-15T23:48:12+00:00
0017-S-2014,DESREG.DESECO,Desregulación económica,agente:texto,0.7,2026-09-15T23:48:16+00:00
0017-S-2014,ECON.TRIB,Tributario / Impuestos,agente:texto,0.6,2026-09-15T23:48:16+00:00
0017-S-2014,TRAB.LABOR,Relaciones laborales (reforma laboral),agente:texto,0.9,2026-09-15T23:48:16+00:00
0017-S-2017,ECON.COPART,Coparticipación / Federalismo fiscal,agente:texto,0.6,2026-09-15T23:48:19+00:00
0017-S-2017,ECON.EMERG,Emergencia económica,agente:texto,0.95,2026-09-15T23:48:19+00:00
0017-S-2017,PROD.AGRO,"Agro, ganadería y pesca",agente:texto,0.95,2026-09-15T23:48:19+00:00
0017-S-2018,DEF.TRATADO,Tratados y acuerdos internacionales,agente:texto,0.95,2026-09-15T23:48:21+00:00
0017-S-2026,ECON.TRIB,Tributario / Impuestos,agente:texto,0.65,2026-09-16T17:15:59+00:00
0017-S-2026,PROD.AGRO,"Agro, ganadería y pesca",agente:texto,0.95,2026-09-16T17:15:59+00:00
0018-D-2025,JUST.JUDIC,Organización judicial / Magistratura,agente:texto,0.8,2026-09-16T17:16:02+00:00
0018-D-2025,JUST.PENAL,Derecho penal / Código penal,agente:texto,0.75,2026-09-16T17:16:02+00:00
0018-D-2025,POLINST.ELECT,Reforma electoral,agente:texto,0.85,2026-09-16T17:16:02+00:00
0018-D-2025,POLINST.ETICA,Transparencia / Lobby / Ética pública,agente:texto,0.7,2026-09-16T17:16:02+00:00
0018-D-2026,AUX.TRAMITE,Trámite parlamentario (sin contenido sustantivo),agente:texto,0.9,2026-09-16T17:16:05+00:00
0018-D-2026,DEF.DEFENSA,Defensa / Fuerzas Armadas,agente:texto,0.75,2026-09-16T17:16:05+00:00
0018-D-2026,DEF.EXTERIOR,Política exterior,agente:texto,0.85,2026-09-16T17:16:05+00:00
0018-JGM-2009,POLINST.ELECT,Reforma electoral,agente:texto,0.95,2026-09-15T23:48:23+00:00
0018-JGM-2024,ECON.PRESU,Presupuesto y gasto público,agente:texto,0.95,2026-09-16T17:16:07+00:00
0018-PE-2008,DESREG.EMPUB,Empresas públicas / Privatizaciones,agente:texto,0.95,2026-09-15T23:48:27+00:00
0018-PE-2008,ECON.DEUDA,Deuda y financiamiento,agente:texto,0.7,2026-09-15T23:48:27+00:00
0018-PE-2008,ECON.PRESU,Presupuesto y gasto público,agente:texto,0.9,2026-09-15T23:48:27+00:00
0018-PE-2008,INFRA.TRANSP,"Transporte (incl. subsidios al transporte, trenes)",agente:texto,0.85,2026-09-15T23:48:27+00:00
0018-PE-2016,POLINST.CONST,Reforma constitucional,agente:texto,0.6,2026-09-15T23:48:30+00:00
0018-S-2010,JUST.PENAL,Derecho penal / Código penal,agente:texto,0.7,2026-09-15T23:48:33+00:00
0018-S-2010,JUST.SEGINT,Seguridad interior,agente:texto,0.85,2026-09-15T23:48:33+00:00
0018-S-2016,JUST.SEGINT,Seguridad interior,agente:texto,0.85,2026-09-15T23:48:35+00:00
0018-S-2026,DEF.TRATADO,Tratados y acuerdos internacionales,agente:texto,0.95,2026-09-15T23:48:38+00:00
0018-S-2026,TRAB.PREV,Previsional / Jubilaciones,agente:texto,0.85,2026-09-15T23:48:38+00:00
0019-D-2025,POLINST.ELECT,Reforma electoral,agente:texto,0.95,2026-09-16T17:16:10+00:00
0019-D-2026,DEF.DEFENSA,Defensa / Fuerzas Armadas,agente:texto,0.95,2026-09-16T17:16:12+00:00
0019-JGM-2009,ECON.DEUDA,Deuda y financiamiento,agente:texto,0.95,2026-09-15T23:48:41+00:00
0019-JGM-2009,ECON.MON,Monetario y cambiario,agente:texto,0.85,2026-09-15T23:48:41+00:00
0019-JGM-2009,ECON.PRESU,Presupuesto y gasto público,agente:texto,0.75,2026-09-15T23:48:41+00:00
0019-PE-2008,TRAB.PREV,Previsional / Jubilaciones,agente:texto,0.95,2026-09-15T23:48:44+00:00
0019-PE-2016,DEF.DEFENSA,Defensa / Fuerzas Armadas,agente:texto,0.95,2026-09-15T23:48:47+00:00
0019-PE-2016,DEF.EXTERIOR,Política exterior,agente:texto,0.8,2026-09-15T23:48:47+00:00
0019-PE-2016,DEF.TRATADO,Tratados y acuerdos internacionales,agente:texto,0.85,2026-09-15T23:48:47+00:00
0019-PE-2017,DESREG.DESECO,Desregulación económica,agente:texto,0.5,2026-09-15T23:48:51+00:00
0019-PE-2017,ECON.PRESU,Presupuesto y gasto público,agente:texto,0.6,2026-09-15T23:48:51+00:00
0019-PE-2017,PROD.INVER,Promoción de inversiones (RIGI),agente:texto,0.7,2026-09-15T23:48:51+00:00
0019-S-2026,DEF.TRATADO,Tratados y acuerdos internacionales,agente:texto,0.95,2026-09-15T23:48:53+00:00
0019-S-2026,TRAB.PREV,Previsional / Jubilaciones,agente:texto,0.85,2026-09-15T23:48:53+00:00
0020-D-2025,POLINST.ELECT,Reforma electoral,agente:texto,0.95,2026-09-16T17:16:15+00:00
0020-D-2026,DEF.DEFENSA,Defensa / Fuerzas Armadas,agente:texto,0.8,2026-09-16T17:16:18+00:00
0020-D-2026,ECON.PRESU,Presupuesto y gasto público,agente:texto,0.7,2026-09-16T17:16:18+00:00
0020-D-2026,TRAB.PREV,Previsional / Jubilaciones,agente:texto,0.9,2026-09-16T17:16:18+00:00
0020-JGM-2009,AUX.TRAMITE,Trámite parlamentario (sin contenido sustantivo),agente:texto,0.85,2026-09-15T23:48:56+00:00
0020-JGM-2009,ECON.DEUDA,Deuda y financiamiento,agente:texto,0.95,2026-09-15T23:48:56+00:00
0020-PE-2017,ECON.TRIB,Tributario / Impuestos,agente:texto,0.95,2026-09-15T23:48:59+00:00
0020-PE-2019,ECON.DEUDA,Deuda y financiamiento,agente:texto,0.95,2026-09-15T23:49:01+00:00
0020-PE-2023,DEF.TRATADO,Tratados y acuerdos internacionales,agente:texto,0.95,2026-09-15T23:49:03+00:00
0020-PE-2023,JUST.PENAL,Derecho penal / Código penal,agente:texto,0.85,2026-09-15T23:49:03+00:00
0020-S-2010,DEF.TRATADO,Tratados y acuerdos internacionales,agente:texto,0.95,2026-09-15T23:49:06+00:00
0020-S-2010,TRAB.PREV,Previsional / Jubilaciones,agente:texto,0.85,2026-09-15T23:49:06+00:00
0020-S-2013,ECON.DEUDA,Deuda y financiamiento,agente:texto,0.8,2026-09-15T23:49:11+00:00
0020-S-2013,ECON.MON,Monetario y cambiario,agente:texto,0.7,2026-09-15T23:49:11+00:00
0020-S-2013,ECON.PRESU,Presupuesto y gasto público,agente:texto,0.75,2026-09-15T23:49:11+00:00
0020-S-2013,PROD.INVER,Promoción de inversiones (RIGI),agente:texto,0.85,2026-09-15T23:49:11+00:00
0020-S-2017,DERSOC.GENERO,Género / Diversidad,agente:texto,0.9,2026-09-15T23:49:14+00:00
0020-S-2017,JUST.PENAL,Derecho penal / Código penal,agente:texto,0.95,2026-09-15T23:49:14+00:00
0020-S-2019,CULT.MEDIOS,Medios / Comunicación,agente:texto,0.7,2026-09-15T23:49:17+00:00
0020-S-2019,DERSOC.GENERO,Género / Diversidad,agente:texto,0.9,2026-09-15T23:49:17+00:00
0020-S-2024,DEF.TRATADO,Tratados y acuerdos internacionales,agente:texto,0.95,2026-09-15T23:49:20+00:00
0020-S-2024,JUST.PENAL,Derecho penal / Código penal,agente:texto,0.85,2026-09-15T23:49:20+00:00
0020-S-2025,DESREG.EMPUB,Empresas públicas / Privatizaciones,agente:texto,0.75,2026-09-15T23:49:23+00:00
0020-S-2025,ECON.PRESU,Presupuesto y gasto público,agente:texto,0.85,2026-09-15T23:49:23+00:00
0020-S-2026,DEF.TRATADO,Tratados y acuerdos internacionales,agente:texto,0.6,2026-09-15T23:49:26+00:00
0020-S-2026,ECON.DEUDA,Deuda y financiamiento,agente:texto,0.8,2026-09-15T23:49:26+00:00
0020-S-2026,JUST.CIVCOM,Derecho civil / comercial (códigos de fondo),agente:texto,0.85,2026-09-15T23:49:26+00:00
0021-D-2025,DERSOC.DDHH,Derechos humanos,agente:texto,0.85,2026-09-16T17:16:21+00:00
0021-D-2025,DERSOC.NINEZ,Niñez e infancia,agente:texto,0.95,2026-09-16T17:16:21+00:00
0021-D-2025,JUST.JUDIC,Organización judicial / Magistratura,agente:texto,0.7,2026-09-16T17:16:21+00:00
0021-D-2026,CULT.MEDIOS,Medios / Comunicación,agente:texto,0.95,2026-09-16T17:16:24+00:00
0021-D-2026,DESREG.EMPUB,Empresas públicas / Privatizaciones,agente:texto,0.85,2026-09-16T17:16:24+00:00
0021-JGM-2025,ECON.PRESU,Presupuesto y gasto público,agente:texto,0.95,2026-09-16T17:16:26+00:00
0021-PE-2008,AUX.TRAMITE,Trámite parlamentario (sin contenido sustantivo),agente:texto,0.95,2026-09-15T23:49:28+00:00
0021-PE-2016,POLINST.ORGEST,Organización del Estado / Ministerios,agente:texto,0.85,2026-09-15T23:49:31+00:00
0021-PE-2017,AMB.AGUA,Agua,agente:texto,0.9,2026-09-15T23:49:34+00:00
0021-PE-2017,AMB.BOSQUE,Bosques / Glaciares / Áreas protegidas,agente:texto,0.85,2026-09-15T23:49:34+00:00
0021-PE-2017,DESREG.MODEST,Modernización del Estado,agente:texto,0.65,2026-09-15T23:49:34+00:00
0021-S-2017,CYT.CIBER,Ciberseguridad y datos,agente:texto,0.9,2026-09-15T23:49:37+00:00
0021-S-2017,DEF.TRATADO,Tratados y acuerdos internacionales,agente:texto,0.95,2026-09-15T23:49:37+00:00
0021-S-2017,JUST.PENAL,Derecho penal / Código penal,agente:texto,0.85,2026-09-15T23:49:37+00:00
0021-S-2019,DERSOC.DDHH,Derechos humanos,agente:texto,0.8,2026-09-15T23:49:40+00:00
0021-S-2019,DESSOC.ASIST,Asistencia social / Planes,agente:texto,0.85,2026-09-15T23:49:40+00:00
0021-S-2019,ECON.PRESU,Presupuesto y gasto público,agente:texto,0.75,2026-09-15T23:49:40+00:00
0021-S-2022,ECON.DEUDA,Deuda y financiamiento,agente:texto,0.85,2026-09-15T23:49:43+00:00
0021-S-2022,TRAB.PREV,Previsional / Jubilaciones,agente:texto,0.95,2026-09-15T23:49:43+00:00
0021-S-2025,ECON.COPART,Coparticipación / Federalismo fiscal,agente:texto,0.92,2026-09-15T23:49:45+00:00
0021-S-2025,ECON.PRESU,Presupuesto y gasto público,agente:texto,0.95,2026-09-15T23:49:45+00:00
0021-S-2026,JUST.JUDIC,Organización judicial / Magistratura,agente:texto,0.95,2026-09-15T23:49:47+00:00
0022-D-2025,POLINST.ELECT,Reforma electoral,agente:texto,0.85,2026-09-16T17:16:30+00:00
0022-D-2026,AUX.HOMENAJE,"Homenajes y declaraciones (de interés, beneplácito)",agente:texto,1.0,2026-09-16T17:16:32+00:00
0022-JGM-2025,ECON.PRESU,Presupuesto y gasto público,agente:texto,0.95,2026-09-16T17:16:34+00:00
0022-PE-2009,CULT.MEDIOS,Medios / Comunicación,agente:texto,0.95,2026-09-15T23:49:50+00:00
0022-PE-2009,CYT.INNOV,Innovación / Economía del conocimiento / Software,agente:texto,0.6,2026-09-15T23:49:50+00:00
0022-PE-2009,INFRA.TELECOM,Telecomunicaciones / Conectividad,agente:texto,0.85,2026-09-15T23:49:50+00:00
0022-PE-2024,POLINST.ELECT,Reforma electoral,agente:texto,0.95,2026-09-15T23:49:52+00:00
0022-S-2022,AMB.BOSQUE,Bosques / Glaciares / Áreas protegidas,agente:texto,0.9,2026-09-15T23:49:55+00:00
0022-S-2022,POLINST.ORGEST,Organización del Estado / Ministerios,agente:texto,0.7,2026-09-15T23:49:55+00:00
0022-S-2025,AUX.TRAMITE,Trámite parlamentario (sin contenido sustantivo),agente:texto,0.95,2026-09-15T23:49:57+00:00
0022-S-2026,JUST.JUDIC,Organización judicial / Magistratura,agente:texto,0.95,2026-09-15T23:50:00+00:00
0023-D-2025,POLINST.ELECT,Reforma electoral,agente:texto,0.95,2026-09-16T17:16:37+00:00
0023-D-2026,EDU.BASICA,Educación básica y media,agente:texto,0.6,2026-09-16T17:16:39+00:00
0023-D-2026,EDU.SUPERIOR,Educación superior / Universidades / Financiamiento,agente:texto,0.6,2026-09-16T17:16:39+00:00
0023-D-2026,POLINST.ORGEST,Organización del Estado / Ministerios,agente:texto,0.8,2026-09-16T17:16:39+00:00
0023-JGM-2025,ECON.PRESU,Presupuesto y gasto público,agente:texto,0.95,2026-09-16T17:16:42+00:00
0023-PE-2009,DERSOC.DDHH,Derechos humanos,agente:texto,0.75,2026-09-15T23:50:03+00:00
0023-PE-2009,JUST.JUDIC,Organización judicial / Magistratura,agente:texto,0.85,2026-09-15T23:50:03+00:00
0023-PE-2009,JUST.PENAL,Derecho penal / Código penal,agente:texto,0.8,2026-09-15T23:50:03+00:00
0023-PE-2009,POLINST.ORGEST,Organización del Estado / Ministerios,agente:texto,0.7,2026-09-15T23:50:03+00:00
0023-PE-2017,ECON.TRIB,Tributario / Impuestos,agente:texto,0.95,2026-09-15T23:50:06+00:00
0023-PE-2017,TRAB.PREV,Previsional / Jubilaciones,agente:texto,0.9,2026-09-15T23:50:06+00:00
0023-PE-2024,ECON.TRIB,Tributario / Impuestos,agente:texto,0.95,2026-09-16T17:16:44+00:00
0023-S-2010,CYT.CIENCIA,Ciencia y técnica,agente:texto,0.9,2026-09-15T23:50:08+00:00
0023-S-2010,CYT.INNOV,Innovación / Economía del conocimiento / Software,agente:texto,0.75,2026-09-15T23:50:08+00:00
0023-S-2010,DEF.TRATADO,Tratados y acuerdos internacionales,agente:texto,0.95,2026-09-15T23:50:08+00:00
0023-S-2012,DEF.TRATADO,Tratados y acuerdos internacionales,agente:texto,0.95,2026-09-15T23:50:12+00:00
0023-S-2012,ENER.HIDRO,Hidrocarburos (petróleo y gas),agente:texto,0.65,2026-09-15T23:50:12+00:00
0023-S-2024,DEF.TRATADO,Tratados y acuerdos internacionales,agente:texto,0.95,2026-09-15T23:50:14+00:00
0023-S-2024,JUST.PENAL,Derecho penal / Código penal,agente:texto,0.85,2026-09-15T23:50:14+00:00
0023-S-2026,CULT.MEDIOS,Medios / Comunicación,agente:texto,0.95,2026-09-16T17:16:47+00:00
0023-S-2026,ECON.PRESU,Presupuesto y gasto público,agente:texto,0.75,2026-09-16T17:16:47+00:00
0023-S-2026,POLINST.ETICA,Transparencia / Lobby / Ética pública,agente:texto,0.85,2026-09-16T17:16:47+00:00
0024-D-2025,DERSOC.DDHH,Derechos humanos,agente:texto,0.8,2026-09-16T17:16:50+00:00
0024-D-2025,DERSOC.NINEZ,Niñez e infancia,agente:texto,0.95,2026-09-16T17:16:50+00:00
0024-D-2025,JUST.SEGINT,Seguridad interior,agente:texto,0.85,2026-09-16T17:16:50+00:00
0024-D-2026,CULT.CULTURA,Cultura / Patrimonio,agente:texto,0.95,2026-09-16T17:16:54+00:00
0024-D-2026,JUST.CIVCOM,Derecho civil / comercial (códigos de fondo),agente:texto,0.75,2026-09-16T17:16:54+00:00
0024-JGM-2025,ECON.PRESU,Presupuesto y gasto público,agente:texto,0.95,2026-09-16T17:16:56+00:00
0024-PE-2009,JUST.PENAL,Derecho penal / Código penal,agente:texto,0.95,2026-09-15T23:50:17+00:00
0024-PE-2010,AUX.HOMENAJE,"Homenajes y declaraciones (de interés, beneplácito)",agente:texto,0.85,2026-09-15T23:50:20+00:00
0024-PE-2010,DESREG.DESECO,Desregulación económica,agente:texto,0.65,2026-09-15T23:50:20+00:00
0024-PE-2010,PROD.INDPYME,Industria y PyMEs,agente:texto,0.75,2026-09-15T23:50:20+00:00
0024-PE-2024,POLINST.ELECT,Reforma electoral,agente:texto,0.85,2026-09-15T23:50:23+00:00
0024-PE-2024,POLINST.ETICA,Transparencia / Lobby / Ética pública,agente:texto,0.75,2026-09-15T23:50:23+00:00
0024-PE-2024,POLINST.PARTIDOS,Partidos políticos,agente:texto,0.9,2026-09-15T23:50:23+00:00
0024-S-2012,AUX.HOMENAJE,"Homenajes y declaraciones (de interés, beneplácito)",agente:texto,0.95,2026-09-15T23:50:25+00:00
0024-S-2013,DERSOC.ORIGIN,Pueblos originarios,agente:texto,0.95,2026-09-15T23:50:28+00:00
0024-S-2013,ECON.PRESU,Presupuesto y gasto público,agente:texto,0.85,2026-09-15T23:50:28+00:00
0024-S-2013,JUST.PROPIED,Propiedad (inviolabilidad),agente:texto,0.9,2026-09-15T23:50:28+00:00
0024-S-2026,DEF.TRATADO,Tratados y acuerdos internacionales,agente:texto,0.75,2026-09-16T17:17:00+00:00
0024-S-2026,ECON.DEUDA,Deuda y financiamiento,agente:texto,0.9,2026-09-16T17:17:00+00:00
0024-S-2026,INFRA.OBRA,Obra pública,agente:texto,0.95,2026-09-16T17:17:00+00:00
0025-D-2025,DERSOC.NINEZ,Niñez e infancia,agente:texto,0.9,2026-09-16T17:17:03+00:00
0025-D-2025,JUST.PENALJUV,Régimen penal juvenil,agente:texto,0.95,2026-09-16T17:17:03+00:00
0025-D-2025,JUST.SEGINT,Seguridad interior,agente:texto,0.75,2026-09-16T17:17:03+00:00
0025-D-2026,AUX.HOMENAJE,"Homenajes y declaraciones (de interés, beneplácito)",agente:texto,1.0,2026-09-16T17:17:05+00:00
0025-PE-2009,JUST.PENAL,Derecho penal / Código penal,agente:texto,0.98,2026-09-15T23:50:30+00:00
0025-PE-2016,CYT.INNOV,Innovación / Economía del conocimiento / Software,agente:texto,0.65,2026-09-15T23:50:35+00:00
0025-PE-2016,DESREG.DESECO,Desregulación económica,agente:texto,0.75,2026-09-15T23:50:35+00:00
0025-PE-2016,DESREG.SOCIED,Régimen de sociedades / comercial,agente:texto,0.7,2026-09-15T23:50:35+00:00
0025-PE-2016,PROD.COMEX,Comercio interior y exterior,agente:texto,0.6,2026-09-15T23:50:35+00:00
0025-PE-2016,PROD.INVER,Promoción de inversiones (RIGI),agente:texto,0.85,2026-09-15T23:50:35+00:00
0025-PE-2017,CULT.DEPORTE,Deporte,agente:texto,0.95,2026-09-15T23:50:38+00:00
0025-PE-2017,SALUD.SISTEMA,Sistema de salud / Hospitales / Obras sociales,agente:texto,0.7,2026-09-15T23:50:38+00:00
0025-PE-2023,DESREG.DESECO,Desregulación económica,agente:texto,0.85,2026-09-15T23:50:41+00:00
0025-PE-2023,DESREG.MODEST,Modernización del Estado,agente:texto,0.8,2026-09-15T23:50:41+00:00
0025-PE-2023,ECON.PRESU,Presupuesto y gasto público,agente:texto,0.75,2026-09-15T23:50:41+00:00
0025-PE-2023,POLINST.CONST,Reforma constitucional,agente:texto,0.95,2026-09-15T23:50:41+00:00
0025-PE-2024,JUST.PENAL,Derecho penal / Código penal,agente:texto,0.95,2026-09-16T17:17:07+00:00
0025-S-2012,DESREG.EMPUB,Empresas públicas / Privatizaciones,agente:texto,0.5,2026-09-15T23:50:46+00:00
0025-S-2012,EDU.BASICA,Educación básica y media,agente:texto,0.7,2026-09-15T23:50:46+00:00
0025-S-2012,INFRA.VIVIENDA,Vivienda y hábitat,agente:texto,0.6,2026-09-15T23:50:46+00:00
0025-S-2026,SALUD.SISTEMA,Sistema de salud / Hospitales / Obras sociales,agente:texto,0.95,2026-09-16T17:17:10+00:00
0026-D-2025,JUST.JUDIC,Organización judicial / Magistratura,agente:texto,0.95,2026-09-16T17:17:13+00:00
0026-D-2025,POLINST.CONST,Reforma constitucional,agente:texto,0.85,2026-09-16T17:17:13+00:00
0026-D-2026,AUX.TRAMITE,Trámite parlamentario (sin contenido sustantivo),agente:texto,0.95,2026-09-16T17:17:16+00:00
0026-PE-2009,DERSOC.DDHH,Derechos humanos,agente:texto,0.9,2026-09-15T23:50:48+00:00
0026-PE-2009,JUST.JUDIC,Organización judicial / Magistratura,agente:texto,0.85,2026-09-15T23:50:48+00:00
0026-PE-2016,JUST.JUDIC,Organización judicial / Magistratura,agente:texto,0.95,2026-09-15T23:50:51+00:00
0026-S-2012,DESREG.EMPUB,Empresas públicas / Privatizaciones,agente:texto,0.85,2026-09-15T23:50:54+00:00
0026-S-2012,ECON.COPART,Coparticipación / Federalismo fiscal,agente:texto,0.7,2026-09-15T23:50:54+00:00
0026-S-2012,INFRA.TRANSP,"Transporte (incl. subsidios al transporte, trenes)",agente:texto,0.95,2026-09-15T23:50:54+00:00
0026-S-2018,AMB.BOSQUE,Bosques / Glaciares / Áreas protegidas,agente:texto,0.95,2026-09-15T23:50:57+00:00
0026-S-2018,DEF.TRATADO,Tratados y acuerdos internacionales,agente:texto,0.75,2026-09-15T23:50:57+00:00
0026-S-2018,POLINST.ORGEST,Organización del Estado / Ministerios,agente:texto,0.65,2026-09-15T23:50:57+00:00
0026-S-2024,DEF.TRATADO,Tratados y acuerdos internacionales,agente:texto,0.95,2026-09-15T23:50:59+00:00
0026-S-2026,DEF.TRATADO,Tratados y acuerdos internacionales,agente:texto,0.95,2026-09-15T23:51:02+00:00
0026-S-2026,PROD.COMEX,Comercio interior y exterior,agente:texto,0.9,2026-09-15T23:51:02+00:00
0027-D-2025,CYT.IA,Inteligencia artificial,agente:texto,0.85,2026-09-16T17:17:18+00:00
0027-D-2025,JUST.PENAL,Derecho penal / Código penal,agente:texto,0.95,2026-09-16T17:17:18+00:00
0027-D-2026,AUX.TRAMITE,Trámite parlamentario (sin contenido sustantivo),agente:texto,0.95,2026-09-16T17:17:21+00:00
0027-PE-2008,DESREG.EMPUB,Empresas públicas / Privatizaciones,agente:texto,0.65,2026-09-15T23:51:05+00:00
0027-PE-2008,ECON.PRESU,Presupuesto y gasto público,agente:texto,0.7,2026-09-15T23:51:05+00:00
0027-PE-2008,TRAB.PREV,Previsional / Jubilaciones,agente:texto,0.95,2026-09-15T23:51:05+00:00
0027-PE-2009,ECON.TRIB,Tributario / Impuestos,agente:texto,0.95,2026-09-15T23:51:08+00:00
0027-PE-2009,ENER.COMBUS,Combustibles,agente:texto,0.85,2026-09-15T23:51:08+00:00
0027-S-2015,JUST.JUDIC,Organización judicial / Magistratura,agente:texto,0.85,2026-09-15T23:51:11+00:00
0027-S-2015,POLINST.ORGEST,Organización del Estado / Ministerios,agente:texto,0.8,2026-09-15T23:51:11+00:00
0027-S-2017,DERSOC.GENERO,Género / Diversidad,agente:texto,0.95,2026-09-15T23:51:13+00:00
0027-S-2017,DERSOC.NINEZ,Niñez e infancia,agente:texto,0.9,2026-09-15T23:51:13+00:00
0027-S-2017,DESSOC.ASIST,Asistencia social / Planes,agente:texto,0.85,2026-09-15T23:51:13+00:00
0027-S-2018,DERSOC.DDHH,Derechos humanos,agente:texto,0.72,2026-09-15T23:51:16+00:00
0027-S-2018,JUST.PENAL,Derecho penal / Código penal,agente:texto,0.85,2026-09-15T23:51:16+00:00
0027-S-2024,DEF.TRATADO,Tratados y acuerdos internacionales,agente:texto,0.95,2026-09-15T23:51:18+00:00
0027-S-2026,DERSOC.DDHH,Derechos humanos,agente:texto,0.65,2026-09-16T17:17:24+00:00
0027-S-2026,JUST.CIVCOM,Derecho civil / comercial (códigos de fondo),agente:texto,0.95,2026-09-16T17:17:24+00:00
0028-D-2025,JUST.JUDIC,Organización judicial / Magistratura,agente:texto,0.95,2026-09-16T17:17:26+00:00
0028-D-2026,AUX.TRAMITE,Trámite parlamentario (sin contenido sustantivo),agente:texto,0.7,2026-09-16T17:17:30+00:00
0028-D-2026,INFRA.OBRA,Obra pública,agente:texto,0.8,2026-09-16T17:17:30+00:00
0028-D-2026,INFRA.TRANSP,"Transporte (incl. subsidios al transporte, trenes)",agente:texto,0.9,2026-09-16T17:17:30+00:00
0028-PE-2008,AUX.HOMENAJE,"Homenajes y declaraciones (de interés, beneplácito)",agente:texto,0.75,2026-09-15T23:51:22+00:00
0028-PE-2008,EDU.SUPERIOR,Educación superior / Universidades / Financiamiento,agente:texto,0.7,2026-09-15T23:51:22+00:00
0028-PE-2008,SALUD.SISTEMA,Sistema de salud / Hospitales / Obras sociales,agente:texto,0.65,2026-09-15T23:51:22+00:00
0028-PE-2009,AUX.TRAMITE,Trámite parlamentario (sin contenido sustantivo),agente:texto,0.95,2026-09-15T23:51:24+00:00
0028-PE-2016,DEF.TRATADO,Tratados y acuerdos internacionales,agente:texto,0.85,2026-09-15T23:51:27+00:00
0028-PE-2016,ECON.DEUDA,Deuda y financiamiento,agente:texto,0.7,2026-09-15T23:51:27+00:00
0028-PE-2016,PROD.AGRO,"Agro, ganadería y pesca",agente:texto,0.65,2026-09-15T23:51:27+00:00
0028-S-2015,JUST.JUDIC,Organización judicial / Magistratura,agente:texto,0.95,2026-09-15T23:51:30+00:00
0028-S-2016,DERSOC.DDHH,Derechos humanos,agente:texto,0.85,2026-09-15T23:51:33+00:00
0028-S-2016,DERSOC.GENERO,Género / Diversidad,agente:texto,0.95,2026-09-15T23:51:33+00:00
0028-S-2016,ECON.EMERG,Emergencia económica,agente:texto,0.7,2026-09-15T23:51:33+00:00
0028-S-2024,DEF.TRATADO,Tratados y acuerdos internacionales,agente:texto,0.95,2026-09-15T23:51:36+00:00
0028-S-2024,JUST.PENAL,Derecho penal / Código penal,agente:texto,0.85,2026-09-15T23:51:36+00:00
0028-S-2026,AUX.HOMENAJE,"Homenajes y declaraciones (de interés, beneplácito)",agente:texto,0.95,2026-09-15T23:51:38+00:00
0029-D-2025,POLINST.ELECT,Reforma electoral,agente:texto,0.85,2026-09-16T17:17:33+00:00
0029-D-2025,POLINST.PARTIDOS,Partidos políticos,agente:texto,0.95,2026-09-16T17:17:33+00:00
0029-D-2026,DESREG.EMPUB,Empresas públicas / Privatizaciones,agente:texto,0.7,2026-09-16T17:17:36+00:00
0029-D-2026,JUST.SEGINT,Seguridad interior,agente:texto,0.75,2026-09-16T17:17:36+00:00
0029-D-2026,POLINST.ETICA,Transparencia / Lobby / Ética pública,agente:texto,0.85,2026-09-16T17:17:36+00:00
0029-PE-2016,DEF.TRATADO,Tratados y acuerdos internacionales,agente:texto,0.7,2026-09-15T23:51:41+00:00
0029-PE-2016,ECON.DEUDA,Deuda y financiamiento,agente:texto,0.75,2026-09-15T23:51:41+00:00
0029-PE-2016,INFRA.OBRA,Obra pública,agente:texto,0.65,2026-09-15T23:51:41+00:00
0029-S-2012,DESREG.EMPUB,Empresas públicas / Privatizaciones,agente:texto,0.9,2026-09-15T23:51:45+00:00
0029-S-2012,ECON.PRESU,Presupuesto y gasto público,agente:texto,0.7,2026-09-15T23:51:45+00:00
0029-S-2012,ENER.HIDRO,Hidrocarburos (petróleo y gas),agente:texto,0.95,2026-09-15T23:51:45+00:00
0029-S-2012,JUST.PROPIED,Propiedad (inviolabilidad),agente:texto,0.85,2026-09-15T23:51:45+00:00
0029-S-2015,JUST.JUDIC,Organización judicial / Magistratura,agente:texto,0.9,2026-09-15T23:51:48+00:00
0029-S-2016,DESSOC.ASIST,Asistencia social / Planes,agente:texto,0.6,2026-09-15T23:51:52+00:00
0029-S-2016,TRAB.EMPLEOPUB,Empleo público,agente:texto,0.85,2026-09-15T23:51:52+00:00
0029-S-2026,AUX.HOMENAJE,"Homenajes y declaraciones (de interés, beneplácito)",agente:texto,0.95,2026-09-16T17:17:38+00:00
0030-D-2025,POLINST.ELECT,Reforma electoral,agente:texto,0.7,2026-09-16T17:17:43+00:00
0030-D-2025,POLINST.PARTIDOS,Partidos políticos,agente:texto,0.95,2026-09-16T17:17:43+00:00
0030-D-2026,AUX.TRAMITE,Trámite parlamentario (sin contenido sustantivo),agente:texto,0.95,2026-09-16T17:17:45+00:00
0030-PE-2009,ECON.DEUDA,Deuda y financiamiento,agente:texto,0.95,2026-09-15T23:51:55+00:00
0030-PE-2009,ECON.PRESU,Presupuesto y gasto público,agente:texto,0.7,2026-09-15T23:51:55+00:00
0030-S-2008,JUST.JUDIC,Organización judicial / Magistratura,agente:texto,0.95,2026-09-15T23:51:57+00:00
0030-S-2013,ECON.DEUDA,Deuda y financiamiento,agente:texto,0.95,2026-09-15T23:51:59+00:00
0030-S-2013,ECON.PRESU,Presupuesto y gasto público,agente:texto,0.75,2026-09-15T23:51:59+00:00
0030-S-2014,ECON.COPART,Coparticipación / Federalismo fiscal,agente:texto,0.6,2026-09-15T23:52:02+00:00
0030-S-2014,ECON.EMERG,Emergencia económica,agente:texto,0.95,2026-09-15T23:52:02+00:00
0030-S-2014,PROD.AGRO,"Agro, ganadería y pesca",agente:texto,0.9,2026-09-15T23:52:02+00:00
0030-S-2015,JUST.PENAL,Derecho penal / Código penal,agente:texto,0.95,2026-09-15T23:52:04+00:00
0030-S-2017,ECON.COPART,Coparticipación / Federalismo fiscal,agente:texto,0.4,2026-09-15T23:52:07+00:00
0030-S-2017,ECON.EMERG,Emergencia económica,agente:texto,0.95,2026-09-15T23:52:07+00:00
0030-S-2017,PROD.AGRO,"Agro, ganadería y pesca",agente:texto,0.95,2026-09-15T23:52:07+00:00
0030-S-2022,DEF.DEFENSA,Defensa / Fuerzas Armadas,agente:texto,0.95,2026-09-15T23:52:10+00:00
0030-S-2022,DEF.TRATADO,Tratados y acuerdos internacionales,agente:texto,0.75,2026-09-15T23:52:10+00:00
0030-S-2026,AUX.HOMENAJE,"Homenajes y declaraciones (de interés, beneplácito)",agente:texto,1.0,2026-09-16T17:17:47+00:00
0031-D-2025,JUST.JUDIC,Organización judicial / Magistratura,agente:texto,0.85,2026-09-16T17:17:51+00:00
0031-D-2025,POLINST.ETICA,Transparencia / Lobby / Ética pública,agente:texto,0.95,2026-09-16T17:17:51+00:00
0031-D-2026,INFRA.OBRA,Obra pública,agente:texto,0.95,2026-09-16T17:17:54+00:00
0031-D-2026,INFRA.TRANSP,"Transporte (incl. subsidios al transporte, trenes)",agente:texto,0.85,2026-09-16T17:17:54+00:00
0031-JGM-2010,AUX.TRAMITE,Trámite parlamentario (sin contenido sustantivo),agente:texto,0.95,2026-09-15T23:52:13+00:00
0031-PE-2008,ECON.TRIB,Tributario / Impuestos,agente:texto,0.75,2026-09-15T23:52:16+00:00
0031-PE-2008,PROD.INDPYME,Industria y PyMEs,agente:texto,0.9,2026-09-15T23:52:16+00:00
0031-PE-2008,PROD.INVER,Promoción de inversiones (RIGI),agente:texto,0.95,2026-09-15T23:52:16+00:00
0031-PE-2009,POLINST.ELECT,Reforma electoral,agente:texto,0.95,2026-09-15T23:52:19+00:00
0031-PE-2009,POLINST.ETICA,Transparencia / Lobby / Ética pública,agente:texto,0.85,2026-09-15T23:52:19+00:00
0031-PE-2009,POLINST.PARTIDOS,Partidos políticos,agente:texto,0.9,2026-09-15T23:52:19+00:00
0031-PE-2016,JUST.CIVCOM,Derecho civil / comercial (códigos de fondo),agente:texto,0.85,2026-09-15T23:52:21+00:00
0031-PE-2016,JUST.PENAL,Derecho penal / Código penal,agente:texto,0.95,2026-09-15T23:52:21+00:00
0031-S-2015,JUST.JUDIC,Organización judicial / Magistratura,agente:texto,0.95,2026-09-15T23:52:24+00:00
0031-S-2015,POLINST.ORGEST,Organización del Estado / Ministerios,agente:texto,0.85,2026-09-15T23:52:24+00:00
0031-S-2017,ECON.PRESU,Presupuesto y gasto público,agente:texto,0.75,2026-09-15T23:52:26+00:00
0031-S-2017,INFRA.OBRA,Obra pública,agente:texto,0.85,2026-09-15T23:52:26+00:00
0031-S-2017,INFRA.VIVIENDA,Vivienda y hábitat,agente:texto,0.9,2026-09-15T23:52:26+00:00
0031-S-2022,DEF.TRATADO,Tratados y acuerdos internacionales,agente:texto,0.7,2026-09-15T23:52:30+00:00
0031-S-2022,ECON.COPART,Coparticipación / Federalismo fiscal,agente:texto,0.95,2026-09-15T23:52:30+00:00
0031-S-2026,AUX.HOMENAJE,"Homenajes y declaraciones (de interés, beneplácito)",agente:texto,0.95,2026-09-16T17:17:57+00:00
0031-S-2026,CULT.CULTURA,Cultura / Patrimonio,agente:texto,0.85,2026-09-16T17:17:57+00:00
0032-D-2025,AUX.TRAMITE,Trámite parlamentario (sin contenido sustantivo),agente:texto,0.9,2026-09-16T17:18:00+00:00
0032-D-2025,POLINST.ETICA,Transparencia / Lobby / Ética pública,agente:texto,0.75,2026-09-16T17:18:00+00:00
0032-D-2025,POLINST.ORGEST,Organización del Estado / Ministerios,agente:texto,0.85,2026-09-16T17:18:00+00:00
0032-D-2026,AUX.TRAMITE,Trámite parlamentario (sin contenido sustantivo),agente:texto,0.95,2026-09-16T17:18:02+00:00
0032-PE-2008,ECON.EMERG,Emergencia económica,agente:texto,0.95,2026-09-15T23:52:33+00:00
0032-PE-2009,DESREG.SOCIED,Régimen de sociedades / comercial,agente:texto,0.75,2026-09-15T23:52:36+00:00
0032-PE-2009,ECON.TRIB,Tributario / Impuestos,agente:texto,0.95,2026-09-15T23:52:36+00:00
0032-PE-2009,TRAB.PREV,Previsional / Jubilaciones,agente:texto,0.85,2026-09-15T23:52:36+00:00
0032-PE-2010,AUX.TRAMITE,Trámite parlamentario (sin contenido sustantivo),agente:texto,0.95,2026-09-15T23:52:38+00:00
0032-PE-2016,ECON.PRESU,Presupuesto y gasto público,agente:texto,0.95,2026-09-15T23:52:41+00:00
0032-PE-2016,POLINST.ORGEST,Organización del Estado / Ministerios,agente:texto,0.75,2026-09-15T23:52:41+00:00
0032-S-2012,DERSOC.NINEZ,Niñez e infancia,agente:texto,0.75,2026-09-15T23:52:45+00:00
0032-S-2012,SALUD.MEDIC,Medicamentos y vacunas,agente:texto,0.65,2026-09-15T23:52:45+00:00
0032-S-2012,SALUD.SISTEMA,Sistema de salud / Hospitales / Obras sociales,agente:texto,0.85,2026-09-15T23:52:45+00:00
0032-S-2014,CULT.CULTURA,Cultura / Patrimonio,agente:texto,0.75,2026-09-15T23:52:47+00:00
0032-S-2014,DESREG.MODEST,Modernización del Estado,agente:texto,0.6,2026-09-15T23:52:47+00:00
0032-S-2014,EDU.SUPERIOR,Educación superior / Universidades / Financiamiento,agente:texto,0.95,2026-09-15T23:52:47+00:00
0032-S-2015,JUST.JUDIC,Organización judicial / Magistratura,agente:texto,0.95,2026-09-15T23:52:50+00:00
0032-S-2025,AUX.TRAMITE,Trámite parlamentario (sin contenido sustantivo),agente:texto,0.75,2026-09-15T23:52:53+00:00
0032-S-2025,POLINST.ORGEST,Organización del Estado / Ministerios,agente:texto,0.85,2026-09-15T23:52:53+00:00
0032-S-2026,JUST.PROPIED,Propiedad (inviolabilidad),agente:texto,0.95,2026-09-15T23:52:56+00:00
0033-D-2025,ECON.TRIB,Tributario / Impuestos,agente:texto,0.85,2026-09-16T17:18:04+00:00
0033-D-2025,JUST.PENAL,Derecho penal / Código penal,agente:texto,0.95,2026-09-16T17:18:04+00:00
0033-D-2026,AUX.TRAMITE,Trámite parlamentario (sin contenido sustantivo),agente:texto,0.7,2026-09-16T17:18:08+00:00
0033-D-2026,DEF.DEFENSA,Defensa / Fuerzas Armadas,agente:texto,0.95,2026-09-16T17:18:08+00:00
0033-D-2026,POLINST.ORGEST,Organización del Estado / Ministerios,agente:texto,0.75,2026-09-16T17:18:08+00:00
0033-D-2026,SALUD.SISTEMA,Sistema de salud / Hospitales / Obras sociales,agente:texto,0.9,2026-09-16T17:18:08+00:00
0033-PE-2008,ECON.TRIB,Tributario / Impuestos,agente:texto,0.95,2026-09-15T23:52:58+00:00
0033-PE-2009,ECON.EMERG,Emergencia económica,agente:texto,0.95,2026-09-15T23:53:00+00:00
0033-PE-2016,DEF.TRATADO,Tratados y acuerdos internacionales,agente:texto,0.95,2026-09-15T23:53:03+00:00
0033-PE-2016,ECON.DEUDA,Deuda y financiamiento,agente:texto,0.85,2026-09-15T23:53:03+00:00
0033-S-2008,ECON.EMERG,Emergencia económica,agente:texto,0.9,2026-09-15T23:53:06+00:00
0033-S-2008,POLINST.ORGEST,Organización del Estado / Ministerios,agente:texto,0.6,2026-09-15T23:53:06+00:00
0033-S-2010,DESREG.MODEST,Modernización del Estado,agente:texto,0.7,2026-09-15T23:53:09+00:00
0033-S-2010,POLINST.ORGEST,Organización del Estado / Ministerios,agente:texto,0.8,2026-09-15T23:53:09+00:00
0033-S-2012,AMB.BOSQUE,Bosques / Glaciares / Áreas protegidas,agente:texto,0.95,2026-09-15T23:53:13+00:00
0033-S-2012,AMB.CLIMA,Cambio climático,agente:texto,0.7,2026-09-15T23:53:13+00:00
0033-S-2012,DESREG.MODEST,Modernización del Estado,agente:texto,0.65,2026-09-15T23:53:13+00:00
0033-S-2014,EDU.SUPERIOR,Educación superior / Universidades / Financiamiento,agente:texto,0.95,2026-09-15T23:53:15+00:00
0033-S-2022,AUX.HOMENAJE,"Homenajes y declaraciones (de interés, beneplácito)",agente:texto,0.95,2026-09-15T23:53:18+00:00
0033-S-2022,CYT.CIENCIA,Ciencia y técnica,agente:texto,0.8,2026-09-15T23:53:18+00:00
0033-S-2022,DERSOC.GENERO,Género / Diversidad,agente:texto,0.85,2026-09-15T23:53:18+00:00
0033-S-2026,ECON.COPART,Coparticipación / Federalismo fiscal,agente:texto,0.85,2026-09-16T17:18:13+00:00
0033-S-2026,ECON.PRESU,Presupuesto y gasto público,agente:texto,0.75,2026-09-16T17:18:13+00:00
0033-S-2026,INFRA.TRANSP,"Transporte (incl. subsidios al transporte, trenes)",agente:texto,0.95,2026-09-16T17:18:13+00:00
0034-D-2025,AUX.TRAMITE,Trámite parlamentario (sin contenido sustantivo),agente:texto,0.75,2026-09-16T17:18:15+00:00
0034-D-2025,POLINST.ETICA,Transparencia / Lobby / Ética pública,agente:texto,0.85,2026-09-16T17:18:15+00:00
0034-D-2026,DERSOC.GENERO,Género / Diversidad,agente:texto,0.78,2026-09-16T17:18:19+00:00
0034-D-2026,DERSOC.NINEZ,Niñez e infancia,agente:texto,0.92,2026-09-16T17:18:19+00:00
0034-D-2026,SALUD.SISTEMA,Sistema de salud / Hospitales / Obras sociales,agente:texto,0.85,2026-09-16T17:18:19+00:00
0034-PE-2008,ECON.EMERG,Emergencia económica,agente:texto,0.85,2026-09-15T23:53:21+00:00
0034-PE-2008,ECON.TRIB,Tributario / Impuestos,agente:texto,0.95,2026-09-15T23:53:21+00:00
0034-S-2008,AMB.CLIMA,Cambio climático,agente:texto,0.85,2026-09-15T23:53:24+00:00
0034-S-2008,AMB.RESID,Residuos,agente:texto,0.75,2026-09-15T23:53:24+00:00
0034-S-2008,ECON.PRESU,Presupuesto y gasto público,agente:texto,0.6,2026-09-15T23:53:24+00:00
0034-S-2010,AMB.BOSQUE,Bosques / Glaciares / Áreas protegidas,agente:texto,0.7,2026-09-15T23:53:27+00:00
0034-S-2010,DERSOC.ORIGIN,Pueblos originarios,agente:texto,0.95,2026-09-15T23:53:27+00:00
0034-S-2010,JUST.PROPIED,Propiedad (inviolabilidad),agente:texto,0.85,2026-09-15T23:53:27+00:00
0034-S-2012,DEF.TRATADO,Tratados y acuerdos internacionales,agente:texto,0.85,2026-09-15T23:53:29+00:00
0034-S-2013,ECON.PRESU,Presupuesto y gasto público,agente:texto,0.95,2026-09-15T23:53:32+00:00
0034-S-2013,PROD.AGRO,"Agro, ganadería y pesca",agente:texto,0.9,2026-09-15T23:53:32+00:00
0034-S-2014,DEF.DEFENSA,Defensa / Fuerzas Armadas,agente:texto,0.85,2026-09-15T23:53:35+00:00
0034-S-2014,EDU.SUPERIOR,Educación superior / Universidades / Financiamiento,agente:texto,0.95,2026-09-15T23:53:35+00:00
0034-S-2026,AUX.HOMENAJE,"Homenajes y declaraciones (de interés, beneplácito)",agente:texto,0.95,2026-09-16T17:18:21+00:00
0035-D-2025,DESSOC.ASIST,Asistencia social / Planes,agente:texto,0.7,2026-09-16T17:18:24+00:00
0035-D-2025,ECON.COPART,Coparticipación / Federalismo fiscal,agente:texto,0.75,2026-09-16T17:18:24+00:00
0035-D-2025,ECON.PRESU,Presupuesto y gasto público,agente:texto,0.85,2026-09-16T17:18:24+00:00
0035-D-2026,AUX.HOMENAJE,"Homenajes y declaraciones (de interés, beneplácito)",agente:texto,0.95,2026-09-16T17:18:26+00:00
0035-JGM-2010,AMB.MINER,Minería,agente:texto,0.7,2026-09-15T23:53:38+00:00
0035-JGM-2010,ECON.PRESU,Presupuesto y gasto público,agente:texto,0.5,2026-09-15T23:53:38+00:00
0035-JGM-2010,PROD.COMEX,Comercio interior y exterior,agente:texto,0.9,2026-09-15T23:53:38+00:00
0035-PE-2008,AUX.TRAMITE,Trámite parlamentario (sin contenido sustantivo),agente:texto,0.95,2026-09-15T23:53:41+00:00
0035-S-2008,DESREG.EMPUB,Empresas públicas / Privatizaciones,agente:texto,0.5,2026-09-15T23:53:45+00:00
0035-S-2008,INFRA.OBRA,Obra pública,agente:texto,0.6,2026-09-15T23:53:45+00:00
0035-S-2008,POLINST.ORGEST,Organización del Estado / Ministerios,agente:texto,0.4,2026-09-15T23:53:45+00:00
0035-S-2010,DEF.EXTERIOR,Política exterior,agente:texto,0.85,2026-09-15T23:53:48+00:00
0035-S-2010,DEF.TRATADO,Tratados y acuerdos internacionales,agente:texto,0.95,2026-09-15T23:53:48+00:00
0035-S-2010,ECON.COPART,Coparticipación / Federalismo fiscal,agente:texto,0.7,2026-09-15T23:53:48+00:00
0035-S-2026,AUX.HOMENAJE,"Homenajes y declaraciones (de interés, beneplácito)",agente:texto,0.95,2026-09-16T17:18:29+00:00
0036-D-2025,JUST.CIVCOM,Derecho civil / comercial (códigos de fondo),agente:texto,0.95,2026-09-16T17:18:32+00:00
0036-D-2026,AUX.TRAMITE,Trámite parlamentario (sin contenido sustantivo),agente:texto,0.8,2026-09-16T17:18:35+00:00
0036-D-2026,DEF.EXTERIOR,Política exterior,agente:texto,0.85,2026-09-16T17:18:35+00:00
0036-D-2026,POLINST.ORGEST,Organización del Estado / Ministerios,agente:texto,0.75,2026-09-16T17:18:35+00:00
0036-PE-2008,DESSOC.ASIST,Asistencia social / Planes,agente:texto,0.65,2026-09-15T23:53:52+00:00
0036-PE-2008,ECON.TRIB,Tributario / Impuestos,agente:texto,0.7,2026-09-15T23:53:52+00:00
0036-PE-2008,TRAB.PREV,Previsional / Jubilaciones,agente:texto,0.75,2026-09-15T23:53:52+00:00
0036-PE-2016,ECON.TRIB,Tributario / Impuestos,agente:texto,0.95,2026-09-15T23:53:54+00:00
0036-S-2010,CULT.CULTURA,Cultura / Patrimonio,agente:texto,0.85,2026-09-15T23:53:56+00:00
0036-S-2010,DEF.TRATADO,Tratados y acuerdos internacionales,agente:texto,0.95,2026-09-15T23:53:56+00:00
0036-S-2014,AUX.HOMENAJE,"Homenajes y declaraciones (de interés, beneplácito)",agente:texto,0.95,2026-09-15T23:53:59+00:00
0036-S-2014,CULT.MEDIOS,Medios / Comunicación,agente:texto,0.8,2026-09-15T23:53:59+00:00
0036-S-2014,DERSOC.GENERO,Género / Diversidad,agente:texto,0.85,2026-09-15T23:53:59+00:00
0036-S-2018,JUST.JUDIC,Organización judicial / Magistratura,agente:texto,0.95,2026-09-15T23:54:02+00:00
0036-S-2025,AUX.TRAMITE,Trámite parlamentario (sin contenido sustantivo),agente:texto,0.95,2026-09-15T23:54:04+00:00
0036-S-2026,AUX.HOMENAJE,"Homenajes y declaraciones (de interés, beneplácito)",agente:texto,1.0,2026-09-16T17:18:36+00:00
0037-D-2025,AUX.HOMENAJE,"Homenajes y declaraciones (de interés, beneplácito)",agente:texto,1.0,2026-09-16T17:18:39+00:00
0037-D-2026,DEF.DEFENSA,Defensa / Fuerzas Armadas,agente:texto,0.75,2026-09-16T17:18:42+00:00
0037-D-2026,INFRA.OBRA,Obra pública,agente:texto,0.7,2026-09-16T17:18:42+00:00
0037-D-2026,POLINST.ORGEST,Organización del Estado / Ministerios,agente:texto,0.65,2026-09-16T17:18:42+00:00
0037-PE-2008,ECON.PRESU,Presupuesto y gasto público,agente:texto,0.7,2026-09-15T23:54:09+00:00
0037-PE-2008,ECON.TRIB,Tributario / Impuestos,agente:texto,0.85,2026-09-15T23:54:09+00:00
0037-PE-2008,PROD.AGRO,"Agro, ganadería y pesca",agente:texto,0.75,2026-09-15T23:54:09+00:00
0037-PE-2008,SALUD.ADICC,Adicciones / Ludopatía,agente:texto,0.8,2026-09-15T23:54:09+00:00
0037-PE-2009,DEF.DEFENSA,Defensa / Fuerzas Armadas,agente:texto,0.8,2026-09-15T23:54:12+00:00
0037-PE-2009,TRAB.EMPLEOPUB,Empleo público,agente:texto,0.85,2026-09-15T23:54:12+00:00
0037-S-2012,AUX.TRAMITE,Trámite parlamentario (sin contenido sustantivo),agente:texto,0.95,2026-09-15T23:54:15+00:00
0037-S-2014,CULT.CULTURA,Cultura / Patrimonio,agente:texto,0.95,2026-09-15T23:54:18+00:00
0037-S-2014,DEF.TRATADO,Tratados y acuerdos internacionales,agente:texto,0.6,2026-09-15T23:54:18+00:00
0037-S-2014,INFRA.OBRA,Obra pública,agente:texto,0.7,2026-09-15T23:54:18+00:00
0037-S-2025,DERSOC.NINEZ,Niñez e infancia,agente:texto,0.65,2026-09-15T23:54:21+00:00
0037-S-2025,SALUD.MEDIC,Medicamentos y vacunas,agente:texto,0.85,2026-09-15T23:54:21+00:00
0037-S-2025,SALUD.SISTEMA,Sistema de salud / Hospitales / Obras sociales,agente:texto,0.7,2026-09-15T23:54:21+00:00
0038-D-2025,AUX.HOMENAJE,"Homenajes y declaraciones (de interés, beneplácito)",agente:texto,0.95,2026-09-16T17:18:44+00:00
0038-D-2026,AUX.TRAMITE,Trámite parlamentario (sin contenido sustantivo),agente:texto,0.95,2026-09-16T17:18:46+00:00
0038-JGM-2022,ECON.PRESU,Presupuesto y gasto público,agente:texto,0.99,2026-09-15T23:54:23+00:00
0038-PE-2008,DESREG.DESECO,Desregulación económica,agente:texto,0.65,2026-09-15T23:54:27+00:00
0038-PE-2008,ECON.MON,Monetario y cambiario,agente:texto,0.7,2026-09-15T23:54:27+00:00
0038-PE-2008,ECON.TRIB,Tributario / Impuestos,agente:texto,0.95,2026-09-15T23:54:27+00:00
0038-PE-2008,PROD.INDPYME,Industria y PyMEs,agente:texto,0.9,2026-09-15T23:54:27+00:00
0038-PE-2008,TRAB.EMPLEOPUB,Empleo público,agente:texto,0.75,2026-09-15T23:54:27+00:00
0038-S-2010,AUX.HOMENAJE,"Homenajes y declaraciones (de interés, beneplácito)",agente:texto,0.95,2026-09-15T23:54:29+00:00
0038-S-2012,DEF.TRATADO,Tratados y acuerdos internacionales,agente:texto,0.95,2026-09-15T23:54:32+00:00
0038-S-2012,ENER.HIDRO,Hidrocarburos (petróleo y gas),agente:texto,0.6,2026-09-15T23:54:32+00:00
0038-S-2014,DERSOC.DDHH,Derechos humanos,agente:texto,0.9,2026-09-15T23:54:35+00:00
0038-S-2014,EDU.SUPERIOR,Educación superior / Universidades / Financiamiento,agente:texto,0.95,2026-09-15T23:54:35+00:00
0038-S-2014,POLINST.ORGEST,Organización del Estado / Ministerios,agente:texto,0.75,2026-09-15T23:54:35+00:00
0038-S-2025,INFRA.TRANSP,"Transporte (incl. subsidios al transporte, trenes)",agente:texto,0.75,2026-09-15T23:54:38+00:00
0038-S-2025,JUST.PENAL,Derecho penal / Código penal,agente:texto,0.95,2026-09-15T23:54:38+00:00
0038-S-2026,AMB.BOSQUE,Bosques / Glaciares / Áreas protegidas,agente:texto,0.85,2026-09-16T17:18:49+00:00
0038-S-2026,ECON.EMERG,Emergencia económica,agente:texto,0.95,2026-09-16T17:18:49+00:00
0038-S-2026,POLINST.ORGEST,Organización del Estado / Ministerios,agente:texto,0.65,2026-09-16T17:18:49+00:00
0039-D-2025,ECON.COPART,Coparticipación / Federalismo fiscal,agente:texto,0.75,2026-09-16T17:18:52+00:00
0039-D-2025,ECON.TRIB,Tributario / Impuestos,agente:texto,0.95,2026-09-16T17:18:52+00:00
0039-D-2026,DERSOC.DDHH,Derechos humanos,agente:texto,0.85,2026-09-16T17:18:55+00:00
0039-D-2026,DERSOC.GENERO,Género / Diversidad,agente:texto,0.95,2026-09-16T17:18:55+00:00
0039-D-2026,DESSOC.ASIST,Asistencia social / Planes,agente:texto,0.8,2026-09-16T17:18:55+00:00
0039-D-2026,POLINST.ETICA,Transparencia / Lobby / Ética pública,agente:texto,0.7,2026-09-16T17:18:55+00:00
0039-S-2010,AUX.HOMENAJE,"Homenajes y declaraciones (de interés, beneplácito)",agente:texto,0.95,2026-09-15T23:54:40+00:00
0039-S-2018,CYT.CIENCIA,Ciencia y técnica,agente:texto,0.85,2026-09-15T23:54:43+00:00
0039-S-2018,JUST.CIVCOM,Derecho civil / comercial (códigos de fondo),agente:texto,0.7,2026-09-15T23:54:43+00:00
0039-S-2018,SALUD.SISTEMA,Sistema de salud / Hospitales / Obras sociales,agente:texto,0.95,2026-09-15T23:54:43+00:00
0039-S-2024,AMB.AGUA,Agua,agente:texto,0.7,2026-09-15T23:54:46+00:00
0039-S-2024,DEF.TRATADO,Tratados y acuerdos internacionales,agente:texto,0.95,2026-09-15T23:54:46+00:00
0039-S-2026,CULT.CULTURA,Cultura / Patrimonio,agente:texto,0.95,2026-09-16T17:18:58+00:00
0039-S-2026,ECON.TRIB,Tributario / Impuestos,agente:texto,0.75,2026-09-16T17:18:58+00:00
0040-D-2025,TRAB.LABOR,Relaciones laborales (reforma laboral),agente:texto,0.95,2026-09-16T17:19:00+00:00
0040-D-2026,AUX.TRAMITE,Trámite parlamentario (sin contenido sustantivo),agente:texto,0.9,2026-09-16T17:19:04+00:00
0040-D-2026,ECON.COPART,Coparticipación / Federalismo fiscal,agente:texto,0.6,2026-09-16T17:19:04+00:00
0040-D-2026,ECON.TRIB,Tributario / Impuestos,agente:texto,0.85,2026-09-16T17:19:04+00:00
0040-D-2026,PROD.AGRO,"Agro, ganadería y pesca",agente:texto,0.85,2026-09-16T17:19:04+00:00
0040-S-2010,DESSOC.ASIST,Asistencia social / Planes,agente:texto,0.75,2026-09-15T23:54:49+00:00
0040-S-2010,INFRA.TRANSP,"Transporte (incl. subsidios al transporte, trenes)",agente:texto,0.9,2026-09-15T23:54:49+00:00
0040-S-2010,SALUD.DISCAP,Discapacidad,agente:texto,0.95,2026-09-15T23:54:49+00:00
0040-S-2026,DESREG.EMPUB,Empresas públicas / Privatizaciones,agente:texto,0.75,2026-09-16T17:19:07+00:00
0040-S-2026,ECON.COPART,Coparticipación / Federalismo fiscal,agente:texto,0.7,2026-09-16T17:19:07+00:00
0040-S-2026,JUST.PROPIED,Propiedad (inviolabilidad),agente:texto,0.65,2026-09-16T17:19:07+00:00
0041-D-2025,ECON.COPART,Coparticipación / Federalismo fiscal,agente:texto,0.7,2026-09-16T17:19:10+00:00
0041-D-2025,JUST.PROPIED,Propiedad (inviolabilidad),agente:texto,0.85,2026-09-16T17:19:10+00:00
0041-D-2026,AUX.TRAMITE,Trámite parlamentario (sin contenido sustantivo),agente:texto,0.8,2026-09-16T17:19:13+00:00
0041-D-2026,INFRA.OBRA,Obra pública,agente:texto,0.7,2026-09-16T17:19:13+00:00
0041-D-2026,INFRA.TRANSP,"Transporte (incl. subsidios al transporte, trenes)",agente:texto,0.6,2026-09-16T17:19:13+00:00
0041-S-2010,AUX.HOMENAJE,"Homenajes y declaraciones (de interés, beneplácito)",agente:texto,1.0,2026-09-15T23:54:51+00:00
0041-S-2025,AUX.HOMENAJE,"Homenajes y declaraciones (de interés, beneplácito)",agente:texto,0.85,2026-09-15T23:54:54+00:00
0041-S-2025,CULT.CULTURA,Cultura / Patrimonio,agente:texto,0.95,2026-09-15T23:54:54+00:00
0041-S-2026,DESREG.MODEST,Modernización del Estado,agente:texto,0.7,2026-09-16T17:19:17+00:00
0041-S-2026,JUST.JUDIC,Organización judicial / Magistratura,agente:texto,0.95,2026-09-16T17:19:17+00:00
0042-D-2025,DERSOC.GENERO,Género / Diversidad,agente:texto,0.9,2026-09-16T17:19:20+00:00
0042-D-2025,JUST.CIVCOM,Derecho civil / comercial (códigos de fondo),agente:texto,0.95,2026-09-16T17:19:20+00:00
0042-D-2026,AUX.TRAMITE,Trámite parlamentario (sin contenido sustantivo),agente:texto,0.75,2026-09-16T17:19:23+00:00
0042-D-2026,POLINST.ETICA,Transparencia / Lobby / Ética pública,agente:texto,0.85,2026-09-16T17:19:23+00:00
0042-PE-2008,JUST.SEGINT,Seguridad interior,agente:texto,0.9,2026-09-15T23:54:56+00:00
0042-S-2010,AMB.BOSQUE,Bosques / Glaciares / Áreas protegidas,agente:texto,0.85,2026-09-15T23:55:01+00:00
0042-S-2010,DERSOC.ORIGIN,Pueblos originarios,agente:texto,0.5,2026-09-15T23:55:01+00:00
0042-S-2010,INFRA.OBRA,Obra pública,agente:texto,0.6,2026-09-15T23:55:01+00:00
0042-S-2013,DEF.EXTERIOR,Política exterior,agente:texto,0.65,2026-09-15T23:55:03+00:00
0042-S-2013,ENER.HIDRO,Hidrocarburos (petróleo y gas),agente:texto,0.95,2026-09-15T23:55:03+00:00
0042-S-2013,JUST.PENAL,Derecho penal / Código penal,agente:texto,0.9,2026-09-15T23:55:03+00:00
0042-S-2014,DEF.TRATADO,Tratados y acuerdos internacionales,agente:texto,0.85,2026-09-15T23:55:07+00:00
0042-S-2014,ECON.MON,Monetario y cambiario,agente:texto,0.75,2026-09-15T23:55:07+00:00
0042-S-2014,JUST.CIVCOM,Derecho civil / comercial (códigos de fondo),agente:texto,0.8,2026-09-15T23:55:07+00:00
0042-S-2015,DERSOC.NINEZ,Niñez e infancia,agente:texto,0.9,2026-09-15T23:55:09+00:00
0042-S-2015,JUST.PENAL,Derecho penal / Código penal,agente:texto,0.95,2026-09-15T23:55:09+00:00
0042-S-2018,CYT.CIBER,Ciberseguridad y datos,agente:texto,0.85,2026-09-15T23:55:12+00:00
0042-S-2018,DEF.TRATADO,Tratados y acuerdos internacionales,agente:texto,0.95,2026-09-15T23:55:12+00:00
0042-S-2018,DERSOC.DDHH,Derechos humanos,agente:texto,0.8,2026-09-15T23:55:12+00:00
0042-S-2025,AUX.HOMENAJE,"Homenajes y declaraciones (de interés, beneplácito)",agente:texto,0.95,2026-09-15T23:55:15+00:00
0042-S-2025,CULT.CULTURA,Cultura / Patrimonio,agente:texto,0.85,2026-09-15T23:55:15+00:00
0042-S-2026,CULT.CULTURA,Cultura / Patrimonio,agente:texto,0.8,2026-09-16T17:19:26+00:00
0042-S-2026,CULT.DEPORTE,Deporte,agente:texto,0.8,2026-09-16T17:19:26+00:00
0042-S-2026,DESSOC.ASIST,Asistencia social / Planes,agente:texto,0.85,2026-09-16T17:19:26+00:00
0043-D-2025,DERSOC.DDHH,Derechos humanos,agente:texto,0.85,2026-09-16T17:19:29+00:00
0043-D-2025,SALUD.SISTEMA,Sistema de salud / Hospitales / Obras sociales,agente:texto,0.95,2026-09-16T17:19:29+00:00
0043-D-2026,AUX.HOMENAJE,"Homenajes y declaraciones (de interés, beneplácito)",agente:texto,1.0,2026-09-16T17:19:31+00:00
0043-PE-2008,ECON.TRIB,Tributario / Impuestos,agente:texto,0.95,2026-09-15T23:55:18+00:00
0043-S-2009,CULT.MEDIOS,Medios / Comunicación,agente:texto,0.85,2026-09-15T23:55:21+00:00
0043-S-2009,INFRA.TELECOM,Telecomunicaciones / Conectividad,agente:texto,0.65,2026-09-15T23:55:21+00:00
0043-S-2009,PROD.COMEX,Comercio interior y exterior,agente:texto,0.7,2026-09-15T23:55:21+00:00
0043-S-2014,DESSOC.PNC,Pensiones no contributivas,agente:texto,0.7,2026-09-15T23:55:24+00:00
0043-S-2014,ECON.DEUDA,Deuda y financiamiento,agente:texto,0.85,2026-09-15T23:55:24+00:00
0043-S-2014,TRAB.PREV,Previsional / Jubilaciones,agente:texto,0.95,2026-09-15T23:55:24+00:00
0043-S-2026,ECON.COPART,Coparticipación / Federalismo fiscal,agente:texto,0.95,2026-09-16T17:19:35+00:00
0043-S-2026,ECON.TRIB,Tributario / Impuestos,agente:texto,0.85,2026-09-16T17:19:35+00:00
0044-D-2025,JUST.CIVCOM,Derecho civil / comercial (códigos de fondo),agente:texto,0.85,2026-09-16T17:19:38+00:00
0044-D-2025,TRAB.LABOR,Relaciones laborales (reforma laboral),agente:texto,0.95,2026-09-16T17:19:38+00:00
0044-D-2026,AUX.TRAMITE,Trámite parlamentario (sin contenido sustantivo),agente:texto,0.9,2026-09-16T17:19:41+00:00
0044-D-2026,ECON.COPART,Coparticipación / Federalismo fiscal,agente:texto,0.6,2026-09-16T17:19:41+00:00
0044-D-2026,ECON.EMERG,Emergencia económica,agente:texto,0.7,2026-09-16T17:19:41+00:00
0044-D-2026,PROD.INDPYME,Industria y PyMEs,agente:texto,0.6,2026-09-16T17:19:41+00:00
0044-D-2026,TRAB.EMPLEOPUB,Empleo público,agente:texto,0.5,2026-09-16T17:19:41+00:00
0044-PE-2008,ECON.DEUDA,Deuda y financiamiento,agente:texto,0.68,2026-09-15T23:55:28+00:00
0044-PE-2008,INFRA.VIVIENDA,Vivienda y hábitat,agente:texto,0.72,2026-09-15T23:55:28+00:00
0044-PE-2008,JUST.CIVCOM,Derecho civil / comercial (códigos de fondo),agente:texto,0.85,2026-09-15T23:55:28+00:00
0044-S-2008,DEF.DEFENSA,Defensa / Fuerzas Armadas,agente:texto,0.95,2026-09-15T23:55:30+00:00
0044-S-2008,DEF.TRATADO,Tratados y acuerdos internacionales,agente:texto,0.9,2026-09-15T23:55:30+00:00
0044-S-2014,DEF.TRATADO,Tratados y acuerdos internacionales,agente:texto,0.85,2026-09-15T23:55:35+00:00
0044-S-2014,ECON.DEUDA,Deuda y financiamiento,agente:texto,0.75,2026-09-15T23:55:35+00:00
0044-S-2014,INFRA.OBRA,Obra pública,agente:texto,0.65,2026-09-15T23:55:35+00:00
0044-S-2026,EDU.BASICA,Educación básica y media,agente:texto,0.7,2026-09-16T17:19:45+00:00
0044-S-2026,EDU.SUPERIOR,Educación superior / Universidades / Financiamiento,agente:texto,0.85,2026-09-16T17:19:45+00:00
0045-D-2025,SALUD.DISCAP,Discapacidad,agente:texto,0.75,2026-09-16T17:19:48+00:00
0045-D-2025,TRAB.PREV,Previsional / Jubilaciones,agente:texto,0.95,2026-09-16T17:19:48+00:00
0045-D-2026,AUX.TRAMITE,Trámite parlamentario (sin contenido sustantivo),agente:texto,0.9,2026-09-16T17:19:51+00:00
0045-D-2026,DESSOC.ASIST,Asistencia social / Planes,agente:texto,0.75,2026-09-16T17:19:51+00:00
0045-D-2026,SALUD.DISCAP,Discapacidad,agente:texto,0.85,2026-09-16T17:19:51+00:00
0045-D-2026,SALUD.MEDIC,Medicamentos y vacunas,agente:texto,0.95,2026-09-16T17:19:51+00:00
0045-JGM-2010,ECON.PRESU,Presupuesto y gasto público,agente:texto,0.95,2026-09-15T23:55:38+00:00
0045-S-2009,CYT.CIENCIA,Ciencia y técnica,agente:texto,0.8,2026-09-15T23:55:41+00:00
0045-S-2009,DESREG.MODEST,Modernización del Estado,agente:texto,0.6,2026-09-15T23:55:41+00:00
0045-S-2009,SALUD.SISTEMA,Sistema de salud / Hospitales / Obras sociales,agente:texto,0.9,2026-09-15T23:55:41+00:00
0045-S-2014,JUST.PENAL,Derecho penal / Código penal,agente:texto,0.95,2026-09-15T23:55:44+00:00
0045-S-2014,TRAB.EMPLEOPUB,Empleo público,agente:texto,0.7,2026-09-15T23:55:44+00:00
0045-S-2015,DESREG.DESECO,Desregulación económica,agente:texto,0.7,2026-09-15T23:55:47+00:00
0045-S-2015,INFRA.TRANSP,"Transporte (incl. subsidios al transporte, trenes)",agente:texto,0.95,2026-09-15T23:55:47+00:00
0045-S-2016,AUX.HOMENAJE,"Homenajes y declaraciones (de interés, beneplácito)",agente:texto,0.95,2026-09-15T23:55:49+00:00
0045-S-2016,CULT.CULTURA,Cultura / Patrimonio,agente:texto,0.85,2026-09-15T23:55:49+00:00
0045-S-2018,CULT.CULTURA,Cultura / Patrimonio,agente:texto,0.9,2026-09-15T23:55:52+00:00
0045-S-2018,DEF.TRATADO,Tratados y acuerdos internacionales,agente:texto,0.95,2026-09-15T23:55:52+00:00
0045-S-2026,EDU.BASICA,Educación básica y media,agente:texto,0.85,2026-09-16T17:19:54+00:00
0045-S-2026,ENER.TARIFA,Tarifas y subsidios energéticos,agente:texto,0.95,2026-09-16T17:19:54+00:00
0045-S-2026,SALUD.SISTEMA,Sistema de salud / Hospitales / Obras sociales,agente:texto,0.85,2026-09-16T17:19:54+00:00
0046-D-2025,DERSOC.MIGRA,Migraciones,agente:texto,0.85,2026-09-16T17:19:58+00:00
0046-D-2025,INFRA.TRANSP,"Transporte (incl. subsidios al transporte, trenes)",agente:texto,0.75,2026-09-16T17:19:58+00:00
0046-D-2025,JUST.SEGINT,Seguridad interior,agente:texto,0.7,2026-09-16T17:19:58+00:00
0046-D-2026,AUX.HOMENAJE,"Homenajes y declaraciones (de interés, beneplácito)",agente:texto,1.0,2026-09-16T17:20:00+00:00
0046-S-2010,AUX.HOMENAJE,"Homenajes y declaraciones (de interés, beneplácito)",agente:texto,0.95,2026-09-15T23:55:54+00:00
0046-S-2012,SALUD.MENTAL,Salud mental,agente:texto,0.7,2026-09-15T23:55:57+00:00
0046-S-2012,SALUD.SISTEMA,Sistema de salud / Hospitales / Obras sociales,agente:texto,0.95,2026-09-15T23:55:57+00:00
0046-S-2015,AUX.HOMENAJE,"Homenajes y declaraciones (de interés, beneplácito)",agente:texto,0.95,2026-09-15T23:56:00+00:00
0046-S-2015,SALUD.SISTEMA,Sistema de salud / Hospitales / Obras sociales,agente:texto,0.6,2026-09-15T23:56:00+00:00
0046-S-2026,DESREG.DESECO,Desregulación económica,agente:texto,0.8,2026-09-16T17:20:04+00:00
0046-S-2026,ECON.MON,Monetario y cambiario,agente:texto,0.85,2026-09-16T17:20:04+00:00
0046-S-2026,INFRA.TELECOM,Telecomunicaciones / Conectividad,agente:texto,0.7,2026-09-16T17:20:04+00:00
0046-S-2026,TRAB.LABOR,Relaciones laborales (reforma laboral),agente:texto,0.75,2026-09-16T17:20:04+00:00
0047-D-2025,DESSOC.ASIST,Asistencia social / Planes,agente:texto,0.75,2026-09-16T17:20:06+00:00
0047-D-2025,ECON.EMERG,Emergencia económica,agente:texto,0.75,2026-09-16T17:20:06+00:00
0047-D-2026,AUX.HOMENAJE,"Homenajes y declaraciones (de interés, beneplácito)",agente:texto,0.95,2026-09-16T17:20:09+00:00
0047-S-2009,AUX.HOMENAJE,"Homenajes y declaraciones (de interés, beneplácito)",agente:texto,0.75,2026-09-15T23:56:05+00:00
0047-S-2009,CULT.CULTURA,Cultura / Patrimonio,agente:texto,0.65,2026-09-15T23:56:05+00:00
0047-S-2009,DERSOC.DDHH,Derechos humanos,agente:texto,0.7,2026-09-15T23:56:05+00:00
0047-S-2010,DESREG.SOCIED,Régimen de sociedades / comercial,agente:texto,0.75,2026-09-15T23:56:07+00:00
0047-S-2010,JUST.CIVCOM,Derecho civil / comercial (códigos de fondo),agente:texto,0.95,2026-09-15T23:56:07+00:00
0047-S-2015,ECON.PRESU,Presupuesto y gasto público,agente:texto,0.95,2026-09-15T23:56:10+00:00
0047-S-2016,DEF.TRATADO,Tratados y acuerdos internacionales,agente:texto,0.95,2026-09-15T23:56:12+00:00
0047-S-2016,DERSOC.DDHH,Derechos humanos,agente:texto,0.9,2026-09-15T23:56:12+00:00
0047-S-2018,AUX.HOMENAJE,"Homenajes y declaraciones (de interés, beneplácito)",agente:texto,0.95,2026-09-15T23:56:14+00:00
0047-S-2026,DESSOC.ASIST,Asistencia social / Planes,agente:texto,0.7,2026-09-16T17:20:13+00:00
0047-S-2026,ECON.COPART,Coparticipación / Federalismo fiscal,agente:texto,0.5,2026-09-16T17:20:13+00:00
0047-S-2026,ECON.EMERG,Emergencia económica,agente:texto,0.6,2026-09-16T17:20:13+00:00
0047-S-2026,PROD.INDPYME,Industria y PyMEs,agente:texto,0.6,2026-09-16T17:20:13+00:00
0048-D-2011,DERSOC.DDHH,Derechos humanos,agente:texto,0.65,2026-09-15T23:56:17+00:00
0048-D-2011,DERSOC.GENERO,Género / Diversidad,agente:texto,0.8,2026-09-15T23:56:17+00:00
0048-D-2011,SALUD.SISTEMA,Sistema de salud / Hospitales / Obras sociales,agente:texto,0.85,2026-09-15T23:56:17+00:00
0048-D-2025,AUX.HOMENAJE,"Homenajes y declaraciones (de interés, beneplácito)",agente:texto,0.95,2026-09-16T17:20:16+00:00
0048-D-2026,AUX.HOMENAJE,"Homenajes y declaraciones (de interés, beneplácito)",agente:texto,1.0,2026-09-16T17:20:18+00:00
0048-S-2009,DESSOC.ASIST,Asistencia social / Planes,agente:texto,0.75,2026-09-15T23:56:20+00:00
0048-S-2009,ECON.COPART,Coparticipación / Federalismo fiscal,agente:texto,0.6,2026-09-15T23:56:20+00:00
0048-S-2009,ECON.EMERG,Emergencia económica,agente:texto,0.95,2026-09-15T23:56:20+00:00
0048-S-2010,JUST.CIVCOM,Derecho civil / comercial (códigos de fondo),agente:texto,0.95,2026-09-15T23:56:23+00:00
0048-S-2012,DEF.TRATADO,Tratados y acuerdos internacionales,agente:texto,0.95,2026-09-15T23:56:25+00:00
0048-S-2012,ECON.TRIB,Tributario / Impuestos,agente:texto,0.9,2026-09-15T23:56:25+00:00
0048-S-2026,AUX.TRAMITE,Trámite parlamentario (sin contenido sustantivo),agente:texto,0.95,2026-09-16T17:20:20+00:00
0049-D-2025,DERSOC.DDHH,Derechos humanos,agente:texto,0.7,2026-09-16T17:20:25+00:00
0049-D-2025,TRAB.EMPLEOPUB,Empleo público,agente:texto,0.95,2026-09-16T17:20:25+00:00
0049-D-2026,AUX.HOMENAJE,"Homenajes y declaraciones (de interés, beneplácito)",agente:texto,0.95,2026-09-16T17:20:27+00:00
0049-D-2026,CULT.CULTURA,Cultura / Patrimonio,agente:texto,0.85,2026-09-16T17:20:27+00:00
0049-S-2009,AUX.HOMENAJE,"Homenajes y declaraciones (de interés, beneplácito)",agente:texto,0.95,2026-09-15T23:56:28+00:00
0049-S-2011,DESREG.DESECO,Desregulación económica,agente:texto,0.85,2026-09-15T23:56:31+00:00
0049-S-2011,PROD.COMEX,Comercio interior y exterior,agente:texto,0.75,2026-09-15T23:56:31+00:00
0049-S-2011,PROD.INDPYME,Industria y PyMEs,agente:texto,0.95,2026-09-15T23:56:31+00:00
0049-S-2011,TRAB.LABOR,Relaciones laborales (reforma laboral),agente:texto,0.8,2026-09-15T23:56:31+00:00
0049-S-2012,DESREG.EMPUB,Empresas públicas / Privatizaciones,agente:texto,0.7,2026-09-15T23:56:35+00:00
0049-S-2012,INFRA.OBRA,Obra pública,agente:texto,0.85,2026-09-15T23:56:35+00:00
0049-S-2012,INFRA.TRANSP,"Transporte (incl. subsidios al transporte, trenes)",agente:texto,0.8,2026-09-15T23:56:35+00:00
0049-S-2026,ECON.COPART,Coparticipación / Federalismo fiscal,agente:texto,0.6,2026-09-16T17:20:31+00:00
0049-S-2026,INFRA.OBRA,Obra pública,agente:texto,0.95,2026-09-16T17:20:31+00:00
0049-S-2026,INFRA.TRANSP,"Transporte (incl. subsidios al transporte, trenes)",agente:texto,0.75,2026-09-16T17:20:31+00:00
0050-D-2025,DERSOC.NINEZ,Niñez e infancia,agente:texto,0.7,2026-09-16T17:20:35+00:00
0050-D-2025,DESSOC.ASIST,Asistencia social / Planes,agente:texto,0.75,2026-09-16T17:20:35+00:00
0050-D-2025,EDU.BASICA,Educación básica y media,agente:texto,0.65,2026-09-16T17:20:35+00:00
0050-D-2025,TRAB.LABOR,Relaciones laborales (reforma laboral),agente:texto,0.85,2026-09-16T17:20:35+00:00
0050-D-2026,AUX.HOMENAJE,"Homenajes y declaraciones (de interés, beneplácito)",agente:texto,0.7,2026-09-16T17:20:38+00:00
0050-D-2026,DERSOC.NINEZ,Niñez e infancia,agente:texto,0.8,2026-09-16T17:20:38+00:00
0050-D-2026,SALUD.SISTEMA,Sistema de salud / Hospitales / Obras sociales,agente:texto,0.85,2026-09-16T17:20:38+00:00
0050-S-2009,DERSOC.DDHH,Derechos humanos,agente:texto,0.95,2026-09-15T23:56:39+00:00
0050-S-2009,ECON.PRESU,Presupuesto y gasto público,agente:texto,0.8,2026-09-15T23:56:39+00:00
0050-S-2009,JUST.JUDIC,Organización judicial / Magistratura,agente:texto,0.85,2026-09-15T23:56:39+00:00
0050-S-2012,AMB.BOSQUE,Bosques / Glaciares / Áreas protegidas,agente:texto,0.95,2026-09-15T23:56:41+00:00
0050-S-2012,POLINST.ORGEST,Organización del Estado / Ministerios,agente:texto,0.7,2026-09-15T23:56:41+00:00
0050-S-2014,DEF.DEFENSA,Defensa / Fuerzas Armadas,agente:texto,0.95,2026-09-15T23:56:44+00:00
0050-S-2014,DEF.TRATADO,Tratados y acuerdos internacionales,agente:texto,0.75,2026-09-15T23:56:44+00:00
0050-S-2025,AUX.HOMENAJE,"Homenajes y declaraciones (de interés, beneplácito)",agente:texto,0.95,2026-09-15T23:56:46+00:00
0050-S-2026,AUX.HOMENAJE,"Homenajes y declaraciones (de interés, beneplácito)",agente:texto,1.0,2026-09-16T17:20:40+00:00
0051-D-2011,AUX.HOMENAJE,"Homenajes y declaraciones (de interés, beneplácito)",agente:texto,0.95,2026-09-15T23:56:49+00:00
0051-D-2011,CULT.CULTURA,Cultura / Patrimonio,agente:texto,0.85,2026-09-15T23:56:49+00:00
0051-D-2025,CULT.DEPORTE,Deporte,agente:texto,0.9,2026-09-16T17:20:42+00:00
0051-D-2025,EDU.BASICA,Educación básica y media,agente:texto,0.85,2026-09-16T17:20:42+00:00
0051-D-2026,SALUD.MEDIC,Medicamentos y vacunas,agente:texto,0.75,2026-09-16T17:20:46+00:00
0051-D-2026,SALUD.SISTEMA,Sistema de salud / Hospitales / Obras sociales,agente:texto,0.85,2026-09-16T17:20:46+00:00
0051-S-2008,ECON.TRIB,Tributario / Impuestos,agente:texto,0.7,2026-09-15T23:56:52+00:00
0051-S-2008,JUST.PENAL,Derecho penal / Código penal,agente:texto,0.85,2026-09-15T23:56:52+00:00
0051-S-2008,PROD.AGRO,"Agro, ganadería y pesca",agente:texto,0.95,2026-09-15T23:56:52+00:00
0051-S-2008,PROD.COMEX,Comercio interior y exterior,agente:texto,0.9,2026-09-15T23:56:52+00:00
0051-S-2009,DEF.TRATADO,Tratados y acuerdos internacionales,agente:texto,0.95,2026-09-15T23:56:55+00:00
0051-S-2009,INFRA.TRANSP,"Transporte (incl. subsidios al transporte, trenes)",agente:texto,0.85,2026-09-15T23:56:55+00:00
0051-S-2011,JUST.JUDIC,Organización judicial / Magistratura,agente:texto,0.95,2026-09-15T23:56:58+00:00
0051-S-2025,DERSOC.DDHH,Derechos humanos,agente:texto,0.8,2026-09-15T23:57:01+00:00
0051-S-2025,JUST.SEGINT,Seguridad interior,agente:texto,0.85,2026-09-15T23:57:01+00:00
0051-S-2026,CULT.MEDIOS,Medios / Comunicación,agente:texto,0.92,2026-09-16T17:20:49+00:00
0052-D-2025,EDU.BASICA,Educación básica y media,agente:texto,0.6,2026-09-16T17:20:52+00:00
0052-D-2025,EDU.SUPERIOR,Educación superior / Universidades / Financiamiento,agente:texto,0.6,2026-09-16T17:20:52+00:00
0052-D-2026,AMB.AGUA,Agua,agente:texto,0.3,2026-09-16T17:20:55+00:00
0052-D-2026,DERSOC.DDHH,Derechos humanos,agente:texto,0.6,2026-09-16T17:20:55+00:00
0052-S-2008,DEF.TRATADO,Tratados y acuerdos internacionales,agente:texto,0.95,2026-09-15T23:57:04+00:00
0052-S-2008,JUST.PENAL,Derecho penal / Código penal,agente:texto,0.85,2026-09-15T23:57:04+00:00
0052-S-2009,DEF.TRATADO,Tratados y acuerdos internacionales,agente:texto,0.95,2026-09-15T23:57:06+00:00
0052-S-2009,DERSOC.MIGRA,Migraciones,agente:texto,0.85,2026-09-15T23:57:06+00:00
0052-S-2011,JUST.JUDIC,Organización judicial / Magistratura,agente:texto,0.95,2026-09-15T23:57:08+00:00
0052-S-2015,DESSOC.ASIST,Asistencia social / Planes,agente:texto,0.8,2026-09-15T23:57:12+00:00
0052-S-2015,ECON.PRESU,Presupuesto y gasto público,agente:texto,0.7,2026-09-15T23:57:12+00:00
0052-S-2015,TRAB.PREV,Previsional / Jubilaciones,agente:texto,0.85,2026-09-15T23:57:12+00:00
0052-S-2025,AUX.HOMENAJE,"Homenajes y declaraciones (de interés, beneplácito)",agente:texto,0.95,2026-09-15T23:57:14+00:00
0052-S-2026,DESREG.EMPUB,Empresas públicas / Privatizaciones,agente:texto,0.6,2026-09-16T17:20:59+00:00
0052-S-2026,INFRA.VIVIENDA,Vivienda y hábitat,agente:texto,0.7,2026-09-16T17:20:59+00:00
0052-S-2026,POLINST.ORGEST,Organización del Estado / Ministerios,agente:texto,0.5,2026-09-16T17:20:59+00:00
0053-D-2025,AUX.HOMENAJE,"Homenajes y declaraciones (de interés, beneplácito)",agente:texto,0.95,2026-09-16T17:21:01+00:00
0053-D-2026,AUX.HOMENAJE,"Homenajes y declaraciones (de interés, beneplácito)",agente:texto,0.95,2026-09-16T17:21:03+00:00
0053-S-2008,DEF.TRATADO,Tratados y acuerdos internacionales,agente:texto,0.95,2026-09-15T23:57:17+00:00
0053-S-2009,DEF.TRATADO,Tratados y acuerdos internacionales,agente:texto,0.95,2026-09-15T23:57:19+00:00
0053-S-2009,PROD.COMEX,Comercio interior y exterior,agente:texto,0.75,2026-09-15T23:57:19+00:00
0053-S-2010,ECON.TRIB,Tributario / Impuestos,agente:texto,0.95,2026-09-15T23:57:22+00:00
0053-S-2010,TRAB.LABOR,Relaciones laborales (reforma laboral),agente:texto,0.72,2026-09-15T23:57:22+00:00
0053-S-2015,ECON.PRESU,Presupuesto y gasto público,agente:texto,0.9,2026-09-15T23:57:25+00:00
0053-S-2026,DESREG.EMPUB,Empresas públicas / Privatizaciones,agente:texto,0.5,2026-09-16T17:21:07+00:00
0053-S-2026,INFRA.VIVIENDA,Vivienda y hábitat,agente:texto,0.6,2026-09-16T17:21:07+00:00
0054-D-2025,CYT.CIENCIA,Ciencia y técnica,agente:texto,0.65,2026-09-16T17:21:10+00:00
0054-D-2025,DESREG.MODEST,Modernización del Estado,agente:texto,0.6,2026-09-16T17:21:10+00:00
0054-D-2025,EDU.BASICA,Educación básica y media,agente:texto,0.75,2026-09-16T17:21:10+00:00
0054-D-2025,EDU.SUPERIOR,Educación superior / Universidades / Financiamiento,agente:texto,0.75,2026-09-16T17:21:10+00:00
0054-D-2026,DEF.DEFENSA,Defensa / Fuerzas Armadas,agente:texto,0.7,2026-09-16T17:21:16+00:00
0054-D-2026,DESREG.EMPUB,Empresas públicas / Privatizaciones,agente:texto,0.85,2026-09-16T17:21:16+00:00
0054-D-2026,SALUD.SISTEMA,Sistema de salud / Hospitales / Obras sociales,agente:texto,0.65,2026-09-16T17:21:16+00:00
0054-D-2026,TRAB.PREV,Previsional / Jubilaciones,agente:texto,0.75,2026-09-16T17:21:16+00:00
0054-JGM-2017,ECON.PRESU,Presupuesto y gasto público,agente:texto,0.95,2026-09-15T23:57:27+00:00
0054-S-2008,DEF.TRATADO,Tratados y acuerdos internacionales,agente:texto,0.9,2026-09-15T23:57:30+00:00
0054-S-2008,EDU.SUPERIOR,Educación superior / Universidades / Financiamiento,agente:texto,0.95,2026-09-15T23:57:30+00:00
0054-S-2009,AMB.AGUA,Agua,agente:texto,0.85,2026-09-15T23:57:33+00:00
0054-S-2009,DEF.TRATADO,Tratados y acuerdos internacionales,agente:texto,0.95,2026-09-15T23:57:33+00:00
0054-S-2010,SALUD.SISTEMA,Sistema de salud / Hospitales / Obras sociales,agente:texto,0.9,2026-09-15T23:57:36+00:00
0054-S-2011,JUST.JUDIC,Organización judicial / Magistratura,agente:texto,0.95,2026-09-15T23:57:38+00:00
0054-S-2012,DEF.TRATADO,Tratados y acuerdos internacionales,agente:texto,0.95,2026-09-15T23:57:40+00:00
0054-S-2012,JUST.PENAL,Derecho penal / Código penal,agente:texto,0.85,2026-09-15T23:57:40+00:00
0054-S-2016,AUX.HOMENAJE,"Homenajes y declaraciones (de interés, beneplácito)",agente:texto,0.95,2026-09-15T23:57:42+00:00
0054-S-2026,DESREG.DESECO,Desregulación económica,agente:texto,0.75,2026-09-16T17:21:19+00:00
0054-S-2026,POLINST.ETICA,Transparencia / Lobby / Ética pública,agente:texto,0.7,2026-09-16T17:21:19+00:00
0055-D-2025,AUX.TRAMITE,Trámite parlamentario (sin contenido sustantivo),agente:texto,0.95,2026-09-16T17:21:22+00:00
0055-D-2026,AMB.AGUA,Agua,agente:texto,0.7,2026-09-16T17:21:27+00:00
0055-D-2026,DEF.EXTERIOR,Política exterior,agente:texto,0.95,2026-09-16T17:21:27+00:00
0055-D-2026,POLINST.ETICA,Transparencia / Lobby / Ética pública,agente:texto,0.5,2026-09-16T17:21:27+00:00
0055-D-2026,PROD.AGRO,"Agro, ganadería y pesca",agente:texto,0.75,2026-09-16T17:21:27+00:00
0055-D-2026,PROD.COMEX,Comercio interior y exterior,agente:texto,0.85,2026-09-16T17:21:27+00:00
0055-S-2008,AMB.AGUA,Agua,agente:texto,0.85,2026-09-15T23:57:45+00:00
0055-S-2008,DESREG.MODEST,Modernización del Estado,agente:texto,0.6,2026-09-15T23:57:45+00:00
0055-S-2008,ECON.EMERG,Emergencia económica,agente:texto,0.95,2026-09-15T23:57:45+00:00
0055-S-2008,PROD.AGRO,"Agro, ganadería y pesca",agente:texto,0.95,2026-09-15T23:57:45+00:00
0055-S-2009,DEF.TRATADO,Tratados y acuerdos internacionales,agente:texto,0.95,2026-09-15T23:57:47+00:00
0055-S-2010,ECON.TRIB,Tributario / Impuestos,agente:texto,0.55,2026-09-15T23:57:51+00:00
0055-S-2010,INFRA.TRANSP,"Transporte (incl. subsidios al transporte, trenes)",agente:texto,0.65,2026-09-15T23:57:51+00:00
0055-S-2010,JUST.PENAL,Derecho penal / Código penal,agente:texto,0.7,2026-09-15T23:57:51+00:00
0055-S-2010,PROD.COMEX,Comercio interior y exterior,agente:texto,0.85,2026-09-15T23:57:51+00:00
0055-S-2011,AUX.HOMENAJE,"Homenajes y declaraciones (de interés, beneplácito)",agente:texto,0.95,2026-09-15T23:57:53+00:00
0055-S-2011,ENER.RENOV,Renovables,agente:texto,0.85,2026-09-15T23:57:53+00:00
0055-S-2014,DEF.DEFENSA,Defensa / Fuerzas Armadas,agente:texto,0.95,2026-09-15T23:57:56+00:00
0055-S-2014,DEF.EXTERIOR,Política exterior,agente:texto,0.75,2026-09-15T23:57:56+00:00
0055-S-2014,DEF.TRATADO,Tratados y acuerdos internacionales,agente:texto,0.85,2026-09-15T23:57:56+00:00
0055-S-2026,DESREG.DESECO,Desregulación económica,agente:texto,0.6,2026-09-16T17:21:30+00:00
0055-S-2026,JUST.CIVCOM,Derecho civil / comercial (códigos de fondo),agente:texto,0.65,2026-09-16T17:21:30+00:00
0055-S-2026,SALUD.MEDIC,Medicamentos y vacunas,agente:texto,0.75,2026-09-16T17:21:30+00:00
0056-D-2025,AUX.HOMENAJE,"Homenajes y declaraciones (de interés, beneplácito)",agente:texto,0.95,2026-09-16T17:21:32+00:00
0056-D-2026,DESREG.DESECO,Desregulación económica,agente:texto,0.7,2026-09-16T17:21:35+00:00
0056-D-2026,PROD.COMEX,Comercio interior y exterior,agente:texto,0.9,2026-09-16T17:21:35+00:00
0056-S-2009,DEF.TRATADO,Tratados y acuerdos internacionales,agente:texto,0.95,2026-09-15T23:57:59+00:00
0056-S-2009,TRAB.PREV,Previsional / Jubilaciones,agente:texto,0.85,2026-09-15T23:57:59+00:00
0056-S-2010,AUX.HOMENAJE,"Homenajes y declaraciones (de interés, beneplácito)",agente:texto,0.95,2026-09-15T23:58:02+00:00
0056-S-2010,CULT.CULTURA,Cultura / Patrimonio,agente:texto,0.85,2026-09-15T23:58:02+00:00
0056-S-2010,CYT.CIENCIA,Ciencia y técnica,agente:texto,0.75,2026-09-15T23:58:02+00:00
0056-S-2011,JUST.JUDIC,Organización judicial / Magistratura,agente:texto,0.85,2026-09-15T23:58:05+00:00
0056-S-2011,JUST.PENAL,Derecho penal / Código penal,agente:texto,0.8,2026-09-15T23:58:05+00:00
0056-S-2011,POLINST.ETICA,Transparencia / Lobby / Ética pública,agente:texto,0.7,2026-09-15T23:58:05+00:00
0056-S-2014,AUX.HOMENAJE,"Homenajes y declaraciones (de interés, beneplácito)",agente:texto,0.85,2026-09-15T23:58:07+00:00
0056-S-2026,DESREG.EMPUB,Empresas públicas / Privatizaciones,agente:texto,0.6,2026-09-16T17:21:38+00:00
0056-S-2026,INFRA.OBRA,Obra pública,agente:texto,0.7,2026-09-16T17:21:38+00:00
0057-D-2025,DERSOC.DDHH,Derechos humanos,agente:texto,0.85,2026-09-16T17:21:42+00:00
0057-D-2025,DERSOC.GENERO,Género / Diversidad,agente:texto,0.95,2026-09-16T17:21:42+00:00
0057-D-2025,JUST.PENAL,Derecho penal / Código penal,agente:texto,0.75,2026-09-16T17:21:42+00:00
0057-D-2026,DESREG.EMPUB,Empresas públicas / Privatizaciones,agente:texto,0.6,2026-09-16T17:21:45+00:00
0057-D-2026,INFRA.VIVIENDA,Vivienda y hábitat,agente:texto,0.65,2026-09-16T17:21:45+00:00
0057-D-2026,JUST.PROPIED,Propiedad (inviolabilidad),agente:texto,0.85,2026-09-16T17:21:45+00:00
0057-S-2010,DESREG.DESECO,Desregulación económica,agente:texto,0.65,2026-09-15T23:58:12+00:00
0057-S-2010,SALUD.ADICC,Adicciones / Ludopatía,agente:texto,0.95,2026-09-15T23:58:12+00:00
0057-S-2011,DEF.TRATADO,Tratados y acuerdos internacionales,agente:texto,0.95,2026-09-15T23:58:15+00:00
0057-S-2011,INFRA.TRANSP,"Transporte (incl. subsidios al transporte, trenes)",agente:texto,0.85,2026-09-15T23:58:15+00:00
0057-S-2013,CYT.CIENCIA,Ciencia y técnica,agente:texto,0.6,2026-09-15T23:58:18+00:00
0057-S-2013,DESREG.MODEST,Modernización del Estado,agente:texto,0.65,2026-09-15T23:58:18+00:00
0057-S-2013,SALUD.SISTEMA,Sistema de salud / Hospitales / Obras sociales,agente:texto,0.95,2026-09-15T23:58:18+00:00
0057-S-2014,DESREG.MODEST,Modernización del Estado,agente:texto,0.7,2026-09-15T23:58:21+00:00
0057-S-2014,ECON.PRESU,Presupuesto y gasto público,agente:texto,0.6,2026-09-15T23:58:21+00:00
0057-S-2014,POLINST.ETICA,Transparencia / Lobby / Ética pública,agente:texto,0.5,2026-09-15T23:58:21+00:00
0057-S-2022,CYT.CIENCIA,Ciencia y técnica,agente:texto,0.95,2026-09-15T23:58:24+00:00
0057-S-2022,CYT.INNOV,Innovación / Economía del conocimiento / Software,agente:texto,0.95,2026-09-15T23:58:24+00:00
0057-S-2022,ECON.PRESU,Presupuesto y gasto público,agente:texto,0.7,2026-09-15T23:58:24+00:00
0057-S-2026,DERSOC.DDHH,Derechos humanos,agente:texto,0.75,2026-09-16T17:21:49+00:00
0057-S-2026,JUST.SEGINT,Seguridad interior,agente:texto,0.7,2026-09-16T17:21:49+00:00
0057-S-2026,SALUD.SISTEMA,Sistema de salud / Hospitales / Obras sociales,agente:texto,0.85,2026-09-16T17:21:49+00:00
0058-D-2025,AUX.TRAMITE,Trámite parlamentario (sin contenido sustantivo),agente:texto,0.85,2026-09-16T17:21:52+00:00
0058-D-2025,DESREG.MODEST,Modernización del Estado,agente:texto,0.75,2026-09-16T17:21:52+00:00
0058-D-2025,POLINST.ORGEST,Organización del Estado / Ministerios,agente:texto,0.7,2026-09-16T17:21:52+00:00
0058-D-2025,TRAB.EMPLEOPUB,Empleo público,agente:texto,0.95,2026-09-16T17:21:52+00:00
0058-D-2026,DERSOC.DDHH,Derechos humanos,agente:texto,0.55,2026-09-16T17:21:56+00:00
0058-D-2026,DESREG.DESECO,Desregulación económica,agente:texto,0.6,2026-09-16T17:21:56+00:00
0058-D-2026,SALUD.MEDIC,Medicamentos y vacunas,agente:texto,0.65,2026-09-16T17:21:56+00:00
0058-S-2010,AUX.HOMENAJE,"Homenajes y declaraciones (de interés, beneplácito)",agente:texto,0.95,2026-09-15T23:58:27+00:00
0058-S-2022,DESREG.EMPUB,Empresas públicas / Privatizaciones,agente:texto,0.75,2026-09-15T23:58:30+00:00
0058-S-2022,INFRA.OBRA,Obra pública,agente:texto,0.6,2026-09-15T23:58:30+00:00
0058-S-2022,JUST.PROPIED,Propiedad (inviolabilidad),agente:texto,0.85,2026-09-15T23:58:30+00:00
0058-S-2026,JUST.PENAL,Derecho penal / Código penal,agente:texto,0.8,2026-09-16T17:22:00+00:00
0058-S-2026,POLINST.ELECT,Reforma electoral,agente:texto,0.85,2026-09-16T17:22:00+00:00
0058-S-2026,POLINST.PARTIDOS,Partidos políticos,agente:texto,0.95,2026-09-16T17:22:00+00:00
0058-S-2026,TRAB.SINDIC,Sindical,agente:texto,0.7,2026-09-16T17:22:00+00:00
0059-D-2025,AUX.HOMENAJE,"Homenajes y declaraciones (de interés, beneplácito)",agente:texto,0.95,2026-09-16T17:22:02+00:00
0059-D-2026,CULT.MEDIOS,Medios / Comunicación,agente:texto,0.65,2026-09-16T17:22:05+00:00
0059-D-2026,DERSOC.DDHH,Derechos humanos,agente:texto,0.7,2026-09-16T17:22:05+00:00
0059-D-2026,JUST.CIVCOM,Derecho civil / comercial (códigos de fondo),agente:texto,0.85,2026-09-16T17:22:05+00:00
0059-S-2009,CULT.CULTURA,Cultura / Patrimonio,agente:texto,0.95,2026-09-15T23:58:33+00:00
0059-S-2009,DEF.TRATADO,Tratados y acuerdos internacionales,agente:texto,0.65,2026-09-15T23:58:33+00:00
0059-S-2009,POLINST.ORGEST,Organización del Estado / Ministerios,agente:texto,0.75,2026-09-15T23:58:33+00:00
0059-S-2010,DERSOC.MIGRA,Migraciones,agente:texto,0.95,2026-09-15T23:58:35+00:00
0059-S-2022,DERSOC.DDHH,Derechos humanos,agente:texto,0.95,2026-09-15T23:58:38+00:00
0059-S-2022,DESSOC.ASIST,Asistencia social / Planes,agente:texto,0.7,2026-09-15T23:58:38+00:00
0059-S-2022,JUST.PENAL,Derecho penal / Código penal,agente:texto,0.85,2026-09-15T23:58:38+00:00
0059-S-2026,CYT.CIENCIA,Ciencia y técnica,agente:texto,0.95,2026-09-16T17:22:08+00:00
0059-S-2026,CYT.INNOV,Innovación / Economía del conocimiento / Software,agente:texto,0.9,2026-09-16T17:22:08+00:00
0059-S-2026,ECON.PRESU,Presupuesto y gasto público,agente:texto,0.85,2026-09-16T17:22:08+00:00
0060-D-2025,DESREG.DESECO,Desregulación económica,agente:texto,0.7,2026-09-16T17:22:12+00:00
0060-D-2025,PROD.COMEX,Comercio interior y exterior,agente:texto,0.9,2026-09-16T17:22:12+00:00
0060-D-2026,INFRA.TRANSP,"Transporte (incl. subsidios al transporte, trenes)",agente:texto,0.95,2026-09-16T17:22:14+00:00
0060-D-2026,JUST.CIVCOM,Derecho civil / comercial (códigos de fondo),agente:texto,0.75,2026-09-16T17:22:14+00:00
0060-S-2009,DEF.DEFENSA,Defensa / Fuerzas Armadas,agente:texto,0.95,2026-09-15T23:58:41+00:00
0060-S-2009,DEF.EXTERIOR,Política exterior,agente:texto,0.75,2026-09-15T23:58:41+00:00
0060-S-2009,DEF.TRATADO,Tratados y acuerdos internacionales,agente:texto,0.9,2026-09-15T23:58:41+00:00
0060-S-2010,JUST.CIVCOM,Derecho civil / comercial (códigos de fondo),agente:texto,0.85,2026-09-15T23:58:44+00:00
0060-S-2010,TRAB.LABOR,Relaciones laborales (reforma laboral),agente:texto,0.95,2026-09-15T23:58:44+00:00
0060-S-2014,DESREG.DESECO,Desregulación económica,agente:texto,0.7,2026-09-15T23:58:47+00:00
0060-S-2014,ECON.TRIB,Tributario / Impuestos,agente:texto,0.7,2026-09-15T23:58:47+00:00
0060-S-2014,PROD.COMEX,Comercio interior y exterior,agente:texto,0.6,2026-09-15T23:58:47+00:00
0060-S-2026,ECON.PRESU,Presupuesto y gasto público,agente:texto,0.75,2026-09-16T17:22:17+00:00
0060-S-2026,EDU.BASICA,Educación básica y media,agente:texto,0.8,2026-09-16T17:22:17+00:00
0060-S-2026,TRAB.EMPLEOPUB,Empleo público,agente:texto,0.85,2026-09-16T17:22:17+00:00
0061-D-2025,AUX.TRAMITE,Trámite parlamentario (sin contenido sustantivo),agente:texto,0.95,2026-09-16T17:22:20+00:00
0061-D-2026,DESREG.DESECO,Desregulación económica,agente:texto,0.7,2026-09-16T17:22:23+00:00
0061-D-2026,JUST.CIVCOM,Derecho civil / comercial (códigos de fondo),agente:texto,0.9,2026-09-16T17:22:23+00:00
0061-S-2009,DEF.DEFENSA,Defensa / Fuerzas Armadas,agente:texto,0.95,2026-09-15T23:58:50+00:00
0061-S-2009,DEF.TRATADO,Tratados y acuerdos internacionales,agente:texto,0.85,2026-09-15T23:58:50+00:00
0061-S-2026,JUST.JUDIC,Organización judicial / Magistratura,agente:texto,0.95,2026-09-16T17:22:27+00:00
0061-S-2026,POLINST.ORGEST,Organización del Estado / Ministerios,agente:texto,0.75,2026-09-16T17:22:27+00:00
0062-D-2025,AUX.HOMENAJE,"Homenajes y declaraciones (de interés, beneplácito)",agente:texto,0.95,2026-09-16T17:22:29+00:00
0062-D-2026,CYT.INNOV,Innovación / Economía del conocimiento / Software,agente:texto,0.55,2026-09-16T17:22:32+00:00
0062-D-2026,DESREG.DESECO,Desregulación económica,agente:texto,0.7,2026-09-16T17:22:32+00:00
0062-D-2026,INFRA.TELECOM,Telecomunicaciones / Conectividad,agente:texto,0.95,2026-09-16T17:22:32+00:00
0062-S-2011,AUX.TRAMITE,Trámite parlamentario (sin contenido sustantivo),agente:texto,0.95,2026-09-15T23:58:52+00:00
0062-S-2014,DESREG.SOCIED,Régimen de sociedades / comercial,agente:texto,0.6,2026-09-15T23:58:55+00:00
0062-S-2014,JUST.CIVCOM,Derecho civil / comercial (códigos de fondo),agente:texto,0.85,2026-09-15T23:58:55+00:00
0062-S-2026,JUST.CIVCOM,Derecho civil / comercial (códigos de fondo),agente:texto,0.85,2026-09-16T17:22:37+00:00
0062-S-2026,JUST.JUDIC,Organización judicial / Magistratura,agente:texto,0.95,2026-09-16T17:22:37+00:00
0062-S-2026,JUST.PENAL,Derecho penal / Código penal,agente:texto,0.85,2026-09-16T17:22:37+00:00
0062-S-2026,POLINST.CONST,Reforma constitucional,agente:texto,0.75,2026-09-16T17:22:37+00:00
0063-D-2025,AUX.HOMENAJE,"Homenajes y declaraciones (de interés, beneplácito)",agente:texto,0.85,2026-09-16T17:22:39+00:00
0063-D-2025,TRAB.LABOR,Relaciones laborales (reforma laboral),agente:texto,0.8,2026-09-16T17:22:39+00:00
0063-D-2025,TRAB.SINDIC,Sindical,agente:texto,0.9,2026-09-16T17:22:39+00:00
0063-D-2026,ECON.COPART,Coparticipación / Federalismo fiscal,agente:texto,0.5,2026-09-16T17:22:43+00:00
0063-D-2026,INFRA.OBRA,Obra pública,agente:texto,0.6,2026-09-16T17:22:43+00:00
0063-D-2026,JUST.PROPIED,Propiedad (inviolabilidad),agente:texto,0.85,2026-09-16T17:22:43+00:00
0063-S-2009,ECON.PRESU,Presupuesto y gasto público,agente:texto,0.95,2026-09-15T23:58:58+00:00
0063-S-2009,POLINST.ORGEST,Organización del Estado / Ministerios,agente:texto,0.75,2026-09-15T23:58:58+00:00
0063-S-2026,DERSOC.NINEZ,Niñez e infancia,agente:texto,0.85,2026-09-16T17:22:46+00:00
0063-S-2026,JUST.PENAL,Derecho penal / Código penal,agente:texto,0.95,2026-09-16T17:22:46+00:00
0064-D-2025,AUX.TRAMITE,Trámite parlamentario (sin contenido sustantivo),agente:texto,0.85,2026-09-16T17:22:48+00:00
0064-D-2025,DESSOC.PNC,Pensiones no contributivas,agente:texto,0.95,2026-09-16T17:22:48+00:00
0064-D-2025,TRAB.PREV,Previsional / Jubilaciones,agente:texto,0.75,2026-09-16T17:22:48+00:00
0064-D-2026,ECON.COPART,Coparticipación / Federalismo fiscal,agente:texto,0.7,2026-09-16T17:22:51+00:00
0064-D-2026,TRAB.PREV,Previsional / Jubilaciones,agente:texto,0.95,2026-09-16T17:22:51+00:00
0064-S-2010,CYT.CIENCIA,Ciencia y técnica,agente:texto,0.7,2026-09-15T23:59:01+00:00
0064-S-2010,DESREG.MODEST,Modernización del Estado,agente:texto,0.75,2026-09-15T23:59:01+00:00
0064-S-2010,POLINST.ORGEST,Organización del Estado / Ministerios,agente:texto,0.85,2026-09-15T23:59:01+00:00
0064-S-2016,AMB.CLIMA,Cambio climático,agente:texto,0.95,2026-09-15T23:59:04+00:00
0064-S-2016,DEF.TRATADO,Tratados y acuerdos internacionales,agente:texto,0.9,2026-09-15T23:59:04+00:00
0064-S-2017,JUST.NARCO,Narcotráfico,agente:texto,0.9,2026-09-15T23:59:06+00:00
0064-S-2017,JUST.PENAL,Derecho penal / Código penal,agente:texto,0.95,2026-09-15T23:59:06+00:00
0064-S-2026,DERSOC.DDHH,Derechos humanos,agente:texto,0.85,2026-09-16T17:22:54+00:00
0064-S-2026,DERSOC.NINEZ,Niñez e infancia,agente:texto,0.95,2026-09-16T17:22:54+00:00
0064-S-2026,JUST.PENAL,Derecho penal / Código penal,agente:texto,0.98,2026-09-16T17:22:54+00:00
0065-D-2025,DESSOC.ASIST,Asistencia social / Planes,agente:texto,0.75,2026-09-16T17:22:58+00:00
0065-D-2025,ECON.COPART,Coparticipación / Federalismo fiscal,agente:texto,0.65,2026-09-16T17:22:58+00:00
0065-D-2025,ECON.EMERG,Emergencia económica,agente:texto,0.85,2026-09-16T17:22:58+00:00
0065-D-2026,DERSOC.DDHH,Derechos humanos,agente:texto,0.7,2026-09-16T17:23:01+00:00
0065-D-2026,INFRA.TRANSP,"Transporte (incl. subsidios al transporte, trenes)",agente:texto,0.8,2026-09-16T17:23:01+00:00
0065-D-2026,JUST.CIVCOM,Derecho civil / comercial (códigos de fondo),agente:texto,0.85,2026-09-16T17:23:01+00:00
0065-S-2010,DEF.TRATADO,Tratados y acuerdos internacionales,agente:texto,0.9,2026-09-15T23:59:09+00:00
0065-S-2010,ECON.DEUDA,Deuda y financiamiento,agente:texto,0.7,2026-09-15T23:59:09+00:00
0065-S-2011,DERSOC.ORIGIN,Pueblos originarios,agente:texto,0.7,2026-09-15T23:59:12+00:00
0065-S-2011,PROD.AGRO,"Agro, ganadería y pesca",agente:texto,0.95,2026-09-15T23:59:12+00:00
0065-S-2018,DEF.DEFENSA,Defensa / Fuerzas Armadas,agente:texto,0.95,2026-09-15T23:59:15+00:00
0065-S-2018,DEF.TRATADO,Tratados y acuerdos internacionales,agente:texto,0.75,2026-09-15T23:59:15+00:00
0065-S-2025,DESREG.MODEST,Modernización del Estado,agente:texto,0.85,2026-09-15T23:59:17+00:00
0065-S-2025,TRAB.LABOR,Relaciones laborales (reforma laboral),agente:texto,0.95,2026-09-15T23:59:17+00:00
0065-S-2026,JUST.PENAL,Derecho penal / Código penal,agente:texto,0.95,2026-09-16T17:23:03+00:00
0066-D-2025,DERSOC.DDHH,Derechos humanos,agente:texto,0.65,2026-09-16T17:23:06+00:00
0066-D-2025,INFRA.TRANSP,"Transporte (incl. subsidios al transporte, trenes)",agente:texto,0.75,2026-09-16T17:23:06+00:00
0066-D-2025,SALUD.DISCAP,Discapacidad,agente:texto,0.85,2026-09-16T17:23:06+00:00
0066-D-2026,DERSOC.DDHH,Derechos humanos,agente:texto,0.6,2026-09-16T17:23:10+00:00
0066-D-2026,JUST.JUDIC,Organización judicial / Magistratura,agente:texto,0.7,2026-09-16T17:23:10+00:00
0066-OV-2025,AUX.TRAMITE,Trámite parlamentario (sin contenido sustantivo),agente:texto,0.95,2026-09-16T17:23:12+00:00
0066-S-2010,DEF.DEFENSA,Defensa / Fuerzas Armadas,agente:texto,0.95,2026-09-15T23:59:20+00:00
0066-S-2010,DEF.TRATADO,Tratados y acuerdos internacionales,agente:texto,0.75,2026-09-15T23:59:20+00:00
0066-S-2011,PROD.AGRO,"Agro, ganadería y pesca",agente:texto,0.95,2026-09-15T23:59:24+00:00
0066-S-2011,SALUD.SISTEMA,Sistema de salud / Hospitales / Obras sociales,agente:texto,0.4,2026-09-15T23:59:24+00:00
0066-S-2013,EDU.SUPERIOR,Educación superior / Universidades / Financiamiento,agente:texto,0.95,2026-09-15T23:59:26+00:00
0066-S-2026,JUST.CIVCOM,Derecho civil / comercial (códigos de fondo),agente:texto,0.95,2026-09-16T17:23:15+00:00
0067-D-2010,JUST.PENAL,Derecho penal / Código penal,agente:texto,0.95,2026-09-15T23:59:29+00:00
0067-D-2025,AUX.SINCLASIF,Sin clasificar (no encaja en ninguna; revisar),agente:texto,0.95,2026-09-16T17:23:19+00:00
0067-D-2026,DERSOC.DDHH,Derechos humanos,agente:texto,0.75,2026-09-16T17:23:21+00:00
0067-D-2026,DERSOC.NINEZ,Niñez e infancia,agente:texto,0.9,2026-09-16T17:23:21+00:00
0067-D-2026,SALUD.SISTEMA,Sistema de salud / Hospitales / Obras sociales,agente:texto,0.95,2026-09-16T17:23:21+00:00
0067-S-2010,JUST.JUDIC,Organización judicial / Magistratura,agente:texto,0.85,2026-09-15T23:59:32+00:00
0067-S-2010,JUST.PENAL,Derecho penal / Código penal,agente:texto,0.75,2026-09-15T23:59:32+00:00
0067-S-2010,POLINST.ORGEST,Organización del Estado / Ministerios,agente:texto,0.7,2026-09-15T23:59:32+00:00
0067-S-2016,JUST.NARCO,Narcotráfico,agente:texto,0.95,2026-09-15T23:59:34+00:00
0067-S-2016,JUST.PENAL,Derecho penal / Código penal,agente:texto,0.85,2026-09-15T23:59:34+00:00
0067-S-2026,POLINST.ORGEST,Organización del Estado / Ministerios,agente:texto,0.7,2026-09-16T17:23:25+00:00
0068-D-2025,CULT.DEPORTE,Deporte,agente:texto,0.95,2026-09-16T17:23:30+00:00
0068-D-2025,DERSOC.DDHH,Derechos humanos,agente:texto,0.85,2026-09-16T17:23:30+00:00
0068-D-2025,SALUD.MENTAL,Salud mental,agente:texto,0.7,2026-09-16T17:23:30+00:00
0068-D-2026,JUST.CIVCOM,Derecho civil / comercial (códigos de fondo),agente:texto,0.95,2026-09-16T17:23:33+00:00
0068-S-2009,DEF.DEFENSA,Defensa / Fuerzas Armadas,agente:texto,0.85,2026-09-15T23:59:37+00:00
0068-S-2009,DEF.TRATADO,Tratados y acuerdos internacionales,agente:texto,0.95,2026-09-15T23:59:37+00:00
0068-S-2009,DERSOC.DDHH,Derechos humanos,agente:texto,0.8,2026-09-15T23:59:37+00:00
0068-S-2011,AUX.HOMENAJE,"Homenajes y declaraciones (de interés, beneplácito)",agente:texto,0.85,2026-09-15T23:59:40+00:00
0068-S-2011,ECON.MON,Monetario y cambiario,agente:texto,0.9,2026-09-15T23:59:40+00:00
0068-S-2016,DESREG.MODEST,Modernización del Estado,agente:texto,0.65,2026-09-15T23:59:43+00:00
0068-S-2016,JUST.NARCO,Narcotráfico,agente:texto,0.85,2026-09-15T23:59:43+00:00
0068-S-2016,POLINST.ORGEST,Organización del Estado / Ministerios,agente:texto,0.75,2026-09-15T23:59:43+00:00
0068-S-2021,DERSOC.ORIGIN,Pueblos originarios,agente:texto,0.95,2026-09-15T23:59:47+00:00
0068-S-2021,ECON.EMERG,Emergencia económica,agente:texto,0.85,2026-09-15T23:59:47+00:00
0068-S-2026,CULT.MEDIOS,Medios / Comunicación,agente:texto,0.65,2026-09-16T17:23:36+00:00
0068-S-2026,DERSOC.NINEZ,Niñez e infancia,agente:texto,0.85,2026-09-16T17:23:36+00:00
0068-S-2026,SALUD.ADICC,Adicciones / Ludopatía,agente:texto,0.95,2026-09-16T17:23:36+00:00
0069-D-2025,JUST.SEGINT,Seguridad interior,agente:texto,0.7,2026-09-16T17:23:39+00:00
0069-D-2025,SALUD.MEDIC,Medicamentos y vacunas,agente:texto,0.95,2026-09-16T17:23:39+00:00
0069-D-2026,DESREG.SOCIED,Régimen de sociedades / comercial,agente:texto,0.7,2026-09-16T17:23:42+00:00
0069-D-2026,JUST.CIVCOM,Derecho civil / comercial (códigos de fondo),agente:texto,0.95,2026-09-16T17:23:42+00:00
0069-S-2009,CULT.CULTURA,Cultura / Patrimonio,agente:texto,0.95,2026-09-15T23:59:49+00:00
0069-S-2009,JUST.PROPIED,Propiedad (inviolabilidad),agente:texto,0.85,2026-09-15T23:59:49+00:00
0069-S-2011,PROD.AGRO,"Agro, ganadería y pesca",agente:texto,0.95,2026-09-15T23:59:51+00:00
0069-S-2011,TRAB.LABOR,Relaciones laborales (reforma laboral),agente:texto,0.9,2026-09-15T23:59:51+00:00
0069-S-2021,AMB.BOSQUE,Bosques / Glaciares / Áreas protegidas,agente:texto,0.85,2026-09-15T23:59:55+00:00
0069-S-2026,AUX.HOMENAJE,"Homenajes y declaraciones (de interés, beneplácito)",agente:texto,0.95,2026-09-16T17:23:45+00:00
0070-D-2018,AMB.CLIMA,Cambio climático,agente:texto,0.85,2026-09-15T23:59:58+00:00
0070-D-2018,DESREG.DESECO,Desregulación económica,agente:texto,0.75,2026-09-15T23:59:58+00:00
0070-D-2018,PROD.INDPYME,Industria y PyMEs,agente:texto,0.6,2026-09-15T23:59:58+00:00
0070-D-2025,AUX.HOMENAJE,"Homenajes y declaraciones (de interés, beneplácito)",agente:texto,0.7,2026-09-16T17:23:48+00:00
0070-D-2025,CULT.DEPORTE,Deporte,agente:texto,0.8,2026-09-16T17:23:48+00:00
0070-D-2025,TRAB.EMPLEOPUB,Empleo público,agente:texto,0.85,2026-09-16T17:23:48+00:00
0070-D-2026,JUST.JUDIC,Organización judicial / Magistratura,agente:texto,0.95,2026-09-16T17:23:51+00:00
0070-D-2026,POLINST.CONST,Reforma constitucional,agente:texto,0.85,2026-09-16T17:23:51+00:00
0070-S-2009,DEF.TRATADO,Tratados y acuerdos internacionales,agente:texto,0.95,2026-09-16T00:00:01+00:00
0070-S-2009,PROD.AGRO,"Agro, ganadería y pesca",agente:texto,0.75,2026-09-16T00:00:01+00:00
0070-S-2009,PROD.COMEX,Comercio interior y exterior,agente:texto,0.85,2026-09-16T00:00:01+00:00
0070-S-2010,JUST.CIVCOM,Derecho civil / comercial (códigos de fondo),agente:texto,0.95,2026-09-16T00:00:04+00:00
0070-S-2015,AUX.HOMENAJE,"Homenajes y declaraciones (de interés, beneplácito)",agente:texto,0.95,2026-09-16T00:00:07+00:00
0070-S-2021,ECON.TRIB,Tributario / Impuestos,agente:texto,0.95,2026-09-16T00:00:18+00:00
0070-S-2026,DERSOC.DDHH,Derechos humanos,agente:texto,0.75,2026-09-16T17:23:54+00:00
0070-S-2026,DERSOC.GENERO,Género / Diversidad,agente:texto,0.95,2026-09-16T17:23:54+00:00
0070-S-2026,JUST.PENAL,Derecho penal / Código penal,agente:texto,0.95,2026-09-16T17:23:54+00:00
0071-D-2025,AUX.HOMENAJE,"Homenajes y declaraciones (de interés, beneplácito)",agente:texto,0.95,2026-09-16T17:23:57+00:00
0071-S-2010,TRAB.LABOR,Relaciones laborales (reforma laboral),agente:texto,0.95,2026-09-16T00:00:22+00:00
0071-S-2011,CYT.CIENCIA,Ciencia y técnica,agente:texto,0.7,2026-09-16T00:00:27+00:00
0071-S-2011,CYT.INNOV,Innovación / Economía del conocimiento / Software,agente:texto,0.6,2026-09-16T00:00:27+00:00
0071-S-2011,CYT.PI,Propiedad intelectual / Patentes,agente:texto,0.6,2026-09-16T00:00:27+00:00
0071-S-2016,ECON.PRESU,Presupuesto y gasto público,agente:texto,0.95,2026-09-16T00:00:30+00:00
0071-S-2016,POLINST.ORGEST,Organización del Estado / Ministerios,agente:texto,0.85,2026-09-16T00:00:30+00:00
0071-S-2017,DEF.TRATADO,Tratados y acuerdos internacionales,agente:texto,0.95,2026-09-16T00:00:34+00:00
0071-S-2017,INFRA.TRANSP,"Transporte (incl. subsidios al transporte, trenes)",agente:texto,0.75,2026-09-16T00:00:34+00:00
0071-S-2017,PROD.COMEX,Comercio interior y exterior,agente:texto,0.85,2026-09-16T00:00:34+00:00
0071-S-2021,ECON.COPART,Coparticipación / Federalismo fiscal,agente:texto,0.55,2026-09-16T00:00:39+00:00
0071-S-2021,INFRA.OBRA,Obra pública,agente:texto,0.6,2026-09-16T00:00:39+00:00
0071-S-2021,JUST.PROPIED,Propiedad (inviolabilidad),agente:texto,0.95,2026-09-16T00:00:39+00:00
0071-S-2026,AUX.HOMENAJE,"Homenajes y declaraciones (de interés, beneplácito)",agente:texto,0.95,2026-09-16T17:23:59+00:00
0072-D-2025,DERSOC.NINEZ,Niñez e infancia,agente:texto,0.95,2026-09-16T17:24:04+00:00
0072-D-2025,DESSOC.ASIST,Asistencia social / Planes,agente:texto,0.65,2026-09-16T17:24:04+00:00
0072-D-2025,EDU.BASICA,Educación básica y media,agente:texto,0.7,2026-09-16T17:24:04+00:00
0072-D-2025,SALUD.DISCAP,Discapacidad,agente:texto,0.75,2026-09-16T17:24:04+00:00
0072-D-2026,DEF.DEFENSA,Defensa / Fuerzas Armadas,agente:texto,0.8,2026-09-16T17:24:07+00:00
0072-D-2026,ECON.PRESU,Presupuesto y gasto público,agente:texto,0.7,2026-09-16T17:24:07+00:00
0072-D-2026,SALUD.SISTEMA,Sistema de salud / Hospitales / Obras sociales,agente:texto,0.75,2026-09-16T17:24:07+00:00
0072-D-2026,TRAB.PREV,Previsional / Jubilaciones,agente:texto,0.85,2026-09-16T17:24:07+00:00
0072-S-2010,DERSOC.DDHH,Derechos humanos,agente:texto,0.6,2026-09-16T00:00:43+00:00
0072-S-2010,DESREG.DESECO,Desregulación económica,agente:texto,0.7,2026-09-16T00:00:43+00:00
0072-S-2010,SALUD.SISTEMA,Sistema de salud / Hospitales / Obras sociales,agente:texto,0.85,2026-09-16T00:00:43+00:00
0072-S-2011,AMB.RESID,Residuos,agente:texto,0.95,2026-09-16T00:00:47+00:00
0072-S-2011,ECON.PRESU,Presupuesto y gasto público,agente:texto,0.7,2026-09-16T00:00:47+00:00
0072-S-2025,AMB.BOSQUE,Bosques / Glaciares / Áreas protegidas,agente:texto,0.95,2026-09-16T00:00:51+00:00
0072-S-2025,ECON.PRESU,Presupuesto y gasto público,agente:texto,0.75,2026-09-16T00:00:51+00:00
0072-S-2026,DESSOC.ASIST,Asistencia social / Planes,agente:texto,0.95,2026-09-16T17:24:10+00:00
0073-D-2025,AUX.TRAMITE,Trámite parlamentario (sin contenido sustantivo),agente:texto,0.85,2026-09-16T17:24:12+00:00
0073-D-2025,ECON.PRESU,Presupuesto y gasto público,agente:texto,0.6,2026-09-16T17:24:12+00:00
0073-D-2025,INFRA.VIVIENDA,Vivienda y hábitat,agente:texto,0.95,2026-09-16T17:24:12+00:00
0073-D-2026,CULT.DEPORTE,Deporte,agente:texto,0.95,2026-09-16T17:24:16+00:00
0073-D-2026,DESREG.MODEST,Modernización del Estado,agente:texto,0.65,2026-09-16T17:24:16+00:00
0073-D-2026,ECON.TRIB,Tributario / Impuestos,agente:texto,0.75,2026-09-16T17:24:16+00:00
0073-S-2009,DESREG.EMPUB,Empresas públicas / Privatizaciones,agente:texto,0.7,2026-09-16T00:00:55+00:00
0073-S-2009,JUST.PROPIED,Propiedad (inviolabilidad),agente:texto,0.85,2026-09-16T00:00:55+00:00
0073-S-2010,DESREG.DESECO,Desregulación económica,agente:texto,0.65,2026-09-16T00:01:02+00:00
0073-S-2010,ECON.TRIB,Tributario / Impuestos,agente:texto,0.75,2026-09-16T00:01:02+00:00
0073-S-2010,JUST.SEGINT,Seguridad interior,agente:texto,0.85,2026-09-16T00:01:02+00:00
0073-S-2010,SALUD.SISTEMA,Sistema de salud / Hospitales / Obras sociales,agente:texto,0.8,2026-09-16T00:01:02+00:00
0073-S-2011,ECON.TRIB,Tributario / Impuestos,agente:texto,0.6,2026-09-16T00:01:07+00:00
0073-S-2011,JUST.PENAL,Derecho penal / Código penal,agente:texto,0.85,2026-09-16T00:01:07+00:00
0073-S-2014,DESREG.DESECO,Desregulación económica,agente:texto,0.75,2026-09-16T00:01:11+00:00
0073-S-2014,ENER.HIDRO,Hidrocarburos (petróleo y gas),agente:texto,0.95,2026-09-16T00:01:11+00:00
0073-S-2014,PROD.INVER,Promoción de inversiones (RIGI),agente:texto,0.9,2026-09-16T00:01:11+00:00
0073-S-2016,DESREG.MODEST,Modernización del Estado,agente:texto,0.75,2026-09-16T00:01:17+00:00
0073-S-2016,POLINST.ORGEST,Organización del Estado / Ministerios,agente:texto,0.85,2026-09-16T00:01:17+00:00
0073-S-2019,DEF.DEFENSA,Defensa / Fuerzas Armadas,agente:texto,0.95,2026-09-16T00:01:21+00:00
0073-S-2019,DEF.TRATADO,Tratados y acuerdos internacionales,agente:texto,0.75,2026-09-16T00:01:21+00:00
0073-S-2021,AUX.HOMENAJE,"Homenajes y declaraciones (de interés, beneplácito)",agente:texto,0.95,2026-09-16T00:01:24+00:00
0073-S-2026,AUX.HOMENAJE,"Homenajes y declaraciones (de interés, beneplácito)",agente:texto,1.0,2026-09-16T17:24:18+00:00
0074-D-2025,ECON.DEUDA,Deuda y financiamiento,agente:texto,0.85,2026-09-16T17:24:20+00:00
0074-D-2025,ENER.ELEC,Energía eléctrica,agente:texto,0.9,2026-09-16T17:24:20+00:00
0074-D-2025,POLINST.ORGEST,Organización del Estado / Ministerios,agente:texto,0.6,2026-09-16T17:24:20+00:00
0074-D-2026,AUX.HOMENAJE,"Homenajes y declaraciones (de interés, beneplácito)",agente:texto,0.95,2026-09-16T17:24:23+00:00
0074-PE-2026,DEF.TRATADO,Tratados y acuerdos internacionales,agente:texto,0.95,2026-09-16T17:24:26+00:00
0074-PE-2026,PROD.COMEX,Comercio interior y exterior,agente:texto,0.9,2026-09-16T17:24:26+00:00
0074-S-2016,JUST.JUDIC,Organización judicial / Magistratura,agente:texto,0.95,2026-09-16T00:01:29+00:00
0074-S-2016,JUST.PENAL,Derecho penal / Código penal,agente:texto,0.9,2026-09-16T00:01:29+00:00
0074-S-2019,DEF.TRATADO,Tratados y acuerdos internacionales,agente:texto,0.75,2026-09-16T00:01:33+00:00
0074-S-2019,ECON.COPART,Coparticipación / Federalismo fiscal,agente:texto,0.95,2026-09-16T00:01:33+00:00
0074-S-2019,ECON.TRIB,Tributario / Impuestos,agente:texto,0.85,2026-09-16T00:01:33+00:00
0074-S-2021,DERSOC.NINEZ,Niñez e infancia,agente:texto,0.95,2026-09-16T00:01:37+00:00
0074-S-2021,DESSOC.ASIST,Asistencia social / Planes,agente:texto,0.65,2026-09-16T00:01:37+00:00
0074-S-2021,POLINST.ORGEST,Organización del Estado / Ministerios,agente:texto,0.75,2026-09-16T00:01:37+00:00
0074-S-2026,AUX.HOMENAJE,"Homenajes y declaraciones (de interés, beneplácito)",agente:texto,0.95,2026-09-16T17:24:28+00:00
0075-D-2013,DESREG.MODEST,Modernización del Estado,agente:texto,0.35,2026-09-16T00:01:40+00:00
0075-D-2013,EDU.SUPERIOR,Educación superior / Universidades / Financiamiento,agente:texto,0.95,2026-09-16T00:01:40+00:00
0075-D-2014,JUST.PENAL,Derecho penal / Código penal,agente:texto,0.95,2026-09-16T00:01:43+00:00
0075-D-2014,JUST.SEGINT,Seguridad interior,agente:texto,0.75,2026-09-16T00:01:43+00:00
0075-D-2025,INFRA.TRANSP,"Transporte (incl. subsidios al transporte, trenes)",agente:texto,0.7,2026-09-16T17:24:31+00:00
0075-D-2025,JUST.SEGINT,Seguridad interior,agente:texto,0.75,2026-09-16T17:24:31+00:00
0075-D-2026,JUST.CIVCOM,Derecho civil / comercial (códigos de fondo),agente:texto,0.85,2026-09-16T17:24:34+00:00
0075-D-2026,POLINST.ETICA,Transparencia / Lobby / Ética pública,agente:texto,0.95,2026-09-16T17:24:34+00:00
0075-S-2010,DERSOC.NINEZ,Niñez e infancia,agente:texto,0.8,2026-09-16T00:01:47+00:00
0075-S-2010,JUST.CIVCOM,Derecho civil / comercial (códigos de fondo),agente:texto,0.9,2026-09-16T00:01:47+00:00
0075-S-2011,DERSOC.DDHH,Derechos humanos,agente:texto,0.75,2026-09-16T00:01:52+00:00
0075-S-2011,SALUD.SISTEMA,Sistema de salud / Hospitales / Obras sociales,agente:texto,0.95,2026-09-16T00:01:52+00:00
0075-S-2016,JUST.JUDIC,Organización judicial / Magistratura,agente:texto,0.95,2026-09-16T00:01:56+00:00
0075-S-2016,JUST.PENAL,Derecho penal / Código penal,agente:texto,0.9,2026-09-16T00:01:56+00:00
0076-D-2025,AUX.HOMENAJE,"Homenajes y declaraciones (de interés, beneplácito)",agente:texto,0.95,2026-09-16T17:24:37+00:00
0076-D-2025,DERSOC.DDHH,Derechos humanos,agente:texto,0.85,2026-09-16T17:24:37+00:00
0076-D-2025,POLINST.CONST,Reforma constitucional,agente:texto,0.6,2026-09-16T17:24:37+00:00
0076-D-2026,ENER.ELEC,Energía eléctrica,agente:texto,0.9,2026-09-16T17:24:39+00:00
0076-D-2026,ENER.TARIFA,Tarifas y subsidios energéticos,agente:texto,0.95,2026-09-16T17:24:39+00:00
0076-S-2009,JUST.JUDIC,Organización judicial / Magistratura,agente:texto,0.95,2026-09-16T00:02:00+00:00
0076-S-2010,TRAB.LABOR,Relaciones laborales (reforma laboral),agente:texto,0.7,2026-09-16T00:02:04+00:00
0076-S-2010,TRAB.PREV,Previsional / Jubilaciones,agente:texto,0.95,2026-09-16T00:02:04+00:00
0076-S-2011,DESREG.SOCIED,Régimen de sociedades / comercial,agente:texto,0.65,2026-09-16T00:02:09+00:00
0076-S-2011,JUST.CIVCOM,Derecho civil / comercial (códigos de fondo),agente:texto,0.95,2026-09-16T00:02:09+00:00
0076-S-2011,TRAB.LABOR,Relaciones laborales (reforma laboral),agente:texto,0.75,2026-09-16T00:02:09+00:00
0076-S-2015,CYT.PI,Propiedad intelectual / Patentes,agente:texto,0.85,2026-09-16T00:02:13+00:00
0076-S-2015,DEF.TRATADO,Tratados y acuerdos internacionales,agente:texto,0.9,2026-09-16T00:02:13+00:00
0076-S-2015,PROD.COMEX,Comercio interior y exterior,agente:texto,0.75,2026-09-16T00:02:13+00:00
0076-S-2026,AUX.HOMENAJE,"Homenajes y declaraciones (de interés, beneplácito)",agente:texto,1.0,2026-09-16T17:24:41+00:00
0077-D-2025,DERSOC.GENERO,Género / Diversidad,agente:texto,0.8,2026-09-16T17:24:45+00:00
0077-D-2025,DESREG.MODEST,Modernización del Estado,agente:texto,0.65,2026-09-16T17:24:45+00:00
0077-D-2025,TRAB.EMPLEOPUB,Empleo público,agente:texto,0.85,2026-09-16T17:24:45+00:00
0077-D-2026,DEF.EXTERIOR,Política exterior,agente:texto,0.95,2026-09-16T17:24:49+00:00
0077-D-2026,JUST.PROPIED,Propiedad (inviolabilidad),agente:texto,0.75,2026-09-16T17:24:49+00:00
0077-S-2009,AUX.HOMENAJE,"Homenajes y declaraciones (de interés, beneplácito)",agente:texto,0.95,2026-09-16T00:02:16+00:00
0077-S-2010,TRAB.LABOR,Relaciones laborales (reforma laboral),agente:texto,0.95,2026-09-16T00:02:19+00:00
0077-S-2026,AUX.HOMENAJE,"Homenajes y declaraciones (de interés, beneplácito)",agente:texto,1.0,2026-09-16T17:24:51+00:00
0078-D-2025,AMB.AGUA,Agua,agente:texto,0.95,2026-09-16T17:24:54+00:00
0078-D-2025,POLINST.ETICA,Transparencia / Lobby / Ética pública,agente:texto,0.4,2026-09-16T17:24:54+00:00
0078-D-2026,CULT.CULTURA,Cultura / Patrimonio,agente:texto,0.95,2026-09-16T17:24:57+00:00
0078-D-2026,DEF.DEFENSA,Defensa / Fuerzas Armadas,agente:texto,0.85,2026-09-16T17:24:57+00:00
0078-S-2009,AMB.BOSQUE,Bosques / Glaciares / Áreas protegidas,agente:texto,0.95,2026-09-16T00:02:23+00:00
0078-S-2009,ECON.PRESU,Presupuesto y gasto público,agente:texto,0.9,2026-09-16T00:02:23+00:00
0078-S-2010,TRAB.LABOR,Relaciones laborales (reforma laboral),agente:texto,0.95,2026-09-16T00:02:25+00:00
0078-S-2011,AMB.BOSQUE,Bosques / Glaciares / Áreas protegidas,agente:texto,0.75,2026-09-16T00:02:28+00:00
0078-S-2011,DESSOC.ASIST,Asistencia social / Planes,agente:texto,0.7,2026-09-16T00:02:28+00:00
0078-S-2011,ECON.EMERG,Emergencia económica,agente:texto,0.95,2026-09-16T00:02:28+00:00
0078-S-2015,AMB.BOSQUE,Bosques / Glaciares / Áreas protegidas,agente:texto,0.6,2026-09-16T00:02:31+00:00
0078-S-2015,DERSOC.DDHH,Derechos humanos,agente:texto,0.7,2026-09-16T00:02:31+00:00
0078-S-2026,AUX.HOMENAJE,"Homenajes y declaraciones (de interés, beneplácito)",agente:texto,0.95,2026-09-16T17:25:00+00:00
0078-S-2026,SALUD.SISTEMA,Sistema de salud / Hospitales / Obras sociales,agente:texto,0.65,2026-09-16T17:25:00+00:00
0079-D-2008,JUST.CIVCOM,Derecho civil / comercial (códigos de fondo),agente:texto,0.75,2026-09-16T00:02:34+00:00
0079-D-2008,SALUD.SISTEMA,Sistema de salud / Hospitales / Obras sociales,agente:texto,0.95,2026-09-16T00:02:34+00:00
0079-D-2025,DESREG.SOCIED,Régimen de sociedades / comercial,agente:texto,0.65,2026-09-16T17:25:04+00:00
0079-D-2025,SALUD.SISTEMA,Sistema de salud / Hospitales / Obras sociales,agente:texto,0.75,2026-09-16T17:25:04+00:00
0079-D-2026,ECON.COPART,Coparticipación / Federalismo fiscal,agente:texto,0.75,2026-09-16T17:25:07+00:00
0079-D-2026,INFRA.OBRA,Obra pública,agente:texto,0.95,2026-09-16T17:25:07+00:00
0079-D-2026,INFRA.TRANSP,"Transporte (incl. subsidios al transporte, trenes)",agente:texto,0.65,2026-09-16T17:25:07+00:00
0079-S-2010,AUX.HOMENAJE,"Homenajes y declaraciones (de interés, beneplácito)",agente:texto,0.95,2026-09-16T00:02:37+00:00
0079-S-2010,CULT.CULTURA,Cultura / Patrimonio,agente:texto,0.85,2026-09-16T00:02:37+00:00
0079-S-2026,JUST.PENAL,Derecho penal / Código penal,agente:texto,0.95,2026-09-16T17:25:09+00:00
0080-D-2025,AUX.HOMENAJE,"Homenajes y declaraciones (de interés, beneplácito)",agente:texto,0.95,2026-09-16T17:25:11+00:00
0080-D-2026,DEF.DEFENSA,Defensa / Fuerzas Armadas,agente:texto,0.95,2026-09-16T17:25:14+00:00
0080-D-2026,POLINST.ORGEST,Organización del Estado / Ministerios,agente:texto,0.7,2026-09-16T17:25:14+00:00
0080-S-2010,AUX.HOMENAJE,"Homenajes y declaraciones (de interés, beneplácito)",agente:texto,0.95,2026-09-16T00:02:40+00:00
0080-S-2010,CULT.CULTURA,Cultura / Patrimonio,agente:texto,0.85,2026-09-16T00:02:40+00:00
0080-S-2011,DEF.TRATADO,Tratados y acuerdos internacionales,agente:texto,0.95,2026-09-16T00:02:43+00:00
0080-S-2011,ECON.DEUDA,Deuda y financiamiento,agente:texto,0.7,2026-09-16T00:02:43+00:00
0081-D-2025,DERSOC.GENERO,Género / Diversidad,agente:texto,0.8,2026-09-16T17:25:17+00:00
0081-D-2025,DERSOC.NINEZ,Niñez e infancia,agente:texto,0.85,2026-09-16T17:25:17+00:00
0081-D-2025,EDU.BASICA,Educación básica y media,agente:texto,0.9,2026-09-16T17:25:17+00:00
0081-D-2025,SALUD.DISCAP,Discapacidad,agente:texto,0.95,2026-09-16T17:25:17+00:00
0081-D-2026,DESREG.SOCIED,Régimen de sociedades / comercial,agente:texto,0.75,2026-09-16T17:25:21+00:00
0081-D-2026,JUST.CIVCOM,Derecho civil / comercial (códigos de fondo),agente:texto,0.85,2026-09-16T17:25:21+00:00
0081-OV-2008,DERSOC.DDHH,Derechos humanos,agente:texto,0.85,2026-09-16T00:02:47+00:00
0081-OV-2008,JUST.JUDIC,Organización judicial / Magistratura,agente:texto,0.95,2026-09-16T00:02:47+00:00
0081-OV-2008,JUST.PENAL,Derecho penal / Código penal,agente:texto,0.8,2026-09-16T00:02:47+00:00
0081-S-2010,DERSOC.NINEZ,Niñez e infancia,agente:texto,0.5,2026-09-16T00:02:51+00:00
0081-S-2010,EDU.BASICA,Educación básica y media,agente:texto,0.7,2026-09-16T00:02:51+00:00
0081-S-2010,TRAB.EMPLEOPUB,Empleo público,agente:texto,0.6,2026-09-16T00:02:51+00:00
0081-S-2011,PROD.AGRO,"Agro, ganadería y pesca",agente:texto,0.95,2026-09-16T00:02:54+00:00
0081-S-2013,SALUD.MEDIC,Medicamentos y vacunas,agente:texto,0.7,2026-09-16T00:02:56+00:00
0081-S-2013,SALUD.SISTEMA,Sistema de salud / Hospitales / Obras sociales,agente:texto,0.85,2026-09-16T00:02:56+00:00
0081-S-2026,AUX.HOMENAJE,"Homenajes y declaraciones (de interés, beneplácito)",agente:texto,0.95,2026-09-16T17:25:23+00:00
0082-D-2025,AUX.HOMENAJE,"Homenajes y declaraciones (de interés, beneplácito)",agente:texto,0.95,2026-09-16T17:25:25+00:00
0082-D-2026,CULT.CULTURA,Cultura / Patrimonio,agente:texto,0.6,2026-09-16T17:25:29+00:00
0082-D-2026,DERSOC.DDHH,Derechos humanos,agente:texto,0.7,2026-09-16T17:25:29+00:00
0082-D-2026,EDU.BASICA,Educación básica y media,agente:texto,0.9,2026-09-16T17:25:29+00:00
0082-OV-2025,AUX.TRAMITE,Trámite parlamentario (sin contenido sustantivo),agente:texto,0.95,2026-09-16T17:25:31+00:00
0082-S-2009,CULT.CULTURA,Cultura / Patrimonio,agente:texto,0.85,2026-09-16T00:02:59+00:00
0082-S-2009,CYT.PI,Propiedad intelectual / Patentes,agente:texto,0.95,2026-09-16T00:02:59+00:00
0082-S-2010,DERSOC.DDHH,Derechos humanos,agente:texto,0.9,2026-09-16T00:03:02+00:00
0082-S-2010,JUST.PENAL,Derecho penal / Código penal,agente:texto,0.95,2026-09-16T00:03:02+00:00
0082-S-2017,CULT.CULTURA,Cultura / Patrimonio,agente:texto,0.9,2026-09-16T00:03:05+00:00
0082-S-2017,DEF.TRATADO,Tratados y acuerdos internacionales,agente:texto,0.8,2026-09-16T00:03:05+00:00
0082-S-2017,JUST.PROPIED,Propiedad (inviolabilidad),agente:texto,0.7,2026-09-16T00:03:05+00:00
0082-S-2026,DERSOC.GENERO,Género / Diversidad,agente:texto,0.75,2026-09-16T17:25:35+00:00
0082-S-2026,TRAB.PREV,Previsional / Jubilaciones,agente:texto,0.95,2026-09-16T17:25:35+00:00
0083-D-2025,AUX.HOMENAJE,"Homenajes y declaraciones (de interés, beneplácito)",agente:texto,0.95,2026-09-16T17:25:37+00:00
0083-D-2026,DEF.DEFENSA,Defensa / Fuerzas Armadas,agente:texto,0.7,2026-09-16T17:25:41+00:00
0083-D-2026,DESREG.EMPUB,Empresas públicas / Privatizaciones,agente:texto,0.95,2026-09-16T17:25:41+00:00
0083-D-2026,ECON.EMERG,Emergencia económica,agente:texto,0.65,2026-09-16T17:25:41+00:00
0083-D-2026,PROD.INDPYME,Industria y PyMEs,agente:texto,0.75,2026-09-16T17:25:41+00:00
0083-S-2009,AUX.HOMENAJE,"Homenajes y declaraciones (de interés, beneplácito)",agente:texto,0.95,2026-09-16T00:03:07+00:00
0083-S-2010,JUST.JUDIC,Organización judicial / Magistratura,agente:texto,0.95,2026-09-16T00:03:10+00:00
0083-S-2011,DESREG.EMPUB,Empresas públicas / Privatizaciones,agente:texto,0.85,2026-09-16T00:03:13+00:00
0083-S-2011,ECON.COPART,Coparticipación / Federalismo fiscal,agente:texto,0.75,2026-09-16T00:03:13+00:00
0083-S-2011,POLINST.ORGEST,Organización del Estado / Ministerios,agente:texto,0.6,2026-09-16T00:03:13+00:00
0083-S-2016,DEF.TRATADO,Tratados y acuerdos internacionales,agente:texto,0.95,2026-09-16T00:03:16+00:00
0083-S-2016,JUST.PENAL,Derecho penal / Código penal,agente:texto,0.85,2026-09-16T00:03:16+00:00
0083-S-2017,AMB.AGUA,Agua,agente:texto,0.9,2026-09-16T00:03:19+00:00
0083-S-2017,DEF.TRATADO,Tratados y acuerdos internacionales,agente:texto,0.95,2026-09-16T00:03:19+00:00
0083-S-2017,ECON.COPART,Coparticipación / Federalismo fiscal,agente:texto,0.75,2026-09-16T00:03:19+00:00
0083-S-2026,DESREG.MODEST,Modernización del Estado,agente:texto,0.7,2026-09-16T17:25:44+00:00
0083-S-2026,POLINST.ORGEST,Organización del Estado / Ministerios,agente:texto,0.85,2026-09-16T17:25:44+00:00
0083-S-2026,TRAB.EMPLEOPUB,Empleo público,agente:texto,0.75,2026-09-16T17:25:44+00:00
0084-D-2025,EDU.SUPERIOR,Educación superior / Universidades / Financiamiento,agente:texto,0.95,2026-09-16T17:25:47+00:00
0084-D-2026,DEF.DEFENSA,Defensa / Fuerzas Armadas,agente:texto,0.85,2026-09-16T17:25:50+00:00
0084-D-2026,DEF.EXTERIOR,Política exterior,agente:texto,0.8,2026-09-16T17:25:50+00:00
0084-D-2026,POLINST.ETICA,Transparencia / Lobby / Ética pública,agente:texto,0.6,2026-09-16T17:25:50+00:00
0084-S-2009,EDU.SUPERIOR,Educación superior / Universidades / Financiamiento,agente:texto,0.95,2026-09-16T00:03:21+00:00
0084-S-2010,DEF.DEFENSA,Defensa / Fuerzas Armadas,agente:texto,0.95,2026-09-16T00:03:24+00:00
0084-S-2010,DEF.EXTERIOR,Política exterior,agente:texto,0.85,2026-09-16T00:03:24+00:00
0084-S-2010,DEF.TRATADO,Tratados y acuerdos internacionales,agente:texto,0.9,2026-09-16T00:03:24+00:00
0084-S-2011,AUX.HOMENAJE,"Homenajes y declaraciones (de interés, beneplácito)",agente:texto,0.95,2026-09-16T00:03:27+00:00
0084-S-2017,CULT.CULTURA,Cultura / Patrimonio,agente:texto,0.9,2026-09-16T00:03:31+00:00
0084-S-2017,JUST.PROPIED,Propiedad (inviolabilidad),agente:texto,0.85,2026-09-16T00:03:31+00:00
0084-S-2017,POLINST.ORGEST,Organización del Estado / Ministerios,agente:texto,0.6,2026-09-16T00:03:31+00:00
0084-S-2026,AUX.TRAMITE,Trámite parlamentario (sin contenido sustantivo),agente:texto,0.85,2026-09-16T17:25:52+00:00
0084-S-2026,INFRA.TRANSP,"Transporte (incl. subsidios al transporte, trenes)",agente:texto,0.95,2026-09-16T17:25:52+00:00
0085-D-2008,EDU.SUPERIOR,Educación superior / Universidades / Financiamiento,agente:texto,0.95,2026-09-16T00:03:36+00:00
0085-D-2025,CULT.CULTURA,Cultura / Patrimonio,agente:texto,0.7,2026-09-16T17:25:55+00:00
0085-D-2025,ECON.TRIB,Tributario / Impuestos,agente:texto,0.95,2026-09-16T17:25:55+00:00
0085-D-2025,SALUD.ADICC,Adicciones / Ludopatía,agente:texto,0.85,2026-09-16T17:25:55+00:00
0085-D-2026,DEF.DEFENSA,Defensa / Fuerzas Armadas,agente:texto,0.9,2026-09-16T17:25:58+00:00
0085-D-2026,DERSOC.DDHH,Derechos humanos,agente:texto,0.75,2026-09-16T17:25:58+00:00
0085-D-2026,SALUD.MENTAL,Salud mental,agente:texto,0.95,2026-09-16T17:25:58+00:00
0085-S-2010,POLINST.ETICA,Transparencia / Lobby / Ética pública,agente:texto,0.95,2026-09-16T00:03:39+00:00
0085-S-2011,ECON.COPART,Coparticipación / Federalismo fiscal,agente:texto,0.6,2026-09-16T00:03:42+00:00
0085-S-2011,PROD.AGRO,"Agro, ganadería y pesca",agente:texto,0.95,2026-09-16T00:03:42+00:00
0085-S-2012,JUST.CIVCOM,Derecho civil / comercial (códigos de fondo),agente:texto,0.95,2026-09-16T00:03:44+00:00
0085-S-2013,TRAB.LABOR,Relaciones laborales (reforma laboral),agente:texto,0.95,2026-09-16T00:03:47+00:00
0085-S-2015,AMB.AGUA,Agua,agente:texto,0.9,2026-09-16T00:03:50+00:00
0085-S-2015,DESSOC.ASIST,Asistencia social / Planes,agente:texto,0.75,2026-09-16T00:03:50+00:00
0085-S-2015,ECON.EMERG,Emergencia económica,agente:texto,0.95,2026-09-16T00:03:50+00:00
0085-S-2015,INFRA.OBRA,Obra pública,agente:texto,0.65,2026-09-16T00:03:50+00:00
0085-S-2015,PROD.AGRO,"Agro, ganadería y pesca",agente:texto,0.7,2026-09-16T00:03:50+00:00
0085-S-2017,DEF.DEFENSA,Defensa / Fuerzas Armadas,agente:texto,0.95,2026-09-16T00:03:53+00:00
0085-S-2017,DEF.TRATADO,Tratados y acuerdos internacionales,agente:texto,0.75,2026-09-16T00:03:53+00:00
0085-S-2026,AUX.HOMENAJE,"Homenajes y declaraciones (de interés, beneplácito)",agente:texto,1.0,2026-09-16T17:26:01+00:00
0086-D-2025,SALUD.MENTAL,Salud mental,agente:texto,0.85,2026-09-16T00:03:57+00:00
0086-D-2025,SALUD.SISTEMA,Sistema de salud / Hospitales / Obras sociales,agente:texto,0.75,2026-09-16T00:03:57+00:00
0086-D-2026,AUX.HOMENAJE,"Homenajes y declaraciones (de interés, beneplácito)",agente:texto,0.95,2026-09-16T17:26:04+00:00
0086-S-2009,DEF.EXTERIOR,Política exterior,agente:texto,0.75,2026-09-16T00:04:00+00:00
0086-S-2009,DEF.TRATADO,Tratados y acuerdos internacionales,agente:texto,0.95,2026-09-16T00:04:00+00:00
0086-S-2009,INFRA.OBRA,Obra pública,agente:texto,0.85,2026-09-16T00:04:00+00:00
0086-S-2009,INFRA.TRANSP,"Transporte (incl. subsidios al transporte, trenes)",agente:texto,0.8,2026-09-16T00:04:00+00:00
0086-S-2010,JUST.PENAL,Derecho penal / Código penal,agente:texto,0.75,2026-09-16T00:04:04+00:00
0086-S-2010,JUST.SEGINT,Seguridad interior,agente:texto,0.95,2026-09-16T00:04:04+00:00
0086-S-2011,JUST.PENAL,Derecho penal / Código penal,agente:texto,0.95,2026-09-16T00:04:06+00:00
0086-S-2012,DESREG.DESECO,Desregulación económica,agente:texto,0.7,2026-09-16T00:04:10+00:00
0086-S-2012,ECON.TRIB,Tributario / Impuestos,agente:texto,0.75,2026-09-16T00:04:10+00:00
0086-S-2012,JUST.CIVCOM,Derecho civil / comercial (códigos de fondo),agente:texto,0.65,2026-09-16T00:04:10+00:00
0086-S-2016,DEF.TRATADO,Tratados y acuerdos internacionales,agente:texto,0.85,2026-09-16T00:04:13+00:00
0086-S-2016,ECON.COPART,Coparticipación / Federalismo fiscal,agente:texto,0.95,2026-09-16T00:04:13+00:00
0086-S-2017,ECON.EMERG,Emergencia económica,agente:texto,0.95,2026-09-16T00:04:15+00:00
0086-S-2026,ECON.COPART,Coparticipación / Federalismo fiscal,agente:texto,0.7,2026-09-16T17:26:07+00:00
0086-S-2026,ENER.ELEC,Energía eléctrica,agente:texto,0.95,2026-09-16T17:26:07+00:00
0086-S-2026,ENER.TARIFA,Tarifas y subsidios energéticos,agente:texto,0.95,2026-09-16T17:26:07+00:00
0087-D-2025,AUX.HOMENAJE,"Homenajes y declaraciones (de interés, beneplácito)",agente:texto,0.95,2026-09-16T17:26:10+00:00
0087-D-2025,INFRA.TELECOM,Telecomunicaciones / Conectividad,agente:texto,0.6,2026-09-16T17:26:10+00:00
0087-D-2026,DESREG.EMPUB,Empresas públicas / Privatizaciones,agente:texto,0.4,2026-09-16T17:26:13+00:00
0087-D-2026,TRAB.EMPLEOPUB,Empleo público,agente:texto,0.35,2026-09-16T17:26:13+00:00
0087-D-2026,TRAB.LABOR,Relaciones laborales (reforma laboral),agente:texto,0.45,2026-09-16T17:26:13+00:00
0087-S-2010,DESREG.DESECO,Desregulación económica,agente:texto,0.7,2026-09-16T00:04:19+00:00
0087-S-2010,JUST.PENAL,Derecho penal / Código penal,agente:texto,0.75,2026-09-16T00:04:19+00:00
0087-S-2010,PROD.COMEX,Comercio interior y exterior,agente:texto,0.6,2026-09-16T00:04:19+00:00
0087-S-2012,AUX.HOMENAJE,"Homenajes y declaraciones (de interés, beneplácito)",agente:texto,0.95,2026-09-16T00:04:21+00:00
0087-S-2014,JUST.PENAL,Derecho penal / Código penal,agente:texto,0.95,2026-09-16T00:04:24+00:00
0087-S-2026,DESSOC.ASIST,Asistencia social / Planes,agente:texto,0.6,2026-09-16T17:26:17+00:00
0087-S-2026,TRAB.EMPLEOPUB,Empleo público,agente:texto,0.7,2026-09-16T17:26:17+00:00
0087-S-2026,TRAB.LABOR,Relaciones laborales (reforma laboral),agente:texto,0.7,2026-09-16T17:26:17+00:00
0088-D-2025,AUX.HOMENAJE,"Homenajes y declaraciones (de interés, beneplácito)",agente:texto,1.0,2026-09-16T17:26:19+00:00
0088-D-2026,CULT.DEPORTE,Deporte,agente:texto,0.7,2026-09-16T17:26:23+00:00
0088-D-2026,DERSOC.NINEZ,Niñez e infancia,agente:texto,0.85,2026-09-16T17:26:23+00:00
0088-D-2026,EDU.BASICA,Educación básica y media,agente:texto,0.75,2026-09-16T17:26:23+00:00
0088-D-2026,INFRA.TRANSP,"Transporte (incl. subsidios al transporte, trenes)",agente:texto,0.95,2026-09-16T17:26:23+00:00
0088-S-2009,DEF.TRATADO,Tratados y acuerdos internacionales,agente:texto,0.95,2026-09-16T00:04:27+00:00
0088-S-2009,TRAB.PREV,Previsional / Jubilaciones,agente:texto,0.85,2026-09-16T00:04:27+00:00
0088-S-2010,AUX.HOMENAJE,"Homenajes y declaraciones (de interés, beneplácito)",agente:texto,0.95,2026-09-16T00:04:29+00:00
0088-S-2011,DEF.TRATADO,Tratados y acuerdos internacionales,agente:texto,0.85,2026-09-16T00:04:32+00:00
0088-S-2011,DERSOC.DDHH,Derechos humanos,agente:texto,0.95,2026-09-16T00:04:32+00:00
0088-S-2011,JUST.CIVCOM,Derecho civil / comercial (códigos de fondo),agente:texto,0.75,2026-09-16T00:04:32+00:00
0088-S-2016,DESREG.EMPUB,Empresas públicas / Privatizaciones,agente:texto,0.55,2026-09-16T00:04:35+00:00
0088-S-2016,DESREG.MODEST,Modernización del Estado,agente:texto,0.75,2026-09-16T00:04:35+00:00
0088-S-2016,ECON.PRESU,Presupuesto y gasto público,agente:texto,0.6,2026-09-16T00:04:35+00:00
0088-S-2016,INFRA.OBRA,Obra pública,agente:texto,0.65,2026-09-16T00:04:35+00:00
0088-S-2017,DERSOC.DDHH,Derechos humanos,agente:texto,0.95,2026-09-16T00:04:38+00:00
0088-S-2017,POLINST.ETICA,Transparencia / Lobby / Ética pública,agente:texto,0.75,2026-09-16T00:04:38+00:00
0088-S-2026,CYT.CIENCIA,Ciencia y técnica,agente:texto,0.75,2026-09-16T17:26:27+00:00
0088-S-2026,EDU.BASICA,Educación básica y media,agente:texto,0.85,2026-09-16T17:26:27+00:00
0088-S-2026,TRAB.LABOR,Relaciones laborales (reforma laboral),agente:texto,0.7,2026-09-16T17:26:27+00:00
0089-D-2025,CYT.INNOV,Innovación / Economía del conocimiento / Software,agente:texto,0.65,2026-09-16T17:26:31+00:00
0089-D-2025,ECON.MON,Monetario y cambiario,agente:texto,0.85,2026-09-16T17:26:31+00:00
0089-D-2025,POLINST.ETICA,Transparencia / Lobby / Ética pública,agente:texto,0.6,2026-09-16T17:26:31+00:00
0089-D-2026,AUX.HOMENAJE,"Homenajes y declaraciones (de interés, beneplácito)",agente:texto,0.95,2026-09-16T17:26:35+00:00
0089-D-2026,INFRA.TRANSP,"Transporte (incl. subsidios al transporte, trenes)",agente:texto,0.75,2026-09-16T17:26:35+00:00
0089-S-2010,DESREG.DESECO,Desregulación económica,agente:texto,0.75,2026-09-16T00:04:41+00:00
0089-S-2010,JUST.CIVCOM,Derecho civil / comercial (códigos de fondo),agente:texto,0.95,2026-09-16T00:04:41+00:00
0089-S-2011,PROD.AGRO,"Agro, ganadería y pesca",agente:texto,0.9,2026-09-16T00:04:43+00:00
0089-S-2011,TRAB.PREV,Previsional / Jubilaciones,agente:texto,0.95,2026-09-16T00:04:43+00:00
0089-S-2016,DEF.DEFENSA,Defensa / Fuerzas Armadas,agente:texto,0.85,2026-09-16T00:04:46+00:00
0089-S-2016,DEF.EXTERIOR,Política exterior,agente:texto,0.8,2026-09-16T00:04:46+00:00
0089-S-2016,DEF.TRATADO,Tratados y acuerdos internacionales,agente:texto,0.7,2026-09-16T00:04:46+00:00
0089-S-2026,AUX.HOMENAJE,"Homenajes y declaraciones (de interés, beneplácito)",agente:texto,0.95,2026-09-16T17:26:37+00:00
0090-D-2025,ECON.PRESU,Presupuesto y gasto público,agente:texto,0.75,2026-09-16T17:26:40+00:00
0090-D-2025,SALUD.DISCAP,Discapacidad,agente:texto,0.95,2026-09-16T17:26:40+00:00
0090-D-2026,POLINST.ELECT,Reforma electoral,agente:texto,0.85,2026-09-16T17:26:44+00:00
0090-D-2026,POLINST.PARTIDOS,Partidos políticos,agente:texto,0.95,2026-09-16T17:26:44+00:00
0090-S-2010,JUST.JUDIC,Organización judicial / Magistratura,agente:texto,0.95,2026-09-16T00:04:48+00:00
0090-S-2011,DESREG.MODEST,Modernización del Estado,agente:texto,0.6,2026-09-16T00:04:51+00:00
0090-S-2011,EDU.SUPERIOR,Educación superior / Universidades / Financiamiento,agente:texto,0.95,2026-09-16T00:04:51+00:00
0090-S-2015,AUX.TRAMITE,Trámite parlamentario (sin contenido sustantivo),agente:texto,0.95,2026-09-16T00:04:53+00:00
0090-S-2016,DERSOC.GENERO,Género / Diversidad,agente:texto,0.95,2026-09-16T00:04:56+00:00
0090-S-2016,POLINST.ORGEST,Organización del Estado / Ministerios,agente:texto,0.85,2026-09-16T00:04:56+00:00
0090-S-2016,TRAB.EMPLEOPUB,Empleo público,agente:texto,0.75,2026-09-16T00:04:56+00:00
0090-S-2016,TRAB.SINDIC,Sindical,agente:texto,0.8,2026-09-16T00:04:56+00:00
0090-S-2026,AUX.HOMENAJE,"Homenajes y declaraciones (de interés, beneplácito)",agente:texto,0.95,2026-09-16T17:26:46+00:00
0090-S-2026,DERSOC.DDHH,Derechos humanos,agente:texto,0.85,2026-09-16T17:26:46+00:00
0091-D-2025,DESSOC.PNC,Pensiones no contributivas,agente:texto,0.95,2026-09-16T17:26:49+00:00
0091-D-2025,TRAB.PREV,Previsional / Jubilaciones,agente:texto,0.75,2026-09-16T17:26:49+00:00
0091-D-2026,EDU.BASICA,Educación básica y media,agente:texto,0.95,2026-09-16T17:26:52+00:00
0091-D-2026,INFRA.TELECOM,Telecomunicaciones / Conectividad,agente:texto,0.6,2026-09-16T17:26:52+00:00
0091-S-2008,AMB.BOSQUE,Bosques / Glaciares / Áreas protegidas,agente:texto,0.9,2026-09-16T00:05:00+00:00
0091-S-2008,ECON.PRESU,Presupuesto y gasto público,agente:texto,0.6,2026-09-16T00:05:00+00:00
0091-S-2008,PROD.AGRO,"Agro, ganadería y pesca",agente:texto,0.85,2026-09-16T00:05:00+00:00
0091-S-2008,PROD.INVER,Promoción de inversiones (RIGI),agente:texto,0.75,2026-09-16T00:05:00+00:00
0091-S-2011,INFRA.TELECOM,Telecomunicaciones / Conectividad,agente:texto,0.7,2026-09-16T00:05:03+00:00
0091-S-2011,TRAB.EMPLEOPUB,Empleo público,agente:texto,0.6,2026-09-16T00:05:03+00:00
0091-S-2011,TRAB.LABOR,Relaciones laborales (reforma laboral),agente:texto,0.85,2026-09-16T00:05:03+00:00
0091-S-2012,DEF.DEFENSA,Defensa / Fuerzas Armadas,agente:texto,0.95,2026-09-16T00:05:06+00:00
0091-S-2012,DEF.TRATADO,Tratados y acuerdos internacionales,agente:texto,0.75,2026-09-16T00:05:06+00:00
0091-S-2015,AUX.HOMENAJE,"Homenajes y declaraciones (de interés, beneplácito)",agente:texto,0.95,2026-09-16T00:05:09+00:00
0091-S-2015,CULT.DEPORTE,Deporte,agente:texto,0.85,2026-09-16T00:05:09+00:00
0091-S-2026,AUX.HOMENAJE,"Homenajes y declaraciones (de interés, beneplácito)",agente:texto,1.0,2026-09-16T17:26:55+00:00
0092-D-2024,EDU.BASICA,Educación básica y media,agente:texto,0.95,2026-09-16T00:05:12+00:00
0092-D-2024,POLINST.ORGEST,Organización del Estado / Ministerios,agente:texto,0.65,2026-09-16T00:05:12+00:00
0092-D-2025,AUX.TRAMITE,Trámite parlamentario (sin contenido sustantivo),agente:texto,0.75,2026-09-16T00:05:15+00:00
0092-D-2025,POLINST.ETICA,Transparencia / Lobby / Ética pública,agente:texto,0.85,2026-09-16T00:05:15+00:00
0092-D-2026,JUST.PROPIED,Propiedad (inviolabilidad),agente:texto,0.7,2026-09-16T17:26:58+00:00
0092-D-2026,POLINST.ORGEST,Organización del Estado / Ministerios,agente:texto,0.75,2026-09-16T17:26:58+00:00
0092-JGM-2020,ECON.PRESU,Presupuesto y gasto público,agente:texto,0.99,2026-09-16T00:05:18+00:00
0092-S-2011,DEF.TRATADO,Tratados y acuerdos internacionales,agente:texto,0.95,2026-09-16T00:05:20+00:00
0092-S-2011,JUST.PENAL,Derecho penal / Código penal,agente:texto,0.85,2026-09-16T00:05:20+00:00
0092-S-2012,DEF.DEFENSA,Defensa / Fuerzas Armadas,agente:texto,0.95,2026-09-16T00:05:23+00:00
0092-S-2012,DEF.TRATADO,Tratados y acuerdos internacionales,agente:texto,0.75,2026-09-16T00:05:23+00:00
0092-S-2015,DESREG.EMPUB,Empresas públicas / Privatizaciones,agente:texto,0.95,2026-09-16T00:05:25+00:00
0092-S-2015,DESREG.MODEST,Modernización del Estado,agente:texto,0.85,2026-09-16T00:05:25+00:00
0092-S-2015,POLINST.ORGEST,Organización del Estado / Ministerios,agente:texto,0.8,2026-09-16T00:05:25+00:00
0092-S-2017,DEF.DEFENSA,Defensa / Fuerzas Armadas,agente:texto,0.95,2026-09-16T00:05:28+00:00
0092-S-2017,DEF.TRATADO,Tratados y acuerdos internacionales,agente:texto,0.85,2026-09-16T00:05:28+00:00
0092-S-2026,AUX.HOMENAJE,"Homenajes y declaraciones (de interés, beneplácito)",agente:texto,1.0,2026-09-16T17:27:01+00:00
0093-D-2025,AUX.TRAMITE,Trámite parlamentario (sin contenido sustantivo),agente:texto,0.95,2026-09-16T17:27:03+00:00
0093-D-2026,CYT.CIENCIA,Ciencia y técnica,agente:texto,0.85,2026-09-16T17:27:06+00:00
0093-D-2026,DESREG.MODEST,Modernización del Estado,agente:texto,0.75,2026-09-16T17:27:06+00:00
0093-D-2026,SALUD.SISTEMA,Sistema de salud / Hospitales / Obras sociales,agente:texto,0.9,2026-09-16T17:27:06+00:00
0093-S-2008,JUST.CIVCOM,Derecho civil / comercial (códigos de fondo),agente:texto,0.75,2026-09-16T00:05:31+00:00
0093-S-2008,PROD.COMEX,Comercio interior y exterior,agente:texto,0.7,2026-09-16T00:05:31+00:00
0093-S-2012,AMB.BOSQUE,Bosques / Glaciares / Áreas protegidas,agente:texto,0.95,2026-09-16T00:05:34+00:00
0093-S-2012,DEF.TRATADO,Tratados y acuerdos internacionales,agente:texto,0.45,2026-09-16T00:05:34+00:00
0093-S-2012,ECON.COPART,Coparticipación / Federalismo fiscal,agente:texto,0.75,2026-09-16T00:05:34+00:00
0093-S-2017,JUST.CIVCOM,Derecho civil / comercial (códigos de fondo),agente:texto,0.9,2026-09-16T00:05:36+00:00
0093-S-2018,DEF.TRATADO,Tratados y acuerdos internacionales,agente:texto,0.95,2026-09-16T00:05:39+00:00
0093-S-2018,PROD.COMEX,Comercio interior y exterior,agente:texto,0.85,2026-09-16T00:05:39+00:00
0093-S-2026,DERSOC.DDHH,Derechos humanos,agente:texto,0.55,2026-09-16T17:27:10+00:00
0093-S-2026,ECON.TRIB,Tributario / Impuestos,agente:texto,0.7,2026-09-16T17:27:10+00:00
0093-S-2026,JUST.NARCO,Narcotráfico,agente:texto,0.85,2026-09-16T17:27:10+00:00
0094-D-2025,CYT.CIBER,Ciberseguridad y datos,agente:texto,0.6,2026-09-16T17:27:14+00:00
0094-D-2025,ECON.MON,Monetario y cambiario,agente:texto,0.85,2026-09-16T17:27:14+00:00
0094-D-2025,POLINST.ETICA,Transparencia / Lobby / Ética pública,agente:texto,0.55,2026-09-16T17:27:14+00:00
0094-D-2026,DESREG.DESECO,Desregulación económica,agente:texto,0.55,2026-09-16T17:27:18+00:00
0094-D-2026,INFRA.OBRA,Obra pública,agente:texto,0.6,2026-09-16T17:27:18+00:00
0094-D-2026,PROD.AGRO,"Agro, ganadería y pesca",agente:texto,0.85,2026-09-16T17:27:18+00:00
0094-PE-2026,DEF.TRATADO,Tratados y acuerdos internacionales,agente:texto,0.95,2026-09-16T17:27:21+00:00
0094-PE-2026,TRAB.PREV,Previsional / Jubilaciones,agente:texto,0.9,2026-09-16T17:27:21+00:00
0094-S-2009,AUX.TRAMITE,Trámite parlamentario (sin contenido sustantivo),agente:texto,0.95,2026-09-16T00:05:42+00:00
0094-S-2010,ECON.COPART,Coparticipación / Federalismo fiscal,agente:texto,0.5,2026-09-16T00:05:45+00:00
0094-S-2010,INFRA.VIVIENDA,Vivienda y hábitat,agente:texto,0.6,2026-09-16T00:05:45+00:00
0094-S-2010,JUST.PROPIED,Propiedad (inviolabilidad),agente:texto,0.4,2026-09-16T00:05:45+00:00
0094-S-2012,AUX.HOMENAJE,"Homenajes y declaraciones (de interés, beneplácito)",agente:texto,0.85,2026-09-16T00:05:48+00:00
0094-S-2012,DESREG.EMPUB,Empresas públicas / Privatizaciones,agente:texto,0.7,2026-09-16T00:05:48+00:00
0094-S-2015,DEF.TRATADO,Tratados y acuerdos internacionales,agente:texto,0.75,2026-09-16T00:05:52+00:00
0094-S-2015,ECON.DEUDA,Deuda y financiamiento,agente:texto,0.95,2026-09-16T00:05:52+00:00
0094-S-2015,POLINST.ETICA,Transparencia / Lobby / Ética pública,agente:texto,0.6,2026-09-16T00:05:52+00:00
0094-S-2026,AUX.HOMENAJE,"Homenajes y declaraciones (de interés, beneplácito)",agente:texto,0.95,2026-09-16T17:27:23+00:00
0095-D-2025,JUST.PENAL,Derecho penal / Código penal,agente:texto,0.9,2026-09-16T17:27:26+00:00
0095-D-2025,PROD.COMEX,Comercio interior y exterior,agente:texto,0.8,2026-09-16T17:27:26+00:00
0095-PE-2026,DEF.TRATADO,Tratados y acuerdos internacionales,agente:texto,0.95,2026-09-16T17:27:29+00:00
0095-PE-2026,TRAB.PREV,Previsional / Jubilaciones,agente:texto,0.9,2026-09-16T17:27:29+00:00
0095-S-2010,AMB.CLIMA,Cambio climático,agente:texto,0.85,2026-09-16T00:05:54+00:00
0095-S-2010,DESSOC.ASIST,Asistencia social / Planes,agente:texto,0.7,2026-09-16T00:05:54+00:00
0095-S-2010,ECON.EMERG,Emergencia económica,agente:texto,0.95,2026-09-16T00:05:54+00:00
0095-S-2012,JUST.SEGINT,Seguridad interior,agente:texto,0.85,2026-09-16T00:05:57+00:00
0095-S-2018,DEF.TRATADO,Tratados y acuerdos internacionales,agente:texto,0.95,2026-09-16T00:06:00+00:00
0095-S-2018,DERSOC.NINEZ,Niñez e infancia,agente:texto,0.85,2026-09-16T00:06:00+00:00
0095-S-2018,JUST.CIVCOM,Derecho civil / comercial (códigos de fondo),agente:texto,0.8,2026-09-16T00:06:00+00:00
0095-S-2020,AUX.HOMENAJE,"Homenajes y declaraciones (de interés, beneplácito)",agente:texto,0.95,2026-09-16T00:06:02+00:00
0095-S-2026,AUX.HOMENAJE,"Homenajes y declaraciones (de interés, beneplácito)",agente:texto,0.95,2026-09-16T17:27:32+00:00
0096-D-2025,AUX.TRAMITE,Trámite parlamentario (sin contenido sustantivo),agente:texto,0.7,2026-09-16T17:27:36+00:00
0096-D-2025,ECON.MON,Monetario y cambiario,agente:texto,0.85,2026-09-16T17:27:36+00:00
0096-D-2025,POLINST.ETICA,Transparencia / Lobby / Ética pública,agente:texto,0.75,2026-09-16T17:27:36+00:00
0096-D-2026,JUST.SEGINT,Seguridad interior,agente:texto,0.9,2026-09-16T17:27:40+00:00
0096-D-2026,POLINST.ORGEST,Organización del Estado / Ministerios,agente:texto,0.7,2026-09-16T17:27:40+00:00
0096-PE-2026,AUX.TRAMITE,Trámite parlamentario (sin contenido sustantivo),agente:texto,0.85,2026-09-16T17:27:43+00:00
0096-PE-2026,DEF.DEFENSA,Defensa / Fuerzas Armadas,agente:texto,0.95,2026-09-16T17:27:43+00:00
0096-PE-2026,DEF.TRATADO,Tratados y acuerdos internacionales,agente:texto,0.7,2026-09-16T17:27:43+00:00
0096-S-2009,CYT.CIENCIA,Ciencia y técnica,agente:texto,0.95,2026-09-16T00:06:05+00:00
0096-S-2009,POLINST.ORGEST,Organización del Estado / Ministerios,agente:texto,0.75,2026-09-16T00:06:05+00:00
0096-S-2009,PROD.AGRO,"Agro, ganadería y pesca",agente:texto,0.8,2026-09-16T00:06:05+00:00
0096-S-2020,DESREG.MODEST,Modernización del Estado,agente:texto,0.7,2026-09-16T00:06:08+00:00
0096-S-2020,ECON.EMERG,Emergencia económica,agente:texto,0.65,2026-09-16T00:06:08+00:00
0096-S-2020,JUST.SEGINT,Seguridad interior,agente:texto,0.85,2026-09-16T00:06:08+00:00
0096-S-2026,JUST.JUDIC,Organización judicial / Magistratura,agente:texto,0.95,2026-09-16T17:27:45+00:00
0097-D-2016,DESREG.DESECO,Desregulación económica,agente:texto,0.7,2026-09-16T00:06:11+00:00
0097-D-2016,ENER.ELEC,Energía eléctrica,agente:texto,0.85,2026-09-16T00:06:11+00:00
0097-D-2016,ENER.RENOV,Renovables,agente:texto,0.95,2026-09-16T00:06:11+00:00
0097-D-2025,AUX.TRAMITE,Trámite parlamentario (sin contenido sustantivo),agente:texto,0.65,2026-09-16T17:27:48+00:00
0097-D-2025,POLINST.ORGEST,Organización del Estado / Ministerios,agente:texto,0.75,2026-09-16T17:27:48+00:00
0097-D-2026,JUST.SEGINT,Seguridad interior,agente:texto,0.95,2026-09-16T17:27:50+00:00
0097-D-2026,POLINST.ORGEST,Organización del Estado / Ministerios,agente:texto,0.65,2026-09-16T17:27:50+00:00
0097-PE-2026,DEF.TRATADO,Tratados y acuerdos internacionales,agente:texto,0.95,2026-09-16T17:27:53+00:00
0097-PE-2026,PROD.COMEX,Comercio interior y exterior,agente:texto,0.9,2026-09-16T17:27:53+00:00
0097-S-2009,ECON.PRESU,Presupuesto y gasto público,agente:texto,0.85,2026-09-16T00:06:13+00:00
0097-S-2009,PROD.AGRO,"Agro, ganadería y pesca",agente:texto,0.95,2026-09-16T00:06:13+00:00
0097-S-2012,DEF.TRATADO,Tratados y acuerdos internacionales,agente:texto,0.95,2026-09-16T00:06:16+00:00
0097-S-2012,JUST.CIVCOM,Derecho civil / comercial (códigos de fondo),agente:texto,0.75,2026-09-16T00:06:16+00:00
0097-S-2012,PROD.COMEX,Comercio interior y exterior,agente:texto,0.9,2026-09-16T00:06:16+00:00
0097-S-2026,DERSOC.GENERO,Género / Diversidad,agente:texto,0.75,2026-09-16T17:27:56+00:00
0097-S-2026,SALUD.SISTEMA,Sistema de salud / Hospitales / Obras sociales,agente:texto,0.95,2026-09-16T17:27:56+00:00
0098-S-2012,DEF.TRATADO,Tratados y acuerdos internacionales,agente:texto,0.95,2026-09-16T00:06:20+00:00
0098-S-2012,PROD.AGRO,"Agro, ganadería y pesca",agente:texto,0.75,2026-09-16T00:06:20+00:00
0098-S-2012,TRAB.LABOR,Relaciones laborales (reforma laboral),agente:texto,0.7,2026-09-16T00:06:20+00:00
0098-S-2020,DEF.TRATADO,Tratados y acuerdos internacionales,agente:texto,0.95,2026-09-16T00:06:23+00:00
0098-S-2020,DERSOC.DDHH,Derechos humanos,agente:texto,0.8,2026-09-16T00:06:23+00:00
0098-S-2020,JUST.PENAL,Derecho penal / Código penal,agente:texto,0.85,2026-09-16T00:06:23+00:00
0099-S-2015,DERSOC.NINEZ,Niñez e infancia,agente:texto,0.65,2026-09-16T00:06:26+00:00
0099-S-2015,EDU.BASICA,Educación básica y media,agente:texto,0.85,2026-09-16T00:06:26+00:00
0099-S-2015,SALUD.SISTEMA,Sistema de salud / Hospitales / Obras sociales,agente:texto,0.7,2026-09-16T00:06:26+00:00
0100-S-2008,DEF.DEFENSA,Defensa / Fuerzas Armadas,agente:texto,0.95,2026-09-16T00:06:29+00:00
0100-S-2008,DEF.TRATADO,Tratados y acuerdos internacionales,agente:texto,0.85,2026-09-16T00:06:29+00:00
0100-S-2009,AUX.TRAMITE,Trámite parlamentario (sin contenido sustantivo),agente:texto,0.95,2026-09-16T00:06:32+00:00
0100-S-2014,AMB.CLIMA,Cambio climático,agente:texto,0.7,2026-09-16T00:06:34+00:00
0100-S-2014,ENER.ELEC,Energía eléctrica,agente:texto,0.9,2026-09-16T00:06:34+00:00
0100-S-2014,ENER.RENOV,Renovables,agente:texto,0.95,2026-09-16T00:06:34+00:00
0100-S-2014,PROD.INVER,Promoción de inversiones (RIGI),agente:texto,0.75,2026-09-16T00:06:34+00:00
0100-S-2020,SALUD.MENTAL,Salud mental,agente:texto,0.7,2026-09-16T00:06:38+00:00
0100-S-2020,SALUD.SISTEMA,Sistema de salud / Hospitales / Obras sociales,agente:texto,0.95,2026-09-16T00:06:38+00:00
0101-S-2008,DEF.TRATADO,Tratados y acuerdos internacionales,agente:texto,0.85,2026-09-16T00:06:41+00:00
0101-S-2008,ECON.DEUDA,Deuda y financiamiento,agente:texto,0.7,2026-09-16T00:06:41+00:00
0101-S-2013,DERSOC.DDHH,Derechos humanos,agente:texto,0.95,2026-09-16T00:06:43+00:00
0101-S-2013,POLINST.CONST,Reforma constitucional,agente:texto,0.85,2026-09-16T00:06:43+00:00
0101-S-2013,SALUD.DISCAP,Discapacidad,agente:texto,0.9,2026-09-16T00:06:43+00:00
0101-S-2014,AUX.HOMENAJE,"Homenajes y declaraciones (de interés, beneplácito)",agente:texto,0.9,2026-09-16T00:06:46+00:00
0101-S-2014,ENER.HIDRO,Hidrocarburos (petróleo y gas),agente:texto,0.95,2026-09-16T00:06:46+00:00
0101-S-2016,DEF.TRATADO,Tratados y acuerdos internacionales,agente:texto,0.95,2026-09-16T00:06:49+00:00
0101-S-2016,ENER.HIDRO,Hidrocarburos (petróleo y gas),agente:texto,0.7,2026-09-16T00:06:49+00:00
0101-S-2018,AMB.RESID,Residuos,agente:texto,0.95,2026-09-16T00:06:52+00:00
0101-S-2018,CYT.CIENCIA,Ciencia y técnica,agente:texto,0.7,2026-09-16T00:06:52+00:00
0101-S-2018,DEF.TRATADO,Tratados y acuerdos internacionales,agente:texto,0.9,2026-09-16T00:06:52+00:00
0102-S-2008,JUST.CIVCOM,Derecho civil / comercial (códigos de fondo),agente:texto,0.75,2026-09-16T00:06:55+00:00
0102-S-2008,POLINST.ELECT,Reforma electoral,agente:texto,0.85,2026-09-16T00:06:55+00:00
0102-S-2012,ECON.COPART,Coparticipación / Federalismo fiscal,agente:texto,0.5,2026-09-16T00:06:58+00:00
0102-S-2012,INFRA.VIVIENDA,Vivienda y hábitat,agente:texto,0.6,2026-09-16T00:06:58+00:00
0102-S-2013,JUST.CIVCOM,Derecho civil / comercial (códigos de fondo),agente:texto,0.98,2026-09-16T00:07:00+00:00
0102-S-2020,DESREG.DESECO,Desregulación económica,agente:texto,0.7,2026-09-16T00:07:04+00:00
0102-S-2020,INFRA.TELECOM,Telecomunicaciones / Conectividad,agente:texto,0.85,2026-09-16T00:07:04+00:00
0102-S-2020,JUST.CIVCOM,Derecho civil / comercial (códigos de fondo),agente:texto,0.9,2026-09-16T00:07:04+00:00
0103-S-2008,DEF.TRATADO,Tratados y acuerdos internacionales,agente:texto,0.95,2026-09-16T00:07:06+00:00
0103-S-2008,TRAB.PREV,Previsional / Jubilaciones,agente:texto,0.85,2026-09-16T00:07:06+00:00
0104-S-2018,AMB.AGUA,Agua,agente:texto,0.8,2026-09-16T00:07:09+00:00
0104-S-2018,DEF.TRATADO,Tratados y acuerdos internacionales,agente:texto,0.9,2026-09-16T00:07:09+00:00
0104-S-2018,ECON.COPART,Coparticipación / Federalismo fiscal,agente:texto,0.7,2026-09-16T00:07:09+00:00
0106-D-2011,DERSOC.GENERO,Género / Diversidad,agente:texto,0.85,2026-09-16T00:07:12+00:00
0106-D-2011,JUST.PENAL,Derecho penal / Código penal,agente:texto,0.95,2026-09-16T00:07:12+00:00
0106-S-2008,AUX.TRAMITE,Trámite parlamentario (sin contenido sustantivo),agente:texto,0.85,2026-09-16T00:07:28+00:00
0106-S-2008,DEF.EXTERIOR,Política exterior,agente:texto,0.95,2026-09-16T00:07:28+00:00
0106-S-2014,JUST.CIVCOM,Derecho civil / comercial (códigos de fondo),agente:texto,0.95,2026-09-16T00:07:31+00:00
0107-S-2008,CULT.DEPORTE,Deporte,agente:texto,0.95,2026-09-16T00:07:33+00:00
0107-S-2008,DESSOC.ASIST,Asistencia social / Planes,agente:texto,0.75,2026-09-16T00:07:33+00:00
0108-S-2012,AUX.HOMENAJE,"Homenajes y declaraciones (de interés, beneplácito)",agente:texto,1.0,2026-09-16T00:07:35+00:00
0108-S-2016,DESREG.MODEST,Modernización del Estado,agente:texto,0.6,2026-09-16T00:07:38+00:00
0108-S-2016,EDU.BASICA,Educación básica y media,agente:texto,0.85,2026-09-16T00:07:38+00:00
0108-S-2018,AUX.TRAMITE,Trámite parlamentario (sin contenido sustantivo),agente:texto,0.95,2026-09-16T00:07:41+00:00
0109-S-2012,AUX.HOMENAJE,"Homenajes y declaraciones (de interés, beneplácito)",agente:texto,0.95,2026-09-16T00:07:44+00:00
0109-S-2012,CYT.CIENCIA,Ciencia y técnica,agente:texto,0.85,2026-09-16T00:07:44+00:00
0109-S-2012,CYT.INNOV,Innovación / Economía del conocimiento / Software,agente:texto,0.85,2026-09-16T00:07:44+00:00
0110-S-2012,JUST.PROPIED,Propiedad (inviolabilidad),agente:texto,0.85,2026-09-16T00:07:47+00:00
0110-S-2012,POLINST.ORGEST,Organización del Estado / Ministerios,agente:texto,0.6,2026-09-16T00:07:47+00:00
0111-S-2011,AUX.HOMENAJE,"Homenajes y declaraciones (de interés, beneplácito)",agente:texto,1.0,2026-09-16T00:07:49+00:00
0111-S-2012,DESREG.DESECO,Desregulación económica,agente:texto,0.75,2026-09-16T00:07:52+00:00
0111-S-2012,PROD.COMEX,Comercio interior y exterior,agente:texto,0.65,2026-09-16T00:07:52+00:00
0111-S-2015,CYT.CIENCIA,Ciencia y técnica,agente:texto,0.85,2026-09-16T00:07:55+00:00
0111-S-2015,DESREG.MODEST,Modernización del Estado,agente:texto,0.65,2026-09-16T00:07:55+00:00
0111-S-2015,INFRA.TELECOM,Telecomunicaciones / Conectividad,agente:texto,0.8,2026-09-16T00:07:55+00:00
0111-S-2015,PROD.INVER,Promoción de inversiones (RIGI),agente:texto,0.7,2026-09-16T00:07:55+00:00
0111-S-2017,ECON.TRIB,Tributario / Impuestos,agente:texto,0.95,2026-09-16T00:07:58+00:00
0111-S-2017,PROD.AGRO,"Agro, ganadería y pesca",agente:texto,0.9,2026-09-16T00:07:58+00:00
0111-S-2017,PROD.INDPYME,Industria y PyMEs,agente:texto,0.85,2026-09-16T00:07:58+00:00
0112-S-2008,DEF.TRATADO,Tratados y acuerdos internacionales,agente:texto,0.95,2026-09-16T00:08:00+00:00
0113-S-2017,DERSOC.DDHH,Derechos humanos,agente:texto,0.7,2026-09-16T00:08:03+00:00
0113-S-2017,DERSOC.ORIGIN,Pueblos originarios,agente:texto,0.95,2026-09-16T00:08:03+00:00
0113-S-2017,JUST.PROPIED,Propiedad (inviolabilidad),agente:texto,0.85,2026-09-16T00:08:03+00:00
0113-S-2018,JUST.JUDIC,Organización judicial / Magistratura,agente:texto,0.85,2026-09-16T00:08:06+00:00
0113-S-2018,JUST.NARCO,Narcotráfico,agente:texto,0.95,2026-09-16T00:08:06+00:00
0113-S-2018,JUST.PENAL,Derecho penal / Código penal,agente:texto,0.8,2026-09-16T00:08:06+00:00
0114-S-2012,TRAB.ART,Riesgos del trabajo (ART),agente:texto,0.95,2026-09-16T00:08:08+00:00
0114-S-2014,CYT.INNOV,Innovación / Economía del conocimiento / Software,agente:texto,0.7,2026-09-16T00:08:11+00:00
0114-S-2014,DESREG.MODEST,Modernización del Estado,agente:texto,0.6,2026-09-16T00:08:11+00:00
0114-S-2014,INFRA.TELECOM,Telecomunicaciones / Conectividad,agente:texto,0.7,2026-09-16T00:08:11+00:00
0114-S-2015,DESREG.MODEST,Modernización del Estado,agente:texto,0.6,2026-09-16T00:08:16+00:00
0114-S-2015,JUST.CIVCOM,Derecho civil / comercial (códigos de fondo),agente:texto,0.75,2026-09-16T00:08:16+00:00
0114-S-2015,JUST.JUDIC,Organización judicial / Magistratura,agente:texto,0.85,2026-09-16T00:08:16+00:00
0114-S-2020,JUST.CIVCOM,Derecho civil / comercial (códigos de fondo),agente:texto,0.85,2026-09-16T00:08:19+00:00
0114-S-2020,PROD.AGRO,"Agro, ganadería y pesca",agente:texto,0.95,2026-09-16T00:08:19+00:00
0114-S-2020,TRAB.LABOR,Relaciones laborales (reforma laboral),agente:texto,0.9,2026-09-16T00:08:19+00:00
0116-S-2015,AMB.AGUA,Agua,agente:texto,0.35,2026-09-16T00:08:22+00:00
0116-S-2015,AMB.RESID,Residuos,agente:texto,0.35,2026-09-16T00:08:22+00:00
0116-S-2015,AUX.SINCLASIF,Sin clasificar (no encaja en ninguna; revisar),agente:texto,0.9,2026-09-16T00:08:22+00:00
0117-S-2008,CULT.CULTURA,Cultura / Patrimonio,agente:texto,0.6,2026-09-16T00:08:26+00:00
0117-S-2008,DERSOC.GENERO,Género / Diversidad,agente:texto,0.75,2026-09-16T00:08:26+00:00
0118-S-2012,DERSOC.DDHH,Derechos humanos,agente:texto,0.75,2026-09-16T00:08:29+00:00
0118-S-2012,POLINST.ELECT,Reforma electoral,agente:texto,0.95,2026-09-16T00:08:29+00:00
0119-S-2008,AUX.HOMENAJE,"Homenajes y declaraciones (de interés, beneplácito)",agente:texto,0.95,2026-09-16T00:08:32+00:00
0119-S-2008,CULT.CULTURA,Cultura / Patrimonio,agente:texto,0.85,2026-09-16T00:08:32+00:00
0120-S-2008,AMB.AGUA,Agua,agente:texto,0.8,2026-09-16T00:08:35+00:00
0120-S-2008,DESREG.MODEST,Modernización del Estado,agente:texto,0.6,2026-09-16T00:08:35+00:00
0120-S-2008,ECON.EMERG,Emergencia económica,agente:texto,0.95,2026-09-16T00:08:35+00:00
0120-S-2008,PROD.AGRO,"Agro, ganadería y pesca",agente:texto,0.85,2026-09-16T00:08:35+00:00
0120-S-2012,ECON.COPART,Coparticipación / Federalismo fiscal,agente:texto,0.7,2026-09-16T00:08:39+00:00
0120-S-2012,SALUD.DISCAP,Discapacidad,agente:texto,0.95,2026-09-16T00:08:39+00:00
0120-S-2012,TRAB.EMPLEOPUB,Empleo público,agente:texto,0.85,2026-09-16T00:08:39+00:00
0121-S-2008,ECON.TRIB,Tributario / Impuestos,agente:texto,0.85,2026-09-16T00:08:42+00:00
0121-S-2008,SALUD.ADICC,Adicciones / Ludopatía,agente:texto,0.8,2026-09-16T00:08:42+00:00
0121-S-2011,AUX.HOMENAJE,"Homenajes y declaraciones (de interés, beneplácito)",agente:texto,0.95,2026-09-16T00:08:45+00:00
0121-S-2012,JUST.CIVCOM,Derecho civil / comercial (códigos de fondo),agente:texto,0.85,2026-09-16T00:08:47+00:00
0121-S-2012,JUST.JUDIC,Organización judicial / Magistratura,agente:texto,0.92,2026-09-16T00:08:47+00:00
0121-S-2015,DEF.TRATADO,Tratados y acuerdos internacionales,agente:texto,0.95,2026-09-16T00:08:50+00:00
0121-S-2015,JUST.CIVCOM,Derecho civil / comercial (códigos de fondo),agente:texto,0.85,2026-09-16T00:08:50+00:00
0122-S-2012,AMB.AGUA,Agua,agente:texto,0.85,2026-09-16T00:08:53+00:00
0122-S-2012,DEF.TRATADO,Tratados y acuerdos internacionales,agente:texto,0.95,2026-09-16T00:08:53+00:00
0122-S-2012,ECON.COPART,Coparticipación / Federalismo fiscal,agente:texto,0.7,2026-09-16T00:08:53+00:00
0122-S-2015,DEF.TRATADO,Tratados y acuerdos internacionales,agente:texto,0.9,2026-09-16T00:08:55+00:00
0122-S-2015,EDU.SUPERIOR,Educación superior / Universidades / Financiamiento,agente:texto,0.95,2026-09-16T00:08:55+00:00
0123-S-2009,AUX.TRAMITE,Trámite parlamentario (sin contenido sustantivo),agente:texto,0.95,2026-09-16T00:08:58+00:00
0123-S-2017,ECON.PRESU,Presupuesto y gasto público,agente:texto,0.7,2026-09-16T00:09:01+00:00
0123-S-2017,TRAB.PREV,Previsional / Jubilaciones,agente:texto,0.95,2026-09-16T00:09:01+00:00
0124-S-2008,AUX.TRAMITE,Trámite parlamentario (sin contenido sustantivo),agente:texto,0.95,2026-09-16T00:09:03+00:00
0124-S-2012,JUST.JUDIC,Organización judicial / Magistratura,agente:texto,0.95,2026-09-16T00:09:05+00:00
0124-S-2016,DEF.TRATADO,Tratados y acuerdos internacionales,agente:texto,0.95,2026-09-16T00:09:08+00:00
0124-S-2016,DERSOC.DDHH,Derechos humanos,agente:texto,0.8,2026-09-16T00:09:08+00:00
0124-S-2016,JUST.NARCO,Narcotráfico,agente:texto,0.85,2026-09-16T00:09:08+00:00
0124-S-2017,DEF.TRATADO,Tratados y acuerdos internacionales,agente:texto,0.85,2026-09-16T00:09:11+00:00
0124-S-2017,ECON.COPART,Coparticipación / Federalismo fiscal,agente:texto,0.95,2026-09-16T00:09:11+00:00
0125-S-2012,AUX.HOMENAJE,"Homenajes y declaraciones (de interés, beneplácito)",agente:texto,0.95,2026-09-16T00:09:14+00:00
0125-S-2016,AMB.CLIMA,Cambio climático,agente:texto,0.65,2026-09-16T00:09:17+00:00
0125-S-2016,AMB.MINER,Minería,agente:texto,0.7,2026-09-16T00:09:17+00:00
0125-S-2016,DEF.TRATADO,Tratados y acuerdos internacionales,agente:texto,0.95,2026-09-16T00:09:17+00:00
0125-S-2017,ECON.PRESU,Presupuesto y gasto público,agente:texto,0.75,2026-09-16T00:09:21+00:00
0125-S-2017,POLINST.ETICA,Transparencia / Lobby / Ética pública,agente:texto,0.85,2026-09-16T00:09:21+00:00
0125-S-2017,POLINST.ORGEST,Organización del Estado / Ministerios,agente:texto,0.65,2026-09-16T00:09:21+00:00
0125-S-2020,DESREG.EMPUB,Empresas públicas / Privatizaciones,agente:texto,0.85,2026-09-16T00:09:24+00:00
0125-S-2020,ECON.COPART,Coparticipación / Federalismo fiscal,agente:texto,0.7,2026-09-16T00:09:24+00:00
0126-D-2009,SALUD.MENTAL,Salud mental,agente:texto,0.95,2026-09-16T00:09:27+00:00
0126-S-2011,AUX.HOMENAJE,"Homenajes y declaraciones (de interés, beneplácito)",agente:texto,1.0,2026-09-16T00:09:29+00:00
0126-S-2012,AUX.TRAMITE,Trámite parlamentario (sin contenido sustantivo),agente:texto,0.85,2026-09-16T00:09:32+00:00
0126-S-2012,ECON.PRESU,Presupuesto y gasto público,agente:texto,0.95,2026-09-16T00:09:32+00:00
0126-S-2014,CYT.CIENCIA,Ciencia y técnica,agente:texto,0.9,2026-09-16T00:09:35+00:00
0126-S-2014,DEF.EXTERIOR,Política exterior,agente:texto,0.85,2026-09-16T00:09:35+00:00
0126-S-2014,DEF.TRATADO,Tratados y acuerdos internacionales,agente:texto,0.95,2026-09-16T00:09:35+00:00
0126-S-2016,POLINST.ELECT,Reforma electoral,agente:texto,0.95,2026-09-16T00:09:37+00:00
0126-S-2017,AUX.TRAMITE,Trámite parlamentario (sin contenido sustantivo),agente:texto,0.95,2026-09-16T00:09:40+00:00
0127-S-2008,DERSOC.DDHH,Derechos humanos,agente:texto,0.7,2026-09-16T00:09:43+00:00
0127-S-2008,JUST.PENAL,Derecho penal / Código penal,agente:texto,0.95,2026-09-16T00:09:43+00:00
0127-S-2008,JUST.SEGINT,Seguridad interior,agente:texto,0.85,2026-09-16T00:09:43+00:00
0127-S-2012,DEF.TRATADO,Tratados y acuerdos internacionales,agente:texto,0.95,2026-09-16T00:09:46+00:00
0127-S-2012,ECON.TRIB,Tributario / Impuestos,agente:texto,0.9,2026-09-16T00:09:46+00:00
0127-S-2016,ECON.COPART,Coparticipación / Federalismo fiscal,agente:texto,0.6,2026-09-16T00:09:49+00:00
0127-S-2016,ECON.EMERG,Emergencia económica,agente:texto,0.95,2026-09-16T00:09:49+00:00
0127-S-2016,PROD.AGRO,"Agro, ganadería y pesca",agente:texto,0.95,2026-09-16T00:09:49+00:00
0128-S-2008,DESSOC.ASIST,Asistencia social / Planes,agente:texto,0.85,2026-09-16T00:09:52+00:00
0128-S-2008,POLINST.ORGEST,Organización del Estado / Ministerios,agente:texto,0.7,2026-09-16T00:09:52+00:00
0128-S-2009,CULT.CULTURA,Cultura / Patrimonio,agente:texto,0.85,2026-09-16T00:09:55+00:00
0128-S-2009,DERSOC.DDHH,Derechos humanos,agente:texto,0.6,2026-09-16T00:09:55+00:00
0128-S-2011,DERSOC.DDHH,Derechos humanos,agente:texto,0.8,2026-09-16T00:09:58+00:00
0128-S-2011,DERSOC.MIGRA,Migraciones,agente:texto,0.65,2026-09-16T00:09:58+00:00
0128-S-2011,JUST.SEGINT,Seguridad interior,agente:texto,0.85,2026-09-16T00:09:58+00:00
0128-S-2011,POLINST.ORGEST,Organización del Estado / Ministerios,agente:texto,0.75,2026-09-16T00:09:58+00:00
0128-S-2012,CULT.CULTURA,Cultura / Patrimonio,agente:texto,0.95,2026-09-16T00:10:01+00:00
0128-S-2020,JUST.JUDIC,Organización judicial / Magistratura,agente:texto,0.9,2026-09-16T00:10:03+00:00
0128-S-2020,POLINST.ORGEST,Organización del Estado / Ministerios,agente:texto,0.85,2026-09-16T00:10:03+00:00
0129-S-2011,DERSOC.DDHH,Derechos humanos,agente:texto,0.7,2026-09-16T00:10:06+00:00
0129-S-2011,JUST.JUDIC,Organización judicial / Magistratura,agente:texto,0.75,2026-09-16T00:10:06+00:00
0129-S-2011,JUST.PENAL,Derecho penal / Código penal,agente:texto,0.95,2026-09-16T00:10:06+00:00
0129-S-2014,DEF.EXTERIOR,Política exterior,agente:texto,0.75,2026-09-16T00:10:09+00:00
0129-S-2014,DEF.TRATADO,Tratados y acuerdos internacionales,agente:texto,0.95,2026-09-16T00:10:09+00:00
0129-S-2014,PROD.COMEX,Comercio interior y exterior,agente:texto,0.8,2026-09-16T00:10:09+00:00
0129-S-2014,PROD.INVER,Promoción de inversiones (RIGI),agente:texto,0.85,2026-09-16T00:10:09+00:00
0129-S-2016,DERSOC.DDHH,Derechos humanos,agente:texto,0.65,2026-09-16T00:10:12+00:00
0129-S-2016,SALUD.DISCAP,Discapacidad,agente:texto,0.75,2026-09-16T00:10:12+00:00
0129-S-2016,TRAB.EMPLEOPUB,Empleo público,agente:texto,0.75,2026-09-16T00:10:12+00:00
0130-S-2008,JUST.JUDIC,Organización judicial / Magistratura,agente:texto,0.95,2026-09-16T00:10:14+00:00
0130-S-2009,JUST.PENALJUV,Régimen penal juvenil,agente:texto,0.95,2026-09-16T00:10:16+00:00
0130-S-2011,DEF.DEFENSA,Defensa / Fuerzas Armadas,agente:texto,0.95,2026-09-16T00:10:19+00:00
0130-S-2011,DEF.TRATADO,Tratados y acuerdos internacionales,agente:texto,0.75,2026-09-16T00:10:19+00:00
0130-S-2012,DESREG.EMPUB,Empresas públicas / Privatizaciones,agente:texto,0.75,2026-09-16T00:10:22+00:00
0130-S-2012,ECON.COPART,Coparticipación / Federalismo fiscal,agente:texto,0.7,2026-09-16T00:10:22+00:00
0130-S-2012,POLINST.ORGEST,Organización del Estado / Ministerios,agente:texto,0.55,2026-09-16T00:10:22+00:00
0131-S-2012,AUX.HOMENAJE,"Homenajes y declaraciones (de interés, beneplácito)",agente:texto,0.95,2026-09-16T00:10:25+00:00
0131-S-2012,CULT.CULTURA,Cultura / Patrimonio,agente:texto,0.85,2026-09-16T00:10:25+00:00
0131-S-2012,DERSOC.DDHH,Derechos humanos,agente:texto,0.75,2026-09-16T00:10:25+00:00
0132-S-2012,AUX.HOMENAJE,"Homenajes y declaraciones (de interés, beneplácito)",agente:texto,0.95,2026-09-16T00:10:28+00:00
0134-S-2014,AMB.CLIMA,Cambio climático,agente:texto,0.95,2026-09-16T00:10:30+00:00
0134-S-2014,DEF.TRATADO,Tratados y acuerdos internacionales,agente:texto,0.9,2026-09-16T00:10:30+00:00
0135-S-2020,DEF.TRATADO,Tratados y acuerdos internacionales,agente:texto,0.95,2026-09-16T00:10:33+00:00
0135-S-2020,DERSOC.DDHH,Derechos humanos,agente:texto,0.85,2026-09-16T00:10:33+00:00
0135-S-2020,POLINST.CONST,Reforma constitucional,agente:texto,0.9,2026-09-16T00:10:33+00:00
0137-S-2008,DESREG.EMPUB,Empresas públicas / Privatizaciones,agente:texto,0.5,2026-09-16T00:10:36+00:00
0137-S-2008,ECON.COPART,Coparticipación / Federalismo fiscal,agente:texto,0.4,2026-09-16T00:10:36+00:00
0137-S-2008,INFRA.OBRA,Obra pública,agente:texto,0.6,2026-09-16T00:10:36+00:00
0138-S-2015,AMB.AGUA,Agua,agente:texto,0.7,2026-09-16T00:10:40+00:00
0138-S-2015,AMB.RESID,Residuos,agente:texto,0.95,2026-09-16T00:10:40+00:00
0138-S-2015,PROD.AGRO,"Agro, ganadería y pesca",agente:texto,0.85,2026-09-16T00:10:40+00:00
0139-S-2011,SALUD.MEDIC,Medicamentos y vacunas,agente:texto,0.95,2026-09-16T00:10:42+00:00
0139-S-2011,SALUD.SISTEMA,Sistema de salud / Hospitales / Obras sociales,agente:texto,0.85,2026-09-16T00:10:42+00:00
0139-S-2014,JUST.JUDIC,Organización judicial / Magistratura,agente:texto,0.95,2026-09-16T00:10:44+00:00
0139-S-2015,JUST.JUDIC,Organización judicial / Magistratura,agente:texto,0.95,2026-09-16T00:10:47+00:00
0140-S-2011,AMB.AGUA,Agua,agente:texto,0.65,2026-09-16T00:10:51+00:00
0140-S-2011,DESREG.DESECO,Desregulación económica,agente:texto,0.55,2026-09-16T00:10:51+00:00
0140-S-2011,SALUD.MEDIC,Medicamentos y vacunas,agente:texto,0.6,2026-09-16T00:10:51+00:00
0140-S-2011,SALUD.SISTEMA,Sistema de salud / Hospitales / Obras sociales,agente:texto,0.75,2026-09-16T00:10:51+00:00
0141-S-2008,DERSOC.DDHH,Derechos humanos,agente:texto,0.85,2026-09-16T00:10:54+00:00
0141-S-2008,DERSOC.GENERO,Género / Diversidad,agente:texto,0.95,2026-09-16T00:10:54+00:00
0141-S-2011,AUX.HOMENAJE,"Homenajes y declaraciones (de interés, beneplácito)",agente:texto,0.9,2026-09-16T00:10:57+00:00
0141-S-2011,ECON.MON,Monetario y cambiario,agente:texto,0.85,2026-09-16T00:10:57+00:00
0141-S-2012,INFRA.TELECOM,Telecomunicaciones / Conectividad,agente:texto,0.9,2026-09-16T00:11:00+00:00
0141-S-2012,POLINST.ETICA,Transparencia / Lobby / Ética pública,agente:texto,0.7,2026-09-16T00:11:00+00:00
0142-S-2008,JUST.JUDIC,Organización judicial / Magistratura,agente:texto,0.95,2026-09-16T00:11:02+00:00
0142-S-2011,AUX.HOMENAJE,"Homenajes y declaraciones (de interés, beneplácito)",agente:texto,0.95,2026-09-16T00:11:04+00:00
0142-S-2021,POLINST.ORGEST,Organización del Estado / Ministerios,agente:texto,0.7,2026-09-16T00:11:07+00:00
0143-S-2011,AUX.HOMENAJE,"Homenajes y declaraciones (de interés, beneplácito)",agente:texto,0.85,2026-09-16T00:11:10+00:00
0143-S-2011,SALUD.MENTAL,Salud mental,agente:texto,0.95,2026-09-16T00:11:10+00:00
0144-S-2011,AUX.HOMENAJE,"Homenajes y declaraciones (de interés, beneplácito)",agente:texto,0.95,2026-09-16T00:11:12+00:00
0144-S-2011,DERSOC.DDHH,Derechos humanos,agente:texto,0.85,2026-09-16T00:11:12+00:00
0144-S-2021,AMB.BOSQUE,Bosques / Glaciares / Áreas protegidas,agente:texto,0.95,2026-09-16T00:11:16+00:00
0144-S-2021,DESSOC.ASIST,Asistencia social / Planes,agente:texto,0.7,2026-09-16T00:11:16+00:00
0144-S-2021,ECON.EMERG,Emergencia económica,agente:texto,0.95,2026-09-16T00:11:16+00:00
0144-S-2021,PROD.AGRO,"Agro, ganadería y pesca",agente:texto,0.75,2026-09-16T00:11:16+00:00
0145-S-2011,DESREG.EMPUB,Empresas públicas / Privatizaciones,agente:texto,0.5,2026-09-16T00:11:19+00:00
0145-S-2011,ECON.COPART,Coparticipación / Federalismo fiscal,agente:texto,0.4,2026-09-16T00:11:19+00:00
0145-S-2011,INFRA.VIVIENDA,Vivienda y hábitat,agente:texto,0.6,2026-09-16T00:11:19+00:00
0146-S-2011,DEF.TRATADO,Tratados y acuerdos internacionales,agente:texto,0.95,2026-09-16T00:11:22+00:00
0146-S-2011,POLINST.ETICA,Transparencia / Lobby / Ética pública,agente:texto,0.85,2026-09-16T00:11:22+00:00
0146-S-2017,DERSOC.NINEZ,Niñez e infancia,agente:texto,0.9,2026-09-16T00:11:24+00:00
0146-S-2017,JUST.PENAL,Derecho penal / Código penal,agente:texto,0.95,2026-09-16T00:11:24+00:00
0146-S-2020,ECON.DEUDA,Deuda y financiamiento,agente:texto,0.95,2026-09-16T00:11:27+00:00
0147-S-2008,EDU.BASICA,Educación básica y media,agente:texto,0.85,2026-09-16T00:11:30+00:00
0147-S-2008,POLINST.ORGEST,Organización del Estado / Ministerios,agente:texto,0.6,2026-09-16T00:11:30+00:00
0147-S-2011,JUST.PENAL,Derecho penal / Código penal,agente:texto,0.95,2026-09-16T00:11:32+00:00
0148-S-2008,DESREG.SOCIED,Régimen de sociedades / comercial,agente:texto,0.6,2026-09-16T00:11:35+00:00
0148-S-2008,TRAB.LABOR,Relaciones laborales (reforma laboral),agente:texto,0.85,2026-09-16T00:11:35+00:00
0148-S-2011,JUST.JUDIC,Organización judicial / Magistratura,agente:texto,0.9,2026-09-16T00:11:38+00:00
0148-S-2015,AMB.BOSQUE,Bosques / Glaciares / Áreas protegidas,agente:texto,0.95,2026-09-16T00:11:42+00:00
0148-S-2015,DESREG.DESECO,Desregulación económica,agente:texto,0.6,2026-09-16T00:11:42+00:00
0148-S-2015,JUST.CIVCOM,Derecho civil / comercial (códigos de fondo),agente:texto,0.7,2026-09-16T00:11:42+00:00
0148-S-2017,DESREG.DESECO,Desregulación económica,agente:texto,0.55,2026-09-16T00:11:45+00:00
0148-S-2017,DESSOC.ASIST,Asistencia social / Planes,agente:texto,0.85,2026-09-16T00:11:45+00:00
0148-S-2017,PROD.AGRO,"Agro, ganadería y pesca",agente:texto,0.7,2026-09-16T00:11:45+00:00
0148-S-2017,SALUD.MEDIC,Medicamentos y vacunas,agente:texto,0.6,2026-09-16T00:11:45+00:00
0148-S-2020,DEF.DEFENSA,Defensa / Fuerzas Armadas,agente:texto,0.9,2026-09-16T00:11:48+00:00
0148-S-2020,DEF.EXTERIOR,Política exterior,agente:texto,0.85,2026-09-16T00:11:48+00:00
0148-S-2020,DEF.TRATADO,Tratados y acuerdos internacionales,agente:texto,0.95,2026-09-16T00:11:48+00:00
0149-S-2008,DEF.TRATADO,Tratados y acuerdos internacionales,agente:texto,0.95,2026-09-16T00:11:50+00:00
0149-S-2008,INFRA.TELECOM,Telecomunicaciones / Conectividad,agente:texto,0.85,2026-09-16T00:11:50+00:00
0149-S-2011,CYT.CIBER,Ciberseguridad y datos,agente:texto,0.75,2026-09-16T00:11:53+00:00
0149-S-2011,DERSOC.NINEZ,Niñez e infancia,agente:texto,0.9,2026-09-16T00:11:53+00:00
0149-S-2011,JUST.PENAL,Derecho penal / Código penal,agente:texto,0.95,2026-09-16T00:11:53+00:00
0149-S-2015,DERSOC.GENERO,Género / Diversidad,agente:texto,0.9,2026-09-16T00:11:55+00:00
0149-S-2015,DERSOC.NINEZ,Niñez e infancia,agente:texto,0.85,2026-09-16T00:11:55+00:00
0149-S-2015,JUST.CIVCOM,Derecho civil / comercial (códigos de fondo),agente:texto,0.95,2026-09-16T00:11:55+00:00
0150-S-2008,DEF.EXTERIOR,Política exterior,agente:texto,0.85,2026-09-16T00:11:58+00:00
0150-S-2008,DEF.TRATADO,Tratados y acuerdos internacionales,agente:texto,0.95,2026-09-16T00:11:58+00:00
0150-S-2011,AUX.HOMENAJE,"Homenajes y declaraciones (de interés, beneplácito)",agente:texto,0.9,2026-09-16T00:12:00+00:00
0150-S-2011,CULT.CULTURA,Cultura / Patrimonio,agente:texto,0.95,2026-09-16T00:12:00+00:00
0150-S-2017,AUX.TRAMITE,Trámite parlamentario (sin contenido sustantivo),agente:texto,0.95,2026-09-16T00:12:03+00:00
0150-S-2020,DEF.TRATADO,Tratados y acuerdos internacionales,agente:texto,0.95,2026-09-16T00:12:05+00:00
0150-S-2020,ECON.DEUDA,Deuda y financiamiento,agente:texto,0.75,2026-09-16T00:12:05+00:00
0150-S-2020,PROD.INVER,Promoción de inversiones (RIGI),agente:texto,0.85,2026-09-16T00:12:05+00:00
0151-S-2011,JUST.JUDIC,Organización judicial / Magistratura,agente:texto,0.95,2026-09-16T00:12:07+00:00
0151-S-2017,AUX.TRAMITE,Trámite parlamentario (sin contenido sustantivo),agente:texto,0.95,2026-09-16T00:12:09+00:00
0152-S-2008,JUST.CIVCOM,Derecho civil / comercial (códigos de fondo),agente:texto,0.95,2026-09-16T00:12:12+00:00
0152-S-2011,DESREG.SOCIED,Régimen de sociedades / comercial,agente:texto,0.6,2026-09-16T00:12:15+00:00
0152-S-2011,EDU.BASICA,Educación básica y media,agente:texto,0.75,2026-09-16T00:12:15+00:00
0152-S-2020,CULT.CULTURA,Cultura / Patrimonio,agente:texto,0.7,2026-09-16T00:12:18+00:00
0152-S-2020,DESSOC.ASIST,Asistencia social / Planes,agente:texto,0.5,2026-09-16T00:12:18+00:00
0152-S-2020,JUST.SEGINT,Seguridad interior,agente:texto,0.6,2026-09-16T00:12:18+00:00
0153-S-2011,DESSOC.ASIST,Asistencia social / Planes,agente:texto,0.7,2026-09-16T00:12:20+00:00
0153-S-2011,ECON.DEUDA,Deuda y financiamiento,agente:texto,0.85,2026-09-16T00:12:20+00:00
0153-S-2011,JUST.CIVCOM,Derecho civil / comercial (códigos de fondo),agente:texto,0.9,2026-09-16T00:12:20+00:00
0154-S-2011,DERSOC.DDHH,Derechos humanos,agente:texto,0.8,2026-09-16T00:12:24+00:00
0154-S-2011,JUST.PENAL,Derecho penal / Código penal,agente:texto,0.85,2026-09-16T00:12:24+00:00
0154-S-2014,AUX.HOMENAJE,"Homenajes y declaraciones (de interés, beneplácito)",agente:texto,0.95,2026-09-16T00:12:26+00:00
0156-S-2008,DEF.TRATADO,Tratados y acuerdos internacionales,agente:texto,0.85,2026-09-16T00:12:29+00:00
0156-S-2008,DERSOC.DDHH,Derechos humanos,agente:texto,0.8,2026-09-16T00:12:29+00:00
0157-D-2026,AUX.HOMENAJE,"Homenajes y declaraciones (de interés, beneplácito)",agente:texto,0.95,2026-09-16T00:12:32+00:00
0157-D-2026,PROD.AGRO,"Agro, ganadería y pesca",agente:texto,0.7,2026-09-16T00:12:32+00:00
0157-S-2008,DEF.EXTERIOR,Política exterior,agente:texto,0.85,2026-09-16T00:12:35+00:00
0157-S-2008,POLINST.ETICA,Transparencia / Lobby / Ética pública,agente:texto,0.6,2026-09-16T00:12:35+00:00
0161-S-2008,JUST.JUDIC,Organización judicial / Magistratura,agente:texto,0.95,2026-09-16T00:12:37+00:00
0161-S-2020,DEF.TRATADO,Tratados y acuerdos internacionales,agente:texto,0.65,2026-09-16T00:12:40+00:00
0161-S-2020,ECON.COPART,Coparticipación / Federalismo fiscal,agente:texto,0.95,2026-09-16T00:12:40+00:00
0161-S-2020,POLINST.ORGEST,Organización del Estado / Ministerios,agente:texto,0.75,2026-09-16T00:12:40+00:00
0162-S-2008,DESREG.EMPUB,Empresas públicas / Privatizaciones,agente:texto,0.6,2026-09-16T00:12:44+00:00
0162-S-2008,INFRA.OBRA,Obra pública,agente:texto,0.7,2026-09-16T00:12:44+00:00
0162-S-2008,POLINST.ORGEST,Organización del Estado / Ministerios,agente:texto,0.5,2026-09-16T00:12:44+00:00
0163-S-2008,AMB.MINER,Minería,agente:texto,0.95,2026-09-16T00:12:47+00:00
0163-S-2008,DERSOC.GENERO,Género / Diversidad,agente:texto,0.8,2026-09-16T00:12:47+00:00
0163-S-2008,DERSOC.NINEZ,Niñez e infancia,agente:texto,0.85,2026-09-16T00:12:47+00:00
0163-S-2008,JUST.CIVCOM,Derecho civil / comercial (códigos de fondo),agente:texto,0.9,2026-09-16T00:12:47+00:00
0163-S-2008,TRAB.LABOR,Relaciones laborales (reforma laboral),agente:texto,0.75,2026-09-16T00:12:47+00:00
0164-S-2008,DESSOC.PNC,Pensiones no contributivas,agente:texto,0.7,2026-09-16T00:12:51+00:00
0164-S-2008,TRAB.PREV,Previsional / Jubilaciones,agente:texto,0.95,2026-09-16T00:12:51+00:00
0165-S-2008,AUX.HOMENAJE,"Homenajes y declaraciones (de interés, beneplácito)",agente:texto,1.0,2026-09-16T00:12:54+00:00
0166-S-2008,AUX.HOMENAJE,"Homenajes y declaraciones (de interés, beneplácito)",agente:texto,0.95,2026-09-16T00:12:56+00:00
0166-S-2008,POLINST.ELECT,Reforma electoral,agente:texto,0.7,2026-09-16T00:12:56+00:00
0166-S-2009,AUX.TRAMITE,Trámite parlamentario (sin contenido sustantivo),agente:texto,0.95,2026-09-16T00:12:59+00:00
0167-S-2008,DESREG.EMPUB,Empresas públicas / Privatizaciones,agente:texto,0.85,2026-09-16T00:13:02+00:00
0167-S-2008,ECON.COPART,Coparticipación / Federalismo fiscal,agente:texto,0.7,2026-09-16T00:13:02+00:00
0167-S-2008,POLINST.ORGEST,Organización del Estado / Ministerios,agente:texto,0.75,2026-09-16T00:13:02+00:00
0168-S-2008,AUX.HOMENAJE,"Homenajes y declaraciones (de interés, beneplácito)",agente:texto,0.95,2026-09-16T00:13:04+00:00
0173-D-2008,DESSOC.ASIST,Asistencia social / Planes,agente:texto,0.5,2026-09-16T00:13:08+00:00
0173-D-2008,ECON.COPART,Coparticipación / Federalismo fiscal,agente:texto,0.6,2026-09-16T00:13:08+00:00
0173-D-2008,INFRA.VIVIENDA,Vivienda y hábitat,agente:texto,0.6,2026-09-16T00:13:08+00:00
0175-D-2013,JUST.CIVCOM,Derecho civil / comercial (códigos de fondo),agente:texto,0.95,2026-09-16T00:13:10+00:00
0178-D-2013,EDU.SUPERIOR,Educación superior / Universidades / Financiamiento,agente:texto,0.95,2026-09-16T00:13:12+00:00
0183-S-2012,DEF.DEFENSA,Defensa / Fuerzas Armadas,agente:texto,0.95,2026-09-16T00:13:15+00:00
0183-S-2012,DEF.EXTERIOR,Política exterior,agente:texto,0.8,2026-09-16T00:13:15+00:00
0183-S-2012,DEF.TRATADO,Tratados y acuerdos internacionales,agente:texto,0.85,2026-09-16T00:13:15+00:00
0187-S-2012,CYT.CIENCIA,Ciencia y técnica,agente:texto,0.85,2026-09-16T00:13:17+00:00
0187-S-2012,CYT.INNOV,Innovación / Economía del conocimiento / Software,agente:texto,0.7,2026-09-16T00:13:17+00:00
0187-S-2012,DEF.TRATADO,Tratados y acuerdos internacionales,agente:texto,0.95,2026-09-16T00:13:17+00:00
0191-S-2012,DEF.TRATADO,Tratados y acuerdos internacionales,agente:texto,0.95,2026-09-16T00:13:20+00:00
0191-S-2012,PROD.COMEX,Comercio interior y exterior,agente:texto,0.85,2026-09-16T00:13:20+00:00
0201-S-2012,CULT.DEPORTE,Deporte,agente:texto,0.95,2026-09-16T00:13:22+00:00
0201-S-2012,DESREG.SOCIED,Régimen de sociedades / comercial,agente:texto,0.7,2026-09-16T00:13:22+00:00
0202-S-2012,DERSOC.DDHH,Derechos humanos,agente:texto,0.6,2026-09-16T00:13:25+00:00
0202-S-2012,DESREG.DESECO,Desregulación económica,agente:texto,0.75,2026-09-16T00:13:25+00:00
0202-S-2012,ENER.HIDRO,Hidrocarburos (petróleo y gas),agente:texto,0.95,2026-09-16T00:13:25+00:00
0204-S-2012,DESREG.DESECO,Desregulación económica,agente:texto,0.6,2026-09-16T00:13:28+00:00
0204-S-2012,SALUD.MEDIC,Medicamentos y vacunas,agente:texto,0.75,2026-09-16T00:13:28+00:00
0204-S-2012,SALUD.SISTEMA,Sistema de salud / Hospitales / Obras sociales,agente:texto,0.65,2026-09-16T00:13:28+00:00
0205-S-2012,DESREG.DESECO,Desregulación económica,agente:texto,0.7,2026-09-16T00:13:31+00:00
0205-S-2012,INFRA.TELECOM,Telecomunicaciones / Conectividad,agente:texto,0.9,2026-09-16T00:13:31+00:00
0205-S-2012,SALUD.DISCAP,Discapacidad,agente:texto,0.85,2026-09-16T00:13:31+00:00
0206-S-2012,JUST.CIVCOM,Derecho civil / comercial (códigos de fondo),agente:texto,0.95,2026-09-16T00:13:34+00:00
0207-S-2012,CULT.CULTURA,Cultura / Patrimonio,agente:texto,0.95,2026-09-16T00:13:36+00:00
0207-S-2012,DEF.TRATADO,Tratados y acuerdos internacionales,agente:texto,0.75,2026-09-16T00:13:36+00:00
0207-S-2012,POLINST.ORGEST,Organización del Estado / Ministerios,agente:texto,0.65,2026-09-16T00:13:36+00:00
0208-S-2012,CULT.CULTURA,Cultura / Patrimonio,agente:texto,0.75,2026-09-16T00:13:40+00:00
0208-S-2012,EDU.BASICA,Educación básica y media,agente:texto,0.85,2026-09-16T00:13:40+00:00
0208-S-2012,INFRA.OBRA,Obra pública,agente:texto,0.6,2026-09-16T00:13:40+00:00
0209-S-2012,CULT.CULTURA,Cultura / Patrimonio,agente:texto,0.65,2026-09-16T00:13:43+00:00
0209-S-2012,PROD.AGRO,"Agro, ganadería y pesca",agente:texto,0.85,2026-09-16T00:13:43+00:00
0209-S-2012,PROD.COMEX,Comercio interior y exterior,agente:texto,0.72,2026-09-16T00:13:43+00:00
0210-S-2012,AUX.HOMENAJE,"Homenajes y declaraciones (de interés, beneplácito)",agente:texto,0.95,2026-09-16T00:13:45+00:00
0211-S-2012,DESREG.EMPUB,Empresas públicas / Privatizaciones,agente:texto,0.6,2026-09-16T00:13:48+00:00
0211-S-2012,INFRA.OBRA,Obra pública,agente:texto,0.9,2026-09-16T00:13:48+00:00
0211-S-2012,INFRA.TRANSP,"Transporte (incl. subsidios al transporte, trenes)",agente:texto,0.85,2026-09-16T00:13:48+00:00
0212-S-2012,AUX.HOMENAJE,"Homenajes y declaraciones (de interés, beneplácito)",agente:texto,0.95,2026-09-16T00:13:51+00:00
0212-S-2012,EDU.BASICA,Educación básica y media,agente:texto,0.65,2026-09-16T00:13:51+00:00
0212-S-2012,SALUD.SISTEMA,Sistema de salud / Hospitales / Obras sociales,agente:texto,0.75,2026-09-16T00:13:51+00:00
0213-S-2012,ECON.TRIB,Tributario / Impuestos,agente:texto,0.95,2026-09-16T00:13:53+00:00
0218-S-2009,DESREG.DESECO,Desregulación económica,agente:texto,0.75,2026-09-16T00:13:57+00:00
0218-S-2009,ENER.COMBUS,Combustibles,agente:texto,0.85,2026-09-16T00:13:57+00:00
0218-S-2009,JUST.CIVCOM,Derecho civil / comercial (códigos de fondo),agente:texto,0.65,2026-09-16T00:13:57+00:00
0219-D-2021,POLINST.ELECT,Reforma electoral,agente:texto,0.95,2026-09-16T00:13:59+00:00
0219-S-2009,DESREG.EMPUB,Empresas públicas / Privatizaciones,agente:texto,0.5,2026-09-16T00:14:03+00:00
0219-S-2009,EDU.SUPERIOR,Educación superior / Universidades / Financiamiento,agente:texto,0.8,2026-09-16T00:14:03+00:00
0219-S-2009,INFRA.VIVIENDA,Vivienda y hábitat,agente:texto,0.6,2026-09-16T00:14:03+00:00
0220-S-2009,DESSOC.ASIST,Asistencia social / Planes,agente:texto,0.85,2026-09-16T00:14:07+00:00
0220-S-2009,JUST.CIVCOM,Derecho civil / comercial (códigos de fondo),agente:texto,0.65,2026-09-16T00:14:07+00:00
0220-S-2009,PROD.AGRO,"Agro, ganadería y pesca",agente:texto,0.7,2026-09-16T00:14:07+00:00
0221-S-2009,AUX.HOMENAJE,"Homenajes y declaraciones (de interés, beneplácito)",agente:texto,0.95,2026-09-16T00:14:09+00:00
0221-S-2009,SALUD.SISTEMA,Sistema de salud / Hospitales / Obras sociales,agente:texto,0.7,2026-09-16T00:14:09+00:00
0222-S-2012,DESREG.DESECO,Desregulación económica,agente:texto,0.65,2026-09-16T00:14:13+00:00
0222-S-2012,PROD.AGRO,"Agro, ganadería y pesca",agente:texto,0.95,2026-09-16T00:14:13+00:00
0222-S-2012,PROD.COMEX,Comercio interior y exterior,agente:texto,0.75,2026-09-16T00:14:13+00:00
0224-S-2012,CULT.CULTURA,Cultura / Patrimonio,agente:texto,0.95,2026-09-16T00:14:16+00:00
0224-S-2012,JUST.PROPIED,Propiedad (inviolabilidad),agente:texto,0.85,2026-09-16T00:14:16+00:00
0230-D-2018,DERSOC.DDHH,Derechos humanos,agente:texto,0.9,2026-09-16T00:14:19+00:00
0230-D-2018,DERSOC.GENERO,Género / Diversidad,agente:texto,0.85,2026-09-16T00:14:19+00:00
0230-D-2018,JUST.CIVCOM,Derecho civil / comercial (códigos de fondo),agente:texto,0.95,2026-09-16T00:14:19+00:00
0230-D-2018,SALUD.SISTEMA,Sistema de salud / Hospitales / Obras sociales,agente:texto,0.8,2026-09-16T00:14:19+00:00
0236-S-2012,DEF.EXTERIOR,Política exterior,agente:texto,0.85,2026-09-16T00:14:22+00:00
0236-S-2012,DEF.TRATADO,Tratados y acuerdos internacionales,agente:texto,0.95,2026-09-16T00:14:22+00:00
0236-S-2012,DERSOC.DDHH,Derechos humanos,agente:texto,0.8,2026-09-16T00:14:22+00:00
0236-S-2012,JUST.NARCO,Narcotráfico,agente:texto,0.7,2026-09-16T00:14:22+00:00
0237-S-2009,DEF.EXTERIOR,Política exterior,agente:texto,0.8,2026-09-16T00:14:25+00:00
0237-S-2009,DEF.TRATADO,Tratados y acuerdos internacionales,agente:texto,0.95,2026-09-16T00:14:25+00:00
0237-S-2009,PROD.AGRO,"Agro, ganadería y pesca",agente:texto,0.85,2026-09-16T00:14:25+00:00
0239-S-2009,DERSOC.DDHH,Derechos humanos,agente:texto,0.6,2026-09-16T00:14:28+00:00
0239-S-2009,DESREG.DESECO,Desregulación económica,agente:texto,0.75,2026-09-16T00:14:28+00:00
0239-S-2009,INFRA.TELECOM,Telecomunicaciones / Conectividad,agente:texto,0.95,2026-09-16T00:14:28+00:00
0241-S-2009,DERSOC.GENERO,Género / Diversidad,agente:texto,0.7,2026-09-16T00:14:31+00:00
0241-S-2009,TRAB.PREV,Previsional / Jubilaciones,agente:texto,0.95,2026-09-16T00:14:31+00:00
0242-S-2009,AMB.AGUA,Agua,agente:texto,0.95,2026-09-16T00:14:33+00:00
0242-S-2009,ECON.PRESU,Presupuesto y gasto público,agente:texto,0.75,2026-09-16T00:14:33+00:00
0242-S-2009,PROD.AGRO,"Agro, ganadería y pesca",agente:texto,0.85,2026-09-16T00:14:33+00:00
0243-S-2009,AUX.HOMENAJE,"Homenajes y declaraciones (de interés, beneplácito)",agente:texto,0.95,2026-09-16T00:14:35+00:00
0244-S-2009,DESREG.EMPUB,Empresas públicas / Privatizaciones,agente:texto,0.7,2026-09-16T00:14:38+00:00
0244-S-2009,EDU.SUPERIOR,Educación superior / Universidades / Financiamiento,agente:texto,0.95,2026-09-16T00:14:38+00:00
0244-S-2009,INFRA.OBRA,Obra pública,agente:texto,0.75,2026-09-16T00:14:38+00:00
0246-S-2009,CULT.DEPORTE,Deporte,agente:texto,0.95,2026-09-16T00:14:40+00:00
0246-S-2009,ECON.PRESU,Presupuesto y gasto público,agente:texto,0.85,2026-09-16T00:14:40+00:00
0247-D-2012,SALUD.SISTEMA,Sistema de salud / Hospitales / Obras sociales,agente:texto,0.85,2026-09-16T00:14:43+00:00
0256-D-2018,ECON.COPART,Coparticipación / Federalismo fiscal,agente:texto,0.65,2026-09-16T00:14:47+00:00
0256-D-2018,ENER.TARIFA,Tarifas y subsidios energéticos,agente:texto,0.95,2026-09-16T00:14:47+00:00
0256-D-2018,PROD.REGESP,Regímenes especiales (p. ej. Zonas Frías),agente:texto,0.85,2026-09-16T00:14:47+00:00
0262-D-2017,ECON.TRIB,Tributario / Impuestos,agente:texto,0.95,2026-09-16T00:14:50+00:00
0262-D-2017,ENER.COMBUS,Combustibles,agente:texto,0.9,2026-09-16T00:14:50+00:00
0262-D-2017,ENER.ELEC,Energía eléctrica,agente:texto,0.95,2026-09-16T00:14:50+00:00
0262-D-2017,ENER.TARIFA,Tarifas y subsidios energéticos,agente:texto,0.85,2026-09-16T00:14:50+00:00
0262-D-2017,PROD.INDPYME,Industria y PyMEs,agente:texto,0.8,2026-09-16T00:14:50+00:00
0273-D-2009,DESREG.EMPUB,Empresas públicas / Privatizaciones,agente:texto,0.65,2026-09-16T00:14:53+00:00
0273-D-2009,ECON.PRESU,Presupuesto y gasto público,agente:texto,0.6,2026-09-16T00:14:53+00:00
0273-D-2009,PROD.INDPYME,Industria y PyMEs,agente:texto,0.7,2026-09-16T00:14:53+00:00
0273-D-2009,SALUD.MEDIC,Medicamentos y vacunas,agente:texto,0.95,2026-09-16T00:14:53+00:00
0275-D-2008,ECON.COPART,Coparticipación / Federalismo fiscal,agente:texto,0.6,2026-09-16T00:14:57+00:00
0275-D-2008,INFRA.VIVIENDA,Vivienda y hábitat,agente:texto,0.7,2026-09-16T00:14:57+00:00
0275-D-2008,POLINST.ORGEST,Organización del Estado / Ministerios,agente:texto,0.5,2026-09-16T00:14:57+00:00
0279-D-2010,JUST.PROPIED,Propiedad (inviolabilidad),agente:texto,0.9,2026-09-16T00:14:59+00:00
0279-D-2010,POLINST.ORGEST,Organización del Estado / Ministerios,agente:texto,0.7,2026-09-16T00:14:59+00:00
0281-D-2026,AUX.HOMENAJE,"Homenajes y declaraciones (de interés, beneplácito)",agente:texto,0.95,2026-09-16T00:15:02+00:00
0286-D-2012,AUX.HOMENAJE,"Homenajes y declaraciones (de interés, beneplácito)",agente:texto,0.95,2026-09-16T00:15:04+00:00
0288-D-2008,ECON.COPART,Coparticipación / Federalismo fiscal,agente:texto,0.8,2026-09-16T00:15:07+00:00
0288-D-2008,JUST.CIVCOM,Derecho civil / comercial (códigos de fondo),agente:texto,0.85,2026-09-16T00:15:07+00:00
0288-D-2008,POLINST.ORGEST,Organización del Estado / Ministerios,agente:texto,0.7,2026-09-16T00:15:07+00:00
0291-S-2016,DEF.TRATADO,Tratados y acuerdos internacionales,agente:texto,0.95,2026-09-16T00:15:09+00:00
0291-S-2016,PROD.COMEX,Comercio interior y exterior,agente:texto,0.85,2026-09-16T00:15:09+00:00
0293-S-2016,DESREG.DESECO,Desregulación económica,agente:texto,0.75,2026-09-16T00:15:12+00:00
0293-S-2016,INFRA.TRANSP,"Transporte (incl. subsidios al transporte, trenes)",agente:texto,0.7,2026-09-16T00:15:12+00:00
0293-S-2016,PROD.INDPYME,Industria y PyMEs,agente:texto,0.8,2026-09-16T00:15:12+00:00
0293-S-2016,PROD.INVER,Promoción de inversiones (RIGI),agente:texto,0.85,2026-09-16T00:15:12+00:00
0294-S-2016,DEF.EXTERIOR,Política exterior,agente:texto,0.65,2026-09-16T00:15:16+00:00
0294-S-2016,INFRA.TRANSP,"Transporte (incl. subsidios al transporte, trenes)",agente:texto,0.85,2026-09-16T00:15:16+00:00
0294-S-2016,PROD.COMEX,Comercio interior y exterior,agente:texto,0.75,2026-09-16T00:15:16+00:00
0304-D-2022,DERSOC.DDHH,Derechos humanos,agente:texto,0.65,2026-09-16T00:15:19+00:00
0304-D-2022,SALUD.MEDIC,Medicamentos y vacunas,agente:texto,0.72,2026-09-16T00:15:19+00:00
0304-D-2022,SALUD.SISTEMA,Sistema de salud / Hospitales / Obras sociales,agente:texto,0.85,2026-09-16T00:15:19+00:00
0310-D-2018,AMB.AGUA,Agua,agente:texto,0.85,2026-09-16T00:15:22+00:00
0310-D-2018,ENER.TARIFA,Tarifas y subsidios energéticos,agente:texto,0.95,2026-09-16T00:15:22+00:00
0310-D-2018,INFRA.TELECOM,Telecomunicaciones / Conectividad,agente:texto,0.6,2026-09-16T00:15:22+00:00
0312-S-2016,EDU.BASICA,Educación básica y media,agente:texto,0.65,2026-09-16T00:15:25+00:00
0312-S-2016,POLINST.ORGEST,Organización del Estado / Ministerios,agente:texto,0.6,2026-09-16T00:15:25+00:00
0312-S-2016,SALUD.SISTEMA,Sistema de salud / Hospitales / Obras sociales,agente:texto,0.85,2026-09-16T00:15:25+00:00
0319-S-2016,AMB.AGUA,Agua,agente:texto,0.95,2026-09-16T00:15:28+00:00
0319-S-2016,AMB.BOSQUE,Bosques / Glaciares / Áreas protegidas,agente:texto,0.85,2026-09-16T00:15:28+00:00
0319-S-2016,ECON.PRESU,Presupuesto y gasto público,agente:texto,0.6,2026-09-16T00:15:28+00:00
0321-D-2008,TRAB.LABOR,Relaciones laborales (reforma laboral),agente:texto,0.95,2026-09-16T00:15:31+00:00
0322-D-2008,TRAB.LABOR,Relaciones laborales (reforma laboral),agente:texto,0.95,2026-09-16T00:15:34+00:00
0323-S-2016,TRAB.ART,Riesgos del trabajo (ART),agente:texto,0.95,2026-09-16T00:15:36+00:00
0326-D-2008,JUST.CIVCOM,Derecho civil / comercial (códigos de fondo),agente:texto,0.95,2026-09-16T00:15:39+00:00
0329-D-2008,ECON.TRIB,Tributario / Impuestos,agente:texto,0.6,2026-09-16T00:15:42+00:00
0329-D-2008,TRAB.LABOR,Relaciones laborales (reforma laboral),agente:texto,0.95,2026-09-16T00:15:42+00:00
0333-D-2014,AUX.HOMENAJE,"Homenajes y declaraciones (de interés, beneplácito)",agente:texto,0.95,2026-09-16T00:15:44+00:00
0333-D-2014,DERSOC.MIGRA,Migraciones,agente:texto,0.7,2026-09-16T00:15:44+00:00
0337-S-2014,JUST.JUDIC,Organización judicial / Magistratura,agente:texto,0.85,2026-09-16T00:15:48+00:00
0337-S-2014,JUST.SEGINT,Seguridad interior,agente:texto,0.75,2026-09-16T00:15:48+00:00
0337-S-2014,POLINST.ORGEST,Organización del Estado / Ministerios,agente:texto,0.8,2026-09-16T00:15:48+00:00
0338-S-2014,DEF.EXTERIOR,Política exterior,agente:texto,0.85,2026-09-16T00:15:50+00:00
0338-S-2014,DEF.TRATADO,Tratados y acuerdos internacionales,agente:texto,0.95,2026-09-16T00:15:50+00:00
0338-S-2014,INFRA.OBRA,Obra pública,agente:texto,0.8,2026-09-16T00:15:50+00:00
0339-S-2014,DEF.EXTERIOR,Política exterior,agente:texto,0.7,2026-09-16T00:15:53+00:00
0339-S-2014,DEF.TRATADO,Tratados y acuerdos internacionales,agente:texto,0.95,2026-09-16T00:15:53+00:00
0339-S-2014,INFRA.OBRA,Obra pública,agente:texto,0.75,2026-09-16T00:15:53+00:00
0339-S-2014,INFRA.TRANSP,"Transporte (incl. subsidios al transporte, trenes)",agente:texto,0.85,2026-09-16T00:15:53+00:00
0343-OV-2017,JUST.JUDIC,Organización judicial / Magistratura,agente:texto,0.85,2026-09-16T00:15:56+00:00
0343-OV-2017,POLINST.ETICA,Transparencia / Lobby / Ética pública,agente:texto,0.75,2026-09-16T00:15:56+00:00
0350-D-2018,ECON.COPART,Coparticipación / Federalismo fiscal,agente:texto,0.75,2026-09-16T00:15:59+00:00
0350-D-2018,ECON.TRIB,Tributario / Impuestos,agente:texto,0.95,2026-09-16T00:15:59+00:00
0350-D-2018,ENER.COMBUS,Combustibles,agente:texto,0.95,2026-09-16T00:15:59+00:00
0365-D-2012,DERSOC.DDHH,Derechos humanos,agente:texto,0.85,2026-09-16T00:16:01+00:00
0365-D-2012,SALUD.DISCAP,Discapacidad,agente:texto,0.95,2026-09-16T00:16:01+00:00
0369-D-2018,DERSOC.DDHH,Derechos humanos,agente:texto,0.9,2026-09-16T00:16:04+00:00
0369-D-2018,SALUD.DISCAP,Discapacidad,agente:texto,0.95,2026-09-16T00:16:04+00:00
0398-D-2012,DESSOC.ASIST,Asistencia social / Planes,agente:texto,0.65,2026-09-16T00:16:06+00:00
0398-D-2012,SALUD.ADICC,Adicciones / Ludopatía,agente:texto,0.95,2026-09-16T00:16:06+00:00
0398-D-2012,SALUD.SISTEMA,Sistema de salud / Hospitales / Obras sociales,agente:texto,0.75,2026-09-16T00:16:06+00:00
0404-D-2012,DESSOC.ASIST,Asistencia social / Planes,agente:texto,0.7,2026-09-16T00:16:09+00:00
0404-D-2012,EDU.BASICA,Educación básica y media,agente:texto,0.95,2026-09-16T00:16:09+00:00
0404-D-2012,SALUD.SISTEMA,Sistema de salud / Hospitales / Obras sociales,agente:texto,0.85,2026-09-16T00:16:09+00:00
0404-D-2013,DESREG.MODEST,Modernización del Estado,agente:texto,0.75,2026-09-16T00:16:15+00:00
0404-D-2013,JUST.JUDIC,Organización judicial / Magistratura,agente:texto,0.85,2026-09-16T00:16:15+00:00
0404-D-2013,POLINST.ORGEST,Organización del Estado / Ministerios,agente:texto,0.7,2026-09-16T00:16:15+00:00
0409-D-2012,EDU.BASICA,Educación básica y media,agente:texto,0.95,2026-09-16T00:16:17+00:00
0409-D-2012,SALUD.SISTEMA,Sistema de salud / Hospitales / Obras sociales,agente:texto,0.85,2026-09-16T00:16:17+00:00
0412-D-2008,DERSOC.DDHH,Derechos humanos,agente:texto,0.95,2026-09-16T00:16:20+00:00
0412-D-2008,DESSOC.ASIST,Asistencia social / Planes,agente:texto,0.7,2026-09-16T00:16:20+00:00
0441-D-2016,CULT.CULTURA,Cultura / Patrimonio,agente:texto,0.95,2026-09-16T00:16:22+00:00
0441-D-2016,DESREG.EMPUB,Empresas públicas / Privatizaciones,agente:texto,0.65,2026-09-16T00:16:22+00:00
0441-D-2016,INFRA.OBRA,Obra pública,agente:texto,0.75,2026-09-16T00:16:22+00:00
0444-D-2010,DESREG.DESECO,Desregulación económica,agente:texto,0.6,2026-09-16T00:16:25+00:00
0444-D-2010,INFRA.OBRA,Obra pública,agente:texto,0.7,2026-09-16T00:16:25+00:00
0444-D-2010,PROD.COMEX,Comercio interior y exterior,agente:texto,0.8,2026-09-16T00:16:25+00:00
0452-D-2009,JUST.CIVCOM,Derecho civil / comercial (códigos de fondo),agente:texto,0.85,2026-09-16T00:16:28+00:00
0452-D-2009,TRAB.LABOR,Relaciones laborales (reforma laboral),agente:texto,0.95,2026-09-16T00:16:28+00:00
0485-D-2010,ECON.COPART,Coparticipación / Federalismo fiscal,agente:texto,0.65,2026-09-16T00:16:31+00:00
0485-D-2010,INFRA.OBRA,Obra pública,agente:texto,0.7,2026-09-16T00:16:31+00:00
0485-D-2010,PROD.COMEX,Comercio interior y exterior,agente:texto,0.85,2026-09-16T00:16:31+00:00
0492-D-2010,SALUD.MEDIC,Medicamentos y vacunas,agente:texto,0.75,2026-09-16T00:16:34+00:00
0492-D-2010,SALUD.SISTEMA,Sistema de salud / Hospitales / Obras sociales,agente:texto,0.95,2026-09-16T00:16:34+00:00
0499-D-2017,DESREG.DESECO,Desregulación económica,agente:texto,0.6,2026-09-16T00:16:37+00:00
0499-D-2017,TRAB.LABOR,Relaciones laborales (reforma laboral),agente:texto,0.85,2026-09-16T00:16:37+00:00
0500-D-2011,DERSOC.NINEZ,Niñez e infancia,agente:texto,0.9,2026-09-16T00:16:39+00:00
0500-D-2011,JUST.PENAL,Derecho penal / Código penal,agente:texto,0.95,2026-09-16T00:16:39+00:00
0500-D-2011,TRAB.LABOR,Relaciones laborales (reforma laboral),agente:texto,0.75,2026-09-16T00:16:39+00:00
0505-D-2018,AMB.AGUA,Agua,agente:texto,0.75,2026-09-16T00:16:42+00:00
0505-D-2018,ECON.TRIB,Tributario / Impuestos,agente:texto,0.95,2026-09-16T00:16:42+00:00
0505-D-2018,ENER.TARIFA,Tarifas y subsidios energéticos,agente:texto,0.85,2026-09-16T00:16:42+00:00
0514-D-2022,CULT.DEPORTE,Deporte,agente:texto,0.95,2026-09-16T00:16:44+00:00
0514-D-2022,DERSOC.DDHH,Derechos humanos,agente:texto,0.75,2026-09-16T00:16:44+00:00
0514-D-2022,DERSOC.GENERO,Género / Diversidad,agente:texto,0.9,2026-09-16T00:16:44+00:00
0516-D-2011,DESREG.EMPUB,Empresas públicas / Privatizaciones,agente:texto,0.6,2026-09-16T00:16:47+00:00
0516-D-2011,ECON.COPART,Coparticipación / Federalismo fiscal,agente:texto,0.7,2026-09-16T00:16:47+00:00
0516-D-2011,INFRA.TRANSP,"Transporte (incl. subsidios al transporte, trenes)",agente:texto,0.9,2026-09-16T00:16:47+00:00
0517-D-2008,DESSOC.ASIST,Asistencia social / Planes,agente:texto,0.75,2026-09-16T00:16:50+00:00
0517-D-2008,SALUD.ADICC,Adicciones / Ludopatía,agente:texto,0.95,2026-09-16T00:16:50+00:00
0517-D-2008,SALUD.SISTEMA,Sistema de salud / Hospitales / Obras sociales,agente:texto,0.65,2026-09-16T00:16:50+00:00
0551-D-2010,AMB.AGUA,Agua,agente:texto,0.6,2026-09-16T00:16:53+00:00
0551-D-2010,DEF.EXTERIOR,Política exterior,agente:texto,0.85,2026-09-16T00:16:53+00:00
0551-D-2010,DEF.TRATADO,Tratados y acuerdos internacionales,agente:texto,0.75,2026-09-16T00:16:53+00:00
0551-D-2010,ENER.HIDRO,Hidrocarburos (petróleo y gas),agente:texto,0.95,2026-09-16T00:16:53+00:00
0556-D-2008,AUX.TRAMITE,Trámite parlamentario (sin contenido sustantivo),agente:texto,0.85,2026-09-16T00:16:56+00:00
0556-D-2008,DERSOC.GENERO,Género / Diversidad,agente:texto,0.95,2026-09-16T00:16:56+00:00
0574-D-2015,CULT.DEPORTE,Deporte,agente:texto,0.7,2026-09-16T00:17:00+00:00
0574-D-2015,DESSOC.ASIST,Asistencia social / Planes,agente:texto,0.55,2026-09-16T00:17:00+00:00
0574-D-2015,SALUD.SISTEMA,Sistema de salud / Hospitales / Obras sociales,agente:texto,0.75,2026-09-16T00:17:00+00:00
0581-D-2009,AUX.HOMENAJE,"Homenajes y declaraciones (de interés, beneplácito)",agente:texto,0.7,2026-09-16T00:17:02+00:00
0581-D-2009,CULT.CULTURA,Cultura / Patrimonio,agente:texto,0.9,2026-09-16T00:17:02+00:00
0581-D-2014,DERSOC.DDHH,Derechos humanos,agente:texto,0.75,2026-09-16T00:17:06+00:00
0581-D-2014,SALUD.SISTEMA,Sistema de salud / Hospitales / Obras sociales,agente:texto,0.85,2026-09-16T00:17:06+00:00
0588-D-2018,ECON.TRIB,Tributario / Impuestos,agente:texto,0.6,2026-09-16T00:17:08+00:00
0588-D-2018,JUST.NARCO,Narcotráfico,agente:texto,0.85,2026-09-16T00:17:08+00:00
0588-D-2018,JUST.PENAL,Derecho penal / Código penal,agente:texto,0.95,2026-09-16T00:17:08+00:00
0590-D-2010,DEF.TRATADO,Tratados y acuerdos internacionales,agente:texto,0.75,2026-09-16T00:17:11+00:00
0590-D-2010,DERSOC.DDHH,Derechos humanos,agente:texto,0.85,2026-09-16T00:17:11+00:00
0590-D-2010,DERSOC.GENERO,Género / Diversidad,agente:texto,0.95,2026-09-16T00:17:11+00:00
0590-D-2010,POLINST.CONST,Reforma constitucional,agente:texto,0.8,2026-09-16T00:17:11+00:00
0605-D-2018,DEF.DEFENSA,Defensa / Fuerzas Armadas,agente:texto,0.95,2026-09-16T00:17:14+00:00
0605-D-2018,DERSOC.DDHH,Derechos humanos,agente:texto,0.75,2026-09-16T00:17:14+00:00
0625-D-2010,AMB.AGUA,Agua,agente:texto,0.4,2026-09-16T00:17:17+00:00
0625-D-2010,AMB.BOSQUE,Bosques / Glaciares / Áreas protegidas,agente:texto,0.4,2026-09-16T00:17:17+00:00
0625-D-2010,POLINST.ETICA,Transparencia / Lobby / Ética pública,agente:texto,0.7,2026-09-16T00:17:17+00:00
0638-D-2013,DEF.EXTERIOR,Política exterior,agente:texto,0.95,2026-09-16T00:17:21+00:00
0638-D-2013,DERSOC.DDHH,Derechos humanos,agente:texto,0.65,2026-09-16T00:17:21+00:00
0652-D-2018,DESREG.EMPUB,Empresas públicas / Privatizaciones,agente:texto,0.7,2026-09-16T00:17:24+00:00
0652-D-2018,ECON.EMERG,Emergencia económica,agente:texto,0.8,2026-09-16T00:17:24+00:00
0652-D-2018,TRAB.EMPLEOPUB,Empleo público,agente:texto,0.85,2026-09-16T00:17:24+00:00
0684-D-2025,ECON.PRESU,Presupuesto y gasto público,agente:texto,0.75,2026-09-16T00:17:26+00:00
0684-D-2025,TRAB.PREV,Previsional / Jubilaciones,agente:texto,0.95,2026-09-16T00:17:26+00:00
0689-D-2017,DERSOC.DDHH,Derechos humanos,agente:texto,0.72,2026-09-16T00:17:29+00:00
0689-D-2017,JUST.PENAL,Derecho penal / Código penal,agente:texto,0.85,2026-09-16T00:17:29+00:00
0689-D-2017,JUST.SEGINT,Seguridad interior,agente:texto,0.95,2026-09-16T00:17:29+00:00
0708-D-2021,DESREG.EMPUB,Empresas públicas / Privatizaciones,agente:texto,0.4,2026-09-16T00:17:33+00:00
0708-D-2021,ECON.COPART,Coparticipación / Federalismo fiscal,agente:texto,0.35,2026-09-16T00:17:33+00:00
0708-D-2021,INFRA.VIVIENDA,Vivienda y hábitat,agente:texto,0.45,2026-09-16T00:17:33+00:00
0711-D-2010,AUX.HOMENAJE,"Homenajes y declaraciones (de interés, beneplácito)",agente:texto,0.95,2026-09-16T00:17:35+00:00
0711-D-2010,SALUD.SISTEMA,Sistema de salud / Hospitales / Obras sociales,agente:texto,0.6,2026-09-16T00:17:35+00:00
0718-D-2013,TRAB.LABOR,Relaciones laborales (reforma laboral),agente:texto,0.95,2026-09-16T00:17:38+00:00
0719-D-2019,AUX.HOMENAJE,"Homenajes y declaraciones (de interés, beneplácito)",agente:texto,0.95,2026-09-16T00:17:42+00:00
0719-D-2019,CULT.CULTURA,Cultura / Patrimonio,agente:texto,0.7,2026-09-16T00:17:42+00:00
0731-D-2012,AUX.HOMENAJE,"Homenajes y declaraciones (de interés, beneplácito)",agente:texto,0.95,2026-09-16T00:17:44+00:00
0741-D-2025,DEF.TRATADO,Tratados y acuerdos internacionales,agente:texto,0.75,2026-09-16T00:17:47+00:00
0741-D-2025,ECON.DEUDA,Deuda y financiamiento,agente:texto,0.95,2026-09-16T00:17:47+00:00
0741-D-2025,ECON.PRESU,Presupuesto y gasto público,agente:texto,0.85,2026-09-16T00:17:47+00:00
0755-D-2010,ECON.PRESU,Presupuesto y gasto público,agente:texto,0.6,2026-09-16T00:17:50+00:00
0755-D-2010,TRAB.LABOR,Relaciones laborales (reforma laboral),agente:texto,0.75,2026-09-16T00:17:50+00:00
0755-D-2010,TRAB.PREV,Previsional / Jubilaciones,agente:texto,0.65,2026-09-16T00:17:50+00:00
0775-D-2018,CULT.CULTURA,Cultura / Patrimonio,agente:texto,0.95,2026-09-16T00:17:53+00:00
0775-D-2018,DESREG.DESECO,Desregulación económica,agente:texto,0.7,2026-09-16T00:17:53+00:00
0775-D-2018,ENER.COMBUS,Combustibles,agente:texto,0.9,2026-09-16T00:17:53+00:00
0775-D-2018,ENER.ELEC,Energía eléctrica,agente:texto,0.95,2026-09-16T00:17:53+00:00
0775-D-2018,ENER.TARIFA,Tarifas y subsidios energéticos,agente:texto,0.95,2026-09-16T00:17:53+00:00
0778-D-2012,DESREG.EMPUB,Empresas públicas / Privatizaciones,agente:texto,0.7,2026-09-16T00:17:56+00:00
0778-D-2012,PROD.AGRO,"Agro, ganadería y pesca",agente:texto,0.9,2026-09-16T00:17:56+00:00
0791-D-2019,AUX.HOMENAJE,"Homenajes y declaraciones (de interés, beneplácito)",agente:texto,0.95,2026-09-16T00:17:58+00:00
0819-D-2011,DEF.DEFENSA,Defensa / Fuerzas Armadas,agente:texto,0.85,2026-09-16T00:18:01+00:00
0819-D-2011,DESSOC.PNC,Pensiones no contributivas,agente:texto,0.95,2026-09-16T00:18:01+00:00
0819-D-2018,DERSOC.DDHH,Derechos humanos,agente:texto,0.85,2026-09-16T00:18:04+00:00
0819-D-2018,JUST.CIVCOM,Derecho civil / comercial (códigos de fondo),agente:texto,0.75,2026-09-16T00:18:04+00:00
0819-D-2018,SALUD.DISCAP,Discapacidad,agente:texto,0.95,2026-09-16T00:18:04+00:00
0828-D-2012,JUST.CIVCOM,Derecho civil / comercial (códigos de fondo),agente:texto,0.85,2026-09-16T00:18:06+00:00
0828-D-2012,TRAB.LABOR,Relaciones laborales (reforma laboral),agente:texto,0.95,2026-09-16T00:18:06+00:00
0834-D-2013,EDU.SUPERIOR,Educación superior / Universidades / Financiamiento,agente:texto,0.95,2026-09-16T00:18:09+00:00
0839-D-2025,ECON.COPART,Coparticipación / Federalismo fiscal,agente:texto,0.7,2026-09-16T00:18:11+00:00
0839-D-2025,ECON.PRESU,Presupuesto y gasto público,agente:texto,0.85,2026-09-16T00:18:11+00:00
0839-D-2025,EDU.SUPERIOR,Educación superior / Universidades / Financiamiento,agente:texto,0.95,2026-09-16T00:18:11+00:00
0846-D-2011,CYT.INNOV,Innovación / Economía del conocimiento / Software,agente:texto,0.8,2026-09-16T00:18:14+00:00
0846-D-2011,ECON.TRIB,Tributario / Impuestos,agente:texto,0.7,2026-09-16T00:18:14+00:00
0846-D-2011,PROD.COMEX,Comercio interior y exterior,agente:texto,0.75,2026-09-16T00:18:14+00:00
0846-D-2011,PROD.INVER,Promoción de inversiones (RIGI),agente:texto,0.85,2026-09-16T00:18:14+00:00
0851-D-2014,AUX.HOMENAJE,"Homenajes y declaraciones (de interés, beneplácito)",agente:texto,0.95,2026-09-16T00:18:16+00:00
0852-D-2022,JUST.CIVCOM,Derecho civil / comercial (códigos de fondo),agente:texto,0.7,2026-09-16T00:18:19+00:00
0852-D-2022,SALUD.DISCAP,Discapacidad,agente:texto,0.95,2026-09-16T00:18:19+00:00
0855-D-2019,EDU.BASICA,Educación básica y media,agente:texto,0.85,2026-09-16T00:18:22+00:00
0855-D-2019,POLINST.CONST,Reforma constitucional,agente:texto,0.75,2026-09-16T00:18:22+00:00
0866-D-2018,AUX.HOMENAJE,"Homenajes y declaraciones (de interés, beneplácito)",agente:texto,0.95,2026-09-16T00:18:25+00:00
0866-D-2018,SALUD.SISTEMA,Sistema de salud / Hospitales / Obras sociales,agente:texto,0.6,2026-09-16T00:18:25+00:00
0877-D-2019,ECON.COPART,Coparticipación / Federalismo fiscal,agente:texto,0.65,2026-09-16T00:18:28+00:00
0877-D-2019,ECON.EMERG,Emergencia económica,agente:texto,0.95,2026-09-16T00:18:28+00:00
0877-D-2019,PROD.AGRO,"Agro, ganadería y pesca",agente:texto,0.9,2026-09-16T00:18:28+00:00
0885-D-2012,DESREG.DESECO,Desregulación económica,agente:texto,0.6,2026-09-16T00:18:30+00:00
0885-D-2012,SALUD.MEDIC,Medicamentos y vacunas,agente:texto,0.95,2026-09-16T00:18:30+00:00
0920-D-2008,ECON.COPART,Coparticipación / Federalismo fiscal,agente:texto,0.7,2026-09-16T00:18:34+00:00
0920-D-2008,ECON.TRIB,Tributario / Impuestos,agente:texto,0.95,2026-09-16T00:18:34+00:00
0920-D-2008,PROD.AGRO,"Agro, ganadería y pesca",agente:texto,0.95,2026-09-16T00:18:34+00:00
0922-D-2008,AUX.HOMENAJE,"Homenajes y declaraciones (de interés, beneplácito)",agente:texto,0.95,2026-09-16T00:18:36+00:00
0926-D-2011,DERSOC.DDHH,Derechos humanos,agente:texto,0.6,2026-09-16T00:18:39+00:00
0926-D-2011,JUST.PENAL,Derecho penal / Código penal,agente:texto,0.95,2026-09-16T00:18:39+00:00
0926-D-2011,TRAB.PREV,Previsional / Jubilaciones,agente:texto,0.65,2026-09-16T00:18:39+00:00
0943-D-2011,JUST.JUDIC,Organización judicial / Magistratura,agente:texto,0.95,2026-09-16T00:18:41+00:00
0956-D-2011,DERSOC.DDHH,Derechos humanos,agente:texto,0.95,2026-09-16T00:18:44+00:00
0956-D-2011,JUST.JUDIC,Organización judicial / Magistratura,agente:texto,0.85,2026-09-16T00:18:44+00:00
0956-D-2011,JUST.PENAL,Derecho penal / Código penal,agente:texto,0.7,2026-09-16T00:18:44+00:00
0958-D-2018,DESSOC.ASIST,Asistencia social / Planes,agente:texto,0.7,2026-09-16T00:18:47+00:00
0958-D-2018,ECON.COPART,Coparticipación / Federalismo fiscal,agente:texto,0.6,2026-09-16T00:18:47+00:00
0958-D-2018,ECON.EMERG,Emergencia económica,agente:texto,0.95,2026-09-16T00:18:47+00:00
0958-D-2018,PROD.AGRO,"Agro, ganadería y pesca",agente:texto,0.7,2026-09-16T00:18:47+00:00
0963-D-2019,DERSOC.DDHH,Derechos humanos,agente:texto,0.75,2026-09-16T00:18:50+00:00
0963-D-2019,DERSOC.GENERO,Género / Diversidad,agente:texto,0.9,2026-09-16T00:18:50+00:00
0963-D-2019,JUST.PENAL,Derecho penal / Código penal,agente:texto,0.95,2026-09-16T00:18:50+00:00
0968-D-2008,ECON.EMERG,Emergencia económica,agente:texto,0.9,2026-09-16T00:18:53+00:00
0968-D-2008,ECON.PRESU,Presupuesto y gasto público,agente:texto,0.75,2026-09-16T00:18:53+00:00
0968-D-2008,PROD.AGRO,"Agro, ganadería y pesca",agente:texto,0.95,2026-09-16T00:18:53+00:00
0972-D-2018,SALUD.MEDIC,Medicamentos y vacunas,agente:texto,0.95,2026-09-16T00:18:55+00:00
0972-D-2018,SALUD.SISTEMA,Sistema de salud / Hospitales / Obras sociales,agente:texto,0.75,2026-09-16T00:18:55+00:00
0999-D-2011,TRAB.LABOR,Relaciones laborales (reforma laboral),agente:texto,0.95,2026-09-16T00:18:58+00:00
1012-D-2009,JUST.CIVCOM,Derecho civil / comercial (códigos de fondo),agente:texto,0.95,2026-09-16T00:19:00+00:00
1019-D-2010,DESREG.DESECO,Desregulación económica,agente:texto,0.6,2026-09-16T00:19:02+00:00
1019-D-2010,INFRA.TELECOM,Telecomunicaciones / Conectividad,agente:texto,0.9,2026-09-16T00:19:02+00:00
1039-D-2019,AUX.HOMENAJE,"Homenajes y declaraciones (de interés, beneplácito)",agente:texto,0.85,2026-09-16T00:19:05+00:00
1039-D-2019,CULT.CULTURA,Cultura / Patrimonio,agente:texto,0.95,2026-09-16T00:19:05+00:00
1047-D-2011,DERSOC.DDHH,Derechos humanos,agente:texto,0.8,2026-09-16T00:19:10+00:00
1047-D-2011,DESSOC.ASIST,Asistencia social / Planes,agente:texto,0.7,2026-09-16T00:19:10+00:00
1047-D-2011,SALUD.SISTEMA,Sistema de salud / Hospitales / Obras sociales,agente:texto,0.85,2026-09-16T00:19:10+00:00
1054-D-2018,CULT.DEPORTE,Deporte,agente:texto,0.95,2026-09-16T00:19:13+00:00
1054-D-2018,SALUD.SISTEMA,Sistema de salud / Hospitales / Obras sociales,agente:texto,0.65,2026-09-16T00:19:13+00:00
1066-D-2014,JUST.CIVCOM,Derecho civil / comercial (códigos de fondo),agente:texto,0.95,2026-09-16T00:19:15+00:00
1066-D-2014,TRAB.LABOR,Relaciones laborales (reforma laboral),agente:texto,0.85,2026-09-16T00:19:15+00:00
1096-D-2023,AUX.HOMENAJE,"Homenajes y declaraciones (de interés, beneplácito)",agente:texto,0.95,2026-09-16T00:19:18+00:00
1096-D-2023,CULT.CULTURA,Cultura / Patrimonio,agente:texto,0.85,2026-09-16T00:19:18+00:00
1108-D-2009,AUX.HOMENAJE,"Homenajes y declaraciones (de interés, beneplácito)",agente:texto,0.95,2026-09-16T00:19:20+00:00
1108-D-2009,CULT.CULTURA,Cultura / Patrimonio,agente:texto,0.75,2026-09-16T00:19:20+00:00
1111-D-2012,JUST.CIVCOM,Derecho civil / comercial (códigos de fondo),agente:texto,0.75,2026-09-16T00:19:23+00:00
1111-D-2012,TRAB.LABOR,Relaciones laborales (reforma laboral),agente:texto,0.95,2026-09-16T00:19:23+00:00
1111-D-2012,TRAB.SINDIC,Sindical,agente:texto,0.9,2026-09-16T00:19:23+00:00
1123-D-2012,DERSOC.DDHH,Derechos humanos,agente:texto,0.75,2026-09-16T00:19:26+00:00
1123-D-2012,JUST.CIVCOM,Derecho civil / comercial (códigos de fondo),agente:texto,0.85,2026-09-16T00:19:26+00:00
1123-D-2012,TRAB.LABOR,Relaciones laborales (reforma laboral),agente:texto,0.95,2026-09-16T00:19:26+00:00
1124-D-2012,TRAB.LABOR,Relaciones laborales (reforma laboral),agente:texto,0.95,2026-09-16T00:19:28+00:00
1132-D-2012,JUST.CIVCOM,Derecho civil / comercial (códigos de fondo),agente:texto,0.85,2026-09-16T00:19:32+00:00
1132-D-2012,TRAB.LABOR,Relaciones laborales (reforma laboral),agente:texto,0.95,2026-09-16T00:19:32+00:00
1155-D-2016,ECON.DEUDA,Deuda y financiamiento,agente:texto,0.7,2026-09-16T00:19:35+00:00
1155-D-2016,ECON.MON,Monetario y cambiario,agente:texto,0.9,2026-09-16T00:19:35+00:00
1155-D-2016,JUST.CIVCOM,Derecho civil / comercial (códigos de fondo),agente:texto,0.8,2026-09-16T00:19:35+00:00
1179-D-2009,JUST.CIVCOM,Derecho civil / comercial (códigos de fondo),agente:texto,0.75,2026-09-16T00:19:38+00:00
1179-D-2009,TRAB.LABOR,Relaciones laborales (reforma laboral),agente:texto,0.95,2026-09-16T00:19:38+00:00
1181-D-2009,TRAB.LABOR,Relaciones laborales (reforma laboral),agente:texto,0.95,2026-09-16T00:19:41+00:00
1186-D-2009,TRAB.LABOR,Relaciones laborales (reforma laboral),agente:texto,0.95,2026-09-16T00:19:44+00:00
1203-D-2018,DERSOC.DDHH,Derechos humanos,agente:texto,0.75,2026-09-16T00:19:47+00:00
1203-D-2018,JUST.CIVCOM,Derecho civil / comercial (códigos de fondo),agente:texto,0.95,2026-09-16T00:19:47+00:00
1259-D-2018,AUX.HOMENAJE,"Homenajes y declaraciones (de interés, beneplácito)",agente:texto,0.95,2026-09-16T00:19:49+00:00
1265-D-2018,AUX.HOMENAJE,"Homenajes y declaraciones (de interés, beneplácito)",agente:texto,0.95,2026-09-16T00:19:51+00:00
1265-D-2018,CULT.CULTURA,Cultura / Patrimonio,agente:texto,0.75,2026-09-16T00:19:51+00:00
1270-D-2016,ECON.PRESU,Presupuesto y gasto público,agente:texto,0.75,2026-09-16T00:19:54+00:00
1270-D-2016,TRAB.PREV,Previsional / Jubilaciones,agente:texto,0.95,2026-09-16T00:19:54+00:00
1272-D-2021,CULT.CULTURA,Cultura / Patrimonio,agente:texto,0.75,2026-09-16T00:19:57+00:00
1272-D-2021,DERSOC.DDHH,Derechos humanos,agente:texto,0.85,2026-09-16T00:19:57+00:00
1275-D-2016,CULT.MEDIOS,Medios / Comunicación,agente:texto,0.85,2026-09-16T00:20:00+00:00
1275-D-2016,POLINST.ORGEST,Organización del Estado / Ministerios,agente:texto,0.6,2026-09-16T00:20:00+00:00
1295-D-2017,DERSOC.NINEZ,Niñez e infancia,agente:texto,0.95,2026-09-16T00:20:04+00:00
1295-D-2017,DESSOC.ASIST,Asistencia social / Planes,agente:texto,0.85,2026-09-16T00:20:04+00:00
1295-D-2017,TRAB.EMPLEOPUB,Empleo público,agente:texto,0.6,2026-09-16T00:20:04+00:00
1298-D-2012,TRAB.LABOR,Relaciones laborales (reforma laboral),agente:texto,0.95,2026-09-16T00:20:06+00:00
1301-D-2017,ECON.COPART,Coparticipación / Federalismo fiscal,agente:texto,0.7,2026-09-16T00:20:09+00:00
1301-D-2017,PROD.INDPYME,Industria y PyMEs,agente:texto,0.95,2026-09-16T00:20:09+00:00
1302-D-2017,ENER.TARIFA,Tarifas y subsidios energéticos,agente:texto,0.85,2026-09-16T00:20:13+00:00
1302-D-2017,INFRA.TELECOM,Telecomunicaciones / Conectividad,agente:texto,0.5,2026-09-16T00:20:13+00:00
1302-D-2017,INFRA.TRANSP,"Transporte (incl. subsidios al transporte, trenes)",agente:texto,0.6,2026-09-16T00:20:13+00:00
1310-D-2008,DEF.DEFENSA,Defensa / Fuerzas Armadas,agente:texto,0.95,2026-09-16T00:20:16+00:00
1322-D-2018,ECON.COPART,Coparticipación / Federalismo fiscal,agente:texto,0.75,2026-09-16T00:20:19+00:00
1322-D-2018,ENER.HIDRO,Hidrocarburos (petróleo y gas),agente:texto,0.85,2026-09-16T00:20:19+00:00
1322-D-2018,ENER.TARIFA,Tarifas y subsidios energéticos,agente:texto,0.95,2026-09-16T00:20:19+00:00
1323-D-2012,DERSOC.DDHH,Derechos humanos,agente:texto,0.8,2026-09-16T00:20:22+00:00
1323-D-2012,DERSOC.NINEZ,Niñez e infancia,agente:texto,0.95,2026-09-16T00:20:22+00:00
1323-D-2012,EDU.BASICA,Educación básica y media,agente:texto,0.7,2026-09-16T00:20:22+00:00
1323-D-2012,JUST.PENAL,Derecho penal / Código penal,agente:texto,0.85,2026-09-16T00:20:22+00:00
1325-D-2009,EDU.SUPERIOR,Educación superior / Universidades / Financiamiento,agente:texto,0.95,2026-09-16T00:20:24+00:00
1331-D-2010,DESREG.EMPUB,Empresas públicas / Privatizaciones,agente:texto,0.75,2026-09-16T00:20:28+00:00
1331-D-2010,ENER.ELEC,Energía eléctrica,agente:texto,0.95,2026-09-16T00:20:28+00:00
1331-D-2010,POLINST.ORGEST,Organización del Estado / Ministerios,agente:texto,0.65,2026-09-16T00:20:28+00:00
1331-D-2016,DERSOC.DDHH,Derechos humanos,agente:texto,0.6,2026-09-16T00:20:31+00:00
1331-D-2016,JUST.PENAL,Derecho penal / Código penal,agente:texto,0.95,2026-09-16T00:20:31+00:00
1331-D-2016,POLINST.ETICA,Transparencia / Lobby / Ética pública,agente:texto,0.85,2026-09-16T00:20:31+00:00
1336-D-2018,AUX.HOMENAJE,"Homenajes y declaraciones (de interés, beneplácito)",agente:texto,0.95,2026-09-16T00:20:34+00:00
1336-D-2018,CULT.CULTURA,Cultura / Patrimonio,agente:texto,0.85,2026-09-16T00:20:34+00:00
1352-D-2013,SALUD.MEDIC,Medicamentos y vacunas,agente:texto,0.9,2026-09-16T00:20:36+00:00
1352-D-2013,SALUD.SISTEMA,Sistema de salud / Hospitales / Obras sociales,agente:texto,0.95,2026-09-16T00:20:36+00:00
1388-D-2018,ECON.COPART,Coparticipación / Federalismo fiscal,agente:texto,0.6,2026-09-16T00:20:39+00:00
1388-D-2018,ENER.COMBUS,Combustibles,agente:texto,0.75,2026-09-16T00:20:39+00:00
1388-D-2018,ENER.TARIFA,Tarifas y subsidios energéticos,agente:texto,0.95,2026-09-16T00:20:39+00:00
1405-D-2019,CYT.INNOV,Innovación / Economía del conocimiento / Software,agente:texto,0.9,2026-09-16T00:20:42+00:00
1405-D-2019,DESREG.DESECO,Desregulación económica,agente:texto,0.6,2026-09-16T00:20:42+00:00
1405-D-2019,PROD.INVER,Promoción de inversiones (RIGI),agente:texto,0.7,2026-09-16T00:20:42+00:00
1407-D-2013,DESREG.MODEST,Modernización del Estado,agente:texto,0.65,2026-09-16T00:20:45+00:00
1407-D-2013,EDU.SUPERIOR,Educación superior / Universidades / Financiamiento,agente:texto,0.95,2026-09-16T00:20:45+00:00
1446-D-2013,DERSOC.DDHH,Derechos humanos,agente:texto,0.75,2026-09-16T00:20:48+00:00
1446-D-2013,EDU.BASICA,Educación básica y media,agente:texto,0.95,2026-09-16T00:20:48+00:00
1446-D-2013,SALUD.DISCAP,Discapacidad,agente:texto,0.7,2026-09-16T00:20:48+00:00
1477-D-2018,ECON.COPART,Coparticipación / Federalismo fiscal,agente:texto,0.75,2026-09-16T00:20:50+00:00
1477-D-2018,ENER.ELEC,Energía eléctrica,agente:texto,0.9,2026-09-16T00:20:50+00:00
1477-D-2018,ENER.TARIFA,Tarifas y subsidios energéticos,agente:texto,0.95,2026-09-16T00:20:50+00:00
1482-D-2016,DERSOC.DDHH,Derechos humanos,agente:texto,0.85,2026-09-16T00:20:54+00:00
1482-D-2016,DERSOC.ORIGIN,Pueblos originarios,agente:texto,0.95,2026-09-16T00:20:54+00:00
1482-D-2016,DESSOC.ASIST,Asistencia social / Planes,agente:texto,0.75,2026-09-16T00:20:54+00:00
1482-D-2016,ECON.EMERG,Emergencia económica,agente:texto,0.7,2026-09-16T00:20:54+00:00
1482-D-2016,JUST.PROPIED,Propiedad (inviolabilidad),agente:texto,0.8,2026-09-16T00:20:54+00:00
1494-D-2019,DESREG.DESECO,Desregulación económica,agente:texto,0.8,2026-09-16T00:20:57+00:00
1494-D-2019,PROD.COMEX,Comercio interior y exterior,agente:texto,0.85,2026-09-16T00:20:57+00:00
1494-D-2019,PROD.INDPYME,Industria y PyMEs,agente:texto,0.75,2026-09-16T00:20:57+00:00
1548-D-2019,AUX.HOMENAJE,"Homenajes y declaraciones (de interés, beneplácito)",agente:texto,0.95,2026-09-16T00:20:59+00:00
1570-D-2021,JUST.CIVCOM,Derecho civil / comercial (códigos de fondo),agente:texto,0.85,2026-09-16T00:21:02+00:00
1570-D-2021,TRAB.LABOR,Relaciones laborales (reforma laboral),agente:texto,0.95,2026-09-16T00:21:02+00:00
1571-D-2009,SALUD.DISCAP,Discapacidad,agente:texto,0.75,2026-09-16T00:21:06+00:00
1571-D-2009,TRAB.LABOR,Relaciones laborales (reforma laboral),agente:texto,0.85,2026-09-16T00:21:06+00:00
1580-D-2011,DERSOC.DDHH,Derechos humanos,agente:texto,0.95,2026-09-16T00:21:08+00:00
1580-D-2011,ECON.PRESU,Presupuesto y gasto público,agente:texto,0.7,2026-09-16T00:21:08+00:00
1580-D-2011,JUST.JUDIC,Organización judicial / Magistratura,agente:texto,0.75,2026-09-16T00:21:08+00:00
1599-D-2014,DEF.DEFENSA,Defensa / Fuerzas Armadas,agente:texto,0.85,2026-09-16T00:21:11+00:00
1599-D-2014,TRAB.PREV,Previsional / Jubilaciones,agente:texto,0.95,2026-09-16T00:21:11+00:00
1600-D-2014,CULT.DEPORTE,Deporte,agente:texto,0.95,2026-09-16T00:21:14+00:00
1600-D-2014,DESREG.SOCIED,Régimen de sociedades / comercial,agente:texto,0.75,2026-09-16T00:21:14+00:00
1605-D-2018,ENER.COMBUS,Combustibles,agente:texto,0.85,2026-09-16T00:21:17+00:00
1605-D-2018,ENER.HIDRO,Hidrocarburos (petróleo y gas),agente:texto,0.95,2026-09-16T00:21:17+00:00
1605-D-2018,ENER.TARIFA,Tarifas y subsidios energéticos,agente:texto,0.9,2026-09-16T00:21:17+00:00
1623-D-2018,DESSOC.ASIST,Asistencia social / Planes,agente:texto,0.75,2026-09-16T00:21:21+00:00
1623-D-2018,ENER.TARIFA,Tarifas y subsidios energéticos,agente:texto,0.85,2026-09-16T00:21:21+00:00
1623-D-2018,INFRA.TRANSP,"Transporte (incl. subsidios al transporte, trenes)",agente:texto,0.6,2026-09-16T00:21:21+00:00
1642-D-2008,DESSOC.ASIST,Asistencia social / Planes,agente:texto,0.7,2026-09-16T00:21:24+00:00
1642-D-2008,ECON.EMERG,Emergencia económica,agente:texto,0.95,2026-09-16T00:21:24+00:00
1656-D-2016,DESREG.DESECO,Desregulación económica,agente:texto,0.65,2026-09-16T00:21:27+00:00
1656-D-2016,ECON.TRIB,Tributario / Impuestos,agente:texto,0.7,2026-09-16T00:21:27+00:00
1656-D-2016,PROD.COMEX,Comercio interior y exterior,agente:texto,0.75,2026-09-16T00:21:27+00:00
1656-D-2016,PROD.INDPYME,Industria y PyMEs,agente:texto,0.85,2026-09-16T00:21:27+00:00
1660-D-2014,TRAB.LABOR,Relaciones laborales (reforma laboral),agente:texto,0.95,2026-09-16T00:21:29+00:00
1676-D-2014,DERSOC.DDHH,Derechos humanos,agente:texto,0.95,2026-09-16T00:21:32+00:00
1676-D-2014,JUST.JUDIC,Organización judicial / Magistratura,agente:texto,0.85,2026-09-16T00:21:32+00:00
1676-D-2014,POLINST.ORGEST,Organización del Estado / Ministerios,agente:texto,0.75,2026-09-16T00:21:32+00:00
1678-D-2008,CULT.CULTURA,Cultura / Patrimonio,agente:texto,0.95,2026-09-16T00:21:36+00:00
1678-D-2008,CULT.MEDIOS,Medios / Comunicación,agente:texto,0.65,2026-09-16T00:21:36+00:00
1678-D-2008,DESREG.MODEST,Modernización del Estado,agente:texto,0.6,2026-09-16T00:21:36+00:00
1678-D-2008,ECON.PRESU,Presupuesto y gasto público,agente:texto,0.55,2026-09-16T00:21:36+00:00
1680-D-2008,DESREG.EMPUB,Empresas públicas / Privatizaciones,agente:texto,0.85,2026-09-16T00:21:40+00:00
1680-D-2008,ECON.PRESU,Presupuesto y gasto público,agente:texto,0.65,2026-09-16T00:21:40+00:00
1680-D-2008,TRAB.EMPLEOPUB,Empleo público,agente:texto,0.75,2026-09-16T00:21:40+00:00
1685-D-2018,DESSOC.ASIST,Asistencia social / Planes,agente:texto,0.6,2026-09-16T00:21:44+00:00
1685-D-2018,POLINST.ETICA,Transparencia / Lobby / Ética pública,agente:texto,0.5,2026-09-16T00:21:44+00:00
1695-D-2018,AUX.HOMENAJE,"Homenajes y declaraciones (de interés, beneplácito)",agente:texto,0.85,2026-09-16T00:21:46+00:00
1695-D-2018,CULT.CULTURA,Cultura / Patrimonio,agente:texto,0.95,2026-09-16T00:21:46+00:00
1714-D-2018,ENER.TARIFA,Tarifas y subsidios energéticos,agente:texto,0.85,2026-09-16T00:21:49+00:00
1714-D-2018,INFRA.TELECOM,Telecomunicaciones / Conectividad,agente:texto,0.5,2026-09-16T00:21:49+00:00
1714-D-2018,INFRA.TRANSP,"Transporte (incl. subsidios al transporte, trenes)",agente:texto,0.6,2026-09-16T00:21:49+00:00
1737-D-2009,DERSOC.DDHH,Derechos humanos,agente:texto,0.75,2026-09-16T00:21:52+00:00
1737-D-2009,DERSOC.GENERO,Género / Diversidad,agente:texto,0.85,2026-09-16T00:21:52+00:00
1737-D-2009,JUST.CIVCOM,Derecho civil / comercial (códigos de fondo),agente:texto,0.95,2026-09-16T00:21:52+00:00
1759-D-2008,JUST.JUDIC,Organización judicial / Magistratura,agente:texto,0.95,2026-09-16T00:21:54+00:00
1761-D-2018,DESREG.MODEST,Modernización del Estado,agente:texto,0.65,2026-09-16T00:21:58+00:00
1761-D-2018,ENER.TARIFA,Tarifas y subsidios energéticos,agente:texto,0.85,2026-09-16T00:21:58+00:00
1761-D-2018,INFRA.TELECOM,Telecomunicaciones / Conectividad,agente:texto,0.6,2026-09-16T00:21:58+00:00
1761-D-2018,INFRA.TRANSP,"Transporte (incl. subsidios al transporte, trenes)",agente:texto,0.7,2026-09-16T00:21:58+00:00
1763-D-2008,AUX.HOMENAJE,"Homenajes y declaraciones (de interés, beneplácito)",agente:texto,1.0,2026-09-16T00:22:00+00:00
1766-D-2018,ECON.COPART,Coparticipación / Federalismo fiscal,agente:texto,0.7,2026-09-16T00:22:03+00:00
1766-D-2018,ENER.ELEC,Energía eléctrica,agente:texto,0.9,2026-09-16T00:22:03+00:00
1766-D-2018,ENER.TARIFA,Tarifas y subsidios energéticos,agente:texto,0.95,2026-09-16T00:22:03+00:00
1771-D-2020,ECON.EMERG,Emergencia económica,agente:texto,0.95,2026-09-16T00:22:07+00:00
1771-D-2020,JUST.CIVCOM,Derecho civil / comercial (códigos de fondo),agente:texto,0.9,2026-09-16T00:22:07+00:00
1776-D-2017,DERSOC.DDHH,Derechos humanos,agente:texto,0.85,2026-09-16T00:22:10+00:00
1776-D-2017,DERSOC.GENERO,Género / Diversidad,agente:texto,0.95,2026-09-16T00:22:10+00:00
1776-D-2017,POLINST.ORGEST,Organización del Estado / Ministerios,agente:texto,0.75,2026-09-16T00:22:10+00:00
1804-D-2012,AMB.AGUA,Agua,agente:texto,0.95,2026-09-16T00:22:13+00:00
1804-D-2012,AMB.BOSQUE,Bosques / Glaciares / Áreas protegidas,agente:texto,0.7,2026-09-16T00:22:13+00:00
1804-D-2012,DESREG.MODEST,Modernización del Estado,agente:texto,0.6,2026-09-16T00:22:13+00:00
1818-D-2018,ECON.COPART,Coparticipación / Federalismo fiscal,agente:texto,0.75,2026-09-16T00:22:16+00:00
1818-D-2018,ENER.TARIFA,Tarifas y subsidios energéticos,agente:texto,0.95,2026-09-16T00:22:16+00:00
1831-D-2018,ECON.EMERG,Emergencia económica,agente:texto,0.95,2026-09-16T00:22:19+00:00
1831-D-2018,ENER.TARIFA,Tarifas y subsidios energéticos,agente:texto,0.9,2026-09-16T00:22:19+00:00
1877-D-2008,AUX.HOMENAJE,"Homenajes y declaraciones (de interés, beneplácito)",agente:texto,0.95,2026-09-16T00:22:21+00:00
1879-D-2016,DERSOC.DDHH,Derechos humanos,agente:texto,0.8,2026-09-16T00:22:24+00:00
1879-D-2016,JUST.PENAL,Derecho penal / Código penal,agente:texto,0.85,2026-09-16T00:22:24+00:00
1880-D-2016,DEF.EXTERIOR,Política exterior,agente:texto,0.6,2026-09-16T00:22:28+00:00
1880-D-2016,DERSOC.DDHH,Derechos humanos,agente:texto,0.7,2026-09-16T00:22:28+00:00
1880-D-2016,JUST.PENAL,Derecho penal / Código penal,agente:texto,0.85,2026-09-16T00:22:28+00:00
1896-D-2018,AUX.HOMENAJE,"Homenajes y declaraciones (de interés, beneplácito)",agente:texto,0.95,2026-09-16T00:22:31+00:00
1896-D-2018,DERSOC.GENERO,Género / Diversidad,agente:texto,0.85,2026-09-16T00:22:31+00:00
1899-D-2010,DESSOC.ASIST,Asistencia social / Planes,agente:texto,0.65,2026-09-16T00:22:34+00:00
1899-D-2010,ECON.EMERG,Emergencia económica,agente:texto,0.85,2026-09-16T00:22:34+00:00
1899-D-2010,PROD.AGRO,"Agro, ganadería y pesca",agente:texto,0.95,2026-09-16T00:22:34+00:00
1917-D-2008,DERSOC.DDHH,Derechos humanos,agente:texto,0.85,2026-09-16T00:22:38+00:00
1917-D-2008,DERSOC.NINEZ,Niñez e infancia,agente:texto,0.95,2026-09-16T00:22:38+00:00
1917-D-2008,INFRA.TELECOM,Telecomunicaciones / Conectividad,agente:texto,0.7,2026-09-16T00:22:38+00:00
1919-D-2018,DESREG.MODEST,Modernización del Estado,agente:texto,0.6,2026-09-16T00:22:41+00:00
1919-D-2018,DESSOC.ASIST,Asistencia social / Planes,agente:texto,0.75,2026-09-16T00:22:41+00:00
1919-D-2018,INFRA.VIVIENDA,Vivienda y hábitat,agente:texto,0.95,2026-09-16T00:22:41+00:00
1919-D-2018,JUST.PROPIED,Propiedad (inviolabilidad),agente:texto,0.7,2026-09-16T00:22:41+00:00
1923-D-2014,AUX.HOMENAJE,"Homenajes y declaraciones (de interés, beneplácito)",agente:texto,0.95,2026-09-16T00:22:44+00:00
1925-D-2015,EDU.SUPERIOR,Educación superior / Universidades / Financiamiento,agente:texto,0.95,2026-09-16T00:22:46+00:00
1927-D-2011,CYT.CIBER,Ciberseguridad y datos,agente:texto,0.7,2026-09-16T00:22:49+00:00
1927-D-2011,CYT.CIENCIA,Ciencia y técnica,agente:texto,0.9,2026-09-16T00:22:49+00:00
1927-D-2011,CYT.INNOV,Innovación / Economía del conocimiento / Software,agente:texto,0.85,2026-09-16T00:22:49+00:00
1927-D-2011,INFRA.TELECOM,Telecomunicaciones / Conectividad,agente:texto,0.65,2026-09-16T00:22:49+00:00
1933-D-2008,EDU.SUPERIOR,Educación superior / Universidades / Financiamiento,agente:texto,0.95,2026-09-16T00:22:51+00:00
1933-D-2018,ENER.ELEC,Energía eléctrica,agente:texto,0.9,2026-09-16T00:22:54+00:00
1933-D-2018,ENER.TARIFA,Tarifas y subsidios energéticos,agente:texto,0.95,2026-09-16T00:22:54+00:00
1943-D-2012,ECON.PRESU,Presupuesto y gasto público,agente:texto,0.6,2026-09-16T00:22:57+00:00
1943-D-2012,JUST.CIVCOM,Derecho civil / comercial (códigos de fondo),agente:texto,0.75,2026-09-16T00:22:57+00:00
1943-D-2012,JUST.JUDIC,Organización judicial / Magistratura,agente:texto,0.9,2026-09-16T00:22:57+00:00
1961-D-2019,AUX.HOMENAJE,"Homenajes y declaraciones (de interés, beneplácito)",agente:texto,0.95,2026-09-16T00:22:59+00:00
1961-D-2019,CULT.CULTURA,Cultura / Patrimonio,agente:texto,0.85,2026-09-16T00:22:59+00:00
1980-D-2021,ECON.PRESU,Presupuesto y gasto público,agente:texto,0.6,2026-09-16T00:23:02+00:00
1980-D-2021,INFRA.VIVIENDA,Vivienda y hábitat,agente:texto,0.95,2026-09-16T00:23:02+00:00
1980-D-2021,PROD.INVER,Promoción de inversiones (RIGI),agente:texto,0.7,2026-09-16T00:23:02+00:00
2005-D-2011,DESREG.EMPUB,Empresas públicas / Privatizaciones,agente:texto,0.85,2026-09-16T00:23:05+00:00
2005-D-2011,INFRA.OBRA,Obra pública,agente:texto,0.7,2026-09-16T00:23:05+00:00
2005-D-2011,SALUD.SISTEMA,Sistema de salud / Hospitales / Obras sociales,agente:texto,0.8,2026-09-16T00:23:05+00:00
2011-D-2018,DERSOC.DDHH,Derechos humanos,agente:texto,0.65,2026-09-16T00:23:08+00:00
2011-D-2018,SALUD.SISTEMA,Sistema de salud / Hospitales / Obras sociales,agente:texto,0.85,2026-09-16T00:23:08+00:00
2031-D-2013,INFRA.OBRA,Obra pública,agente:texto,0.6,2026-09-16T00:23:12+00:00
2031-D-2013,SALUD.SISTEMA,Sistema de salud / Hospitales / Obras sociales,agente:texto,0.85,2026-09-16T00:23:12+00:00
2063-D-2019,DESREG.DESECO,Desregulación económica,agente:texto,0.7,2026-09-16T00:23:15+00:00
2063-D-2019,PROD.COMEX,Comercio interior y exterior,agente:texto,0.85,2026-09-16T00:23:15+00:00
2063-D-2019,PROD.REGESP,Regímenes especiales (p. ej. Zonas Frías),agente:texto,0.95,2026-09-16T00:23:15+00:00
2070-D-2018,DESREG.SOCIED,Régimen de sociedades / comercial,agente:texto,0.65,2026-09-16T00:23:19+00:00
2070-D-2018,SALUD.SISTEMA,Sistema de salud / Hospitales / Obras sociales,agente:texto,0.85,2026-09-16T00:23:19+00:00
2077-D-2014,ECON.DEUDA,Deuda y financiamiento,agente:texto,0.75,2026-09-16T00:23:22+00:00
2077-D-2014,JUST.CIVCOM,Derecho civil / comercial (códigos de fondo),agente:texto,0.95,2026-09-16T00:23:22+00:00
2094-D-2018,ECON.EMERG,Emergencia económica,agente:texto,0.95,2026-09-16T00:23:25+00:00
2094-D-2018,ECON.TRIB,Tributario / Impuestos,agente:texto,0.75,2026-09-16T00:23:25+00:00
2094-D-2018,ENER.TARIFA,Tarifas y subsidios energéticos,agente:texto,0.9,2026-09-16T00:23:25+00:00
2115-D-2026,ECON.TRIB,Tributario / Impuestos,agente:texto,0.95,2026-09-16T00:23:27+00:00
2115-D-2026,PROD.AGRO,"Agro, ganadería y pesca",agente:texto,0.85,2026-09-16T00:23:27+00:00
2133-D-2018,ECON.PRESU,Presupuesto y gasto público,agente:texto,0.55,2026-09-16T00:23:31+00:00
2133-D-2018,ENER.TARIFA,Tarifas y subsidios energéticos,agente:texto,0.85,2026-09-16T00:23:31+00:00
2133-D-2018,INFRA.TELECOM,Telecomunicaciones / Conectividad,agente:texto,0.6,2026-09-16T00:23:31+00:00
2133-D-2018,INFRA.TRANSP,"Transporte (incl. subsidios al transporte, trenes)",agente:texto,0.7,2026-09-16T00:23:31+00:00
2142-D-2018,DESREG.DESECO,Desregulación económica,agente:texto,0.6,2026-09-16T00:23:33+00:00
2142-D-2018,ENER.TARIFA,Tarifas y subsidios energéticos,agente:texto,0.95,2026-09-16T00:23:33+00:00
2167-D-2017,DESSOC.ASIST,Asistencia social / Planes,agente:texto,0.7,2026-09-16T00:23:36+00:00
2167-D-2017,ECON.TRIB,Tributario / Impuestos,agente:texto,0.95,2026-09-16T00:23:36+00:00
2168-D-2017,DESREG.DESECO,Desregulación económica,agente:texto,0.7,2026-09-16T00:23:40+00:00
2168-D-2017,DESSOC.ASIST,Asistencia social / Planes,agente:texto,0.6,2026-09-16T00:23:40+00:00
2168-D-2017,ECON.PRESU,Presupuesto y gasto público,agente:texto,0.7,2026-09-16T00:23:40+00:00
2168-D-2017,ECON.TRIB,Tributario / Impuestos,agente:texto,0.6,2026-09-16T00:23:40+00:00
2177-D-2008,JUST.JUDIC,Organización judicial / Magistratura,agente:texto,0.75,2026-09-16T00:23:43+00:00
2177-D-2008,TRAB.EMPLEOPUB,Empleo público,agente:texto,0.7,2026-09-16T00:23:43+00:00
2177-D-2008,TRAB.LABOR,Relaciones laborales (reforma laboral),agente:texto,0.85,2026-09-16T00:23:43+00:00
2177-D-2008,TRAB.SINDIC,Sindical,agente:texto,0.8,2026-09-16T00:23:43+00:00
2183-D-2009,ECON.TRIB,Tributario / Impuestos,agente:texto,0.95,2026-09-16T00:23:45+00:00
2183-D-2009,PROD.COMEX,Comercio interior y exterior,agente:texto,0.85,2026-09-16T00:23:45+00:00
2204-D-2011,DERSOC.DDHH,Derechos humanos,agente:texto,0.68,2026-09-16T00:23:49+00:00
2204-D-2011,EDU.BASICA,Educación básica y media,agente:texto,0.72,2026-09-16T00:23:49+00:00
2204-D-2011,SALUD.SISTEMA,Sistema de salud / Hospitales / Obras sociales,agente:texto,0.85,2026-09-16T00:23:49+00:00
2205-D-2013,DESREG.MODEST,Modernización del Estado,agente:texto,0.45,2026-09-16T00:23:52+00:00
2205-D-2013,EDU.SUPERIOR,Educación superior / Universidades / Financiamiento,agente:texto,0.95,2026-09-16T00:23:52+00:00
2213-D-2008,DERSOC.DDHH,Derechos humanos,agente:texto,0.75,2026-09-16T00:23:54+00:00
2213-D-2008,JUST.PENAL,Derecho penal / Código penal,agente:texto,0.95,2026-09-16T00:23:54+00:00
2216-D-2017,DESREG.SOCIED,Régimen de sociedades / comercial,agente:texto,0.85,2026-09-16T00:23:57+00:00
2216-D-2017,JUST.CIVCOM,Derecho civil / comercial (códigos de fondo),agente:texto,0.95,2026-09-16T00:23:57+00:00
2239-D-2013,AUX.HOMENAJE,"Homenajes y declaraciones (de interés, beneplácito)",agente:texto,0.95,2026-09-16T00:24:00+00:00
2239-D-2013,ECON.MON,Monetario y cambiario,agente:texto,0.6,2026-09-16T00:24:00+00:00
2280-D-2022,CYT.CIENCIA,Ciencia y técnica,agente:texto,0.7,2026-09-16T00:24:03+00:00
2280-D-2022,SALUD.MEDIC,Medicamentos y vacunas,agente:texto,0.8,2026-09-16T00:24:03+00:00
2280-D-2022,SALUD.SISTEMA,Sistema de salud / Hospitales / Obras sociales,agente:texto,0.85,2026-09-16T00:24:03+00:00
2282-D-2009,DERSOC.DDHH,Derechos humanos,agente:texto,0.85,2026-09-16T00:24:06+00:00
2282-D-2009,POLINST.ELECT,Reforma electoral,agente:texto,0.9,2026-09-16T00:24:06+00:00
2287-D-2009,AMB.AGUA,Agua,agente:texto,0.95,2026-09-16T00:24:09+00:00
2287-D-2009,AMB.RESID,Residuos,agente:texto,0.9,2026-09-16T00:24:09+00:00
2287-D-2009,ECON.PRESU,Presupuesto y gasto público,agente:texto,0.6,2026-09-16T00:24:09+00:00
2304-D-2020,DESREG.EMPUB,Empresas públicas / Privatizaciones,agente:texto,0.5,2026-09-16T00:24:13+00:00
2304-D-2020,ECON.COPART,Coparticipación / Federalismo fiscal,agente:texto,0.4,2026-09-16T00:24:13+00:00
2304-D-2020,INFRA.VIVIENDA,Vivienda y hábitat,agente:texto,0.6,2026-09-16T00:24:13+00:00
2310-D-2018,ENER.COMBUS,Combustibles,agente:texto,0.85,2026-09-16T00:24:16+00:00
2310-D-2018,ENER.ELEC,Energía eléctrica,agente:texto,0.9,2026-09-16T00:24:16+00:00
2310-D-2018,ENER.TARIFA,Tarifas y subsidios energéticos,agente:texto,0.95,2026-09-16T00:24:16+00:00
2339-D-2017,DERSOC.DDHH,Derechos humanos,agente:texto,0.9,2026-09-16T00:24:18+00:00
2339-D-2017,JUST.PENAL,Derecho penal / Código penal,agente:texto,0.95,2026-09-16T00:24:18+00:00
2346-D-2021,EDU.SUPERIOR,Educación superior / Universidades / Financiamiento,agente:texto,0.75,2026-09-16T00:24:22+00:00
2346-D-2021,SALUD.SISTEMA,Sistema de salud / Hospitales / Obras sociales,agente:texto,0.85,2026-09-16T00:24:22+00:00
2346-D-2021,TRAB.EMPLEOPUB,Empleo público,agente:texto,0.6,2026-09-16T00:24:22+00:00
2386-D-2016,DESREG.SOCIED,Régimen de sociedades / comercial,agente:texto,0.75,2026-09-16T00:24:25+00:00
2386-D-2016,JUST.CIVCOM,Derecho civil / comercial (códigos de fondo),agente:texto,0.7,2026-09-16T00:24:25+00:00
2386-D-2016,PROD.COMEX,Comercio interior y exterior,agente:texto,0.6,2026-09-16T00:24:25+00:00
2405-D-2009,JUST.PENAL,Derecho penal / Código penal,agente:texto,0.95,2026-09-16T00:24:28+00:00
2414-D-2010,CULT.CULTURA,Cultura / Patrimonio,agente:texto,0.7,2026-09-16T00:24:31+00:00
2414-D-2010,DERSOC.ORIGIN,Pueblos originarios,agente:texto,0.5,2026-09-16T00:24:31+00:00
2414-D-2010,DESREG.DESECO,Desregulación económica,agente:texto,0.6,2026-09-16T00:24:31+00:00
2414-D-2010,INFRA.VIVIENDA,Vivienda y hábitat,agente:texto,0.6,2026-09-16T00:24:31+00:00
2414-D-2010,PROD.AGRO,"Agro, ganadería y pesca",agente:texto,0.7,2026-09-16T00:24:31+00:00
2427-D-2016,JUST.PENAL,Derecho penal / Código penal,agente:texto,0.85,2026-09-16T00:24:35+00:00
2427-D-2016,SALUD.MEDIC,Medicamentos y vacunas,agente:texto,0.95,2026-09-16T00:24:35+00:00
2429-D-2018,AMB.RESID,Residuos,agente:texto,0.95,2026-09-16T00:24:38+00:00
2429-D-2018,JUST.PENAL,Derecho penal / Código penal,agente:texto,0.75,2026-09-16T00:24:38+00:00
2429-D-2018,PROD.AGRO,"Agro, ganadería y pesca",agente:texto,0.85,2026-09-16T00:24:38+00:00
2435-D-2024,CYT.CIENCIA,Ciencia y técnica,agente:texto,0.9,2026-09-16T00:24:41+00:00
2435-D-2024,CYT.INNOV,Innovación / Economía del conocimiento / Software,agente:texto,0.85,2026-09-16T00:24:41+00:00
2435-D-2024,ECON.EMERG,Emergencia económica,agente:texto,0.8,2026-09-16T00:24:41+00:00
2436-D-2022,JUST.JUDIC,Organización judicial / Magistratura,agente:texto,0.85,2026-09-16T00:24:44+00:00
2436-D-2022,JUST.PENAL,Derecho penal / Código penal,agente:texto,0.75,2026-09-16T00:24:44+00:00
2436-D-2022,POLINST.ORGEST,Organización del Estado / Ministerios,agente:texto,0.6,2026-09-16T00:24:44+00:00
2437-D-2017,CULT.DEPORTE,Deporte,agente:texto,0.95,2026-09-16T00:24:47+00:00
2437-D-2017,SALUD.SISTEMA,Sistema de salud / Hospitales / Obras sociales,agente:texto,0.75,2026-09-16T00:24:47+00:00
2440-D-2020,DESSOC.ASIST,Asistencia social / Planes,agente:texto,0.75,2026-09-16T00:24:50+00:00
2440-D-2020,EDU.BASICA,Educación básica y media,agente:texto,0.95,2026-09-16T00:24:50+00:00
2440-D-2020,SALUD.MENTAL,Salud mental,agente:texto,0.65,2026-09-16T00:24:50+00:00
2447-D-2014,AUX.HOMENAJE,"Homenajes y declaraciones (de interés, beneplácito)",agente:texto,0.95,2026-09-16T00:24:52+00:00
2478-D-2012,AUX.HOMENAJE,"Homenajes y declaraciones (de interés, beneplácito)",agente:texto,0.95,2026-09-16T00:24:56+00:00
2478-D-2012,CULT.CULTURA,Cultura / Patrimonio,agente:texto,0.7,2026-09-16T00:24:56+00:00
2479-D-2016,DESREG.DESECO,Desregulación económica,agente:texto,0.95,2026-09-16T00:24:59+00:00
2479-D-2016,JUST.CIVCOM,Derecho civil / comercial (códigos de fondo),agente:texto,0.7,2026-09-16T00:24:59+00:00
2479-D-2016,PROD.COMEX,Comercio interior y exterior,agente:texto,0.75,2026-09-16T00:24:59+00:00
2485-D-2008,EDU.SUPERIOR,Educación superior / Universidades / Financiamiento,agente:texto,0.95,2026-09-16T00:25:02+00:00
2485-D-2008,INFRA.VIVIENDA,Vivienda y hábitat,agente:texto,0.6,2026-09-16T00:25:02+00:00
2492-D-2017,DERSOC.DDHH,Derechos humanos,agente:texto,0.95,2026-09-16T00:25:05+00:00
2492-D-2017,DERSOC.GENERO,Género / Diversidad,agente:texto,0.95,2026-09-16T00:25:05+00:00
2492-D-2017,JUST.CIVCOM,Derecho civil / comercial (códigos de fondo),agente:texto,0.75,2026-09-16T00:25:05+00:00
2492-D-2017,SALUD.SISTEMA,Sistema de salud / Hospitales / Obras sociales,agente:texto,0.85,2026-09-16T00:25:05+00:00
2518-D-2020,DERSOC.DDHH,Derechos humanos,agente:texto,0.7,2026-09-16T00:25:08+00:00
2518-D-2020,DERSOC.GENERO,Género / Diversidad,agente:texto,0.9,2026-09-16T00:25:08+00:00
2518-D-2020,SALUD.SISTEMA,Sistema de salud / Hospitales / Obras sociales,agente:texto,0.85,2026-09-16T00:25:08+00:00
2551-D-2008,EDU.SUPERIOR,Educación superior / Universidades / Financiamiento,agente:texto,0.95,2026-09-16T00:25:11+00:00
2568-D-2014,JUST.SEGINT,Seguridad interior,agente:texto,0.7,2026-09-16T00:25:14+00:00
2568-D-2014,TRAB.EMPLEOPUB,Empleo público,agente:texto,0.65,2026-09-16T00:25:14+00:00
2568-D-2014,TRAB.PREV,Previsional / Jubilaciones,agente:texto,0.6,2026-09-16T00:25:14+00:00
2578-D-2016,DERSOC.DDHH,Derechos humanos,agente:texto,0.7,2026-09-16T00:25:17+00:00
2578-D-2016,JUST.PENAL,Derecho penal / Código penal,agente:texto,0.95,2026-09-16T00:25:17+00:00
2578-D-2016,POLINST.ETICA,Transparencia / Lobby / Ética pública,agente:texto,0.85,2026-09-16T00:25:17+00:00
2595-D-2008,DESREG.DESECO,Desregulación económica,agente:texto,0.75,2026-09-16T00:25:20+00:00
2595-D-2008,POLINST.ETICA,Transparencia / Lobby / Ética pública,agente:texto,0.6,2026-09-16T00:25:20+00:00
2595-D-2008,SALUD.SISTEMA,Sistema de salud / Hospitales / Obras sociales,agente:texto,0.95,2026-09-16T00:25:20+00:00
2606-D-2013,AUX.HOMENAJE,"Homenajes y declaraciones (de interés, beneplácito)",agente:texto,0.95,2026-09-16T00:25:23+00:00
2606-D-2013,DERSOC.DDHH,Derechos humanos,agente:texto,0.85,2026-09-16T00:25:23+00:00
2609-D-2012,DESREG.DESECO,Desregulación económica,agente:texto,0.8,2026-09-16T00:25:26+00:00
2609-D-2012,PROD.INDPYME,Industria y PyMEs,agente:texto,0.85,2026-09-16T00:25:26+00:00
2609-D-2012,SALUD.SISTEMA,Sistema de salud / Hospitales / Obras sociales,agente:texto,0.75,2026-09-16T00:25:26+00:00
2634-D-2022,ECON.TRIB,Tributario / Impuestos,agente:texto,0.95,2026-09-16T00:25:29+00:00
2634-D-2022,PROD.INDPYME,Industria y PyMEs,agente:texto,0.85,2026-09-16T00:25:29+00:00
2648-D-2018,AMB.BOSQUE,Bosques / Glaciares / Áreas protegidas,agente:texto,0.85,2026-09-16T00:25:32+00:00
2648-D-2018,ECON.COPART,Coparticipación / Federalismo fiscal,agente:texto,0.65,2026-09-16T00:25:32+00:00
2648-D-2018,INFRA.OBRA,Obra pública,agente:texto,0.7,2026-09-16T00:25:32+00:00
2655-D-2008,EDU.BASICA,Educación básica y media,agente:texto,0.85,2026-09-16T00:25:35+00:00
2655-D-2008,SALUD.ADICC,Adicciones / Ludopatía,agente:texto,0.9,2026-09-16T00:25:35+00:00
2663-D-2008,TRAB.LABOR,Relaciones laborales (reforma laboral),agente:texto,0.95,2026-09-16T00:25:37+00:00
2669-D-2016,JUST.CIVCOM,Derecho civil / comercial (códigos de fondo),agente:texto,0.85,2026-09-16T00:25:39+00:00
2669-D-2016,TRAB.LABOR,Relaciones laborales (reforma laboral),agente:texto,0.95,2026-09-16T00:25:39+00:00
2675-D-2008,AMB.BOSQUE,Bosques / Glaciares / Áreas protegidas,agente:texto,0.7,2026-09-16T00:25:42+00:00
2675-D-2008,ECON.EMERG,Emergencia económica,agente:texto,0.9,2026-09-16T00:25:42+00:00
2675-D-2008,PROD.AGRO,"Agro, ganadería y pesca",agente:texto,0.8,2026-09-16T00:25:42+00:00
2675-D-2008,PROD.COMEX,Comercio interior y exterior,agente:texto,0.6,2026-09-16T00:25:42+00:00
2676-D-2012,DERSOC.DDHH,Derechos humanos,agente:texto,0.95,2026-09-16T00:25:46+00:00
2676-D-2012,DESSOC.ASIST,Asistencia social / Planes,agente:texto,0.7,2026-09-16T00:25:46+00:00
2676-D-2012,JUST.PENAL,Derecho penal / Código penal,agente:texto,0.85,2026-09-16T00:25:46+00:00
2681-D-2017,AUX.TRAMITE,Trámite parlamentario (sin contenido sustantivo),agente:texto,0.65,2026-09-16T00:25:49+00:00
2681-D-2017,DERSOC.GENERO,Género / Diversidad,agente:texto,0.7,2026-09-16T00:25:49+00:00
2681-D-2017,DERSOC.NINEZ,Niñez e infancia,agente:texto,0.85,2026-09-16T00:25:49+00:00
2681-D-2017,SALUD.SISTEMA,Sistema de salud / Hospitales / Obras sociales,agente:texto,0.95,2026-09-16T00:25:49+00:00
2703-D-2008,DESREG.MODEST,Modernización del Estado,agente:texto,0.7,2026-09-16T00:25:51+00:00
2703-D-2008,POLINST.ORGEST,Organización del Estado / Ministerios,agente:texto,0.65,2026-09-16T00:25:51+00:00
2703-D-2008,SALUD.SISTEMA,Sistema de salud / Hospitales / Obras sociales,agente:texto,0.95,2026-09-16T00:25:51+00:00
2712-D-2025,AUX.HOMENAJE,"Homenajes y declaraciones (de interés, beneplácito)",agente:texto,0.95,2026-09-16T00:25:55+00:00
2712-D-2025,CULT.CULTURA,Cultura / Patrimonio,agente:texto,0.65,2026-09-16T00:25:55+00:00
2716-D-2012,AUX.HOMENAJE,"Homenajes y declaraciones (de interés, beneplácito)",agente:texto,0.95,2026-09-16T00:25:57+00:00
2738-D-2012,AUX.HOMENAJE,"Homenajes y declaraciones (de interés, beneplácito)",agente:texto,0.95,2026-09-16T00:26:00+00:00
2752-D-2021,DESREG.EMPUB,Empresas públicas / Privatizaciones,agente:texto,0.5,2026-09-16T00:26:03+00:00
2752-D-2021,INFRA.OBRA,Obra pública,agente:texto,0.6,2026-09-16T00:26:03+00:00
2786-D-2018,JUST.CIVCOM,Derecho civil / comercial (códigos de fondo),agente:texto,0.95,2026-09-16T00:26:05+00:00
2817-D-2009,JUST.CIVCOM,Derecho civil / comercial (códigos de fondo),agente:texto,0.75,2026-09-16T00:26:09+00:00
2817-D-2009,JUST.JUDIC,Organización judicial / Magistratura,agente:texto,0.85,2026-09-16T00:26:09+00:00
2838-D-2017,INFRA.TRANSP,"Transporte (incl. subsidios al transporte, trenes)",agente:texto,0.7,2026-09-16T00:26:12+00:00
2838-D-2017,JUST.SEGINT,Seguridad interior,agente:texto,0.75,2026-09-16T00:26:12+00:00
2841-D-2008,JUST.JUDIC,Organización judicial / Magistratura,agente:texto,0.95,2026-09-16T00:26:15+00:00
2842-D-2012,AUX.HOMENAJE,"Homenajes y declaraciones (de interés, beneplácito)",agente:texto,0.95,2026-09-16T00:26:17+00:00
2863-D-2009,POLINST.CONST,Reforma constitucional,agente:texto,0.85,2026-09-16T00:26:21+00:00
2863-D-2009,POLINST.ORGEST,Organización del Estado / Ministerios,agente:texto,0.75,2026-09-16T00:26:21+00:00
2868-D-2010,JUST.CIVCOM,Derecho civil / comercial (códigos de fondo),agente:texto,0.85,2026-09-16T00:26:24+00:00
2868-D-2010,TRAB.LABOR,Relaciones laborales (reforma laboral),agente:texto,0.95,2026-09-16T00:26:24+00:00
2908-D-2016,DESREG.MODEST,Modernización del Estado,agente:texto,0.75,2026-09-16T00:26:26+00:00
2908-D-2016,JUST.CIVCOM,Derecho civil / comercial (códigos de fondo),agente:texto,0.95,2026-09-16T00:26:26+00:00
2908-D-2016,JUST.PROPIED,Propiedad (inviolabilidad),agente:texto,0.9,2026-09-16T00:26:26+00:00
2919-D-2018,DERSOC.DDHH,Derechos humanos,agente:texto,0.65,2026-09-16T00:26:29+00:00
2919-D-2018,DESREG.SOCIED,Régimen de sociedades / comercial,agente:texto,0.75,2026-09-16T00:26:29+00:00
2944-D-2022,SALUD.DISCAP,Discapacidad,agente:texto,0.7,2026-09-16T00:26:32+00:00
2944-D-2022,SALUD.SISTEMA,Sistema de salud / Hospitales / Obras sociales,agente:texto,0.85,2026-09-16T00:26:32+00:00
2998-D-2013,AUX.HOMENAJE,"Homenajes y declaraciones (de interés, beneplácito)",agente:texto,0.95,2026-09-16T00:26:34+00:00
3031-D-2017,ECON.COPART,Coparticipación / Federalismo fiscal,agente:texto,0.6,2026-09-16T00:26:38+00:00
3031-D-2017,ECON.EMERG,Emergencia económica,agente:texto,0.95,2026-09-16T00:26:38+00:00
3031-D-2017,PROD.AGRO,"Agro, ganadería y pesca",agente:texto,0.9,2026-09-16T00:26:38+00:00
3035-D-2017,DESSOC.ASIST,Asistencia social / Planes,agente:texto,0.85,2026-09-16T00:26:40+00:00
3035-D-2017,ECON.EMERG,Emergencia económica,agente:texto,0.95,2026-09-16T00:26:40+00:00
3040-D-2008,DERSOC.DDHH,Derechos humanos,agente:texto,0.6,2026-09-16T00:26:43+00:00
3040-D-2008,SALUD.MEDIC,Medicamentos y vacunas,agente:texto,0.7,2026-09-16T00:26:43+00:00
3040-D-2008,SALUD.SISTEMA,Sistema de salud / Hospitales / Obras sociales,agente:texto,0.95,2026-09-16T00:26:43+00:00
3071-D-2017,ECON.PRESU,Presupuesto y gasto público,agente:texto,0.65,2026-09-16T00:26:47+00:00
3071-D-2017,POLINST.ETICA,Transparencia / Lobby / Ética pública,agente:texto,0.75,2026-09-16T00:26:47+00:00
3079-D-2017,TRAB.EMPLEOPUB,Empleo público,agente:texto,0.75,2026-09-16T00:26:50+00:00
3079-D-2017,TRAB.PREV,Previsional / Jubilaciones,agente:texto,0.95,2026-09-16T00:26:50+00:00
3095-D-2025,AUX.TRAMITE,Trámite parlamentario (sin contenido sustantivo),agente:texto,0.7,2026-09-16T00:26:53+00:00
3095-D-2025,POLINST.ORGEST,Organización del Estado / Ministerios,agente:texto,0.75,2026-09-16T00:26:53+00:00
3118-D-2018,DESREG.EMPUB,Empresas públicas / Privatizaciones,agente:texto,0.75,2026-09-16T00:26:57+00:00
3118-D-2018,INFRA.TRANSP,"Transporte (incl. subsidios al transporte, trenes)",agente:texto,0.95,2026-09-16T00:26:57+00:00
3118-D-2018,JUST.PROPIED,Propiedad (inviolabilidad),agente:texto,0.7,2026-09-16T00:26:57+00:00
3138-D-2019,ECON.PRESU,Presupuesto y gasto público,agente:texto,0.7,2026-09-16T00:26:59+00:00
3138-D-2019,JUST.PROPIED,Propiedad (inviolabilidad),agente:texto,0.9,2026-09-16T00:26:59+00:00
3154-D-2025,AUX.HOMENAJE,"Homenajes y declaraciones (de interés, beneplácito)",agente:texto,0.95,2026-09-16T00:27:04+00:00
3157-D-2024,AUX.HOMENAJE,"Homenajes y declaraciones (de interés, beneplácito)",agente:texto,1.0,2026-09-16T00:27:08+00:00
3170-D-2019,AUX.HOMENAJE,"Homenajes y declaraciones (de interés, beneplácito)",agente:texto,0.95,2026-09-16T00:27:10+00:00
3191-D-2008,CYT.CIBER,Ciberseguridad y datos,agente:texto,0.7,2026-09-16T00:27:13+00:00
3191-D-2008,DESREG.DESECO,Desregulación económica,agente:texto,0.75,2026-09-16T00:27:13+00:00
3191-D-2008,SALUD.MEDIC,Medicamentos y vacunas,agente:texto,0.95,2026-09-16T00:27:13+00:00
3203-D-2022,ECON.TRIB,Tributario / Impuestos,agente:texto,0.95,2026-09-16T00:27:16+00:00
3203-D-2022,SALUD.SISTEMA,Sistema de salud / Hospitales / Obras sociales,agente:texto,0.85,2026-09-16T00:27:16+00:00
3203-D-2022,TRAB.LABOR,Relaciones laborales (reforma laboral),agente:texto,0.75,2026-09-16T00:27:16+00:00
3205-D-2017,AUX.TRAMITE,Trámite parlamentario (sin contenido sustantivo),agente:texto,0.85,2026-09-16T00:27:19+00:00
3205-D-2017,DESSOC.PNC,Pensiones no contributivas,agente:texto,0.95,2026-09-16T00:27:19+00:00
3224-D-2014,DESREG.MODEST,Modernización del Estado,agente:texto,0.72,2026-09-16T00:27:22+00:00
3224-D-2014,JUST.SEGINT,Seguridad interior,agente:texto,0.85,2026-09-16T00:27:22+00:00
3224-D-2014,POLINST.ORGEST,Organización del Estado / Ministerios,agente:texto,0.75,2026-09-16T00:27:22+00:00
3242-D-2016,AUX.HOMENAJE,"Homenajes y declaraciones (de interés, beneplácito)",agente:texto,0.95,2026-09-16T00:27:25+00:00
3276-D-2009,DERSOC.DDHH,Derechos humanos,agente:texto,0.85,2026-09-16T00:27:27+00:00
3276-D-2009,DERSOC.ORIGIN,Pueblos originarios,agente:texto,0.95,2026-09-16T00:27:27+00:00
3276-D-2009,ECON.PRESU,Presupuesto y gasto público,agente:texto,0.7,2026-09-16T00:27:27+00:00
3306-D-2010,DESREG.SOCIED,Régimen de sociedades / comercial,agente:texto,0.85,2026-09-16T00:27:31+00:00
3306-D-2010,ECON.TRIB,Tributario / Impuestos,agente:texto,0.6,2026-09-16T00:27:31+00:00
3309-D-2018,AUX.HOMENAJE,"Homenajes y declaraciones (de interés, beneplácito)",agente:texto,0.95,2026-09-16T00:27:34+00:00
3336-D-2009,DEF.EXTERIOR,Política exterior,agente:texto,0.75,2026-09-16T00:27:37+00:00
3336-D-2009,POLINST.CONST,Reforma constitucional,agente:texto,0.85,2026-09-16T00:27:37+00:00
3336-D-2009,POLINST.ORGEST,Organización del Estado / Ministerios,agente:texto,0.8,2026-09-16T00:27:37+00:00
3337-D-2017,AUX.HOMENAJE,"Homenajes y declaraciones (de interés, beneplácito)",agente:texto,0.95,2026-09-16T00:27:39+00:00
3343-D-2010,ECON.TRIB,Tributario / Impuestos,agente:texto,0.35,2026-09-16T00:27:43+00:00
3343-D-2010,JUST.CIVCOM,Derecho civil / comercial (códigos de fondo),agente:texto,0.95,2026-09-16T00:27:43+00:00
3364-D-2008,DESREG.SOCIED,Régimen de sociedades / comercial,agente:texto,0.9,2026-09-16T00:27:46+00:00
3364-D-2008,ECON.PRESU,Presupuesto y gasto público,agente:texto,0.6,2026-09-16T00:27:46+00:00
3364-D-2008,PROD.INDPYME,Industria y PyMEs,agente:texto,0.95,2026-09-16T00:27:46+00:00
3365-D-2008,DESREG.EMPUB,Empresas públicas / Privatizaciones,agente:texto,0.85,2026-09-16T00:27:49+00:00
3365-D-2008,ECON.PRESU,Presupuesto y gasto público,agente:texto,0.7,2026-09-16T00:27:49+00:00
3365-D-2008,PROD.INDPYME,Industria y PyMEs,agente:texto,0.95,2026-09-16T00:27:49+00:00
3365-D-2018,AUX.HOMENAJE,"Homenajes y declaraciones (de interés, beneplácito)",agente:texto,0.85,2026-09-16T00:27:52+00:00
3365-D-2018,CULT.CULTURA,Cultura / Patrimonio,agente:texto,0.95,2026-09-16T00:27:52+00:00
3394-D-2008,EDU.SUPERIOR,Educación superior / Universidades / Financiamiento,agente:texto,0.95,2026-09-16T00:27:54+00:00
3394-D-2008,PROD.AGRO,"Agro, ganadería y pesca",agente:texto,0.85,2026-09-16T00:27:54+00:00
3410-D-2009,DESREG.DESECO,Desregulación económica,agente:texto,0.75,2026-09-16T00:27:59+00:00
3410-D-2009,ECON.COPART,Coparticipación / Federalismo fiscal,agente:texto,0.6,2026-09-16T00:27:59+00:00
3410-D-2009,INFRA.TRANSP,"Transporte (incl. subsidios al transporte, trenes)",agente:texto,0.95,2026-09-16T00:27:59+00:00
3410-D-2009,PROD.REGESP,Regímenes especiales (p. ej. Zonas Frías),agente:texto,0.7,2026-09-16T00:27:59+00:00
3410-D-2012,AUX.HOMENAJE,"Homenajes y declaraciones (de interés, beneplácito)",agente:texto,0.95,2026-09-16T00:28:02+00:00
3410-D-2012,DERSOC.DDHH,Derechos humanos,agente:texto,0.85,2026-09-16T00:28:02+00:00
3416-D-2020,CYT.CIENCIA,Ciencia y técnica,agente:texto,0.95,2026-09-16T00:28:05+00:00
3416-D-2020,CYT.INNOV,Innovación / Economía del conocimiento / Software,agente:texto,0.9,2026-09-16T00:28:05+00:00
3416-D-2020,ECON.PRESU,Presupuesto y gasto público,agente:texto,0.85,2026-09-16T00:28:05+00:00
3424-D-2016,JUST.JUDIC,Organización judicial / Magistratura,agente:texto,0.85,2026-09-16T00:28:07+00:00
3430-D-2012,AUX.HOMENAJE,"Homenajes y declaraciones (de interés, beneplácito)",agente:texto,0.95,2026-09-16T00:28:10+00:00
3430-D-2012,PROD.AGRO,"Agro, ganadería y pesca",agente:texto,0.7,2026-09-16T00:28:10+00:00
3430-D-2012,PROD.INDPYME,Industria y PyMEs,agente:texto,0.7,2026-09-16T00:28:10+00:00
3431-D-2017,AUX.TRAMITE,Trámite parlamentario (sin contenido sustantivo),agente:texto,0.95,2026-09-16T00:28:12+00:00
3453-D-2017,ECON.TRIB,Tributario / Impuestos,agente:texto,0.4,2026-09-16T00:28:15+00:00
3453-D-2017,TRAB.LABOR,Relaciones laborales (reforma laboral),agente:texto,0.95,2026-09-16T00:28:15+00:00
3463-D-2017,ECON.DEUDA,Deuda y financiamiento,agente:texto,0.95,2026-09-16T00:28:18+00:00
3463-D-2017,ECON.PRESU,Presupuesto y gasto público,agente:texto,0.85,2026-09-16T00:28:18+00:00
3472-D-2009,ECON.EMERG,Emergencia económica,agente:texto,0.65,2026-09-16T00:28:21+00:00
3472-D-2009,POLINST.CONST,Reforma constitucional,agente:texto,0.85,2026-09-16T00:28:21+00:00
3472-D-2009,POLINST.ORGEST,Organización del Estado / Ministerios,agente:texto,0.75,2026-09-16T00:28:21+00:00
3472-D-2018,INFRA.TRANSP,"Transporte (incl. subsidios al transporte, trenes)",agente:texto,0.95,2026-09-16T00:28:24+00:00
3472-D-2018,JUST.SEGINT,Seguridad interior,agente:texto,0.7,2026-09-16T00:28:24+00:00
3525-D-2017,AMB.BOSQUE,Bosques / Glaciares / Áreas protegidas,agente:texto,0.92,2026-09-16T00:28:26+00:00
3525-D-2017,ECON.COPART,Coparticipación / Federalismo fiscal,agente:texto,0.68,2026-09-16T00:28:26+00:00
3525-D-2017,INFRA.OBRA,Obra pública,agente:texto,0.75,2026-09-16T00:28:26+00:00
3567-D-2010,AUX.TRAMITE,Trámite parlamentario (sin contenido sustantivo),agente:texto,0.95,2026-09-16T00:28:29+00:00
3592-D-2009,EDU.BASICA,Educación básica y media,agente:texto,0.8,2026-09-16T00:28:32+00:00
3592-D-2009,SALUD.SISTEMA,Sistema de salud / Hospitales / Obras sociales,agente:texto,0.85,2026-09-16T00:28:32+00:00
3598-D-2017,TRAB.LABOR,Relaciones laborales (reforma laboral),agente:texto,0.95,2026-09-16T00:28:34+00:00
3619-D-2019,DEF.DEFENSA,Defensa / Fuerzas Armadas,agente:texto,0.95,2026-09-16T00:28:38+00:00
3619-D-2019,ECON.PRESU,Presupuesto y gasto público,agente:texto,0.7,2026-09-16T00:28:38+00:00
3619-D-2019,TRAB.EMPLEOPUB,Empleo público,agente:texto,0.75,2026-09-16T00:28:38+00:00
3658-D-2008,DERSOC.DDHH,Derechos humanos,agente:texto,0.75,2026-09-16T00:28:41+00:00
3658-D-2008,ECON.PRESU,Presupuesto y gasto público,agente:texto,0.5,2026-09-16T00:28:41+00:00
3658-D-2008,JUST.PENAL,Derecho penal / Código penal,agente:texto,0.95,2026-09-16T00:28:41+00:00
3658-D-2008,JUST.SEGINT,Seguridad interior,agente:texto,0.85,2026-09-16T00:28:41+00:00
3687-D-2018,DEF.TRATADO,Tratados y acuerdos internacionales,agente:texto,0.85,2026-09-16T00:28:44+00:00
3687-D-2018,ECON.DEUDA,Deuda y financiamiento,agente:texto,0.7,2026-09-16T00:28:44+00:00
3687-D-2018,POLINST.ETICA,Transparencia / Lobby / Ética pública,agente:texto,0.75,2026-09-16T00:28:44+00:00
3698-D-2023,ECON.TRIB,Tributario / Impuestos,agente:texto,0.95,2026-09-16T00:28:47+00:00
3698-D-2023,JUST.PENAL,Derecho penal / Código penal,agente:texto,0.95,2026-09-16T00:28:47+00:00
3699-D-2018,AUX.HOMENAJE,"Homenajes y declaraciones (de interés, beneplácito)",agente:texto,0.95,2026-09-16T00:28:49+00:00
3713-D-2026,AUX.HOMENAJE,"Homenajes y declaraciones (de interés, beneplácito)",agente:texto,0.95,2026-09-16T00:28:52+00:00
3719-D-2014,AUX.HOMENAJE,"Homenajes y declaraciones (de interés, beneplácito)",agente:texto,1.0,2026-09-16T00:28:54+00:00
3720-D-2008,DERSOC.DDHH,Derechos humanos,agente:texto,0.75,2026-09-16T00:28:57+00:00
3720-D-2008,INFRA.OBRA,Obra pública,agente:texto,0.95,2026-09-16T00:28:57+00:00
3720-D-2008,SALUD.DISCAP,Discapacidad,agente:texto,0.9,2026-09-16T00:28:57+00:00
3729-D-2026,AUX.HOMENAJE,"Homenajes y declaraciones (de interés, beneplácito)",agente:texto,0.95,2026-09-16T00:28:59+00:00
3740-D-2011,DERSOC.DDHH,Derechos humanos,agente:texto,0.75,2026-09-16T00:29:02+00:00
3740-D-2011,DESSOC.ASIST,Asistencia social / Planes,agente:texto,0.65,2026-09-16T00:29:02+00:00
3740-D-2011,POLINST.ORGEST,Organización del Estado / Ministerios,agente:texto,0.7,2026-09-16T00:29:02+00:00
3751-D-2011,DERSOC.DDHH,Derechos humanos,agente:texto,0.8,2026-09-16T00:29:06+00:00
3751-D-2011,JUST.CIVCOM,Derecho civil / comercial (códigos de fondo),agente:texto,0.7,2026-09-16T00:29:06+00:00
3751-D-2011,SALUD.SISTEMA,Sistema de salud / Hospitales / Obras sociales,agente:texto,0.85,2026-09-16T00:29:06+00:00
3763-D-2014,DERSOC.DDHH,Derechos humanos,agente:texto,0.92,2026-09-16T00:29:08+00:00
3763-D-2014,JUST.PENAL,Derecho penal / Código penal,agente:texto,0.95,2026-09-16T00:29:08+00:00
3776-D-2020,DERSOC.NINEZ,Niñez e infancia,agente:texto,0.8,2026-09-16T00:29:11+00:00
3776-D-2020,SALUD.SISTEMA,Sistema de salud / Hospitales / Obras sociales,agente:texto,0.85,2026-09-16T00:29:11+00:00
3778-D-2026,AUX.HOMENAJE,"Homenajes y declaraciones (de interés, beneplácito)",agente:texto,0.95,2026-09-16T00:29:14+00:00
3778-D-2026,CULT.CULTURA,Cultura / Patrimonio,agente:texto,0.85,2026-09-16T00:29:14+00:00
3805-D-2016,JUST.JUDIC,Organización judicial / Magistratura,agente:texto,0.65,2026-09-16T00:29:17+00:00
3805-D-2016,JUST.PENAL,Derecho penal / Código penal,agente:texto,0.95,2026-09-16T00:29:17+00:00
3805-D-2022,SALUD.SISTEMA,Sistema de salud / Hospitales / Obras sociales,agente:texto,0.85,2026-09-16T00:29:20+00:00
3823-D-2021,CULT.CULTURA,Cultura / Patrimonio,agente:texto,0.85,2026-09-16T00:29:23+00:00
3823-D-2021,ECON.TRIB,Tributario / Impuestos,agente:texto,0.9,2026-09-16T00:29:23+00:00
3823-D-2021,PROD.INDPYME,Industria y PyMEs,agente:texto,0.75,2026-09-16T00:29:23+00:00
3846-D-2021,ECON.EMERG,Emergencia económica,agente:texto,0.85,2026-09-16T00:29:26+00:00
3846-D-2021,ECON.TRIB,Tributario / Impuestos,agente:texto,0.95,2026-09-16T00:29:26+00:00
3847-D-2018,AMB.RESID,Residuos,agente:texto,0.85,2026-09-16T00:29:29+00:00
3847-D-2018,DESREG.DESECO,Desregulación económica,agente:texto,0.65,2026-09-16T00:29:29+00:00
3847-D-2018,SALUD.SISTEMA,Sistema de salud / Hospitales / Obras sociales,agente:texto,0.7,2026-09-16T00:29:29+00:00
3887-D-2009,TRAB.LABOR,Relaciones laborales (reforma laboral),agente:texto,0.95,2026-09-16T00:29:32+00:00
3892-D-2017,ECON.TRIB,Tributario / Impuestos,agente:texto,0.95,2026-09-16T00:29:34+00:00
3963-D-2018,CULT.MEDIOS,Medios / Comunicación,agente:texto,0.8,2026-09-16T00:29:37+00:00
3963-D-2018,DESREG.EMPUB,Empresas públicas / Privatizaciones,agente:texto,0.85,2026-09-16T00:29:37+00:00
3963-D-2018,TRAB.EMPLEOPUB,Empleo público,agente:texto,0.95,2026-09-16T00:29:37+00:00
3967-D-2018,EDU.BASICA,Educación básica y media,agente:texto,0.85,2026-09-16T00:29:40+00:00
3967-D-2018,POLINST.ORGEST,Organización del Estado / Ministerios,agente:texto,0.6,2026-09-16T00:29:40+00:00
3975-D-2009,AUX.HOMENAJE,"Homenajes y declaraciones (de interés, beneplácito)",agente:texto,0.95,2026-09-16T00:29:42+00:00
3975-D-2009,CULT.CULTURA,Cultura / Patrimonio,agente:texto,0.85,2026-09-16T00:29:42+00:00
3984-D-2018,CULT.MEDIOS,Medios / Comunicación,agente:texto,0.7,2026-09-16T00:29:46+00:00
3984-D-2018,CYT.CIBER,Ciberseguridad y datos,agente:texto,0.9,2026-09-16T00:29:46+00:00
3984-D-2018,DERSOC.DDHH,Derechos humanos,agente:texto,0.8,2026-09-16T00:29:46+00:00
3984-D-2018,JUST.JUDIC,Organización judicial / Magistratura,agente:texto,0.6,2026-09-16T00:29:46+00:00
3984-D-2018,POLINST.ETICA,Transparencia / Lobby / Ética pública,agente:texto,0.8,2026-09-16T00:29:46+00:00
3987-D-2014,DERSOC.NINEZ,Niñez e infancia,agente:texto,0.8,2026-09-16T00:29:49+00:00
3987-D-2014,EDU.BASICA,Educación básica y media,agente:texto,0.65,2026-09-16T00:29:49+00:00
3987-D-2014,SALUD.SISTEMA,Sistema de salud / Hospitales / Obras sociales,agente:texto,0.85,2026-09-16T00:29:49+00:00
3996-D-2018,CULT.MEDIOS,Medios / Comunicación,agente:texto,0.75,2026-09-16T00:29:52+00:00
3996-D-2018,ECON.EMERG,Emergencia económica,agente:texto,0.85,2026-09-16T00:29:52+00:00
3996-D-2018,TRAB.EMPLEOPUB,Empleo público,agente:texto,0.8,2026-09-16T00:29:52+00:00
4005-D-2017,ECON.TRIB,Tributario / Impuestos,agente:texto,0.95,2026-09-16T00:29:55+00:00
4005-D-2017,PROD.COMEX,Comercio interior y exterior,agente:texto,0.9,2026-09-16T00:29:55+00:00
4005-D-2017,PROD.INDPYME,Industria y PyMEs,agente:texto,0.88,2026-09-16T00:29:55+00:00
4023-D-2008,TRAB.LABOR,Relaciones laborales (reforma laboral),agente:texto,0.95,2026-09-16T00:29:57+00:00
4023-D-2014,AMB.MINER,Minería,agente:texto,0.7,2026-09-16T00:30:00+00:00
4023-D-2014,DESREG.DESECO,Desregulación económica,agente:texto,0.5,2026-09-16T00:30:00+00:00
4023-D-2014,PROD.AGRO,"Agro, ganadería y pesca",agente:texto,0.8,2026-09-16T00:30:00+00:00
4023-D-2014,SALUD.SISTEMA,Sistema de salud / Hospitales / Obras sociales,agente:texto,0.6,2026-09-16T00:30:00+00:00
4029-D-2009,TRAB.PREV,Previsional / Jubilaciones,agente:texto,0.95,2026-09-16T00:30:03+00:00
4043-D-2018,AUX.HOMENAJE,"Homenajes y declaraciones (de interés, beneplácito)",agente:texto,0.95,2026-09-16T00:30:05+00:00
4109-D-2009,ECON.PRESU,Presupuesto y gasto público,agente:texto,0.95,2026-09-16T00:30:10+00:00
4109-D-2009,POLINST.ETICA,Transparencia / Lobby / Ética pública,agente:texto,0.75,2026-09-16T00:30:10+00:00
4117-D-2008,DERSOC.NINEZ,Niñez e infancia,agente:texto,0.7,2026-09-16T00:30:13+00:00
4117-D-2008,SALUD.SISTEMA,Sistema de salud / Hospitales / Obras sociales,agente:texto,0.75,2026-09-16T00:30:13+00:00
4155-D-2014,AUX.HOMENAJE,"Homenajes y declaraciones (de interés, beneplácito)",agente:texto,0.95,2026-09-16T00:30:16+00:00
4165-D-2009,ECON.DEUDA,Deuda y financiamiento,agente:texto,0.8,2026-09-16T00:30:19+00:00
4165-D-2009,ECON.EMERG,Emergencia económica,agente:texto,0.75,2026-09-16T00:30:19+00:00
4165-D-2009,JUST.CIVCOM,Derecho civil / comercial (códigos de fondo),agente:texto,0.85,2026-09-16T00:30:19+00:00
4221-D-2020,AUX.HOMENAJE,"Homenajes y declaraciones (de interés, beneplácito)",agente:texto,0.95,2026-09-16T00:30:23+00:00
4221-D-2020,SALUD.SISTEMA,Sistema de salud / Hospitales / Obras sociales,agente:texto,0.6,2026-09-16T00:30:23+00:00
4239-D-2009,CULT.DEPORTE,Deporte,agente:texto,0.95,2026-09-16T00:30:25+00:00
4259-D-2019,DESSOC.ASIST,Asistencia social / Planes,agente:texto,0.85,2026-09-16T00:30:28+00:00
4259-D-2019,ECON.EMERG,Emergencia económica,agente:texto,0.95,2026-09-16T00:30:28+00:00
4271-D-2009,AUX.HOMENAJE,"Homenajes y declaraciones (de interés, beneplácito)",agente:texto,0.95,2026-09-16T00:30:31+00:00
4273-D-2009,CULT.MEDIOS,Medios / Comunicación,agente:texto,0.75,2026-09-16T00:30:33+00:00
4273-D-2009,TRAB.LABOR,Relaciones laborales (reforma laboral),agente:texto,0.85,2026-09-16T00:30:33+00:00
4294-D-2016,ENER.ELEC,Energía eléctrica,agente:texto,0.9,2026-09-16T00:30:36+00:00
4294-D-2016,ENER.TARIFA,Tarifas y subsidios energéticos,agente:texto,0.95,2026-09-16T00:30:36+00:00
4294-D-2016,SALUD.DISCAP,Discapacidad,agente:texto,0.85,2026-09-16T00:30:36+00:00
4319-D-2021,DERSOC.NINEZ,Niñez e infancia,agente:texto,0.85,2026-09-16T00:30:39+00:00
4319-D-2021,DESREG.MODEST,Modernización del Estado,agente:texto,0.7,2026-09-16T00:30:39+00:00
4319-D-2021,JUST.CIVCOM,Derecho civil / comercial (códigos de fondo),agente:texto,0.95,2026-09-16T00:30:39+00:00
4326-D-2008,JUST.JUDIC,Organización judicial / Magistratura,agente:texto,0.9,2026-09-16T00:30:41+00:00
4348-D-2012,DESREG.SOCIED,Régimen de sociedades / comercial,agente:texto,0.65,2026-09-16T00:30:45+00:00
4348-D-2012,TRAB.EMPLEOPUB,Empleo público,agente:texto,0.75,2026-09-16T00:30:45+00:00
4348-D-2012,TRAB.LABOR,Relaciones laborales (reforma laboral),agente:texto,0.85,2026-09-16T00:30:45+00:00
4372-D-2009,AUX.HOMENAJE,"Homenajes y declaraciones (de interés, beneplácito)",agente:texto,0.15,2026-09-16T00:30:48+00:00
4372-D-2009,DESSOC.ASIST,Asistencia social / Planes,agente:texto,0.7,2026-09-16T00:30:48+00:00
4372-D-2009,ECON.EMERG,Emergencia económica,agente:texto,0.95,2026-09-16T00:30:48+00:00
4404-D-2014,AUX.HOMENAJE,"Homenajes y declaraciones (de interés, beneplácito)",agente:texto,0.95,2026-09-16T00:30:50+00:00
4404-D-2014,CULT.CULTURA,Cultura / Patrimonio,agente:texto,0.85,2026-09-16T00:30:50+00:00
4414-D-2008,AUX.HOMENAJE,"Homenajes y declaraciones (de interés, beneplácito)",agente:texto,0.95,2026-09-16T00:30:53+00:00
4415-D-2008,DESREG.MODEST,Modernización del Estado,agente:texto,0.65,2026-09-16T00:30:56+00:00
4415-D-2008,ECON.PRESU,Presupuesto y gasto público,agente:texto,0.85,2026-09-16T00:30:56+00:00
4415-D-2008,JUST.CIVCOM,Derecho civil / comercial (códigos de fondo),agente:texto,0.75,2026-09-16T00:30:56+00:00
4451-D-2014,AUX.HOMENAJE,"Homenajes y declaraciones (de interés, beneplácito)",agente:texto,0.95,2026-09-16T00:30:59+00:00
4490-D-2012,AUX.HOMENAJE,"Homenajes y declaraciones (de interés, beneplácito)",agente:texto,0.95,2026-09-16T00:31:03+00:00
4506-D-2017,JUST.PENAL,Derecho penal / Código penal,agente:texto,0.95,2026-09-16T00:31:05+00:00
4521-D-2008,DERSOC.DDHH,Derechos humanos,agente:texto,0.7,2026-09-16T00:31:08+00:00
4521-D-2008,INFRA.TELECOM,Telecomunicaciones / Conectividad,agente:texto,0.75,2026-09-16T00:31:08+00:00
4521-D-2008,SALUD.DISCAP,Discapacidad,agente:texto,0.95,2026-09-16T00:31:08+00:00
4534-D-2020,DESSOC.ASIST,Asistencia social / Planes,agente:texto,0.75,2026-09-16T00:31:11+00:00
4534-D-2020,ECON.EMERG,Emergencia económica,agente:texto,0.85,2026-09-16T00:31:11+00:00
4566-D-2010,EDU.BASICA,Educación básica y media,agente:texto,0.6,2026-09-16T00:31:14+00:00
4566-D-2010,TRAB.LABOR,Relaciones laborales (reforma laboral),agente:texto,0.95,2026-09-16T00:31:14+00:00
4582-D-2008,DERSOC.GENERO,Género / Diversidad,agente:texto,0.7,2026-09-16T00:31:17+00:00
4582-D-2008,TRAB.LABOR,Relaciones laborales (reforma laboral),agente:texto,0.95,2026-09-16T00:31:17+00:00
4633-D-2026,DERSOC.NINEZ,Niñez e infancia,agente,0.9,2026-09-15T23:28:38+00:00
4633-D-2026,EDU.BASICA,Educación básica y media,agente,0.85,2026-09-15T23:28:38+00:00
4633-D-2026,INFRA.TELECOM,Telecomunicaciones / Conectividad,agente,0.7,2026-09-15T23:28:38+00:00
4633-D-2026,SALUD.SISTEMA,Sistema de salud / Hospitales / Obras sociales,agente,0.95,2026-09-15T23:28:38+00:00
4634-D-2026,ECON.PRESU,Presupuesto y gasto público,agente,0.7,2026-09-15T23:28:32+00:00
4634-D-2026,POLINST.ETICA,Transparencia / Lobby / Ética pública,agente,0.6,2026-09-15T23:28:32+00:00
4634-D-2026,SALUD.MENTAL,Salud mental,agente,0.95,2026-09-15T23:28:32+00:00
4635-D-2026,AUX.HOMENAJE,"Homenajes y declaraciones (de interés, beneplácito)",agente,0.15,2026-09-15T23:28:27+00:00
4635-D-2026,DEF.DEFENSA,Defensa / Fuerzas Armadas,agente,0.95,2026-09-15T23:28:27+00:00
4635-D-2026,DEF.EXTERIOR,Política exterior,agente,0.85,2026-09-15T23:28:27+00:00
4635-D-2026,DESREG.EMPUB,Empresas públicas / Privatizaciones,agente,0.75,2026-09-15T23:28:27+00:00
4635-D-2026,ECON.PRESU,Presupuesto y gasto público,agente,0.88,2026-09-15T23:28:27+00:00
4635-D-2026,INFRA.OBRA,Obra pública,agente,0.7,2026-09-15T23:28:27+00:00
4638-D-2009,CULT.DEPORTE,Deporte,agente:texto,0.95,2026-09-16T00:31:20+00:00
4638-D-2009,DESREG.EMPUB,Empresas públicas / Privatizaciones,agente:texto,0.7,2026-09-16T00:31:20+00:00
4638-D-2009,ECON.EMERG,Emergencia económica,agente:texto,0.65,2026-09-16T00:31:20+00:00
4655-D-2013,CULT.DEPORTE,Deporte,agente:texto,0.95,2026-09-16T00:31:24+00:00
4655-D-2013,JUST.PENAL,Derecho penal / Código penal,agente:texto,0.65,2026-09-16T00:31:24+00:00
4664-D-2008,JUST.JUDIC,Organización judicial / Magistratura,agente:texto,0.95,2026-09-16T00:31:27+00:00
4715-D-2008,JUST.CIVCOM,Derecho civil / comercial (códigos de fondo),agente:texto,0.95,2026-09-16T00:31:29+00:00
4718-D-2022,INFRA.TRANSP,"Transporte (incl. subsidios al transporte, trenes)",agente:texto,0.75,2026-09-16T00:31:33+00:00
4718-D-2022,JUST.PENAL,Derecho penal / Código penal,agente:texto,0.85,2026-09-16T00:31:33+00:00
4718-D-2022,JUST.SEGINT,Seguridad interior,agente:texto,0.8,2026-09-16T00:31:33+00:00
4742-D-2014,AUX.HOMENAJE,"Homenajes y declaraciones (de interés, beneplácito)",agente:texto,0.95,2026-09-16T00:31:35+00:00
4744-D-2008,INFRA.TRANSP,"Transporte (incl. subsidios al transporte, trenes)",agente:texto,0.95,2026-09-16T00:31:37+00:00
4750-D-2008,AUX.TRAMITE,Trámite parlamentario (sin contenido sustantivo),agente:texto,0.9,2026-09-16T00:31:40+00:00
4750-D-2008,JUST.NARCO,Narcotráfico,agente:texto,0.95,2026-09-16T00:31:40+00:00
4750-D-2008,JUST.SEGINT,Seguridad interior,agente:texto,0.85,2026-09-16T00:31:40+00:00
4779-D-2010,ECON.EMERG,Emergencia económica,agente:texto,0.9,2026-09-16T00:31:43+00:00
4779-D-2010,ECON.TRIB,Tributario / Impuestos,agente:texto,0.95,2026-09-16T00:31:43+00:00
4779-D-2010,SALUD.ADICC,Adicciones / Ludopatía,agente:texto,0.75,2026-09-16T00:31:43+00:00
4784-D-2018,ECON.TRIB,Tributario / Impuestos,agente:texto,0.95,2026-09-16T00:31:45+00:00
4785-D-2017,DERSOC.ORIGIN,Pueblos originarios,agente:texto,0.95,2026-09-16T00:31:48+00:00
4785-D-2017,POLINST.ETICA,Transparencia / Lobby / Ética pública,agente:texto,0.65,2026-09-16T00:31:48+00:00
4805-D-2017,DERSOC.ORIGIN,Pueblos originarios,agente:texto,0.95,2026-09-16T00:31:51+00:00
4805-D-2017,JUST.PROPIED,Propiedad (inviolabilidad),agente:texto,0.9,2026-09-16T00:31:51+00:00
4824-D-2017,AUX.HOMENAJE,"Homenajes y declaraciones (de interés, beneplácito)",agente:texto,0.95,2026-09-16T00:31:53+00:00
4865-D-2012,DERSOC.DDHH,Derechos humanos,agente:texto,0.7,2026-09-16T00:31:56+00:00
4865-D-2012,EDU.BASICA,Educación básica y media,agente:texto,0.85,2026-09-16T00:31:56+00:00
4865-D-2012,EDU.SUPERIOR,Educación superior / Universidades / Financiamiento,agente:texto,0.85,2026-09-16T00:31:56+00:00
4881-D-2017,ECON.TRIB,Tributario / Impuestos,agente:texto,0.95,2026-09-16T00:31:58+00:00
4881-D-2017,ENER.COMBUS,Combustibles,agente:texto,0.9,2026-09-16T00:31:58+00:00
4881-D-2017,ENER.HIDRO,Hidrocarburos (petróleo y gas),agente:texto,0.75,2026-09-16T00:31:58+00:00
4902-D-2021,DERSOC.DDHH,Derechos humanos,agente:texto,0.85,2026-09-16T00:32:02+00:00
4902-D-2021,DERSOC.NINEZ,Niñez e infancia,agente:texto,0.95,2026-09-16T00:32:02+00:00
4902-D-2021,DESREG.MODEST,Modernización del Estado,agente:texto,0.7,2026-09-16T00:32:02+00:00
4902-D-2021,TRAB.EMPLEOPUB,Empleo público,agente:texto,0.75,2026-09-16T00:32:02+00:00
4907-D-2014,DEF.TRATADO,Tratados y acuerdos internacionales,agente:texto,0.95,2026-09-16T00:32:05+00:00
4907-D-2014,DERSOC.DDHH,Derechos humanos,agente:texto,0.9,2026-09-16T00:32:05+00:00
4907-D-2014,DERSOC.GENERO,Género / Diversidad,agente:texto,0.95,2026-09-16T00:32:05+00:00
4907-D-2014,POLINST.CONST,Reforma constitucional,agente:texto,0.85,2026-09-16T00:32:05+00:00
4911-D-2023,CULT.CULTURA,Cultura / Patrimonio,agente:texto,0.95,2026-09-16T00:32:07+00:00
4919-D-2017,AUX.HOMENAJE,"Homenajes y declaraciones (de interés, beneplácito)",agente:texto,0.95,2026-09-16T00:32:10+00:00
4919-D-2017,CULT.CULTURA,Cultura / Patrimonio,agente:texto,0.85,2026-09-16T00:32:10+00:00
4920-D-2008,AUX.HOMENAJE,"Homenajes y declaraciones (de interés, beneplácito)",agente:texto,0.95,2026-09-16T00:32:12+00:00
4920-D-2008,CULT.CULTURA,Cultura / Patrimonio,agente:texto,0.85,2026-09-16T00:32:12+00:00
4920-D-2008,DERSOC.ORIGIN,Pueblos originarios,agente:texto,0.8,2026-09-16T00:32:12+00:00
4921-D-2022,AUX.HOMENAJE,"Homenajes y declaraciones (de interés, beneplácito)",agente:texto,0.75,2026-09-16T00:32:15+00:00
4921-D-2022,JUST.PROPIED,Propiedad (inviolabilidad),agente:texto,0.95,2026-09-16T00:32:15+00:00
4923-D-2014,CYT.CIENCIA,Ciencia y técnica,agente:texto,0.85,2026-09-16T00:32:17+00:00
4923-D-2014,DESREG.EMPUB,Empresas públicas / Privatizaciones,agente:texto,0.8,2026-09-16T00:32:17+00:00
4923-D-2014,PROD.INDPYME,Industria y PyMEs,agente:texto,0.7,2026-09-16T00:32:17+00:00
4923-D-2014,SALUD.MEDIC,Medicamentos y vacunas,agente:texto,0.95,2026-09-16T00:32:17+00:00
4942-D-2009,CULT.DEPORTE,Deporte,agente:texto,0.95,2026-09-16T00:32:20+00:00
4942-D-2009,DESREG.MODEST,Modernización del Estado,agente:texto,0.7,2026-09-16T00:32:20+00:00
4959-D-2013,DESREG.EMPUB,Empresas públicas / Privatizaciones,agente:texto,0.9,2026-09-16T00:32:23+00:00
4959-D-2013,ECON.PRESU,Presupuesto y gasto público,agente:texto,0.75,2026-09-16T00:32:23+00:00
4959-D-2013,ENER.HIDRO,Hidrocarburos (petróleo y gas),agente:texto,0.85,2026-09-16T00:32:23+00:00
4959-D-2013,TRAB.EMPLEOPUB,Empleo público,agente:texto,0.8,2026-09-16T00:32:23+00:00
4975-D-2013,DERSOC.DDHH,Derechos humanos,agente:texto,0.6,2026-09-16T00:32:26+00:00
4975-D-2013,SALUD.MENTAL,Salud mental,agente:texto,0.95,2026-09-16T00:32:26+00:00
4975-D-2013,SALUD.SISTEMA,Sistema de salud / Hospitales / Obras sociales,agente:texto,0.7,2026-09-16T00:32:26+00:00
4979-D-2008,AMB.RESID,Residuos,agente:texto,0.95,2026-09-16T00:32:29+00:00
4979-D-2008,JUST.PENAL,Derecho penal / Código penal,agente:texto,0.9,2026-09-16T00:32:29+00:00
4987-D-2015,CULT.DEPORTE,Deporte,agente:texto,0.95,2026-09-16T00:32:32+00:00
4988-D-2015,CULT.DEPORTE,Deporte,agente:texto,0.95,2026-09-16T00:32:35+00:00
4988-D-2015,DESREG.MODEST,Modernización del Estado,agente:texto,0.7,2026-09-16T00:32:35+00:00
5036-D-2019,AUX.HOMENAJE,"Homenajes y declaraciones (de interés, beneplácito)",agente:texto,0.85,2026-09-16T00:32:37+00:00
5036-D-2019,CULT.CULTURA,Cultura / Patrimonio,agente:texto,0.95,2026-09-16T00:32:37+00:00
5094-D-2011,AUX.HOMENAJE,"Homenajes y declaraciones (de interés, beneplácito)",agente:texto,0.95,2026-09-16T00:32:40+00:00
5094-D-2018,AUX.HOMENAJE,"Homenajes y declaraciones (de interés, beneplácito)",agente:texto,0.95,2026-09-16T00:32:42+00:00
5110-D-2014,AUX.TRAMITE,Trámite parlamentario (sin contenido sustantivo),agente:texto,0.95,2026-09-16T00:32:44+00:00
5111-D-2019,DEF.DEFENSA,Defensa / Fuerzas Armadas,agente:texto,0.95,2026-09-16T00:32:47+00:00
5111-D-2019,ECON.PRESU,Presupuesto y gasto público,agente:texto,0.85,2026-09-16T00:32:47+00:00
5119-D-2014,DESREG.EMPUB,Empresas públicas / Privatizaciones,agente:texto,0.7,2026-09-16T00:32:49+00:00
5119-D-2014,JUST.PROPIED,Propiedad (inviolabilidad),agente:texto,0.95,2026-09-16T00:32:49+00:00
5140-D-2011,TRAB.LABOR,Relaciones laborales (reforma laboral),agente:texto,0.95,2026-09-16T00:32:52+00:00
5141-D-2013,EDU.SUPERIOR,Educación superior / Universidades / Financiamiento,agente:texto,0.95,2026-09-16T00:32:54+00:00
5173-D-2009,CYT.CIENCIA,Ciencia y técnica,agente:texto,0.6,2026-09-16T00:32:57+00:00
5173-D-2009,DESREG.EMPUB,Empresas públicas / Privatizaciones,agente:texto,0.65,2026-09-16T00:32:57+00:00
5173-D-2009,SALUD.MEDIC,Medicamentos y vacunas,agente:texto,0.95,2026-09-16T00:32:57+00:00
5173-D-2009,SALUD.SISTEMA,Sistema de salud / Hospitales / Obras sociales,agente:texto,0.75,2026-09-16T00:32:57+00:00
5181-D-2014,AMB.MINER,Minería,agente:texto,0.95,2026-09-16T00:33:00+00:00
5181-D-2014,JUST.CIVCOM,Derecho civil / comercial (códigos de fondo),agente:texto,0.85,2026-09-16T00:33:00+00:00
5193-D-2009,AUX.HOMENAJE,"Homenajes y declaraciones (de interés, beneplácito)",agente:texto,0.95,2026-09-16T00:33:02+00:00
5222-D-2020,AMB.BOSQUE,Bosques / Glaciares / Áreas protegidas,agente:texto,0.95,2026-09-16T00:33:06+00:00
5222-D-2020,AMB.CLIMA,Cambio climático,agente:texto,0.65,2026-09-16T00:33:06+00:00
5223-D-2022,EDU.SUPERIOR,Educación superior / Universidades / Financiamiento,agente:texto,0.95,2026-09-16T00:33:08+00:00
5259-D-2008,EDU.SUPERIOR,Educación superior / Universidades / Financiamiento,agente:texto,0.95,2026-09-16T00:33:10+00:00
5265-D-2023,ECON.PRESU,Presupuesto y gasto público,agente:texto,0.7,2026-09-16T00:33:13+00:00
5265-D-2023,EDU.BASICA,Educación básica y media,agente:texto,0.75,2026-09-16T00:33:13+00:00
5265-D-2023,TRAB.EMPLEOPUB,Empleo público,agente:texto,0.85,2026-09-16T00:33:13+00:00
5266-D-2018,CULT.CULTURA,Cultura / Patrimonio,agente:texto,0.95,2026-09-16T00:33:17+00:00
5266-D-2018,DERSOC.ORIGIN,Pueblos originarios,agente:texto,0.65,2026-09-16T00:33:17+00:00
5273-D-2008,CULT.MEDIOS,Medios / Comunicación,agente:texto,0.95,2026-09-16T00:33:20+00:00
5280-D-2015,AUX.HOMENAJE,"Homenajes y declaraciones (de interés, beneplácito)",agente:texto,0.95,2026-09-16T00:33:23+00:00
5280-D-2015,CULT.CULTURA,Cultura / Patrimonio,agente:texto,0.75,2026-09-16T00:33:23+00:00
5296-D-2025,AUX.TRAMITE,Trámite parlamentario (sin contenido sustantivo),agente:texto,0.75,2026-09-16T00:33:26+00:00
5296-D-2025,DERSOC.DDHH,Derechos humanos,agente:texto,0.85,2026-09-16T00:33:26+00:00
5296-D-2025,DERSOC.NINEZ,Niñez e infancia,agente:texto,0.95,2026-09-16T00:33:26+00:00
5296-D-2025,JUST.JUDIC,Organización judicial / Magistratura,agente:texto,0.8,2026-09-16T00:33:26+00:00
5327-D-2017,AMB.AGUA,Agua,agente:texto,0.7,2026-09-16T00:33:30+00:00
5327-D-2017,AMB.BOSQUE,Bosques / Glaciares / Áreas protegidas,agente:texto,0.7,2026-09-16T00:33:30+00:00
5327-D-2017,AMB.CLIMA,Cambio climático,agente:texto,0.7,2026-09-16T00:33:30+00:00
5327-D-2017,AMB.MINER,Minería,agente:texto,0.7,2026-09-16T00:33:30+00:00
5327-D-2017,AMB.RESID,Residuos,agente:texto,0.7,2026-09-16T00:33:30+00:00
5327-D-2017,DERSOC.DDHH,Derechos humanos,agente:texto,0.8,2026-09-16T00:33:30+00:00
5327-D-2017,POLINST.ETICA,Transparencia / Lobby / Ética pública,agente:texto,0.85,2026-09-16T00:33:30+00:00
5339-D-2018,AUX.HOMENAJE,"Homenajes y declaraciones (de interés, beneplácito)",agente:texto,0.95,2026-09-16T00:33:33+00:00
5339-D-2018,SALUD.DISCAP,Discapacidad,agente:texto,0.7,2026-09-16T00:33:33+00:00
5365-D-2008,DERSOC.GENERO,Género / Diversidad,agente:texto,0.75,2026-09-16T00:33:36+00:00
5365-D-2008,TRAB.LABOR,Relaciones laborales (reforma laboral),agente:texto,0.95,2026-09-16T00:33:36+00:00
5381-D-2015,AUX.HOMENAJE,"Homenajes y declaraciones (de interés, beneplácito)",agente:texto,0.85,2026-09-16T00:33:38+00:00
5381-D-2015,CULT.DEPORTE,Deporte,agente:texto,0.95,2026-09-16T00:33:38+00:00
5387-D-2014,AUX.HOMENAJE,"Homenajes y declaraciones (de interés, beneplácito)",agente:texto,0.95,2026-09-16T00:33:41+00:00
5467-D-2010,AUX.HOMENAJE,"Homenajes y declaraciones (de interés, beneplácito)",agente:texto,0.95,2026-09-16T00:33:43+00:00
5467-D-2010,DERSOC.DDHH,Derechos humanos,agente:texto,0.85,2026-09-16T00:33:43+00:00
5467-D-2010,DERSOC.ORIGIN,Pueblos originarios,agente:texto,0.9,2026-09-16T00:33:43+00:00
5478-D-2016,DESREG.SOCIED,Régimen de sociedades / comercial,agente:texto,0.85,2026-09-16T00:33:46+00:00
5535-D-2009,AUX.TRAMITE,Trámite parlamentario (sin contenido sustantivo),agente:texto,0.95,2026-09-16T00:33:49+00:00
5550-D-2018,AMB.BOSQUE,Bosques / Glaciares / Áreas protegidas,agente:texto,0.85,2026-09-16T00:33:52+00:00
5550-D-2018,ECON.PRESU,Presupuesto y gasto público,agente:texto,0.6,2026-09-16T00:33:52+00:00
5550-D-2018,PROD.AGRO,"Agro, ganadería y pesca",agente:texto,0.85,2026-09-16T00:33:52+00:00
5550-D-2018,PROD.INVER,Promoción de inversiones (RIGI),agente:texto,0.7,2026-09-16T00:33:52+00:00
5566-D-2010,JUST.PENAL,Derecho penal / Código penal,agente:texto,0.7,2026-09-16T00:33:55+00:00
5566-D-2010,TRAB.LABOR,Relaciones laborales (reforma laboral),agente:texto,0.95,2026-09-16T00:33:55+00:00
5568-D-2008,AMB.BOSQUE,Bosques / Glaciares / Áreas protegidas,agente:texto,0.75,2026-09-16T00:33:58+00:00
5568-D-2008,AUX.TRAMITE,Trámite parlamentario (sin contenido sustantivo),agente:texto,0.5,2026-09-16T00:33:58+00:00
5568-D-2008,DEF.TRATADO,Tratados y acuerdos internacionales,agente:texto,0.65,2026-09-16T00:33:58+00:00
5588-D-2013,EDU.SUPERIOR,Educación superior / Universidades / Financiamiento,agente:texto,0.95,2026-09-16T00:34:00+00:00
5643-D-2017,ECON.TRIB,Tributario / Impuestos,agente:texto,0.95,2026-09-16T00:34:03+00:00
5643-D-2017,PROD.AGRO,"Agro, ganadería y pesca",agente:texto,0.7,2026-09-16T00:34:03+00:00
5651-D-2024,AMB.BOSQUE,Bosques / Glaciares / Áreas protegidas,agente:texto,0.9,2026-09-16T00:34:06+00:00
5651-D-2024,DESSOC.ASIST,Asistencia social / Planes,agente:texto,0.7,2026-09-16T00:34:06+00:00
5651-D-2024,ECON.EMERG,Emergencia económica,agente:texto,0.95,2026-09-16T00:34:06+00:00
5651-D-2024,INFRA.VIVIENDA,Vivienda y hábitat,agente:texto,0.85,2026-09-16T00:34:06+00:00
5718-D-2012,AUX.HOMENAJE,"Homenajes y declaraciones (de interés, beneplácito)",agente:texto,0.85,2026-09-16T00:34:09+00:00
5718-D-2012,CULT.CULTURA,Cultura / Patrimonio,agente:texto,0.95,2026-09-16T00:34:09+00:00
5724-D-2008,EDU.SUPERIOR,Educación superior / Universidades / Financiamiento,agente:texto,0.95,2026-09-16T00:34:12+00:00
5724-D-2008,INFRA.VIVIENDA,Vivienda y hábitat,agente:texto,0.7,2026-09-16T00:34:12+00:00
5728-D-2012,CULT.CULTURA,Cultura / Patrimonio,agente:texto,0.95,2026-09-16T00:34:15+00:00
5728-D-2012,DESREG.MODEST,Modernización del Estado,agente:texto,0.7,2026-09-16T00:34:15+00:00
5731-D-2016,AMB.BOSQUE,Bosques / Glaciares / Áreas protegidas,agente:texto,0.85,2026-09-16T00:34:18+00:00
5731-D-2016,DESREG.EMPUB,Empresas públicas / Privatizaciones,agente:texto,0.6,2026-09-16T00:34:18+00:00
5733-D-2008,DESREG.DESECO,Desregulación económica,agente:texto,0.7,2026-09-16T00:34:21+00:00
5733-D-2008,PROD.AGRO,"Agro, ganadería y pesca",agente:texto,0.95,2026-09-16T00:34:21+00:00
5761-D-2017,ECON.TRIB,Tributario / Impuestos,agente:texto,0.95,2026-09-16T00:34:23+00:00
5763-D-2014,TRAB.LABOR,Relaciones laborales (reforma laboral),agente:texto,0.95,2026-09-16T00:34:26+00:00
5789-D-2016,JUST.PENAL,Derecho penal / Código penal,agente:texto,0.95,2026-09-16T00:34:29+00:00
5865-D-2008,AUX.HOMENAJE,"Homenajes y declaraciones (de interés, beneplácito)",agente:texto,0.95,2026-09-16T00:34:31+00:00
5865-D-2008,CULT.CULTURA,Cultura / Patrimonio,agente:texto,0.75,2026-09-16T00:34:31+00:00
5874-D-2017,AUX.HOMENAJE,"Homenajes y declaraciones (de interés, beneplácito)",agente:texto,0.95,2026-09-16T00:34:35+00:00
5876-D-2017,AUX.HOMENAJE,"Homenajes y declaraciones (de interés, beneplácito)",agente:texto,0.95,2026-09-16T00:34:37+00:00
5876-D-2017,DEF.DEFENSA,Defensa / Fuerzas Armadas,agente:texto,0.85,2026-09-16T00:34:37+00:00
5897-D-2012,AUX.HOMENAJE,"Homenajes y declaraciones (de interés, beneplácito)",agente:texto,0.95,2026-09-16T00:34:39+00:00
5904-D-2014,DEF.DEFENSA,Defensa / Fuerzas Armadas,agente:texto,0.85,2026-09-16T00:34:42+00:00
5904-D-2014,DESREG.EMPUB,Empresas públicas / Privatizaciones,agente:texto,0.95,2026-09-16T00:34:42+00:00
5908-D-2014,DESREG.EMPUB,Empresas públicas / Privatizaciones,agente:texto,0.85,2026-09-16T00:34:45+00:00
5908-D-2014,ECON.PRESU,Presupuesto y gasto público,agente:texto,0.7,2026-09-16T00:34:45+00:00
5908-D-2014,PROD.AGRO,"Agro, ganadería y pesca",agente:texto,0.95,2026-09-16T00:34:45+00:00
5946-D-2020,DESREG.DESECO,Desregulación económica,agente:texto,0.65,2026-09-16T00:34:49+00:00
5946-D-2020,ECON.TRIB,Tributario / Impuestos,agente:texto,0.8,2026-09-16T00:34:49+00:00
5946-D-2020,ENER.TARIFA,Tarifas y subsidios energéticos,agente:texto,0.7,2026-09-16T00:34:49+00:00
5946-D-2020,JUST.SEGINT,Seguridad interior,agente:texto,0.95,2026-09-16T00:34:49+00:00
5946-D-2020,TRAB.ART,Riesgos del trabajo (ART),agente:texto,0.85,2026-09-16T00:34:49+00:00
5946-D-2020,TRAB.PREV,Previsional / Jubilaciones,agente:texto,0.75,2026-09-16T00:34:49+00:00
6028-D-2014,DESREG.SOCIED,Régimen de sociedades / comercial,agente:texto,0.85,2026-09-16T00:34:52+00:00
6028-D-2014,JUST.CIVCOM,Derecho civil / comercial (códigos de fondo),agente:texto,0.8,2026-09-16T00:34:52+00:00
6039-D-2008,DESSOC.ASIST,Asistencia social / Planes,agente:texto,0.75,2026-09-16T00:34:56+00:00
6039-D-2008,POLINST.ORGEST,Organización del Estado / Ministerios,agente:texto,0.7,2026-09-16T00:34:56+00:00
6039-D-2008,SALUD.SISTEMA,Sistema de salud / Hospitales / Obras sociales,agente:texto,0.65,2026-09-16T00:34:56+00:00
6064-D-2010,EDU.BASICA,Educación básica y media,agente:texto,0.75,2026-09-16T00:34:59+00:00
6064-D-2010,JUST.PENAL,Derecho penal / Código penal,agente:texto,0.95,2026-09-16T00:34:59+00:00
6064-D-2010,TRAB.LABOR,Relaciones laborales (reforma laboral),agente:texto,0.65,2026-09-16T00:34:59+00:00
6114-D-2010,AUX.HOMENAJE,"Homenajes y declaraciones (de interés, beneplácito)",agente:texto,0.95,2026-09-16T00:35:02+00:00
6119-D-2008,CULT.CULTURA,Cultura / Patrimonio,agente:texto,0.95,2026-09-16T00:35:06+00:00
6119-D-2008,CULT.DEPORTE,Deporte,agente:texto,0.25,2026-09-16T00:35:06+00:00
6247-D-2009,JUST.JUDIC,Organización judicial / Magistratura,agente:texto,0.95,2026-09-16T00:35:08+00:00
6295-D-2016,DEF.DEFENSA,Defensa / Fuerzas Armadas,agente:texto,0.85,2026-09-16T00:35:11+00:00
6295-D-2016,POLINST.ORGEST,Organización del Estado / Ministerios,agente:texto,0.65,2026-09-16T00:35:11+00:00
6298-D-2017,DESREG.EMPUB,Empresas públicas / Privatizaciones,agente:texto,0.75,2026-09-16T00:35:16+00:00
6298-D-2017,DESSOC.ASIST,Asistencia social / Planes,agente:texto,0.55,2026-09-16T00:35:16+00:00
6298-D-2017,ENER.TARIFA,Tarifas y subsidios energéticos,agente:texto,0.7,2026-09-16T00:35:16+00:00
6298-D-2017,INFRA.TRANSP,"Transporte (incl. subsidios al transporte, trenes)",agente:texto,0.65,2026-09-16T00:35:16+00:00
6298-D-2017,TRAB.LABOR,Relaciones laborales (reforma laboral),agente:texto,0.6,2026-09-16T00:35:16+00:00
6303-D-2009,JUST.JUDIC,Organización judicial / Magistratura,agente:texto,0.65,2026-09-16T00:35:20+00:00
6303-D-2009,POLINST.CONST,Reforma constitucional,agente:texto,0.85,2026-09-16T00:35:20+00:00
6303-D-2009,POLINST.ORGEST,Organización del Estado / Ministerios,agente:texto,0.8,2026-09-16T00:35:20+00:00
6310-D-2012,AUX.HOMENAJE,"Homenajes y declaraciones (de interés, beneplácito)",agente:texto,0.95,2026-09-16T00:35:23+00:00
6310-D-2012,DERSOC.DDHH,Derechos humanos,agente:texto,0.65,2026-09-16T00:35:23+00:00
6352-D-2008,ECON.COPART,Coparticipación / Federalismo fiscal,agente:texto,0.92,2026-09-16T00:35:26+00:00
6352-D-2008,ECON.TRIB,Tributario / Impuestos,agente:texto,0.95,2026-09-16T00:35:26+00:00
6352-D-2008,ENER.COMBUS,Combustibles,agente:texto,0.88,2026-09-16T00:35:26+00:00
6369-D-2013,AUX.HOMENAJE,"Homenajes y declaraciones (de interés, beneplácito)",agente:texto,0.95,2026-09-16T00:35:28+00:00
6438-D-2013,CULT.CULTURA,Cultura / Patrimonio,agente:texto,0.95,2026-09-16T00:35:31+00:00
6438-D-2013,DESREG.MODEST,Modernización del Estado,agente:texto,0.65,2026-09-16T00:35:31+00:00
6443-D-2018,ECON.TRIB,Tributario / Impuestos,agente:texto,0.95,2026-09-16T00:35:33+00:00
6467-D-2008,DERSOC.DDHH,Derechos humanos,agente:texto,0.95,2026-09-16T00:35:36+00:00
6467-D-2008,ECON.PRESU,Presupuesto y gasto público,agente:texto,0.7,2026-09-16T00:35:36+00:00
6467-D-2008,JUST.PENAL,Derecho penal / Código penal,agente:texto,0.85,2026-09-16T00:35:36+00:00
6468-D-2018,JUST.CIVCOM,Derecho civil / comercial (códigos de fondo),agente:texto,0.95,2026-09-16T00:35:38+00:00
6514-D-2017,DEF.DEFENSA,Defensa / Fuerzas Armadas,agente:texto,0.7,2026-09-16T00:35:41+00:00
6514-D-2017,DERSOC.DDHH,Derechos humanos,agente:texto,0.75,2026-09-16T00:35:41+00:00
6514-D-2017,POLINST.ORGEST,Organización del Estado / Ministerios,agente:texto,0.85,2026-09-16T00:35:41+00:00
6516-D-2018,AMB.BOSQUE,Bosques / Glaciares / Áreas protegidas,agente:texto,0.6,2026-09-16T00:35:44+00:00
6516-D-2018,AUX.HOMENAJE,"Homenajes y declaraciones (de interés, beneplácito)",agente:texto,0.95,2026-09-16T00:35:44+00:00
6538-D-2008,DESREG.EMPUB,Empresas públicas / Privatizaciones,agente:texto,0.9,2026-09-16T00:35:47+00:00
6538-D-2008,INFRA.TRANSP,"Transporte (incl. subsidios al transporte, trenes)",agente:texto,0.75,2026-09-16T00:35:47+00:00
6538-D-2008,JUST.PROPIED,Propiedad (inviolabilidad),agente:texto,0.85,2026-09-16T00:35:47+00:00
6553-D-2018,AUX.HOMENAJE,"Homenajes y declaraciones (de interés, beneplácito)",agente:texto,0.95,2026-09-16T00:35:50+00:00
6553-D-2018,DERSOC.NINEZ,Niñez e infancia,agente:texto,0.65,2026-09-16T00:35:50+00:00
6553-D-2018,SALUD.DISCAP,Discapacidad,agente:texto,0.6,2026-09-16T00:35:50+00:00
6582-D-2008,CULT.CULTURA,Cultura / Patrimonio,agente:texto,0.65,2026-09-16T00:35:54+00:00
6582-D-2008,DEF.DEFENSA,Defensa / Fuerzas Armadas,agente:texto,0.6,2026-09-16T00:35:54+00:00
6582-D-2008,EDU.BASICA,Educación básica y media,agente:texto,0.85,2026-09-16T00:35:54+00:00
6582-D-2008,EDU.SUPERIOR,Educación superior / Universidades / Financiamiento,agente:texto,0.75,2026-09-16T00:35:54+00:00
6691-D-2024,ECON.DEUDA,Deuda y financiamiento,agente:texto,0.75,2026-09-16T00:35:57+00:00
6691-D-2024,TRAB.PREV,Previsional / Jubilaciones,agente:texto,0.95,2026-09-16T00:35:57+00:00
6700-D-2008,DESREG.SOCIED,Régimen de sociedades / comercial,agente:texto,0.65,2026-09-16T00:36:00+00:00
6700-D-2008,SALUD.SISTEMA,Sistema de salud / Hospitales / Obras sociales,agente:texto,0.7,2026-09-16T00:36:00+00:00
6700-D-2008,TRAB.LABOR,Relaciones laborales (reforma laboral),agente:texto,0.75,2026-09-16T00:36:00+00:00
6730-D-2017,DESREG.SOCIED,Régimen de sociedades / comercial,agente:texto,0.85,2026-09-16T00:36:04+00:00
6730-D-2017,INFRA.TELECOM,Telecomunicaciones / Conectividad,agente:texto,0.8,2026-09-16T00:36:04+00:00
6730-D-2017,JUST.CIVCOM,Derecho civil / comercial (códigos de fondo),agente:texto,0.75,2026-09-16T00:36:04+00:00
6732-D-2013,DERSOC.GENERO,Género / Diversidad,agente:texto,0.9,2026-09-16T00:36:08+00:00
6732-D-2013,JUST.CIVCOM,Derecho civil / comercial (códigos de fondo),agente:texto,0.85,2026-09-16T00:36:08+00:00
6732-D-2013,TRAB.LABOR,Relaciones laborales (reforma laboral),agente:texto,0.95,2026-09-16T00:36:08+00:00
6735-D-2013,JUST.CIVCOM,Derecho civil / comercial (códigos de fondo),agente:texto,0.95,2026-09-16T00:36:10+00:00
6744-D-2014,TRAB.EMPLEOPUB,Empleo público,agente:texto,0.6,2026-09-16T00:36:13+00:00
6744-D-2014,TRAB.LABOR,Relaciones laborales (reforma laboral),agente:texto,0.95,2026-09-16T00:36:13+00:00
6801-D-2008,DERSOC.DDHH,Derechos humanos,agente:texto,0.95,2026-09-16T00:36:16+00:00
6801-D-2008,JUST.PENAL,Derecho penal / Código penal,agente:texto,0.95,2026-09-16T00:36:16+00:00
6801-D-2008,POLINST.ELECT,Reforma electoral,agente:texto,0.85,2026-09-16T00:36:16+00:00
6801-D-2008,POLINST.ETICA,Transparencia / Lobby / Ética pública,agente:texto,0.9,2026-09-16T00:36:16+00:00
6801-D-2008,POLINST.ORGEST,Organización del Estado / Ministerios,agente:texto,0.75,2026-09-16T00:36:16+00:00
6801-D-2008,POLINST.PARTIDOS,Partidos políticos,agente:texto,0.8,2026-09-16T00:36:16+00:00
6819-D-2012,CULT.CULTURA,Cultura / Patrimonio,agente:texto,0.7,2026-09-16T00:36:19+00:00
6819-D-2012,PROD.AGRO,"Agro, ganadería y pesca",agente:texto,0.95,2026-09-16T00:36:19+00:00
6828-D-2017,DESREG.DESECO,Desregulación económica,agente:texto,0.85,2026-09-16T00:36:22+00:00
6828-D-2017,DESREG.MODEST,Modernización del Estado,agente:texto,0.7,2026-09-16T00:36:22+00:00
6828-D-2017,INFRA.OBRA,Obra pública,agente:texto,0.8,2026-09-16T00:36:22+00:00
6829-D-2017,DESREG.MODEST,Modernización del Estado,agente:texto,0.95,2026-09-16T00:36:25+00:00
6829-D-2017,POLINST.ORGEST,Organización del Estado / Ministerios,agente:texto,0.85,2026-09-16T00:36:25+00:00
6830-D-2017,DESREG.DESECO,Desregulación económica,agente:texto,0.85,2026-09-16T00:36:29+00:00
6830-D-2017,DESREG.MODEST,Modernización del Estado,agente:texto,0.8,2026-09-16T00:36:29+00:00
6830-D-2017,PROD.INDPYME,Industria y PyMEs,agente:texto,0.75,2026-09-16T00:36:29+00:00
6943-D-2013,CULT.MEDIOS,Medios / Comunicación,agente:texto,0.8,2026-09-16T00:36:33+00:00
6943-D-2013,DERSOC.DDHH,Derechos humanos,agente:texto,0.85,2026-09-16T00:36:33+00:00
6943-D-2013,DERSOC.GENERO,Género / Diversidad,agente:texto,0.7,2026-09-16T00:36:33+00:00
6943-D-2013,JUST.NARCO,Narcotráfico,agente:texto,0.7,2026-09-16T00:36:33+00:00
6943-D-2013,JUST.PENALJUV,Régimen penal juvenil,agente:texto,0.75,2026-09-16T00:36:33+00:00
6962-D-2010,DEF.TRATADO,Tratados y acuerdos internacionales,agente:texto,0.95,2026-09-16T00:36:35+00:00
6962-D-2010,TRAB.ART,Riesgos del trabajo (ART),agente:texto,0.9,2026-09-16T00:36:35+00:00
6994-D-2014,DERSOC.DDHH,Derechos humanos,agente:texto,0.5,2026-09-16T00:36:40+00:00
6994-D-2014,DESREG.MODEST,Modernización del Estado,agente:texto,0.6,2026-09-16T00:36:40+00:00
6994-D-2014,TRAB.LABOR,Relaciones laborales (reforma laboral),agente:texto,0.75,2026-09-16T00:36:40+00:00
7073-D-2018,DESREG.DESECO,Desregulación económica,agente:texto,0.75,2026-09-16T00:36:43+00:00
7073-D-2018,PROD.COMEX,Comercio interior y exterior,agente:texto,0.6,2026-09-16T00:36:43+00:00
7073-D-2018,PROD.INDPYME,Industria y PyMEs,agente:texto,0.85,2026-09-16T00:36:43+00:00
7086-D-2012,AUX.HOMENAJE,"Homenajes y declaraciones (de interés, beneplácito)",agente:texto,0.95,2026-09-16T00:36:45+00:00
7120-D-2016,JUST.PENAL,Derecho penal / Código penal,agente:texto,0.98,2026-09-16T00:36:48+00:00
7120-D-2016,JUST.SEGINT,Seguridad interior,agente:texto,0.75,2026-09-16T00:36:48+00:00
7157-D-2018,DESREG.MODEST,Modernización del Estado,agente:texto,0.6,2026-09-16T00:36:51+00:00
7157-D-2018,DESSOC.ASIST,Asistencia social / Planes,agente:texto,0.72,2026-09-16T00:36:51+00:00
7157-D-2018,INFRA.VIVIENDA,Vivienda y hábitat,agente:texto,0.85,2026-09-16T00:36:51+00:00
7243-D-2010,DERSOC.DDHH,Derechos humanos,agente:texto,0.75,2026-09-16T00:36:54+00:00
7243-D-2010,DERSOC.GENERO,Género / Diversidad,agente:texto,0.95,2026-09-16T00:36:54+00:00
7243-D-2010,JUST.CIVCOM,Derecho civil / comercial (códigos de fondo),agente:texto,0.85,2026-09-16T00:36:54+00:00
7278-D-2025,CULT.DEPORTE,Deporte,agente:texto,0.85,2026-09-16T00:36:57+00:00
7278-D-2025,JUST.SEGINT,Seguridad interior,agente:texto,0.65,2026-09-16T00:36:57+00:00
7408-D-2018,CYT.CIENCIA,Ciencia y técnica,agente:texto,0.95,2026-09-16T00:36:59+00:00
7408-D-2018,CYT.INNOV,Innovación / Economía del conocimiento / Software,agente:texto,0.85,2026-09-16T00:36:59+00:00
7408-D-2018,DERSOC.GENERO,Género / Diversidad,agente:texto,0.95,2026-09-16T00:36:59+00:00
7420-D-2016,JUST.PENAL,Derecho penal / Código penal,agente:texto,0.95,2026-09-16T00:37:02+00:00
7435-D-2018,DESREG.SOCIED,Régimen de sociedades / comercial,agente:texto,0.75,2026-09-16T00:37:05+00:00
7435-D-2018,ECON.TRIB,Tributario / Impuestos,agente:texto,0.95,2026-09-16T00:37:05+00:00
7459-D-2018,AUX.HOMENAJE,"Homenajes y declaraciones (de interés, beneplácito)",agente:texto,0.95,2026-09-16T00:37:08+00:00
7459-D-2018,SALUD.SISTEMA,Sistema de salud / Hospitales / Obras sociales,agente:texto,0.7,2026-09-16T00:37:08+00:00
7747-D-2012,CULT.CULTURA,Cultura / Patrimonio,agente:texto,0.85,2026-09-16T00:37:11+00:00
7747-D-2012,DESREG.EMPUB,Empresas públicas / Privatizaciones,agente:texto,0.7,2026-09-16T00:37:11+00:00
7861-D-2024,ECON.EMERG,Emergencia económica,agente:texto,0.85,2026-09-16T00:37:14+00:00
7861-D-2024,SALUD.DISCAP,Discapacidad,agente:texto,0.95,2026-09-16T00:37:14+00:00
7928-D-2013,DEF.TRATADO,Tratados y acuerdos internacionales,agente:texto,0.75,2026-09-16T00:37:16+00:00
7928-D-2013,POLINST.ELECT,Reforma electoral,agente:texto,0.95,2026-09-16T00:37:16+00:00
7928-D-2013,POLINST.PARTIDOS,Partidos políticos,agente:texto,0.85,2026-09-16T00:37:16+00:00
8048-D-2016,DESREG.DESECO,Desregulación económica,agente:texto,0.7,2026-09-16T00:37:20+00:00
8048-D-2016,ECON.TRIB,Tributario / Impuestos,agente:texto,0.75,2026-09-16T00:37:20+00:00
8048-D-2016,PROD.COMEX,Comercio interior y exterior,agente:texto,0.65,2026-09-16T00:37:20+00:00
8064-D-2012,AMB.AGUA,Agua,agente:texto,0.6,2026-09-16T00:37:23+00:00
8064-D-2012,PROD.AGRO,"Agro, ganadería y pesca",agente:texto,0.95,2026-09-16T00:37:23+00:00
8064-D-2012,PROD.REGESP,Regímenes especiales (p. ej. Zonas Frías),agente:texto,0.85,2026-09-16T00:37:23+00:00
8293-D-2012,AUX.HOMENAJE,"Homenajes y declaraciones (de interés, beneplácito)",agente:texto,0.95,2026-09-16T00:37:26+00:00
8293-D-2012,CULT.MEDIOS,Medios / Comunicación,agente:texto,0.6,2026-09-16T00:37:26+00:00
8293-D-2012,JUST.PENAL,Derecho penal / Código penal,agente:texto,0.75,2026-09-16T00:37:26+00:00
8311-D-2012,DEF.EXTERIOR,Política exterior,agente:texto,0.6,2026-09-16T00:37:29+00:00
8311-D-2012,ECON.DEUDA,Deuda y financiamiento,agente:texto,0.95,2026-09-16T00:37:29+00:00
8311-D-2012,JUST.CIVCOM,Derecho civil / comercial (códigos de fondo),agente:texto,0.85,2026-09-16T00:37:29+00:00
8383-D-2014,DESREG.DESECO,Desregulación económica,agente:texto,0.85,2026-09-16T00:37:33+00:00
8383-D-2014,PROD.COMEX,Comercio interior y exterior,agente:texto,0.75,2026-09-16T00:37:33+00:00
8438-D-2016,DESSOC.ASIST,Asistencia social / Planes,agente:texto,0.7,2026-09-16T00:37:35+00:00
8438-D-2016,ECON.EMERG,Emergencia económica,agente:texto,0.9,2026-09-16T00:37:35+00:00
8464-D-2012,AUX.HOMENAJE,"Homenajes y declaraciones (de interés, beneplácito)",agente:texto,0.95,2026-09-16T00:37:38+00:00
8632-D-2014,DERSOC.DDHH,Derechos humanos,agente:texto,0.7,2026-09-16T00:37:41+00:00
8632-D-2014,JUST.PROPIED,Propiedad (inviolabilidad),agente:texto,0.85,2026-09-16T00:37:41+00:00
8632-D-2014,TRAB.LABOR,Relaciones laborales (reforma laboral),agente:texto,0.65,2026-09-16T00:37:41+00:00
8862-D-2014,CULT.DEPORTE,Deporte,agente:texto,0.95,2026-09-16T00:37:44+00:00
8862-D-2014,SALUD.SISTEMA,Sistema de salud / Hospitales / Obras sociales,agente:texto,0.65,2026-09-16T00:37:44+00:00
9441-D-2014,ECON.TRIB,Tributario / Impuestos,agente:texto,0.8,2026-09-16T00:37:47+00:00
9441-D-2014,JUST.JUDIC,Organización judicial / Magistratura,agente:texto,0.7,2026-09-16T00:37:47+00:00
9441-D-2014,POLINST.ORGEST,Organización del Estado / Ministerios,agente:texto,0.85,2026-09-16T00:37:47+00:00
