legislador_id,nombre,camaras,distrito,n_periodos,periodos,anio_desde,anio_hasta,anios_activos,n_votaciones,n_votos,presentismo,pct_afirmativo,pct_negativo,pct_abstencion,n_votos_sustantivos,bloque_ultimo,n_bloques,trayectoria_bloques,n_votos_desvio_medibles,tasa_desvio,tasa_desvio_disputadas
leg:desconocido,",",diputados,,1,2025-2027,2025,2025,1,19,19,0.0,,,,0,SIN BLOQUE,1,SIN BLOQUE,,,
leg:0c5e1c44b4d2,. NO INCORPORADO Legislador 2,diputados,C.A.B.A.,2,2017-2019; 2019-2021,2019,2020,2,67,67,0.0,,,,0,PRO,1,PRO,,,
leg:c103c1e4186f,"ABALOS, Roberto",diputados,Santiago del Estero,2,2001-2003; 2003-2005,2002,2005,4,312,312,0.7692,0.3375,0.6167,0.0458,229,SIN BLOQUE,3,UCR → ALIANZA → SIN BLOQUE,217.0,0.2363,0.1622
leg:a30991aed295,ABDALA DE MATARAZZO Norma Amanda,diputados,Santiago del Estero,6,2009-2011; 2011-2013; 2013-2015; 2015-2017; 2017-2019; 2019-2021,2010,2021,12,1135,1135,0.7559,0.9301,0.0641,0.0058,853,FRENTE DE TODOS,2,FRENTE CIVICO POR SANTIAGO → FRENTE DE TODOS,1377.0,0.1909,0.2329
leg:f676e16c86d9,"ABDALA, Josefina",diputados,Mendoza,2,2003-2005; 2005-2007,2003,2007,5,893,893,0.6036,0.5881,0.3785,0.0334,521,SIN BLOQUE,2,UCR → SIN BLOQUE,711.0,0.3601,0.2727
leg:69c37b645d8b,"ABELLA, Miguel Angel",diputados,Córdoba,1,1999-2001,2001,2001,1,39,39,0.9231,0.5278,0.2778,0.1944,29,UCR,2,SIN BLOQUE → UCR,24.0,0.1952,0.25
leg:18c04f95cba5,ABRAHAM Alejandro,diputados,Mendoza,2,2013-2015; 2015-2017,2014,2017,4,511,511,0.9374,0.7265,0.263,0.0104,474,FRENTE PARA LA VICTORIA,1,FRENTE PARA LA VICTORIA,629.0,0.0525,0.0067
leg:0894f8ae30d4,"ACCASTELLO, Eduardo",diputados,Córdoba,2,2003-2005; 2005-2007,2005,2007,3,674,674,0.5475,0.9106,0.0461,0.0434,353,SIN BLOQUE,3,FRENTE PARA LA VICTORIA → JUSTICIALISTA → SIN BLOQUE,576.0,0.4722,0.1667
leg:21426f8c05ef,"ACCAVALLO, Julio César",diputados,Rio Negro,2,2001-2003; 2003-2005,2002,2005,4,312,312,0.7692,0.65,0.2542,0.0958,217,SIN BLOQUE,4,ALIANZA → FREPASO → SIN BLOQUE → ENCUENTRO,217.0,0.3539,0.4545
leg:7015a6eff717,ACERENZA Samanta María Celeste,diputados,Buenos Aires,2,2015-2017; 2017-2019,2016,2019,4,520,520,0.8346,0.7834,0.2097,0.0069,431,PRO,1,PRO,520.0,0.1714,0.0833
leg:7b1337a70d73,"ACOSTA de AHUMADA, María Julia",diputados,Catamarca,2,2007-2009; 2009-2011,2007,2011,5,379,379,0.934,0.904,0.0904,0.0056,352,FRENTE PARA LA VICTORIA,1,FRENTE PARA LA VICTORIA,324.0,0.0695,0.0
leg:9620a2a748c9,"ACUÑA KUNZ, Juan",diputados,Santa Cruz,3,2003-2005; 2005-2007; 2007-2009,2005,2009,5,949,949,0.6913,0.6768,0.2866,0.0366,632,UCR,2,UCR → SIN BLOQUE,842.0,0.329,0.2727
leg:6edb15285278,"ACUÑA, Hugo Rodolfo",diputados,Neuquén,2,2005-2007; 2007-2009,2006,2009,4,690,690,0.7493,0.8201,0.1528,0.0271,503,MOVIMIENTO POPULAR NEUQUINO,2,MOVIMIENTO POPULAR NEUQUINO → SIN BLOQUE,645.0,0.1902,0.1429
leg:dd87bdbbfa70,"AGOSTO, Walter",diputados,Santa Fe,2,2007-2009; 2009-2011,2007,2011,5,379,379,0.6121,0.7457,0.2026,0.0517,220,PERONISMO FEDERAL,3,FRENTE PARA LA VICTORIA → SANTA FE FEDERAL → PERONISMO FEDERAL,324.0,0.1621,0.2308
leg:9251e0783e84,"AGUAD, Oscar Raúl",diputados,Córdoba,6,2003-2005; 2005-2007; 2007-2009; 2009-2011; 2011-2013; 2013-2015,2005,2015,11,1529,1529,0.5455,0.5384,0.3717,0.0899,759,UCR,1,UCR,1771.0,0.3851,0.3603
leg:ec1a4a160fda,"AGUERO, Elda Susana",diputados,Buenos Aires,3,2001-2003; 2003-2005; 2005-2007,2002,2007,6,986,986,0.788,0.9151,0.0579,0.027,756,SIN BLOQUE,4,JUSTICIALISTA → SIN BLOQUE → PERONISTA FEDERAL → FRENTE PARA LA VICTORIA,793.0,0.2417,0.1866
leg:1b60d5be78df,AGUILAR Lino Walter,diputados,San Luis,2,2011-2013; 2013-2015,2011,2015,5,476,476,0.542,0.6085,0.2907,0.1008,232,COMPROMISO FEDERAL,2,COMPROMISO FEDERAL → FRENTE PERONISTA,699.0,0.2342,0.204
leg:b03e38d791d9,AICEGA Juan,diputados,Buenos Aires,2,2017-2019; 2019-2021,2017,2021,5,248,248,0.9597,0.6092,0.3908,0.0,238,PRO,1,PRO,248.0,0.0428,0.0
leg:7ec7442f28a3,"ALARCIA, Martha Carmen",diputados,Córdoba,3,1995-1997; 1999-2001; 2001-2003,1997,2003,4,144,144,0.4097,0.6102,0.339,0.0508,56,JUSTICIALISTA,2,SIN BLOQUE → JUSTICIALISTA,106.0,0.5623,0.696
leg:9afa96f4be58,"ALARCON, María del Carmen",diputados,Santa Fe,4,1999-2001; 2001-2003; 2003-2005; 2005-2007,2001,2007,7,1025,1025,0.4937,0.7747,0.1364,0.0889,461,SIN BLOQUE,4,JUSTICIALISTA → SIN BLOQUE → FRENTE PARA LA VICTORIA → MOVIMIENTO PAMPA SUR,817.0,0.1747,0.417
leg:6b6f1863ef18,"ALBARRACIN, Jorge Luis",diputados,Mendoza,2,2007-2009; 2011-2013,2007,2013,6,547,547,0.7459,0.6201,0.3529,0.027,397,UCR,3,DE LA CONCERTACION → CONSENSO FEDERAL → UCR,652.0,0.1719,0.1539
leg:91b1653b961c,ALBORNOZ Gabriela Romina,diputados,Jujuy,1,2015-2017,2016,2017,2,307,307,0.9674,0.8687,0.1279,0.0034,296,UCR,1,UCR,307.0,0.0362,0.0586
leg:9d3d61108ad3,ALBRIEU Oscar Edmundo Nicolas,diputados,Rio Negro,2,2009-2011; 2011-2013,2010,2013,4,376,376,0.9495,0.9328,0.0588,0.0084,354,FRENTE PARA LA VICTORIA,1,FRENTE PARA LA VICTORIA,500.0,0.0499,0.0339
leg:ab12aff8b905,"ALBRISI, César Alfredo",diputados,Córdoba,3,1999-2001; 2007-2009; 2009-2011,2001,2010,5,318,318,0.6352,0.599,0.3465,0.0545,191,PERONISMO FEDERAL,3,PERONISMO FEDERAL → ACCION POR LA REPUBLICA → FRENTE JUSTICIA UNION Y LIBERTAD,318.0,0.3214,0.2206
leg:4fb3844de1bf,"ALCHOURON, Guillermo Eduardo",diputados,Buenos Aires,4,1999-2001; 2001-2003; 2003-2005; 2005-2007,2001,2007,7,1025,1025,0.5571,0.5884,0.3222,0.0893,520,SIN BLOQUE,2,ACCION POR LA REPUBLICA → SIN BLOQUE,817.0,0.0342,0.0938
leg:02dd61fed0ff,"ALCUAZ, Horacio Alberto",diputados,Buenos Aires,2,2007-2009; 2009-2011,2007,2011,5,379,379,0.7652,0.5966,0.369,0.0345,280,GEN,3,COALICION CIVICA → GEN → BLOQUE GEN,398.0,0.1702,0.1809
leg:6801a4793f51,ALDERETE Juan Carlos,diputados,Buenos Aires,2,2019-2021; 2021-2023,2019,2023,5,52,52,0.7885,0.9512,0.0488,0.0,41,FRENTE DE TODOS,1,FRENTE DE TODOS,52.0,0.2308,0.0
leg:5291076df5bd,ALEGRE Gilberto Oscar,diputados,Buenos Aires,2,2013-2015; 2015-2017,2014,2017,4,511,511,0.7417,0.8232,0.1029,0.0739,351,UNIDOS POR UNA NUEVA ARGENTINA,2,FRENTE RENOVADOR → UNIDOS POR UNA NUEVA ARGENTINA,629.0,0.2035,0.1644
leg:958980525eea,"ALESANDRI, Carlos Tomas",diputados,Córdoba,2,1999-2001; 2001-2003,2001,2003,3,132,132,0.4015,0.8113,0.1887,0.0,53,JUSTICIALISTA,2,JUSTICIALISTA → SIN BLOQUE,106.0,0.5332,0.4595
leg:6372f66ac539,"ALESSANDRO, Dario Pedro",diputados,Cdad.Aut.Bs.As.,3,1995-1997; 1999-2001; 2001-2003,1997,2003,4,144,144,0.9167,0.6667,0.2045,0.1288,115,FREPASO,2,SIN BLOQUE → FREPASO,106.0,0.3756,0.4286
leg:ee83389af33a,"ALFARO, Germán Enrique",diputados,Tucumán,2,2007-2009; 2009-2011,2007,2011,5,370,370,0.7568,0.8821,0.1107,0.0071,278,FRENTE PARA LA VICTORIA,2,NO INTEGRA BLOQUE → FRENTE PARA LA VICTORIA,389.0,0.2327,0.0217
leg:a4a97a25574c,ALFONSÍN Ricardo,diputados,Buenos Aires,4,2009-2011; 2011-2013; 2013-2015; 2015-2017,2010,2017,8,887,887,0.6178,0.6825,0.2847,0.0328,530,UCR,2,SIN BLOQUE → UCR,755.0,0.3023,0.2383
leg:07dd609e6b27,"ALIZEGUI, Antonio Anibal",diputados,Entre Ríos,1,2009-2011,2010,2011,2,104,104,0.8846,0.7283,0.2391,0.0326,89,FRENTE PARA LA VICTORIA,1,FRENTE PARA LA VICTORIA,123.0,0.1023,0.0909
leg:9c555aba2824,"ALLENDE IRIARTE, Alberto",diputados,Cdad.Aut.Bs.As.,1,1999-2001,2001,2001,1,39,39,0.7436,0.5517,0.3793,0.069,27,PARTIDO DEMOCRATA POR LA CAPITAL FEDERAL,2,SIN BLOQUE → PARTIDO DEMOCRATA POR LA CAPITAL FEDERAL,24.0,0.1875,0.0
leg:d29e4a753cb2,"ALLENDE, Alfredo Estanislao",diputados,Buenos Aires,3,1995-1997; 1999-2001; 2001-2003,1997,2003,4,144,144,0.4583,0.5909,0.4091,0.0,66,UCR,3,SIN BLOQUE → UCR → FRENTE DEL MOVIMIENTO POPULAR,106.0,0.4179,0.4081
leg:14a1670e2af2,ALONSO Horacio Fernando,diputados,Buenos Aires,1,2015-2017,2016,2017,2,307,307,0.9544,0.9556,0.041,0.0034,292,UNIDOS POR UNA NUEVA ARGENTINA,1,UNIDOS POR UNA NUEVA ARGENTINA,307.0,0.0882,0.3333
leg:d5481880f8f4,ALONSO Laura,diputados,C.A.B.A.,3,2009-2011; 2011-2013; 2013-2015,2010,2015,6,580,580,0.5466,0.5205,0.4416,0.0379,305,PRO,2,PRO → PARTIDO BLOQUISTA DE SAN JUAN,822.0,0.2017,0.224
leg:cd393abd7976,ALONSO Laura Valeria,diputados,Buenos Aires,1,2017-2019,2017,2019,3,213,213,0.8545,0.6813,0.2967,0.022,178,FRENTE PARA LA VICTORIA,1,FRENTE PARA LA VICTORIA,213.0,0.1106,0.0
leg:bfb647c78970,ALONSO María Luz,diputados,La Pampa,2,2011-2013; 2013-2015,2011,2015,5,476,476,0.9769,0.9871,0.0129,0.0,465,FRENTE PARA LA VICTORIA,1,FRENTE PARA LA VICTORIA,699.0,0.0216,0.0217
leg:82a129ace4a5,"ALONSO, Gumersindo Federico",diputados,Córdoba,4,2003-2005; 2005-2007; 2009-2011; 2011-2013,2003,2013,9,1269,1269,0.6131,0.8239,0.1388,0.0373,749,FRENTE CIVICO - CORDOBA,2,PARTIDO NUEVO CONTRA LA CORRUPCION → FRENTE CIVICO - CORDOBA,1393.0,0.1721,0.087
leg:eba439e38d13,ALUME SBODIO Karim Augusto,diputados,San Luis,2,2017-2019; 2019-2021,2017,2021,5,248,248,0.754,0.7647,0.1925,0.0428,179,FRENTE DE TODOS,3,COMPROMISO FEDERAL → UNIDAD JUSTICIALISTA → FRENTE DE TODOS,248.0,0.1633,0.0682
leg:89831a2a335e,ALVAREZ Elsa María,diputados,Santa Cruz,2,2009-2011; 2011-2013,2010,2013,4,376,376,0.867,0.6503,0.3252,0.0245,318,UCR,1,UCR,500.0,0.1012,0.1154
leg:9e0c952fe65c,ALVAREZ Jorge Mario,diputados,Santa Fe,2,2009-2011; 2011-2013,2010,2013,4,376,376,0.8005,0.6047,0.3455,0.0498,286,UCR,1,UCR,500.0,0.1084,0.1144
leg:4a5411ff0445,"ALVAREZ RODRIGUEZ, Cristina",diputados,Buenos Aires,5,2003-2005; 2005-2007; 2015-2017; 2017-2019; 2019-2021,2005,2021,9,1229,1229,0.7535,0.7873,0.1944,0.0184,909,FRENTE DE TODOS,3,FRENTE PARA LA VICTORIA → JUSTICIALISTA → FRENTE DE TODOS,653.0,0.1516,0.1783
leg:f0218ccf493c,"ALVAREZ, Juan José",diputados,Buenos Aires,4,2003-2005; 2005-2007; 2007-2009; 2009-2011,2003,2011,9,1272,1272,0.4701,0.7023,0.2475,0.0502,568,NUCLEO UNIDAD PERONISTA,7,JUSTICIALISTA → NUCLEO UNIDAD PERONISTA → PERONISTA FEDERAL → JUSTICIALISTA NACIONAL → UNION CELESTE Y BLANCA → UNION CELESTE Y BLANCO → PERONISTA,1291.0,0.2472,0.1093
leg:740858629453,"ALVAREZ, Roque Tobías",diputados,Tucumán,2,2001-2003; 2003-2005,2002,2005,4,312,312,0.8526,0.8947,0.0902,0.015,262,SIN BLOQUE,3,F.F.J. AZUL Y BLANCO → JUSTICIALISTA → SIN BLOQUE,217.0,0.2547,0.5192
leg:7d77bec30410,"ALVARO, Héctor Jorge",diputados,Mendoza,2,2007-2009; 2009-2011,2007,2011,5,379,379,0.8945,0.8909,0.0885,0.0206,332,DE LA CONCERTACION,1,DE LA CONCERTACION,398.0,0.0854,0.0638
leg:00f21075dd64,AMADEO Eduardo Pablo,diputados,Buenos Aires,5,1993-1995; 2009-2011; 2011-2013; 2015-2017; 2017-2019,1994,2019,9,898,898,0.7595,0.6935,0.2918,0.0147,672,PRO,4,PRO → PERONISMO FEDERAL → FRENTE PERONISTA → FRENTE RENOVADOR,1022.0,0.1401,0.1215
leg:61d4858c1a5e,AMAYA Domingo,diputados,Tucumán,2,2019-2021; 2021-2023,2019,2023,5,52,52,0.8077,0.4048,0.5952,0.0,42,ENCUENTRO FEDERAL,2,PRO → ENCUENTRO FEDERAL,31.0,0.129,0.0
leg:453aeb6620c1,"AMENTA, Marcelo Eduardo",diputados,Buenos Aires,1,2007-2009,2007,2009,3,275,275,0.5345,0.5918,0.4014,0.0068,146,SIN BLOQUE,4,PRO → RECREAR PARA EL CRECIMIENTO → SIN BLOQUE → CONVERGENCIA FEDERAL,266.0,0.0233,0.0
leg:9f6a58dff78f,AMERI Juan Emilio,diputados,Salta,1,2019-2021,2019,2020,2,31,31,1.0,1.0,0.0,0.0,31,FRENTE DE TODOS,1,FRENTE DE TODOS,31.0,0.0,0.0
leg:8ff2c3eea6e9,"AMSTUTZ, Guillermo",diputados,Mendoza,2,2001-2003; 2003-2005,2002,2005,4,312,312,0.8558,0.9476,0.0449,0.0075,265,SIN BLOQUE,2,JUSTICIALISTA → SIN BLOQUE,217.0,0.2037,0.283
leg:ed630d68f189,"ANAUATE, Carlos Alfredo",diputados,Santiago del Estero,1,2005-2007,2007,2007,1,139,139,0.0288,0.75,0.25,0.0,4,MOV. DE BASES INDEPENDIENTES,3,NO INTEGRA BLOQUE → SIN BLOQUE → MOV. DE BASES INDEPENDIENTES,118.0,0.0,
leg:085d73e34056,"ANCARANI, Hilda Norma",diputados,Buenos Aires,1,2001-2003,2002,2002,1,1,1,0.0,,,,0,JUSTICIALISTA,1,JUSTICIALISTA,1.0,1.0,
leg:a8948564dda2,ANGELINI Federico,diputados,Santa Fe,2,2019-2021; 2021-2023,2019,2023,5,52,52,0.9038,0.383,0.617,0.0,47,PRO,1,PRO,52.0,0.0577,0.0
leg:256c9687e6e4,APARICIO Alicia Noemi,diputados,Buenos Aires,2,2019-2021; 2021-2023,2019,2023,5,52,52,0.9615,0.96,0.04,0.0,50,FRENTE DE TODOS,1,FRENTE DE TODOS,31.0,0.0,0.0
leg:9e8781eee5e7,ARAGON Santiago,diputados,Buenos Aires,1,2011-2013,2011,2011,1,18,18,1.0,1.0,0.0,0.0,18,SIN BLOQUE,2,SIN BLOQUE → FRENTE PARA LA VICTORIA,14.0,0.0,
leg:50c7d6f6ccc5,"ARBO, José Ameghino",diputados,Corrientes,2,2007-2009; 2009-2011,2007,2011,5,379,379,0.5356,0.6256,0.3103,0.064,190,LIBERAL DE CORRIENTES,2,PARTIDO LIBERAL DE CORRIENTES → LIBERAL DE CORRIENTES,398.0,0.0,0.0
leg:33d0c5a839ad,ARCE Mario Horacio,diputados,Formosa,2,2017-2019; 2019-2021,2017,2021,5,248,248,0.9718,0.6307,0.3693,0.0,241,UCR,1,UCR,248.0,0.0425,0.0455
leg:b99fb468d633,"ARDID, Mario Rolando",diputados,Córdoba,2,2005-2007; 2007-2009,2007,2009,3,456,456,0.7412,0.7604,0.2041,0.0355,326,SIN BLOQUE,2,PARTIDO NUEVO CONTRA LA CORRUPCION → SIN BLOQUE,426.0,0.3282,0.3333
leg:2d319d09e710,ARENA Celia Isabel,diputados,Santa Fe,2,2009-2011; 2011-2013,2010,2013,4,376,376,0.9255,0.9626,0.0316,0.0057,346,FRENTE PARA LA VICTORIA,3,FRENTE PARA LA VICTORIA → PERONISMO FEDERAL → NO INTEGRA BLOQUE,500.0,0.1222,0.1048
leg:ee32bfef0b09,ARENAS Berta Hortensia,diputados,San Luis,2,2013-2015; 2015-2017,2014,2017,4,511,511,0.7593,0.7912,0.1624,0.0464,370,COMPROMISO FEDERAL,1,COMPROMISO FEDERAL,629.0,0.1954,0.2293
leg:165f16d13eb7,"ARETA, María Josefa",diputados,Corrientes,2,2007-2009; 2009-2011,2007,2011,5,379,379,0.6438,0.832,0.1434,0.0246,238,FRENTE DE TODOS,1,FRENTE DE TODOS,398.0,0.103,0.234
leg:16be98c87112,"ARGUL, Marta del Carmen",diputados,Jujuy,2,1999-2001; 2001-2003,2001,2003,3,132,132,0.7576,0.49,0.45,0.06,94,MO.RE.CI,3,FREPASO → SIN BLOQUE → MO.RE.CI,106.0,0.0841,0.0238
leg:30dcf2f9e994,ARGUMEDO Alcira Susana,diputados,C.A.B.A.,4,2009-2011; 2011-2013; 2013-2015; 2015-2017,2010,2017,8,887,887,0.8016,0.5654,0.3488,0.0858,650,PROYECTO SUR,4,"MOVIMIENTO PROYECTO SUR → PROYECTO SUR → LIBERTAD, VALORES Y CAMBIOS → PROYECTO SUR - UNEN",1129.0,0.0573,0.0729
leg:4b27aa8b2f6c,"ARGÜELLO, Jorge",diputados,Cdad.Aut.Bs.As.,3,1993-1995; 2003-2005; 2005-2007,1994,2007,6,758,758,0.7203,0.9231,0.0421,0.0348,527,FRENTE PARA LA VICTORIA,3,SIN BLOQUE → JUSTICIALISTA → FRENTE PARA LA VICTORIA,583.0,0.3056,0.2351
leg:c28a5fc9a97d,"ARGÜELLO, Octavio",diputados,Buenos Aires,2,2007-2009; 2009-2011,2007,2011,5,379,379,0.7573,0.9303,0.0627,0.007,285,FRENTE PARA LA VICTORIA,1,FRENTE PARA LA VICTORIA,398.0,0.2346,0.2128
leg:8f91f9cae463,"ARNALDI, Monica Susana",diputados,Buenos Aires,2,1999-2001; 2001-2003,2001,2003,3,132,132,0.7045,0.8065,0.1935,0.0,93,JUSTICIALISTA,2,JUSTICIALISTA → SIN BLOQUE,106.0,0.3,0.1722
leg:cbdf6f15fc73,"ARNOLD, Eduardo Ariel",diputados,Santa Cruz,2,2003-2005; 2005-2007,2003,2007,5,893,893,0.5039,0.9289,0.0489,0.0222,440,SIN BLOQUE,4,JUSTICIALISTA → SIN BLOQUE → FRENTE PARA LA VICTORIA → NO INTEGRA BLOQUE,711.0,0.288,0.5277
leg:4ccd2ed86f5c,ARREGUI Andrés Roberto,diputados,Buenos Aires,2,2011-2013; 2013-2015,2011,2015,5,476,476,0.9559,0.9802,0.0132,0.0066,452,FRENTE PARA LA VICTORIA,1,FRENTE PARA LA VICTORIA,699.0,0.0518,0.0452
leg:171b5d4ba323,"ARRIAGA, Julio Esteban",diputados,Rio Negro,3,2003-2005; 2005-2007; 2007-2009,2005,2009,5,949,949,0.7387,0.9116,0.0856,0.0029,699,UNION PERONISTA,4,FRENTE PARA LA VICTORIA → JUSTICIALISTA → SIN BLOQUE → UNION PERONISTA,842.0,0.2033,0.0909
leg:8f57786fc402,ARRIETA Gustavo Héctor,diputados,Buenos Aires,1,2015-2017,2016,2017,2,307,307,0.5537,0.4529,0.5353,0.0118,168,FRENTE PARA LA VICTORIA,1,FRENTE PARA LA VICTORIA,307.0,0.3753,0.6667
leg:63a0e9bbdb51,"ARTOLA, Isabel Amanda",diputados,Buenos Aires,2,2003-2005; 2005-2007,2003,2007,5,773,773,0.7878,0.8309,0.1346,0.0345,588,FRENTE PARA LA VICTORIA,3,FRENTE POPULAR BONAERENSE → SIN BLOQUE → FRENTE PARA LA VICTORIA,606.0,0.252,0.0909
leg:e4212563a09b,ASCARATE Lidia,diputados,Tucumán,2,2019-2021; 2021-2023,2019,2023,5,52,52,0.9423,0.3673,0.6327,0.0,49,UCR,1,UCR,31.0,0.0,0.0
leg:3ab0f5939336,"ASEF, Daniel Edgardo",diputados,Córdoba,1,2009-2011,2010,2011,2,100,100,0.72,0.9583,0.0417,0.0,72,NUCLEO UNIDAD PERONISTA,3,NO INTEGRA BLOQUE → NUCLEO UNIDAD PERONISTA → PERONISTA CORDOBA CIUDADANA,119.0,0.1737,0.2708
leg:3dce9b8007b1,ASENCIO Fernando,diputados,Buenos Aires,1,2017-2019,2018,2019,2,128,128,0.7891,0.703,0.2574,0.0396,97,RED POR ARGENTINA,2,RED POR ARGENTINA → UNIDOS POR UNA NUEVA ARGENTINA,128.0,0.1263,0.5
leg:031efa7c110c,ASPIAZU Lucio Bernardo,diputados,Corrientes,2,2009-2011; 2011-2013,2010,2013,4,376,376,0.4654,0.56,0.4343,0.0057,174,UCR,1,UCR,500.0,0.3349,0.3376
leg:ba28cc819b8a,ASSEFF Alberto Emilio,diputados,Buenos Aires,4,2011-2013; 2013-2015; 2019-2021; 2021-2023,2011,2023,10,528,528,0.3239,0.4094,0.4561,0.1345,148,PRO,4,PRO → FRENTE PERONISTA → COMPROMISO FEDERAL → UNIR,438.0,0.1983,0.25
leg:2c923cfe2abc,"ATANASOF, Alfredo Néstor",diputados,Buenos Aires,6,1995-1997; 1999-2001; 2003-2005; 2005-2007; 2009-2011; 2011-2013,1997,2013,11,1320,1320,0.5803,0.8329,0.1423,0.0248,747,FRENTE PERONISTA,4,FRENTE PERONISTA → JUSTICIALISTA → PERONISTA FEDERAL → PERONISMO FEDERAL,1444.0,0.2613,0.1379
leg:31b9bbd95f46,"AUGSBURGER, Silvia",diputados,Santa Fe,3,2003-2005; 2005-2007; 2007-2009,2005,2009,5,949,949,0.8251,0.7305,0.2312,0.0383,753,PARTIDO SOCIALISTA,3,PARTIDO SOCIALISTA → FRENTE PROG. CIVICO Y SOCIAL → SIN BLOQUE,842.0,0.1438,0.0
leg:388c45663c2c,AUSTIN Brenda Lis,diputados,Córdoba,3,2015-2017; 2017-2019; 2019-2021,2016,2021,6,550,550,0.9691,0.7692,0.2214,0.0094,528,UCR,1,UCR,550.0,0.0394,0.0493
leg:7467455deef6,AVOSCAN Herman Horacio,diputados,Rio Negro,2,2011-2013; 2013-2015,2011,2015,5,476,476,0.9727,0.9762,0.0173,0.0065,460,FRENTE PARA LA VICTORIA,1,FRENTE PARA LA VICTORIA,699.0,0.0368,0.0394
leg:0ed4e1de97fd,AYALA Aida Beatriz Máxima,diputados,Chaco,2,2017-2019; 2019-2021,2017,2021,5,248,248,0.5282,0.7786,0.2214,0.0,131,UCR,1,UCR,248.0,0.478,0.4091
leg:27a2b3ca6a1b,"AZCOITI, Pedro José",diputados,Buenos Aires,3,2003-2005; 2005-2007; 2007-2009,2005,2009,5,949,949,0.667,0.643,0.3254,0.0316,613,UCR,2,UCR → SIN BLOQUE,842.0,0.2638,0.0909
leg:7b46a67cb481,"Abalovich, Eduardo Antonio",diputados,,1,1995-1997,1997,1997,1,12,12,0.6667,0.75,0.25,0.0,8,SIN BLOQUE,1,SIN BLOQUE,,,
leg:5ffa765ce2a5,"Aban, Gloria del S.",diputados,,1,1995-1997,1997,1997,1,12,12,1.0,0.5,0.5,0.0,12,SIN BLOQUE,1,SIN BLOQUE,,,
leg:153debd27ba5,"Abasto, Angel Leonidas",diputados,Buenos Aires,3,1993-1995; 1995-1997; 1999-2001,1994,2001,3,65,65,0.3385,0.9091,0.0909,0.0,22,JUSTICIALISTA,2,SIN BLOQUE → JUSTICIALISTA,24.0,0.2933,0.0
leg:34e855b743ca,"Abihaggle, Carlos Enrique",diputados,,2,1993-1995; 1995-1997,1994,1997,2,17,17,0.4706,0.625,0.375,0.0,8,SIN BLOQUE,1,SIN BLOQUE,,,
leg:8914de6a9717,"Acevedo, Sergio Edgardo",diputados,Santa Cruz,3,1995-1997; 2001-2003; 2023-2025,1997,2025,5,323,323,0.8111,0.7214,0.2557,0.0229,256,SIN BLOQUE,2,SIN BLOQUE → JUSTICIALISTA,58.0,0.5076,0.71
leg:ce54e9c5f918,"Aceñolaza, Florencio G.",diputados,,1,1993-1995,1994,1994,1,14,14,0.7143,0.7,0.3,0.0,10,SIN BLOQUE,1,SIN BLOQUE,,,
leg:666be68c99eb,"Achem, Antonio",diputados,,1,1993-1995,1994,1994,1,14,14,0.4286,0.6667,0.3333,0.0,6,SIN BLOQUE,1,SIN BLOQUE,,,
leg:6ae7d40bc666,"Adaime, Felipe Teófilo",diputados,,2,1993-1995; 1995-1997,1994,1997,2,26,26,0.6154,0.5,0.5,0.0,16,SIN BLOQUE,1,SIN BLOQUE,,,
leg:267ec74ea4fc,"Agost Carreño, Oscar",diputados,Cordoba,2,2021-2023; 2023-2025,2023,2025,3,276,276,0.9746,0.8773,0.1115,0.0112,266,ENCUENTRO FEDERAL,1,ENCUENTRO FEDERAL,276.0,0.0916,0.0825
leg:760fffa002fa,"Aguero, Guillermo Cesar",diputados,Chaco,1,2025-2027,2025,2026,2,95,95,0.9895,0.8191,0.1809,0.0,94,UCR,1,UCR,105.0,0.0048,0.0139
leg:7a8c6b9c4111,"Aguirre, Manuel Ignacio",diputados,Corrientes,2,2021-2023; 2023-2025,2022,2025,4,291,291,0.5326,0.8903,0.1097,0.0,155,DEMOCRACIA PARA SIEMPRE,1,DEMOCRACIA PARA SIEMPRE,291.0,0.4527,0.2624
leg:942cc9f91f3e,"Ajmechet, Sabrina",diputados,Ciudad de Buenos Aires,3,2021-2023; 2023-2025; 2025-2027,2022,2026,5,386,386,0.8964,0.6358,0.3555,0.0087,343,LA LIBERTAD AVANZA,1,LA LIBERTAD AVANZA,396.0,0.1239,0.0241
leg:e7c79e9b3395,"Albamonte, Alberto Gustavo",diputados,,1,1993-1995,1994,1994,1,14,14,0.5714,0.5,0.375,0.125,7,SIN BLOQUE,1,SIN BLOQUE,,,
leg:0a5184f3ee55,"Alberti, Juan Carlos",diputados,,1,1993-1995,1994,1994,1,14,14,0.1429,0.5,0.5,0.0,2,SIN BLOQUE,1,SIN BLOQUE,,,
leg:15d6ec598836,"Alcala, Nestor Ricardo",diputados,,1,1993-1995,1994,1994,1,14,14,0.7857,0.6364,0.3636,0.0,11,SIN BLOQUE,1,SIN BLOQUE,,,
leg:db80c31e394b,"Alende, Oscar Eduardo",diputados,,1,1993-1995,1994,1994,1,14,14,0.0,,,,0,SIN BLOQUE,1,SIN BLOQUE,,,
leg:fb4cca6f3eeb,"Algaba, Ernesto Pedro",diputados,,1,1993-1995,1994,1994,1,14,14,0.7857,0.3636,0.5455,0.0909,10,SIN BLOQUE,1,SIN BLOQUE,,,
leg:a0256bbec882,"Ali, Ernesto ""Pipi""",diputados,,2,2023-2025; 2025-2027,2024,2026,3,369,369,0.981,0.5691,0.4282,0.0028,361,SIN BLOQUE,1,SIN BLOQUE,10.0,0.0,0.0
leg:00b9a5d896d5,"Alianiello, Eugenia",diputados,Chubut,2,2021-2023; 2023-2025,2022,2025,4,291,291,0.9759,0.6655,0.331,0.0035,283,UNION POR LA PATRIA,1,UNION POR LA PATRIA,291.0,0.0335,0.0213
leg:1f986dee686d,"Allende, Walberto",diputados,San Juan,4,2017-2019; 2019-2021; 2021-2023; 2023-2025,2017,2025,9,539,539,0.872,0.8043,0.1851,0.0106,465,UNION POR LA PATRIA,3,TODOS JUNTOS POR SAN JUAN → FRENTE DE TODOS → UNION POR LA PATRIA,295.0,0.165,0.2766
leg:be2b1d2a1f5b,"Almena, Carlos Alberto",diputados,San Luis,1,2025-2027,2025,2026,2,95,95,1.0,0.8211,0.1789,0.0,95,LA LIBERTAD AVANZA,1,LA LIBERTAD AVANZA,105.0,0.0,0.0
leg:64dd69a0ff4d,"Almiron, Lisandro",diputados,Corrientes,2,2023-2025; 2025-2027,2024,2026,3,369,369,0.9783,0.5596,0.4404,0.0,361,LA LIBERTAD AVANZA,1,LA LIBERTAD AVANZA,379.0,0.0132,0.0
leg:e44db7a2d7dc,"Alonso, Constanza Maria",diputados,Buenos Aires,2,2021-2023; 2023-2025,2022,2025,4,291,291,0.9863,0.6585,0.3415,0.0,287,UNION POR LA PATRIA,1,UNION POR LA PATRIA,291.0,0.0122,0.0
leg:33b02d501866,"Alsogaray, Albaro Carlos",diputados,,2,1993-1995; 1995-1997,1994,1997,2,26,26,0.4615,0.3333,0.5,0.1667,10,SIN BLOQUE,1,SIN BLOQUE,,,
leg:b9706ca17ccd,"Alterach, Miguel Angel",diputados,,1,1995-1997,1997,1997,1,12,12,1.0,0.4167,0.5,0.0833,11,SIN BLOQUE,1,SIN BLOQUE,,,
leg:88e201cf91bc,"Alvarez Echague, Raul A.",diputados,,2,1993-1995; 1995-1997,1994,1997,2,26,26,0.5385,0.5714,0.4286,0.0,14,SIN BLOQUE,1,SIN BLOQUE,,,
leg:66e30588ca1d,"Alvarez Garcia, Normando",diputados,,2,1993-1995; 1995-1997,1994,1997,2,26,26,0.4231,0.7273,0.2727,0.0,11,SIN BLOQUE,1,SIN BLOQUE,,,
leg:a14a28a90777,"Alvarez, Carlos Alberto",diputados,,2,1993-1995; 1995-1997,1994,1997,2,26,26,0.6154,0.5,0.5,0.0,16,SIN BLOQUE,1,SIN BLOQUE,,,
leg:ddb761b8a946,"Alvarez, Carlos Raúl",diputados,,2,1993-1995; 1995-1997,1994,1997,2,26,26,0.5769,0.6,0.2667,0.1333,13,SIN BLOQUE,1,SIN BLOQUE,,,
leg:4252c962e034,"Alvarez, Claudio",diputados,San Luis,1,2025-2027,2025,2026,2,95,95,0.9895,0.5638,0.4362,0.0,94,INNOVACION FEDERAL,1,INNOVACION FEDERAL,105.0,0.5249,0.8364
leg:00481a4d3150,"Andino, Cristian",diputados,San Juan,1,2025-2027,2025,2026,2,95,95,0.9684,0.3587,0.6413,0.0,92,UNION POR LA PATRIA,1,UNION POR LA PATRIA,105.0,0.0524,0.0278
leg:485bbb69682e,"Andrade, Javier",diputados,Ciudad de Buenos Aires,1,2025-2027,2025,2026,2,95,95,0.9895,0.3404,0.6596,0.0,94,UNION POR LA PATRIA,1,UNION POR LA PATRIA,105.0,0.0246,0.0
leg:2f39422dead0,"Andreussi, Barbara",diputados,Jujuy,1,2025-2027,2025,2026,2,95,95,1.0,0.8211,0.1789,0.0,95,LA LIBERTAD AVANZA,1,LA LIBERTAD AVANZA,105.0,0.0,0.0
leg:4dadbcaa74b5,"Ansaloni, Pablo",diputados,Buenos Aires,4,2017-2019; 2019-2021; 2023-2025; 2025-2027,2017,2026,8,617,617,0.9335,0.6267,0.3733,0.0,576,LA LIBERTAD AVANZA,3,PRO → UNIDAD Y EQUIDAD FEDERAL → LA LIBERTAD AVANZA,383.0,0.0185,0.0123
leg:9caca0b9fbfc,"Antelo, José María",diputados,,1,1993-1995,1994,1994,1,14,14,0.6429,0.3333,0.5556,0.1111,8,SIN BLOQUE,1,SIN BLOQUE,,,
leg:02cac82a6d55,"Antola, Marcela",diputados,Entre Rios,2,2021-2023; 2023-2025,2022,2025,4,291,291,0.8247,0.8542,0.1208,0.025,234,DEMOCRACIA PARA SIEMPRE,1,DEMOCRACIA PARA SIEMPRE,291.0,0.232,0.2813
leg:01bb4035d026,"Arabia, Damian",diputados,Ciudad de Buenos Aires,2,2023-2025; 2025-2027,2024,2026,3,369,369,0.8672,0.6062,0.3906,0.0031,319,LA LIBERTAD AVANZA,1,LA LIBERTAD AVANZA,379.0,0.1298,0.0
leg:b2b0502b391a,"Aragones de Juarez, Mercedes",diputados,Santiago del Estero,3,1993-1995; 1995-1997; 2001-2003,1994,2002,3,31,31,0.3871,0.75,0.25,0.0,12,JUSTICIALISTA,2,SIN BLOQUE → JUSTICIALISTA,,,
leg:73ff7665eb7c,"Aramburu, Guillermo Raul",diputados,,1,1995-1997,1997,1997,1,12,12,0.8333,0.8,0.2,0.0,10,SIN BLOQUE,1,SIN BLOQUE,,,
leg:c50a2257bc00,"Arancibia Rodriguez, Alberto Gustavo",diputados,San Luis,2,2021-2023; 2023-2025,2023,2025,3,275,275,0.9382,0.4845,0.5155,0.0,258,LA LIBERTAD AVANZA,1,LA LIBERTAD AVANZA,275.0,0.0667,0.0222
leg:6bb79607babd,"Aranda, Saturnino Dantti",diputados,,1,1993-1995,1994,1994,1,14,14,0.8571,0.75,0.25,0.0,12,SIN BLOQUE,1,SIN BLOQUE,,,
leg:b1601639ddd3,"Araujo Hernandez, Jorge Neri",diputados,Tierra del Fuego,2,2023-2025; 2025-2027,2024,2026,3,369,369,0.9892,0.5726,0.4247,0.0027,364,UNION POR LA PATRIA,1,UNION POR LA PATRIA,379.0,0.0139,0.0
leg:16c0a1a7dab8,"Araujo, Maria Fernanda",diputados,Ciudad de Buenos Aires,1,2023-2025,2024,2025,2,274,274,0.9672,0.4679,0.5321,0.0,265,LA LIBERTAD AVANZA,1,LA LIBERTAD AVANZA,274.0,0.0414,0.0222
leg:d8a80345b425,"Ardohain, Martin",diputados,La Pampa,2,2023-2025; 2025-2027,2024,2026,3,369,369,0.9539,0.608,0.3693,0.0227,344,PRO,1,PRO,379.0,0.0384,0.0
leg:89113e156875,"Arias, Cesar",diputados,,2,1993-1995; 1995-1997,1994,1997,2,26,26,0.5769,0.6667,0.2667,0.0667,14,SIN BLOQUE,1,SIN BLOQUE,,,
leg:5ef06a9fa93d,"Arjol, Martin",diputados,Misiones,2,2021-2023; 2023-2025,2022,2025,4,291,291,0.7457,0.6544,0.3364,0.0092,215,LIGA DEL INTERIOR ELI,1,LIGA DEL INTERIOR ELI,291.0,0.1753,0.0851
leg:d8361d886de1,"Armendariz, Alejandro",diputados,,1,1993-1995,1994,1994,1,14,14,0.5,0.4286,0.4286,0.1429,6,SIN BLOQUE,1,SIN BLOQUE,,,
leg:bbe148efe53e,"Arrechea, José Salvador",diputados,,1,1993-1995,1994,1994,1,14,14,0.7143,0.7,0.3,0.0,10,SIN BLOQUE,1,SIN BLOQUE,,,
leg:b76cd48d687c,"Arricau, Carolina Natalia",diputados,Buenos Aires,1,2021-2023,2023,2023,1,8,8,1.0,0.75,0.25,0.0,8,FRENTE DE TODOS,1,FRENTE DE TODOS,8.0,0.125,0.0
leg:d71d84efe865,"Arrieta, Lourdes Micaela",diputados,Mendoza,2,2023-2025; 2025-2027,2024,2026,3,369,369,0.916,0.6953,0.2189,0.0858,309,PROVINCIAS UNIDAS,1,PROVINCIAS UNIDAS,379.0,0.3275,0.3457
leg:f39984289965,"Arroyo, Daniel",diputados,Buenos Aires,3,2017-2019; 2021-2023; 2023-2025,2017,2025,7,504,504,0.9742,0.7006,0.277,0.0224,480,UNION POR LA PATRIA,3,UNIDOS POR UNA NUEVA ARGENTINA → RED POR ARGENTINA → UNION POR LA PATRIA,291.0,0.0129,0.0
leg:15038c1d7d4d,"Arrua, Alberto",diputados,Misiones,2,2023-2025; 2025-2027,2024,2026,3,369,369,0.6531,0.8589,0.0954,0.0456,230,INNOVACION FEDERAL,1,INNOVACION FEDERAL,379.0,0.1193,0.059
leg:1fd510ce6f5f,"Aubone, Ana Fabiola",diputados,San Juan,2,2021-2023; 2023-2025,2022,2025,4,291,291,0.9828,0.7063,0.2902,0.0035,285,UNION POR LA PATRIA,1,UNION POR LA PATRIA,291.0,0.0642,0.0851
leg:7e5d50e8754c,"Aveiro, Martin",diputados,Mendoza,2,2023-2025; 2025-2027,2024,2026,3,369,369,0.9322,0.6105,0.3866,0.0029,343,UNION POR LA PATRIA,1,UNION POR LA PATRIA,379.0,0.0772,0.0988
leg:c12cd8356123,"Avico, Belen",diputados,Cordoba,2,2023-2025; 2025-2027,2024,2026,3,369,369,0.8374,0.6246,0.3722,0.0032,308,LA LIBERTAD AVANZA,1,LA LIBERTAD AVANZA,379.0,0.1641,0.0494
leg:33821b5dd217,"Avila, Eduardo Carlos",diputados,,1,1995-1997,1997,1997,1,12,12,0.5833,0.5714,0.4286,0.0,7,SIN BLOQUE,1,SIN BLOQUE,,,
leg:1c28d8068a4c,"Avila, Fernanda",diputados,Catamarca,2,2023-2025; 2025-2027,2024,2026,3,369,369,0.7859,0.6552,0.331,0.0138,286,ELIJO CATAMARCA,1,ELIJO CATAMARCA,379.0,0.0831,0.0926
leg:8a803f5ea709,"Avila, Jorge Antonio",diputados,Chubut,2,2023-2025; 2025-2027,2024,2026,3,369,369,0.4986,0.6087,0.3152,0.0761,170,PROVINCIAS UNIDAS,1,PROVINCIAS UNIDAS,379.0,0.529,0.4098
leg:5637fe1c6c97,"Ayala, Juan Carlos",diputados,Chaco,2,1995-1997; 1999-2001,1997,2001,2,51,51,0.5686,0.6552,0.3448,0.0,29,JUSTICIALISTA,2,SIN BLOQUE → JUSTICIALISTA,24.0,0.21,0.0
leg:1ee8464ccda4,"Ayala, Susana Beatriz",diputados,,1,1993-1995,1994,1994,1,14,14,0.5714,0.875,0.125,0.0,8,SIN BLOQUE,1,SIN BLOQUE,,,
leg:236c3d4f69db,"Ayetz, Liliana",diputados,,2,1993-1995; 1995-1997,1994,1997,2,26,26,0.5385,0.5714,0.3571,0.0714,13,SIN BLOQUE,1,SIN BLOQUE,,,
leg:55a89b1dc49d,"BAGLINI, Raúl Eduardo",diputados,Mendoza,1,1999-2001,2001,2001,1,39,39,0.8205,0.5938,0.3438,0.0625,30,UCR,2,SIN BLOQUE → UCR,24.0,0.2374,0.25
leg:66423adbe4a1,BAHILLO Juanjo,diputados,Entre Ríos,1,2017-2019,2017,2019,3,213,213,0.9765,0.9135,0.0673,0.0192,204,JUSTICIALISTA,1,JUSTICIALISTA,213.0,0.2901,0.5754
leg:b697f7b93549,"BAIGORRI, Guillermo Francisco",diputados,San Juan,2,2003-2005; 2005-2007,2003,2007,5,893,893,0.7514,0.8107,0.1133,0.076,620,SIN BLOQUE,3,JUSTICIALISTA → SIN BLOQUE → VIDA Y COMPROMISO,711.0,0.0533,0.0554
leg:e65b49a36ce9,"BAIGORRIA, Miguel Angel",diputados,Tierra del Fuego,2,2001-2003; 2003-2005,2002,2005,4,312,312,0.9359,0.8733,0.0925,0.0342,282,SIN BLOQUE,2,JUSTICIALISTA → SIN BLOQUE,217.0,0.1437,0.2464
leg:27150213a8cd,"BALADRON, Manuel Justo",diputados,La Pampa,5,1999-2001; 2001-2003; 2003-2005; 2005-2007; 2007-2009,2001,2009,9,1300,1300,0.7554,0.8982,0.0774,0.0244,958,FRENTE PARA LA VICTORIA,3,JUSTICIALISTA → SIN BLOQUE → FRENTE PARA LA VICTORIA,1083.0,0.2768,0.1685
leg:f75e2caf7163,BALBO Elva Susana,diputados,Mendoza,2,2015-2017; 2017-2019,2016,2018,3,386,386,0.8523,0.8085,0.1854,0.0061,327,PRO,1,PRO,386.0,0.1519,0.0952
leg:3237c69d09fc,BALCEDO María Ester,diputados,Buenos Aires,2,2011-2013; 2013-2015,2011,2015,5,476,476,0.9244,0.9841,0.0159,0.0,440,FRENTE PARA LA VICTORIA,1,FRENTE PARA LA VICTORIA,699.0,0.0731,0.0716
leg:ad573a2f0414,BALDASSI Héctor Walter,diputados,Córdoba,6,2013-2015; 2015-2017; 2017-2019; 2019-2021; 2021-2023; 2023-2025,2014,2025,12,1050,1050,0.7771,0.7108,0.2623,0.027,794,PRO,1,PRO,734.0,0.149,0.1515
leg:21eb46aa78dd,"BALDATA, Griselda Angela",diputados,Córdoba,2,2007-2009; 2009-2011,2007,2011,5,379,379,0.6649,0.5873,0.381,0.0317,244,COALICION CIVICA,1,COALICION CIVICA,398.0,0.292,0.1928
leg:d1b9631805a4,"BALESTRINI, Alberto",diputados,Buenos Aires,3,1993-1995; 2003-2005; 2005-2007,1994,2007,4,327,327,0.0642,0.7143,0.1905,0.0952,19,SIN BLOQUE,3,SIN BLOQUE → JUSTICIALISTA → FRENTE PARA LA VICTORIA,3.0,0.3333,0.0
leg:b768646a2cc0,"BALIAN, Alejandro",diputados,Córdoba,2,1999-2001; 2001-2003,2001,2003,3,132,132,0.3939,0.6346,0.3269,0.0385,50,UCR,2,SIN BLOQUE → UCR,106.0,0.5401,0.652
leg:0b58a83b481d,"BALTUZZI, Angel Enzo",diputados,Santa Fe,2,2001-2003; 2003-2005,2002,2005,4,312,312,0.9167,0.8531,0.0769,0.0699,266,SIN BLOQUE,2,JUSTICIALISTA → SIN BLOQUE,217.0,0.2183,0.2418
leg:f479e489c9d1,BANFI Karina Verónica,diputados,Buenos Aires,6,2015-2017; 2017-2019; 2019-2021; 2021-2023; 2023-2025; 2025-2027,2016,2026,11,941,941,0.9671,0.7593,0.2165,0.0242,888,ADELANTE BUENOS AIRES,2,UCR → ADELANTE BUENOS AIRES,551.0,0.0181,0.0591
leg:d137f3efc159,"BARAGIOLA, Vilma Rosana",diputados,Buenos Aires,3,2003-2005; 2005-2007; 2007-2009,2005,2009,5,949,949,0.3087,0.6587,0.3174,0.0239,286,UCR,2,UCR → SIN BLOQUE,842.0,0.4038,0.2727
leg:e6dde792b929,"BARBAGELATA, María Elena",diputados,Cdad.Aut.Bs.As.,3,1999-2001; 2001-2003; 2003-2005,2001,2005,4,300,300,0.8233,0.1903,0.7409,0.0688,230,SIN BLOQUE,3,FREPASO → SIN BLOQUE → PARTIDO SOCIALISTA,191.0,0.1614,0.0588
leg:812a7d316fdd,BARBIERI Mario Leandro,diputados,Buenos Aires,2,2009-2011; 2011-2013,2010,2013,4,376,376,0.5824,0.6347,0.347,0.0183,215,UCR,1,UCR,500.0,0.2674,0.2439
leg:c175e3c158c3,BARCHETTA Omar Segundo,diputados,Santa Fe,2,2011-2013; 2013-2015,2011,2015,5,476,476,0.7143,0.5794,0.3235,0.0971,307,PARTIDO SOCIALISTA,1,PARTIDO SOCIALISTA,699.0,0.216,0.2259
leg:6d65af1bc68e,BARDEGGIA Luis María,diputados,Rio Negro,2,2013-2015; 2015-2017,2014,2017,4,511,511,0.8611,0.7705,0.2091,0.0205,431,FRENTE PARA LA VICTORIA,1,FRENTE PARA LA VICTORIA,629.0,0.132,0.0267
leg:d1c8ddc09658,BARLETTA Mario Domingo,diputados,Santa Fe,4,2013-2015; 2015-2017; 2021-2023; 2023-2025,2014,2025,8,802,802,0.697,0.7853,0.1843,0.0304,542,UNIDOS,2,UCR → UNIDOS,490.0,0.2488,0.3308
leg:7647e5396cdc,BARRANDEGUY Raúl Enrique,diputados,Entre Ríos,2,2009-2011; 2011-2013,2010,2013,4,376,376,0.9441,0.9099,0.0761,0.0141,350,FRENTE PARA LA VICTORIA,1,FRENTE PARA LA VICTORIA,500.0,0.0714,0.0857
leg:8cc2e614fcf8,BARRETO Jorge Rubén,diputados,Entre Ríos,2,2013-2015; 2015-2017,2014,2017,4,511,511,0.6106,0.8173,0.1795,0.0032,311,FRENTE PARA LA VICTORIA,1,FRENTE PARA LA VICTORIA,629.0,0.2849,0.1
leg:ded62d9934c7,"BARRIONUEVO, José Luis",diputados,Catamarca,3,2003-2005; 2005-2007; 2007-2009,2005,2009,5,949,949,0.2276,0.8241,0.1204,0.0556,204,NACIONAL SINDICAL,5,JUSTICIALISTA → PERONISTA FEDERAL → SIN BLOQUE → FRENTE PARA LA VICTORIA → NACIONAL SINDICAL,842.0,0.5756,0.4545
leg:b16bb91fb2a9,"BARRIOS, Miguel Angel",diputados,Santa Fe,2,2007-2009; 2009-2011,2007,2011,5,379,379,0.9499,0.6944,0.2833,0.0222,352,PARTIDO SOCIALISTA,1,PARTIDO SOCIALISTA,398.0,0.0467,0.0638
leg:763c9e622556,"BARTOLUCCI, Gilda Liliana",diputados,San Luis,1,2007-2009,2009,2009,1,107,107,0.4953,0.6226,0.3396,0.0377,51,FRENTE JUSTICIA UNION Y LIBERTAD,2,SIN BLOQUE → FRENTE JUSTICIA UNION Y LIBERTAD,100.0,0.1267,0.0
leg:ad88a29990f1,"BASILE, Daniel Armando",diputados,Buenos Aires,2,2001-2003; 2003-2005,2002,2005,4,312,312,0.5064,0.7468,0.1203,0.1329,137,SIN BLOQUE,2,JUSTICIALISTA → SIN BLOQUE,217.0,0.5356,0.5103
leg:1b79f9a5c4c7,"BASTEIRO, Sergio Ariel",diputados,Buenos Aires,4,2001-2003; 2003-2005; 2007-2009; 2009-2011,2002,2011,9,691,691,0.7757,0.6455,0.2761,0.0784,494,UNIDOS POR UNA NUEVA ARGENTINA,6,PARTIDO SOCIALISTA → A.R.I → NUEVO ENCUENTRO POPULAR Y SOLIDARIO → ENCUENTRO POPULAR Y SOCIAL → NO INTEGRA BLOQUE → UNIDOS POR UNA NUEVA ARGENTINA,710.0,0.2398,0.0732
leg:597de5e93d56,BASTERRA Luis Eugenio,diputados,Formosa,6,2011-2013; 2013-2015; 2015-2017; 2017-2019; 2023-2025; 2025-2027,2011,2026,12,1365,1365,0.9414,0.7401,0.2529,0.007,1276,UNION POR LA PATRIA,2,FRENTE PARA LA VICTORIA → UNION POR LA PATRIA,1598.0,0.0663,0.0506
leg:fc5a6d0cdc37,"BAYLAC, Juan Pablo",diputados,Buenos Aires,3,1995-1997; 1999-2001; 2001-2003,1997,2003,4,144,144,0.6597,0.6316,0.3158,0.0526,90,UCR,2,SIN BLOQUE → UCR,106.0,0.4007,0.6542
leg:5fdee6e98b0d,"BAYONZO, Liliana Amelia",diputados,Chaco,4,2001-2003; 2003-2005; 2005-2007; 2007-2009,2002,2009,8,1261,1261,0.6638,0.6033,0.374,0.0227,818,UCR,2,UCR → SIN BLOQUE,1059.0,0.3452,0.3506
leg:4be1f29b2dfd,BAZZE Miguel Ángel,diputados,Buenos Aires,6,2011-2013; 2013-2015; 2015-2017; 2017-2019; 2019-2021; 2021-2023,2011,2023,13,1048,1048,0.8645,0.6578,0.3223,0.0199,888,UCR,1,UCR,1271.0,0.1034,0.1399
leg:c0ab74655134,"BECCANI, Alberto Juan",diputados,Santa Fe,2,2003-2005; 2005-2007,2003,2007,5,893,893,0.8443,0.6074,0.3727,0.0199,739,SIN BLOQUE,2,UCR → SIN BLOQUE,711.0,0.2781,0.0
leg:675973a7e768,"BECERRA, Omar Enrique",diputados,Tierra del Fuego,2,1999-2001; 2001-2003,2001,2003,3,132,132,0.6818,0.7667,0.2,0.0333,87,JUSTICIALISTA,2,JUSTICIALISTA → SIN BLOQUE,106.0,0.2682,0.3643
leg:cb7e770af0b2,BEDANO Nora Esther,diputados,Córdoba,4,2007-2009; 2009-2011; 2011-2013; 2013-2015,2007,2015,9,855,855,0.8094,0.9465,0.0419,0.0116,684,FRENTE PARA LA VICTORIA,1,FRENTE PARA LA VICTORIA,1097.0,0.167,0.0705
leg:029a32f9782c,"BEJARANO, Mario Fernando",diputados,Formosa,2,2003-2005; 2005-2007,2003,2007,5,893,893,0.4759,0.9412,0.0376,0.0212,416,SIN BLOQUE,3,JUSTICIALISTA → SIN BLOQUE → FRENTE PARA LA VICTORIA,711.0,0.5422,0.4368
leg:263969649f81,BELLOCQ Gerardo Alberto,diputados,Córdoba,1,2015-2017,2016,2016,1,5,5,1.0,0.6,0.4,0.0,5,UCR,1,UCR,5.0,0.0,
leg:2274f266094e,"BELOUS, Nélida",diputados,Tierra del Fuego,2,2007-2009; 2009-2011,2007,2011,5,379,379,0.8021,0.7566,0.1711,0.0724,282,BLOQUE SOCIAL PATAGONICO,6,A.R.I AUTONOMO 8 + → SOLIDARIDAD E IGUALDAD (SI) - ARI (T.D.F) → SOLIDARIDAD E IGUALDAD (SI) - PROYECTO P → SOCIAL PATAGONICO → PROYECTO PROGRESISTA → BLOQUE SOCIAL PATAGONICO,398.0,0.103,0.0213
leg:f7207f6ec360,"BENAS, Verónica Claudia",diputados,Santa Fe,2,2007-2009; 2009-2011,2007,2011,5,379,379,0.934,0.6412,0.2288,0.1299,308,SI POR LA UNIDAD POPULAR,6,A.R.I AUTONOMO 8 + → SOLIDARIDAD E IGUALDAD (SI) - ARI (T.D.F) → UNIDAD POPULAR → SOLIDARIDAD E IGUALDAD (SI) - PROYECTO P → SOLIDARIDAD E IGUALDAD (SI) → SI POR LA UNIDAD POPULAR,398.0,0.1173,0.0993
leg:e49955aaeafc,BENEDETTI Atilio Francisco Salvador,diputados,Entre Ríos,6,2009-2011; 2011-2013; 2017-2019; 2019-2021; 2021-2023; 2023-2025,2010,2025,12,903,903,0.8461,0.661,0.3168,0.0223,747,UCR,1,UCR,567.0,0.1284,0.0263
leg:3d2917ceec1f,BERGMAN Sergio Alejandro,diputados,C.A.B.A.,1,2013-2015,2014,2015,2,204,204,0.6225,0.5039,0.4646,0.0315,123,PRO,1,PRO,322.0,0.2609,0.2837
leg:8dc494b6077c,BERHONGARAY Martin Antonio,diputados,La Pampa,2,2019-2021; 2021-2023,2019,2023,5,52,52,0.8846,0.4348,0.5435,0.0217,45,EVOLUCION RADICAL,2,UCR → EVOLUCION RADICAL,52.0,0.1154,0.0
leg:5945e36914ce,BERISSO Hernán,diputados,Buenos Aires,2,2017-2019; 2019-2021,2017,2021,5,248,248,0.9315,0.6104,0.3723,0.0173,227,PRO,1,PRO,248.0,0.0794,0.0
leg:bb2369c9dfc2,BERMEJO Alejandro Daniel,diputados,Mendoza,1,2019-2021,2019,2021,3,35,35,0.9429,1.0,0.0,0.0,33,FRENTE DE TODOS,1,FRENTE DE TODOS,35.0,0.0571,0.0
leg:c2ebd5d14b72,BERMEJO Sixto Osvaldo,diputados,Chubut,1,2015-2017,2016,2017,2,307,307,0.9577,0.9388,0.0442,0.017,289,TRABAJO Y DIGNIDAD,1,TRABAJO Y DIGNIDAD,307.0,0.0537,0.1667
leg:484a3493feb7,BERNABEY Ramón Ernesto,diputados,Córdoba,2,2013-2015; 2015-2017,2014,2017,4,483,483,0.8675,0.8783,0.1169,0.0048,417,BG JUAN B. BUSTOS,3,BRIGADIER GENERAL JUAN BAUTISTA BUSTOS → FRENTE PARA LA VICTORIA → BG JUAN B. BUSTOS,586.0,0.0299,0.0038
leg:85f731da936a,BERNAL María Eugenia,diputados,Jujuy,2,2009-2011; 2011-2013,2010,2013,4,376,376,0.9787,0.913,0.0734,0.0136,363,FRENTE PARA LA VICTORIA,1,FRENTE PARA LA VICTORIA,500.0,0.0175,0.0031
leg:70afcf36698b,"BERNAZZA, Claudia Alicia",diputados,Buenos Aires,2,2007-2009; 2019-2021,2007,2021,5,279,279,0.9283,0.9575,0.0347,0.0077,257,FRENTE DE TODOS,2,FRENTE PARA LA VICTORIA → FRENTE DE TODOS,279.0,0.0878,0.1429
leg:9f75280e50bc,"BERRAUTE, Ana",diputados,Santa Fe,3,2003-2005; 2005-2007; 2007-2009,2005,2009,5,949,949,0.98,0.9484,0.0419,0.0097,921,FRENTE PARA LA VICTORIA,3,FRENTE PARA LA VICTORIA → JUSTICIALISTA → SIN BLOQUE,842.0,0.0381,0.0
leg:a8992479c35b,"BERTOL, Paula María",diputados,Cdad.Aut.Bs.As.,5,2003-2005; 2005-2007; 2007-2009; 2009-2011; 2011-2013,2005,2013,9,1325,1325,0.6475,0.6002,0.3613,0.0385,825,PARTIDO BLOQUISTA DE SAN JUAN,2,PRO → PARTIDO BLOQUISTA DE SAN JUAN,1449.0,0.2307,0.1905
leg:5f7a6bf59378,"BERTOLYOTTI, Delma Noemí",diputados,Entre Ríos,1,2003-2005,2003,2005,3,219,219,0.8356,0.9727,0.0273,0.0,183,JUSTICIALISTA,2,JUSTICIALISTA → SIN BLOQUE,135.0,0.1586,0.1609
leg:4c20476afc49,BESADA Alicia Irma,diputados,C.A.B.A.,1,2015-2017,2016,2017,2,307,307,0.9642,0.8682,0.1284,0.0034,295,PRO,1,PRO,307.0,0.0463,0.2222
leg:3d308cfdce20,BETTANIN Juan Carlos,diputados,Santa Fe,1,2011-2013,2013,2013,1,62,62,0.9516,0.9831,0.0169,0.0,59,FRENTE NUEVO ENCUENTRO,3,NUEVO ENCUENTRO → FRENTE NUEVO ENCUENTRO → JUNTOS POR ARGENTINA,88.0,0.0795,0.1333
leg:e7407dc0d65b,"BEVACQUA, Adriana Norma",diputados,Entre Ríos,1,1999-2001,2001,2001,1,39,39,0.4615,0.7778,0.2222,0.0,18,JUSTICIALISTA,2,JUSTICIALISTA → SIN BLOQUE,24.0,0.21,0.0
leg:4714f660d1b7,"BEVERAGGI, Margarita Beatriz",diputados,Chaco,2,2005-2007; 2007-2009,2007,2009,3,367,367,0.4932,0.5304,0.3812,0.0884,165,SIN BLOQUE,2,UCR → SIN BLOQUE,347.0,0.32,0.4
leg:60e21d7a21c8,BEVILACQUA Gustavo,diputados,Buenos Aires,2,2015-2017; 2017-2019,2016,2019,4,520,520,0.7865,0.8215,0.1247,0.0538,387,UNIDOS POR UNA NUEVA ARGENTINA,1,UNIDOS POR UNA NUEVA ARGENTINA,520.0,0.2409,0.1667
leg:6531889b7e7e,BIANCHI Ivana María,diputados,San Luis,7,2005-2007; 2007-2009; 2009-2011; 2011-2013; 2013-2015; 2015-2017; 2017-2019,2007,2019,13,1458,1458,0.4918,0.7015,0.2497,0.0488,682,UNIDAD JUSTICIALISTA,6,UNIDAD JUSTICIALISTA → FRENTE JUSTICIA UNION Y LIBERTAD → FRENTE DEL MOVIMIENTO POPULAR → PERONISMO FEDERAL → FRENTE PERONISTA → COMPROMISO FEDERAL,1700.0,0.2442,0.1054
leg:1b428014bab3,BIANCHI María del Carmen,diputados,C.A.B.A.,2,2011-2013; 2013-2015,2011,2015,5,476,476,0.9496,0.9779,0.0199,0.0022,451,FRENTE PARA LA VICTORIA,1,FRENTE PARA LA VICTORIA,699.0,0.0697,0.0726
leg:1e5401fb3e8d,"BIANCHI SILVESTRE, Marcela",diputados,Buenos Aires,5,1993-1995; 2001-2003; 2003-2005; 2005-2007; 2007-2009,1994,2009,9,1275,1275,0.8839,0.9388,0.0541,0.0071,1119,FRENTE PARA LA VICTORIA,3,SIN BLOQUE → JUSTICIALISTA → FRENTE PARA LA VICTORIA,1059.0,0.135,0.1274
leg:1d9aa7efda8b,"BIANCO, Lía Fabiola",diputados,Misiones,3,2003-2005; 2005-2007; 2007-2009,2005,2009,5,949,949,0.9305,0.9309,0.0657,0.0034,880,FRENTE PARA LA VICTORIA,3,FRENTE PARA LA VICTORIA → JUSTICIALISTA → SIN BLOQUE,842.0,0.103,0.0909
leg:438db9da580f,BIDEGAIN Gloria Mercedes,diputados,Buenos Aires,4,2007-2009; 2009-2011; 2011-2013; 2013-2015,2007,2015,9,855,855,0.8339,0.9425,0.0491,0.0084,707,FRENTE PARA LA VICTORIA,1,FRENTE PARA LA VICTORIA,1097.0,0.1484,0.0858
leg:3c6edd337462,BIELLA CALVET Bernardo José,diputados,Salta,3,2011-2013; 2013-2015; 2025-2027,2011,2026,7,571,571,0.634,0.6354,0.326,0.0387,348,INNOVACION FEDERAL,2,INNOVACION FEDERAL → U.DE.SO. SALTA,407.0,0.0,0.0
leg:b32fe7edb5e0,"BIELSA, Rafael",diputados,Cdad.Aut.Bs.As.,2,2003-2005; 2005-2007,2005,2007,3,601,601,0.3661,0.8955,0.0773,0.0273,214,FRENTE PARA LA VICTORIA,3,JUSTICIALISTA → FRENTE PARA LA VICTORIA → SIN BLOQUE,508.0,0.6593,0.3333
leg:77605a64eb08,"BIGLIERI, María Emilia",diputados,Santa Fe,2,1999-2001; 2001-2003,2001,2003,3,132,132,0.803,0.4151,0.3868,0.1981,85,DEMOCRATA PROGRESISTA,2,DEMOCRATA PROGRESISTA → SIN BLOQUE,106.0,0.2704,0.2738
leg:2e5fa5d9bd9c,"BINNER, Hermes",diputados,Santa Fe,4,2003-2005; 2005-2007; 2013-2015; 2015-2017,2005,2017,7,1185,1185,0.611,0.6934,0.2417,0.0649,677,PARTIDO SOCIALISTA,1,PARTIDO SOCIALISTA,727.0,0.2706,0.2097
leg:0333afd6274d,"BISUTTI, Delia Beatriz",diputados,Cdad.Aut.Bs.As.,3,2003-2005; 2005-2007; 2007-2009,2005,2009,5,949,949,0.8008,0.6118,0.3171,0.0711,706,SOLIDARIDAD E IGUALDAD (SI),6,A.R.I → SIN BLOQUE → A.R.I AUTONOMO 8 + → SOLIDARIDAD E IGUALDAD (SI) - ARI (T.D.F) → SOLIDARIDAD E IGUALDAD (SI) - PROYECTO P → SOLIDARIDAD E IGUALDAD (SI),842.0,0.1673,0.0
leg:6258f50d0812,BLANCO DE PERALTA Blanca,diputados,Santa Cruz,2,2009-2011; 2011-2013,2010,2013,4,376,376,0.6144,0.6883,0.29,0.0216,226,FRENTE PARA LA VICTORIA,1,FRENTE PARA LA VICTORIA,500.0,0.5615,0.5886
leg:bf17f322a27a,"BLANCO, Jesus Abel",diputados,Buenos Aires,2,2001-2003; 2003-2005,2002,2005,4,312,312,0.9679,0.9205,0.0662,0.0132,298,SIN BLOQUE,2,JUSTICIALISTA → SIN BLOQUE,217.0,0.0674,0.1065
leg:469ec9645a18,BOGDANICH Esteban Mateo,diputados,Santa Fe,1,2019-2021,2019,2021,3,35,35,0.9714,0.9706,0.0294,0.0,34,FRENTE DE TODOS,1,FRENTE DE TODOS,35.0,0.0571,0.1429
leg:3a7e897e159e,"BONACINA, Mario Hector",diputados,Santiago del Estero,2,1999-2001; 2001-2003,2001,2003,3,132,132,0.5152,0.3824,0.3824,0.2353,52,MOVIMIENTO CIVICO Y SOCIAL,2,SIN BLOQUE → MOVIMIENTO CIVICO Y SOCIAL,106.0,0.0377,0.0
leg:f6312be1d676,"BONACORSI, Juan Carlos",diputados,Buenos Aires,2,2003-2005; 2005-2007,2003,2007,5,893,893,0.3303,0.7763,0.1729,0.0508,280,SIN BLOQUE,3,UNIDAD FEDERALISTA → SIN BLOQUE → PARTIDO UNIDAD FEDERALISTA,711.0,0.1906,0.1818
leg:be0cb4edbb19,"BONASSO, Miguel",diputados,Cdad.Aut.Bs.As.,4,2003-2005; 2005-2007; 2007-2009; 2009-2011,2003,2011,9,1272,1272,0.3805,0.8058,0.1694,0.0248,472,DIALOGO POR BUENOS AIRES,3,PARTIDO DE LA REVOLUCION DEMOCRATICA → DIALOGO POR BUENOS AIRES → CONVERGENCIA,1035.0,0.057,0.1667
leg:a955ce7f38d6,"BORDENAVE, Marcela Antonia",diputados,Buenos Aires,3,1995-1997; 1999-2001; 2001-2003,1997,2003,4,144,144,0.6458,0.3763,0.5269,0.0968,84,A.R.I,3,SIN BLOQUE → A.R.I → FREPASO,106.0,0.2125,0.1429
leg:8b22bcb95c00,"BORRELLI, Osvaldo Martín",diputados,Cdad.Aut.Bs.As.,1,1999-2001,2001,2001,1,39,39,0.8205,0.4688,0.3125,0.2188,25,PARTIDO FEDERAL,2,PARTIDO FEDERAL → SIN BLOQUE,24.0,0.0,0.0
leg:0f050a26a62a,"BORSANI, Luis Gustavo",diputados,Mendoza,4,2003-2005; 2005-2007; 2015-2017; 2017-2019,2003,2019,9,1413,1413,0.7304,0.657,0.3236,0.0194,1012,UCR,1,UCR,1413.0,0.1648,0.2135
leg:fbdfef09e7c2,"BOSCH de SARTORI, Irene Miriam",diputados,Misiones,2,2003-2005; 2005-2007,2003,2007,5,893,893,0.9003,0.8769,0.092,0.0311,779,SIN BLOQUE,4,FRENTE RENOVADOR → SIN BLOQUE → CONVERGENCIA → FRENTE PARA LA VICTORIA,711.0,0.2224,0.25
leg:22a78a68d2b7,"BOSSA, Mauricio",diputados,Córdoba,2,2001-2003; 2003-2005,2003,2005,3,253,253,0.7589,0.4844,0.4531,0.0625,180,SIN BLOQUE,2,SIN BLOQUE → U. CE. DE.,159.0,0.044,0.0
leg:0ddebbf74c7a,BOSSIO Diego Luis,diputados,Buenos Aires,2,2015-2017; 2017-2019,2016,2019,4,520,520,0.775,0.8859,0.0819,0.0323,390,UNIDOS POR UNA NUEVA ARGENTINA,2,JUSTICIALISTA → UNIDOS POR UNA NUEVA ARGENTINA,520.0,0.1929,0.2508
leg:3e5a7cb7e857,BOYADJIAN Graciela Eunice,diputados,Tierra del Fuego,1,2013-2015,2014,2015,2,204,204,0.598,0.8852,0.1148,0.0,122,MOV POP FUEGUINO,2,MOV POP FUEGUINO → MOVIMIENTO POPULAR FUEGUINO,322.0,0.0,0.0
leg:31ce08e2a160,BRAGAGNOLO Sebastián,diputados,Mendoza,1,2017-2019,2018,2019,2,134,134,0.9701,0.7615,0.2154,0.0231,127,PRO,1,PRO,134.0,0.0643,0.0
leg:b641e66ee085,"BRANDONI, Adalberto Luis",diputados,Buenos Aires,1,1999-2001,2001,2001,1,39,39,0.8462,0.6061,0.3939,0.0,33,UCR,2,SIN BLOQUE → UCR,24.0,0.2368,0.0
leg:2b45d7ad284e,"BRAVO, Alfredo Pedro",diputados,Cdad.Aut.Bs.As.,4,1993-1995; 1995-1997; 1999-2001; 2001-2003,1994,2003,5,116,116,0.7241,0.4762,0.4167,0.1071,75,A.R.I,3,SIN BLOQUE → A.R.I → PARTIDO SOCIALISTA,74.0,0.223,0.1538
leg:74a91fdb1402,BRAWER Mara,diputados,C.A.B.A.,4,2011-2013; 2013-2015; 2019-2021; 2021-2023,2011,2023,10,528,528,0.9848,0.9788,0.0212,0.0,520,FRENTE DE TODOS,2,FRENTE PARA LA VICTORIA → FRENTE DE TODOS,751.0,0.0136,0.0148
leg:ab82ae4a0f26,"BREARD, Noel Eugenio",diputados,Corrientes,2,2001-2003; 2003-2005,2002,2005,4,312,312,0.8974,0.3893,0.4607,0.15,238,SIN BLOQUE,3,ALIANZA → UCR → SIN BLOQUE,217.0,0.2435,0.079
leg:18a1b7b907b2,BREGMAN Myriam,diputados,Buenos Aires,5,2013-2015; 2015-2017; 2021-2023; 2023-2025; 2025-2027,2015,2026,7,418,418,0.9139,0.2696,0.6754,0.055,361,PTS-FRENTE DE IZQUIERDA Y DE TRABAJADORES UNIDAD,2,FRENTE DE IZQUIERDA → PTS-FRENTE DE IZQUIERDA Y DE TRABAJADORES UNIDAD,454.0,0.0496,0.0404
leg:51edb1a5e8a1,BREZZO María Eugenia,diputados,Córdoba,1,2015-2017,2016,2017,2,307,307,0.8893,0.9377,0.0403,0.022,267,UNIDOS POR UNA NUEVA ARGENTINA,1,UNIDOS POR UNA NUEVA ARGENTINA,307.0,0.1469,0.3333
leg:2c1a33f959b9,"BRILLO, José Ricardo",diputados,Neuquén,5,2003-2005; 2005-2007; 2007-2009; 2009-2011; 2011-2013,2005,2013,9,1325,1325,0.5985,0.8121,0.169,0.0189,778,MOVIMIENTO POPULAR NEUQUINO,2,MOVIMIENTO POPULAR NEUQUINO → MOV POP NEUQUINO,1449.0,0.1735,0.1559
leg:1175a6f5fc58,"BRIOZZO, Alberto Nicolas",diputados,Buenos Aires,2,1999-2001; 2001-2003,2001,2003,3,132,132,0.9697,0.8203,0.1719,0.0078,127,JUSTICIALISTA,3,FREPASO → SIN BLOQUE → JUSTICIALISTA,106.0,0.2553,0.2651
leg:728e0865bdd3,BRITEZ María Cristina,diputados,Misiones,4,2015-2017; 2017-2019; 2019-2021; 2021-2023,2016,2023,8,572,572,0.7797,0.6099,0.3789,0.0112,441,FRENTE DE TODOS,2,FRENTE PARA LA VICTORIA → FRENTE DE TODOS,572.0,0.1741,0.0606
leg:aa92f6b4a181,"BRITOS, Oraldo Norvel",diputados,San Luis,3,1995-1997; 1999-2001; 2001-2003,1997,2003,4,144,144,0.6111,0.8409,0.1591,0.0,88,JUSTICIALISTA,2,SIN BLOQUE → JUSTICIALISTA,106.0,0.3368,0.3643
leg:d2ba10b14e80,BRIZUELA DEL MORAL Eduardo Segundo,diputados,Catamarca,4,2013-2015; 2015-2017; 2017-2019; 2019-2021,2014,2021,8,759,759,0.7246,0.7145,0.2818,0.0036,548,FRENTE CIVICO Y SOCIAL DE CATAMARCA,3,FRENTE CIVICO Y SOCIAL DE CATAMARCA → FTE. CIVICO Y SOCIAL DE CATAMARCA → UCR,877.0,0.1273,0.2064
leg:266e0a1d9677,BROMBERG Isaac Benjamín,diputados,Tucumán,2,2011-2013; 2013-2015,2011,2015,5,476,476,0.6513,0.9806,0.0129,0.0065,308,FRENTE PARA LA VICTORIA,1,FRENTE PARA LA VICTORIA,699.0,0.335,0.3409
leg:60aacd7b4838,BROWN Carlos Ramón,diputados,Buenos Aires,4,2001-2003; 2003-2005; 2011-2013; 2013-2015,2002,2015,9,788,788,0.6764,0.6923,0.2964,0.0113,527,FE,3,JUSTICIALISTA → FE → FRENTE PERONISTA,1011.0,0.0647,0.0054
leg:bb787a0796f0,"BRUE, Daniel Agustín",diputados,Santiago del Estero,7,2003-2005; 2005-2007; 2007-2009; 2009-2011; 2011-2013; 2019-2021; 2021-2023,2005,2023,14,1377,1377,0.6594,0.9119,0.0562,0.0319,879,FRENTE DE TODOS,3,FRENTE CIVICO POR SANTIAGO → UCR → FRENTE DE TODOS,1501.0,0.2752,0.2703
leg:08938ec3e04f,BRÜGGE Juan Fernando,diputados,Córdoba,4,2015-2017; 2017-2019; 2023-2025; 2025-2027,2016,2026,7,889,889,0.8425,0.8158,0.1282,0.0561,707,PROVINCIAS UNIDAS,3,UNIDOS POR UNA NUEVA ARGENTINA → CORDOBA FEDERAL → PROVINCIAS UNIDAS,899.0,0.2439,0.3209
leg:bd9063d69e89,BUCCA Eduardo,diputados,Buenos Aires,2,2017-2019; 2019-2021,2017,2021,5,248,248,0.6855,0.8529,0.0882,0.0588,160,FRENTE DE TODOS,2,JUSTICIALISTA → FRENTE DE TODOS,248.0,0.2956,0.2057
leg:70ca50fa918c,"BUCCO, Jorge Luis",diputados,Córdoba,2,1999-2001; 2001-2003,2001,2003,3,132,132,0.5909,0.7179,0.2821,0.0,78,F.F.J. AZUL Y BLANCO,3,SIN BLOQUE → JUSTICIALISTA → F.F.J. AZUL Y BLANCO,106.0,0.3017,0.2214
leg:9450b0ea2e7a,BUIL Sergio Omar,diputados,Buenos Aires,2,2015-2017; 2017-2019,2016,2019,4,520,520,0.9596,0.7796,0.2024,0.018,490,PRO,1,PRO,520.0,0.06,0.125
leg:f9d308500c84,"BULACIO, Nancy Evangelina",diputados,Tucumán,1,2005-2007,2007,2007,1,73,73,0.411,0.8667,0.1,0.0333,29,UCR,3,PRO → UCR → SIN BLOQUE,68.0,0.1972,
leg:f4ffd997b1a4,BURGOS María Gabriela,diputados,Jujuy,4,2013-2015; 2015-2017; 2017-2019; 2019-2021,2014,2021,8,759,759,0.9354,0.7338,0.2366,0.0296,689,UCR,1,UCR,877.0,0.0705,0.0816
leg:b97857606d8a,BURYAILE Ricardo,diputados,Formosa,5,2009-2011; 2011-2013; 2013-2015; 2019-2021; 2021-2023,2010,2023,11,632,632,0.7627,0.5477,0.4046,0.0477,459,UCR,1,UCR,874.0,0.1835,0.1715
leg:0e605caf31ce,"BURZACO, Eugenio",diputados,Buenos Aires,3,2003-2005; 2005-2007; 2007-2009,2005,2009,5,949,949,0.4984,0.6216,0.334,0.0444,452,PRO,2,PRO → SIN BLOQUE,842.0,0.2505,0.0909
leg:8e13670cc852,"BUSTI, Jorge Pedro",diputados,Entre Ríos,2,1999-2001; 2001-2003,2001,2003,2,79,79,0.519,0.561,0.3415,0.0976,37,FUERZA REPUBLICANA,3,JUSTICIALISTA → SIN BLOQUE → FUERZA REPUBLICANA,64.0,0.1503,0.0
leg:84fb9dd83e8f,"Bachey, Karina Ethel",diputados,San Luis,2,2021-2023; 2023-2025,2022,2025,4,291,291,0.8385,0.5697,0.3975,0.0328,236,PRO,1,PRO,291.0,0.159,0.1064
leg:844e937b2775,"Balestra, René Helvecio",diputados,Santa Fe,2,1993-1995; 1999-2001,1994,2001,2,53,53,0.7925,0.5714,0.3571,0.0714,39,UCR,2,SIN BLOQUE → UCR,24.0,0.1541,0.0
leg:c9d302c5245c,"Balestrini, Miguel Alberto",diputados,,2,1993-1995; 1995-1997,1994,1997,2,26,26,0.2692,0.7143,0.2857,0.0,7,SIN BLOQUE,1,SIN BLOQUE,,,
leg:b0db718799cb,"Ballejos, Nancy",diputados,Entre Rios,1,2023-2025,2024,2025,2,161,161,0.8882,0.3916,0.5874,0.021,140,PRO,1,PRO,161.0,0.0795,0.0833
leg:b3f87d4867a8,"Balter, Carlos Mario",diputados,Mendoza,3,1993-1995; 1995-1997; 1999-2001,1994,2001,3,65,65,0.6308,0.6829,0.2195,0.0976,37,DEMOCRATA DE MENDOZA,2,SIN BLOQUE → DEMOCRATA DE MENDOZA,24.0,0.5417,0.75
leg:7ab9af8001e0,"Banzas de Moreau, María del Cármen",diputados,,1,1995-1997,1997,1997,1,12,12,0.9167,0.7273,0.2727,0.0,11,SIN BLOQUE,1,SIN BLOQUE,,,
leg:a233de9e4994,"Barbaro, Hector 'Cacho'",diputados,,2,2019-2021; 2021-2023,2020,2023,4,21,21,0.8571,0.8889,0.1111,0.0,18,SIN BLOQUE,1,SIN BLOQUE,,,
leg:2c4e577bdf0d,"Barbera, Eliseo",diputados,,1,1993-1995,1994,1994,1,14,14,0.8571,0.75,0.25,0.0,12,SIN BLOQUE,1,SIN BLOQUE,,,
leg:dedd2dd9ffd0,"Barberis, Edgardo Angel",diputados,,1,1995-1997,1997,1997,1,12,12,0.9167,0.7273,0.2727,0.0,11,SIN BLOQUE,1,SIN BLOQUE,,,
leg:050533d60fa5,"Barbotti, Atilio",diputados,,1,1993-1995,1994,1994,1,14,14,0.5,0.8571,0.1429,0.0,7,SIN BLOQUE,1,SIN BLOQUE,,,
leg:0746d21011ab,"Barbur, Marcelo",diputados,Santiago del Estero,1,2025-2027,2025,2026,2,95,95,1.0,0.3579,0.6421,0.0,95,UNION POR LA PATRIA,1,UNION POR LA PATRIA,105.0,0.0048,0.0
leg:e3affc1c11cb,"Barrionuevo, Eduardo Ernesto",diputados,,2,1993-1995; 1995-1997,1994,1997,2,26,26,0.4231,0.6364,0.1818,0.1818,9,SIN BLOQUE,1,SIN BLOQUE,,,
leg:022fa9e3c696,"Barrios Arrechea, Ricardo A.",diputados,,1,1995-1997,1997,1997,1,12,12,0.6667,0.625,0.375,0.0,8,SIN BLOQUE,1,SIN BLOQUE,,,
leg:813847138ec7,"Barrios, Luis Américo",diputados,,1,1995-1997,1997,1997,1,12,12,0.8333,0.5,0.5,0.0,10,SIN BLOQUE,1,SIN BLOQUE,,,
leg:cab64ec6793f,"Basualdo, Atilio",diputados,Formosa,1,2025-2027,2025,2026,2,95,95,1.0,0.8211,0.1789,0.0,95,LA LIBERTAD AVANZA,1,LA LIBERTAD AVANZA,105.0,0.0,0.0
leg:203122f91367,"Basualdo, Carolina",diputados,Cordoba,1,2025-2027,2025,2026,2,95,95,0.9895,0.5957,0.2553,0.1489,80,PROVINCIAS UNIDAS,1,PROVINCIAS UNIDAS,105.0,0.2683,0.25
leg:98fea335b8fb,"Baum, Daniel",diputados,,1,1993-1995,1994,1994,1,14,14,0.8571,0.6667,0.3333,0.0,12,SIN BLOQUE,1,SIN BLOQUE,,,
leg:585e565733d2,"Becerra, Carlos Armando",diputados,,2,1993-1995; 1995-1997,1994,1997,2,26,26,0.5385,0.7143,0.2857,0.0,14,SIN BLOQUE,1,SIN BLOQUE,,,
leg:bd147c1d6a94,"Becerra, Monica",diputados,San Luis,1,2025-2027,2025,2026,2,95,95,1.0,0.8211,0.1789,0.0,95,LA LIBERTAD AVANZA,1,LA LIBERTAD AVANZA,105.0,0.0,0.0
leg:57da8cd98e95,"Becerra, Nicolas Eduardo",diputados,,1,1993-1995,1994,1994,1,14,14,0.8571,0.5833,0.3333,0.0833,11,SIN BLOQUE,1,SIN BLOQUE,,,
leg:6eb21b0f6ce5,"Benedetti, Jorge Enrique",diputados,,2,1993-1995; 1995-1997,1994,1997,2,26,26,0.3462,0.5556,0.3333,0.1111,8,SIN BLOQUE,1,SIN BLOQUE,,,
leg:a4ec29bfef8d,"Benedit, Beltran",diputados,Entre Rios,2,2023-2025; 2025-2027,2024,2026,3,369,369,0.9431,0.5603,0.4397,0.0,348,LA LIBERTAD AVANZA,1,LA LIBERTAD AVANZA,379.0,0.0555,0.0741
leg:31a1f7c65338,"Benegas Lynch, Bertie",diputados,Buenos Aires,2,2023-2025; 2025-2027,2024,2026,3,369,369,0.8672,0.5812,0.4188,0.0,320,LA LIBERTAD AVANZA,1,LA LIBERTAD AVANZA,379.0,0.1192,0.0
leg:9d0d4debe80a,"Benzi, María Cristina",diputados,,2,1993-1995; 1995-1997,1994,1997,2,26,26,0.7308,0.7368,0.2632,0.0,19,SIN BLOQUE,1,SIN BLOQUE,,,
leg:feefab6eb012,"Berhongaray, Antonio Tomás",diputados,,1,1993-1995,1994,1994,1,14,14,0.2143,0.3333,0.6667,0.0,3,SIN BLOQUE,1,SIN BLOQUE,,,
leg:586cb572fbca,"Bermudez, María del Pilar",diputados,,1,1993-1995,1994,1994,1,14,14,0.6429,0.7778,0.2222,0.0,9,SIN BLOQUE,1,SIN BLOQUE,,,
leg:e5aecbc5be60,"Bertoldi, Tanya",diputados,Neuquen,2,2021-2023; 2023-2025,2022,2025,4,291,291,0.8454,0.6585,0.3415,0.0,246,UNION POR LA PATRIA,1,UNION POR LA PATRIA,291.0,0.1467,0.1915
leg:c841c84135ec,"Besana, Gabriela",diputados,Buenos Aires,2,2021-2023; 2023-2025,2022,2025,4,291,291,0.9175,0.5693,0.3933,0.0375,257,PRO,1,PRO,291.0,0.0834,0.0
leg:21c44a68dfa1,"Bianchetti, Emmanuel",diputados,Misiones,2,2023-2025; 2025-2027,2024,2026,3,369,369,0.8482,0.6645,0.3259,0.0096,310,PRO,1,PRO,379.0,0.1388,0.0494
leg:bc7bc387d738,"Bianculli, Leticia",diputados,,1,1995-1997,1997,1997,1,12,12,0.8333,0.5,0.5,0.0,10,SIN BLOQUE,1,SIN BLOQUE,,,
leg:2dd4728fe4ec,"Biasi, Vanina",diputados,Ciudad de Buenos Aires,1,2023-2025,2024,2025,2,148,148,0.9324,0.7101,0.2391,0.0507,131,PARTIDO OBRERO -FRENTE DE IZQUIERDA Y DE TRABAJADORES -UNIDA,1,PARTIDO OBRERO -FRENTE DE IZQUIERDA Y DE TRABAJADORES -UNIDA,148.0,0.0,0.0
leg:f3370def721e,"Bischof, Enrique",diputados,,1,1993-1995,1994,1994,1,14,14,0.2143,1.0,0.0,0.0,3,SIN BLOQUE,1,SIN BLOQUE,,,
leg:41a6f44082ed,"Bizzotto, Ileana",diputados,,1,1995-1997,1997,1997,1,12,12,1.0,0.5,0.4167,0.0833,11,SIN BLOQUE,1,SIN BLOQUE,,,
leg:9555eff47995,"Bonacci, Rocio",diputados,Santa Fe,2,2023-2025; 2025-2027,2024,2026,3,369,369,0.7019,0.6178,0.3822,0.0,259,LA LIBERTAD AVANZA,1,LA LIBERTAD AVANZA,379.0,0.2907,0.2716
leg:98f8dc3655d7,"Bongiovanni, Alejandro",diputados,Santa Fe,2,2023-2025; 2025-2027,2024,2026,3,369,369,0.9133,0.6083,0.3887,0.003,336,LA LIBERTAD AVANZA,1,LA LIBERTAD AVANZA,379.0,0.106,0.0123
leg:5fa30da3907c,"Bonino, Miguel Angel",diputados,San Luis,3,1993-1995; 1995-1997; 1999-2001,1994,2001,3,65,65,0.4308,0.5357,0.2857,0.1786,23,UCR,2,SIN BLOQUE → UCR,24.0,0.6924,0.75
leg:917d296dae2d,"Bonomi, Silvia Mónica",diputados,,2,1993-1995; 1995-1997,1994,1997,2,26,26,0.3846,0.5,0.5,0.0,10,SIN BLOQUE,1,SIN BLOQUE,,,
leg:2b8d61a1db2e,"Borda, Fabian Antonio",diputados,Corrientes,1,2021-2023,2022,2023,2,17,17,0.9412,0.875,0.125,0.0,16,FRENTE DE TODOS,1,FRENTE DE TODOS,17.0,0.0,0.0
leg:7e3f884fcbce,"Borda, Osvaldo",diputados,,2,1993-1995; 1995-1997,1994,1997,2,26,26,0.8462,0.6818,0.3182,0.0,22,SIN BLOQUE,1,SIN BLOQUE,,,
leg:2a71a93f20d6,"Bordet, Gustavo",diputados,Entre Rios,2,2023-2025; 2025-2027,2024,2026,3,369,369,0.7669,0.4947,0.5053,0.0,283,UNION POR LA PATRIA,1,UNION POR LA PATRIA,379.0,0.2244,0.1358
leg:23b1d427f4e1,"Bordin Carosio, Hugo Antonio",diputados,,1,1995-1997,1997,1997,1,12,12,0.9167,0.4545,0.5455,0.0,11,SIN BLOQUE,1,SIN BLOQUE,,,
leg:b00097a8dde2,"Borgatta, Alejandrina",diputados,Santa Fe,1,2025-2027,2025,2026,2,95,95,1.0,0.3474,0.6526,0.0,95,UNION POR LA PATRIA,1,UNION POR LA PATRIA,105.0,0.0151,0.0
leg:b4f56c24f356,"Bormioli, Lisandro",diputados,Buenos Aires,2,2019-2021; 2021-2023,2020,2023,4,21,21,1.0,0.9048,0.0952,0.0,21,FRENTE DE TODOS,1,FRENTE DE TODOS,21.0,0.0476,0.0
leg:10ffeee1d07e,"Bornoroni, Gabriel",diputados,Cordoba,2,2023-2025; 2025-2027,2024,2026,3,369,369,0.9864,0.5604,0.4396,0.0,364,LA LIBERTAD AVANZA,1,LA LIBERTAD AVANZA,379.0,0.0053,0.0
leg:16434c16a423,"Borrego, Victoria",diputados,Buenos Aires,2,2021-2023; 2023-2025,2022,2025,4,291,291,0.9107,0.7585,0.2075,0.034,256,COALICION CIVICA,1,COALICION CIVICA,291.0,0.1025,0.0993
leg:2b3631fc14fd,"Bouhid, Gustavo",diputados,Jujuy,1,2021-2023,2022,2023,2,12,12,0.9167,0.7273,0.2727,0.0,11,UCR,1,UCR,12.0,0.0833,0.0
leg:f1ddbea8d31f,"Bracchi, Osvaldo Américo",diputados,,1,1993-1995,1994,1994,1,14,14,1.0,0.7143,0.2857,0.0,14,SIN BLOQUE,1,SIN BLOQUE,,,
leg:2dcaf2e9c2a5,"Brambilla, Sofia",diputados,Corrientes,4,2017-2019; 2019-2021; 2021-2023; 2023-2025,2017,2025,9,539,539,0.9072,0.638,0.3436,0.0184,480,PRO,1,PRO,539.0,0.1376,0.0435
leg:1b6f73aca63f,"Branda, Carlos Ernesto",diputados,,1,1993-1995,1994,1994,1,14,14,0.9286,0.7692,0.2308,0.0,13,SIN BLOQUE,1,SIN BLOQUE,,,
leg:bb1a98cc0c7c,"Bravo, Leopoldo Alfredo",diputados,,1,1995-1997,1997,1997,1,12,12,0.5,0.5,0.5,0.0,6,SIN BLOQUE,1,SIN BLOQUE,,,
leg:e8bb7713a65f,"Breser, Adalberto Edgardo",diputados,,2,1993-1995; 1995-1997,1994,1997,2,26,26,0.6923,0.6667,0.3333,0.0,18,SIN BLOQUE,1,SIN BLOQUE,,,
leg:3c3697057e54,"Brizuela, Adrian",diputados,Catamarca,1,2025-2027,2025,2026,2,95,95,1.0,0.8211,0.1789,0.0,95,LA LIBERTAD AVANZA,1,LA LIBERTAD AVANZA,105.0,0.0,0.0
leg:9aa8192c6c25,"Brouwer de Koning, Gabriela",diputados,Cordoba,2,2021-2023; 2023-2025,2022,2025,4,291,291,0.9588,0.7312,0.2079,0.0609,262,UCR,1,UCR,291.0,0.0624,0.0727
leg:3df74909b0d1,"Brunelli, Naldo Raul Adalberto",diputados,,2,1993-1995; 1995-1997,1994,1997,2,26,26,0.6538,0.4706,0.1765,0.3529,11,SIN BLOQUE,1,SIN BLOQUE,,,
leg:fafc45129d7f,"Bruno, Eliana",diputados,Salta,1,2025-2027,2025,2026,2,95,95,0.9895,0.8191,0.1809,0.0,94,LA LIBERTAD AVANZA,1,LA LIBERTAD AVANZA,105.0,0.0095,0.0
leg:ad3723819a6c,"Bruzzo, Omar Obdulio",diputados,,1,1993-1995,1994,1994,1,14,14,0.4286,0.6667,0.3333,0.0,6,SIN BLOQUE,1,SIN BLOQUE,,,
leg:bd6f107b1359,"Bulacio, Rafael Alfredo",diputados,,1,1995-1997,1997,1997,1,12,12,0.75,0.7778,0.1111,0.1111,8,SIN BLOQUE,1,SIN BLOQUE,,,
leg:05a698c752e9,"Bussi, Antonio Domingo",diputados,,1,1993-1995,1994,1994,1,14,14,0.0714,0.0,1.0,0.0,1,SIN BLOQUE,1,SIN BLOQUE,,,
leg:3e8aae1c9991,"Buzonne, Augusto Cesar",diputados,,1,1999-2001,2001,2001,1,1,1,1.0,1.0,0.0,0.0,1,SIN BLOQUE,1,SIN BLOQUE,,,
leg:b2e11af1ec2b,"Buzzone, Ricardo Ancell",diputados,,1,1999-2001,2001,2001,1,2,2,1.0,0.5,0.0,0.5,1,SIN BLOQUE,1,SIN BLOQUE,,,
leg:95f3eb988343,BÁRBARO Hector Orlando,diputados,Misiones,1,2019-2021,2019,2020,2,31,31,1.0,1.0,0.0,0.0,31,FRENTE DE TODOS,1,FRENTE DE TODOS,31.0,0.0,0.0
leg:9f305190d434,CABALLERO Alejandra Alcira,diputados,C.A.B.A.,1,2017-2019,2019,2019,1,33,33,0.8788,0.7586,0.1724,0.069,27,PRO,1,PRO,33.0,0.2424,0.0
leg:0722ce0482cd,"CABALLERO MARTIN, Carlos Aurelio",diputados,Santa Fe,3,1995-1997; 1999-2001; 2001-2003,1997,2003,4,144,144,0.3333,0.5,0.4167,0.0833,44,DEMOCRATA PROGRESISTA,2,SIN BLOQUE → DEMOCRATA PROGRESISTA,106.0,0.3624,0.3095
leg:1c1d65e201b4,CABANDIÉ Juan,diputados,C.A.B.A.,3,2013-2015; 2015-2017; 2017-2019,2014,2019,6,724,724,0.8232,0.7081,0.2718,0.0201,584,FRENTE PARA LA VICTORIA,1,FRENTE PARA LA VICTORIA,842.0,0.1376,0.0606
leg:90c5770c178c,CACACE Alejandro,diputados,San Luis,2,2019-2021; 2021-2023,2019,2023,5,52,52,0.8846,0.3261,0.6739,0.0,46,EVOLUCION RADICAL,2,UCR → EVOLUCION RADICAL,52.0,0.1346,0.1111
leg:0cc78a549245,"CACERES, Gladys Antonia",diputados,La Rioja,1,2003-2005,2003,2005,3,219,219,0.9406,0.932,0.068,0.0,206,JUSTICIALISTA,2,JUSTICIALISTA → SIN BLOQUE,135.0,0.0942,0.1172
leg:5de4df8de5f1,"CAFIERO, Mario Alejandro",diputados,Buenos Aires,3,1999-2001; 2001-2003; 2003-2005,2001,2005,5,351,351,0.6838,0.1708,0.7458,0.0833,220,SIN BLOQUE,4,A.R.I → JUSTICIALISTA → SIN BLOQUE → SOBERANIA POPULAR,241.0,0.1271,0.1538
leg:18cdfd3e9dea,"CALCHAQUI, Mariel",diputados,Tierra del Fuego,2,2007-2009; 2009-2011,2007,2011,5,379,379,0.8813,0.8892,0.0958,0.015,329,FRENTE PARA LA VICTORIA,1,FRENTE PARA LA VICTORIA,398.0,0.1209,0.0638
leg:35e1230d791b,CALIVA Lia Veronica,diputados,Salta,2,2019-2021; 2021-2023,2019,2023,5,52,52,0.8462,0.9545,0.0455,0.0,44,FRENTE DE TODOS,1,FRENTE DE TODOS,52.0,0.1731,0.0
leg:e1eab02c1225,CALLERI Agustín Santiago,diputados,Córdoba,1,2015-2017,2016,2017,2,307,307,0.8632,0.9472,0.0415,0.0113,262,UNIDOS POR UNA NUEVA ARGENTINA,1,UNIDOS POR UNA NUEVA ARGENTINA,307.0,0.1305,0.1111
leg:cad6f2c98e70,"CALVO, Pedro Jorge Camilo",diputados,Cdad.Aut.Bs.As.,2,1999-2001; 2001-2003,2001,2003,3,132,132,0.6894,0.6484,0.3077,0.044,87,UCR,2,SIN BLOQUE → UCR,106.0,0.3313,0.5033
leg:bd5f76d35710,"CALZA, Nelio Higinio",diputados,Entre Ríos,1,2007-2009,2007,2009,3,275,275,0.8364,0.9565,0.0391,0.0043,229,SIN BLOQUE,2,FRENTE PARA LA VICTORIA → SIN BLOQUE,266.0,0.1823,0.2
leg:364ceb043c08,"CAMAÑO, Dante",diputados,Buenos Aires,2,2005-2007; 2007-2009,2006,2009,4,839,839,0.1907,0.7,0.25,0.05,152,NACIONAL SINDICAL,3,NACIONAL SINDICAL → PARTIDO UNIDAD FEDERALISTA → SIN BLOQUE,732.0,0.0977,0.0714
leg:e69386e17c0c,"CAMAÑO, Eduardo Oscar",diputados,Buenos Aires,6,1993-1995; 1995-1997; 1999-2001; 2001-2003; 2003-2005; 2005-2007,1994,2007,9,836,836,0.6352,0.7119,0.2109,0.0772,490,JUSTICIALISTA NACIONAL,4,SIN BLOQUE → JUSTICIALISTA → PERONISTA FEDERAL → JUSTICIALISTA NACIONAL,602.0,0.3105,0.5
leg:2d8bae3dda77,"CAMAÑO, Graciela",diputados,Buenos Aires,12,1999-2001; 2001-2003; 2003-2005; 2005-2007; 2007-2009; 2009-2011; 2011-2013; 2013-2015; 2015-2017; 2017-2019; 2019-2021; 2021-2023,2001,2023,23,2355,2355,0.6178,0.8234,0.123,0.0536,1377,CONSENSO FEDERAL,8,CONSENSO FEDERAL → JUSTICIALISTA → PERONISTA FEDERAL → FRENTE PARA LA VICTORIA → PERONISTA → FRENTE PERONISTA → FRENTE RENOVADOR → UNIDOS POR UNA NUEVA ARGENTINA,2597.0,0.2424,0.1431
leg:74829f16e6c3,"CAMBARERI, Fortunato Rafael",diputados,Chubut,5,1995-1997; 1999-2001; 2001-2003; 2003-2005; 2005-2007,1997,2007,8,1034,1034,0.4613,0.5954,0.3564,0.0482,454,SIN BLOQUE,2,SIN BLOQUE → UCR,814.0,0.3874,0.2091
leg:29e615183a91,CAMPOS Javier,diputados,Buenos Aires,2,2017-2019; 2019-2021,2017,2021,5,248,248,0.8105,0.5224,0.4577,0.0199,197,COALICION CIVICA,1,COALICION CIVICA,248.0,0.1411,0.0455
leg:80e2a75366be,"CANELA, Susana Mercedes",diputados,Salta,4,2003-2005; 2005-2007; 2007-2009; 2013-2015,2005,2015,7,1153,1153,0.954,0.9427,0.0427,0.0145,1084,FRENTE PARA LA VICTORIA,3,FRENTE PARA LA VICTORIA → JUSTICIALISTA → SIN BLOQUE,842.0,0.0787,0.0
leg:0c63b90bc57d,"CANEVAROLO, Dante Omar",diputados,Santa Cruz,2,2001-2003; 2005-2007,2002,2007,4,668,668,0.8578,0.9284,0.0611,0.0105,567,SIN BLOQUE,3,JUSTICIALISTA → SIN BLOQUE → FRENTE PARA LA VICTORIA,559.0,0.1728,0.35
leg:4040ef441656,CANTARD Albor Angel,diputados,Santa Fe,2,2017-2019; 2019-2021,2017,2021,5,248,248,0.9073,0.5956,0.4,0.0044,224,UCR,1,UCR,248.0,0.0989,0.0
leg:c57053a056c8,"CANTERO GUTIERREZ, Alberto",diputados,Córdoba,3,2003-2005; 2005-2007; 2007-2009,2005,2009,5,949,949,0.9294,0.9501,0.0454,0.0045,878,FRENTE PARA LA VICTORIA,3,FRENTE PARA LA VICTORIA → JUSTICIALISTA → SIN BLOQUE,842.0,0.0811,0.0
leg:09ff9b294b5d,"CANTERO, Fernando Alfredo",diputados,Cdad.Aut.Bs.As.,1,1999-2001,2001,2001,1,39,39,0.641,0.44,0.52,0.04,24,A.R.I,2,A.R.I → SIN BLOQUE,24.0,0.2083,0.5
leg:12af1d4bc073,"CANTEROS, Gustavo Jesús Adolfo",diputados,Corrientes,2,2003-2005; 2005-2007,2003,2007,5,871,871,0.5568,0.9258,0.0619,0.0124,479,SIN BLOQUE,3,FRENTE PROYECTO CORRIENTES → SIN BLOQUE → PROYECTO CORRIENTES,689.0,0.0,0.0
leg:a7ff092523ca,"CANTINI, Guillermo Marcelo",diputados,Cdad.Aut.Bs.As.,2,2001-2003; 2003-2005,2002,2005,4,312,312,0.7724,0.4523,0.5228,0.0249,235,SIN BLOQUE,3,ACCION POR LA REPUBLICA → UNION POR ARGENTINA → SIN BLOQUE,217.0,0.0833,0.2273
leg:a1b44ce16369,"CANTOS, José María",diputados,Santiago del Estero,2,2003-2005; 2005-2007,2003,2007,5,893,893,0.7615,0.9397,0.0559,0.0044,677,SIN BLOQUE,3,JUSTICIALISTA → SIN BLOQUE → FRENTE PARA LA VICTORIA,711.0,0.2469,0.1641
leg:96bcb6372751,"CAPELLO, Mario Osvaldo",diputados,San Juan,2,1999-2001; 2001-2003,2001,2003,3,132,132,0.803,0.6509,0.3208,0.0283,103,UCR,2,SIN BLOQUE → UCR,106.0,0.2584,0.0271
leg:6c9049056df9,"CAPPELLERI, Pascual",diputados,Buenos Aires,2,2001-2003; 2003-2005,2002,2005,4,312,312,0.7212,0.3911,0.5956,0.0133,222,SIN BLOQUE,3,ALIANZA → UCR → SIN BLOQUE,217.0,0.2878,0.2531
leg:80fe7056535a,CARAMBIA Antonio José,diputados,Santa Cruz,2,2017-2019; 2019-2021,2017,2021,5,248,248,0.7379,0.7268,0.2678,0.0055,182,ACCION FEDERAL,3,PRO → UNIDAD Y EQUIDAD FEDERAL → ACCION FEDERAL,248.0,0.2525,0.0455
leg:2bc7582bd7dc,"CARBONETTO, Daniel",diputados,Buenos Aires,2,2001-2003; 2003-2005,2002,2005,4,312,312,0.6667,0.8798,0.0962,0.024,203,SIN BLOQUE,4,FRENTE POLO SOCIAL → POLO SOCIAL → M.M.T.A. → SIN BLOQUE,217.0,0.0484,0.0227
leg:05f49d6372c6,"CARCA, Elisa Beatriz",diputados,Buenos Aires,4,1993-1995; 1995-1997; 2007-2009; 2009-2011,1994,2011,7,405,405,0.6741,0.6117,0.3297,0.0586,257,COALICION CIVICA,1,COALICION CIVICA,424.0,0.1829,0.0959
leg:69e46dbc3aca,CARDELLI Jorge Justo,diputados,C.A.B.A.,2,2009-2011; 2011-2013,2010,2013,4,376,376,0.609,0.5633,0.3537,0.083,210,PROYECTO SUR,2,MOVIMIENTO PROYECTO SUR → PROYECTO SUR,500.0,0.1353,0.1554
leg:08bd9918075d,"CARDESA, Enrique Gustavo",diputados,Buenos Aires,1,1999-2001,2001,2001,1,39,39,1.0,0.4615,0.4359,0.1026,35,FRENTE PARA EL CAMBIO,2,FRENTE PARA EL CAMBIO → SIN BLOQUE,24.0,0.0938,0.0
leg:c10f6edefdc8,"CARLOTTO, Remo Gerardo",diputados,Buenos Aires,7,2003-2005; 2005-2007; 2007-2009; 2009-2011; 2011-2013; 2013-2015; 2015-2017,2005,2017,13,1836,1836,0.8083,0.9009,0.0923,0.0067,1474,PERONISMO PARA LA VICTORIA,3,FRENTE PARA LA VICTORIA → JUSTICIALISTA → PERONISMO PARA LA VICTORIA,2078.0,0.132,0.0322
leg:5d1d689350b5,CARMONA Guillermo Ramón,diputados,Mendoza,4,2011-2013; 2013-2015; 2015-2017; 2017-2019,2011,2019,9,996,996,0.8916,0.7905,0.1903,0.0191,871,FRENTE PARA LA VICTORIA,1,FRENTE PARA LA VICTORIA,1219.0,0.0953,0.0418
leg:a988f605eb5c,"CARMONA, María Araceli",diputados,Corrientes,3,2003-2005; 2005-2007; 2007-2009,2005,2009,5,949,949,0.8957,0.92,0.0447,0.0353,820,FRENTE PARA LA VICTORIA,3,FRENTE PARA LA VICTORIA → JUSTICIALISTA → SIN BLOQUE,842.0,0.1392,0.0
leg:7bb611480467,CAROL Analuz Ailén,diputados,Tierra del Fuego,2,2015-2017; 2017-2019,2016,2019,4,520,520,0.7885,0.5854,0.3976,0.0171,403,FRENTE PARA LA VICTORIA,1,FRENTE PARA LA VICTORIA,520.0,0.1726,0.25
leg:8ae985e834a1,CARRANZA Carlos Alberto,diputados,Santa Fe,2,2009-2011; 2011-2013,2010,2013,4,376,376,0.6383,0.5625,0.4125,0.025,234,FRENTE PERONISTA,3,FRENTE RENOVADOR → PERONISMO FEDERAL → FRENTE PERONISTA,500.0,0.2491,0.3932
leg:ac611d4e2a73,CARRILLO María del Carmen,diputados,Tucumán,2,2011-2013; 2013-2015,2013,2015,3,320,320,0.9531,0.9869,0.0131,0.0,305,FRENTE PARA LA VICTORIA,1,FRENTE PARA LA VICTORIA,496.0,0.0464,0.0463
leg:6731cb0bd6b6,CARRIZO Ana Carla,diputados,C.A.B.A.,6,2013-2015; 2015-2017; 2017-2019; 2019-2021; 2021-2023; 2023-2025,2014,2025,12,1050,1050,0.9029,0.7426,0.212,0.0454,905,DEMOCRACIA PARA SIEMPRE,4,SUMA + UNEN → DEMOCRACIA PARA SIEMPRE → UCR → EVOLUCION RADICAL,1168.0,0.1023,0.0506
leg:c52e5d79c2de,CARRIZO Nilda Mabel,diputados,Tucumán,4,2013-2015; 2015-2017; 2019-2021; 2021-2023,2014,2023,9,563,563,0.9361,0.74,0.2467,0.0133,520,FRENTE DE TODOS,2,FRENTE PARA LA VICTORIA → FRENTE DE TODOS,681.0,0.0397,0.0189
leg:5792d9e558cb,CARRIZO Soledad,diputados,Córdoba,6,2013-2015; 2015-2017; 2017-2019; 2019-2021; 2021-2023; 2023-2025,2014,2025,12,1050,1050,0.8629,0.7252,0.2362,0.0386,871,UCR,1,UCR,1168.0,0.1351,0.1711
leg:04ddfccadbdf,CARRIÓ Elisa María Avelina,diputados,C.A.B.A.,11,1995-1997; 1999-2001; 2001-2003; 2003-2005; 2005-2007; 2009-2011; 2011-2013; 2013-2015; 2015-2017; 2017-2019; 2019-2021,1997,2020,18,1768,1768,0.3428,0.5198,0.4257,0.0545,573,COALICION CIVICA,3,COALICION CIVICA → A.R.I → DIALOGO Y TRABAJO,2010.0,0.446,0.3433
leg:64b6717ab86b,"CASANOVAS, Jorge Osvaldo",diputados,Buenos Aires,2,2001-2003; 2003-2005,2002,2005,4,312,312,0.4968,0.7871,0.2,0.0129,153,SIN BLOQUE,2,JUSTICIALISTA → SIN BLOQUE,217.0,0.5101,0.5557
leg:537862c5fe3f,CASARETTO Marcelo Pablo,diputados,Entre Ríos,2,2019-2021; 2021-2023,2019,2023,5,52,52,0.9808,0.9608,0.0392,0.0,51,FRENTE DE TODOS,1,FRENTE DE TODOS,52.0,0.0385,0.0
leg:1ec1bbf09e03,CASAÑAS Juan Francisco,diputados,Tucumán,4,2009-2011; 2011-2013; 2013-2015; 2015-2017,2010,2017,8,887,887,0.4329,0.6641,0.3229,0.013,379,DEL BICENTENARIO,2,UCR → DEL BICENTENARIO,1129.0,0.3069,0.2002
leg:cc5184ce6e89,CASELLES Graciela María,diputados,San Juan,8,2007-2009; 2009-2011; 2011-2013; 2013-2015; 2015-2017; 2017-2019; 2019-2021; 2021-2023,2007,2023,17,1427,1427,0.8003,0.9151,0.0736,0.0114,1129,FRENTE DE TODOS,4,FRENTE PARA LA VICTORIA → FRENTE PARA LA VICTORIA - PARTIDO BLOQUI → PARTIDO BLOQUISTA DE SAN JUAN → FRENTE DE TODOS,1669.0,0.0603,0.1433
leg:ea5f69ad4f4b,"CASSESE, Marina",diputados,Buenos Aires,3,2001-2003; 2003-2005; 2005-2007,2003,2007,5,912,912,0.6151,0.6702,0.1569,0.1729,464,JUSTICIALISTA NACIONAL,4,JUSTICIALISTA → SIN BLOQUE → PERONISTA FEDERAL → JUSTICIALISTA NACIONAL,726.0,0.3511,0.2007
leg:34d9f589f2df,CASSINERIO Paulo Leonardo,diputados,Córdoba,2,2017-2019; 2019-2021,2017,2021,5,248,248,0.8105,0.9005,0.0746,0.0249,196,CORDOBA FEDERAL,1,CORDOBA FEDERAL,248.0,0.2117,0.3182
leg:133f921fc25b,CASTAGNETO Carlos Daniel,diputados,Buenos Aires,4,2015-2017; 2017-2019; 2023-2025; 2025-2027,2016,2026,7,889,889,0.9123,0.5684,0.418,0.0136,800,UNION POR LA PATRIA,2,FRENTE PARA LA VICTORIA → UNION POR LA PATRIA,899.0,0.0765,0.019
leg:70a4df6a8f69,"CASTALDO, Norah Susana",diputados,Tucumán,2,2007-2009; 2009-2011,2009,2011,3,211,211,0.7393,0.6474,0.2821,0.0705,145,UCR,1,UCR,230.0,0.2609,0.2561
leg:76375ebce04d,CASTAÑON Hugo,diputados,Rio Negro,2,2009-2011; 2011-2013,2010,2013,4,376,376,0.5452,0.5951,0.3951,0.0098,203,UCR,1,UCR,500.0,0.2848,0.2754
leg:8665582464af,"CASTELLANI, Carlos Alberto",diputados,Santa Fe,2,1999-2001; 2001-2003,2001,2003,3,132,132,0.6061,0.55,0.45,0.0,80,U. CE. DE.,2,SIN BLOQUE → U. CE. DE.,106.0,0.0425,0.119
leg:7f34819ff781,CASTETS Laura Carolina,diputados,Santa Fe,2,2019-2021; 2021-2023,2019,2023,5,52,52,0.8462,0.3182,0.6818,0.0,44,VALORES REPUBLICANOS,2,COALICION CIVICA → VALORES REPUBLICANOS,52.0,0.0,0.0
leg:dd06e899d3db,CASTRO MOLINA Enrique Roberto,diputados,San Juan,1,2015-2017,2016,2016,1,11,11,0.9091,0.9,0.1,0.0,10,COMPROMISO CON SAN JUAN,1,COMPROMISO CON SAN JUAN,11.0,0.0,
leg:6f9ce606dee5,CASTRO Sandra Daniela,diputados,San Juan,3,2013-2015; 2015-2017; 2017-2019,2014,2019,6,724,724,0.9669,0.7214,0.2471,0.0314,678,FRENTE PARA LA VICTORIA,1,FRENTE PARA LA VICTORIA,842.0,0.065,0.0061
leg:203139bb84f4,"CASTRO, Alicia Amalia",diputados,Buenos Aires,3,1999-2001; 2001-2003; 2003-2005,2001,2005,5,351,351,0.5613,0.1777,0.7462,0.0761,182,SIN BLOQUE,2,FRENTE PARA EL CAMBIO → SIN BLOQUE,241.0,0.1037,0.1923
leg:2029b49428af,"CAVADINI, Eduardo",diputados,Jujuy,1,2005-2007,2005,2007,3,669,669,0.438,0.8976,0.0205,0.0819,269,SIN BLOQUE,2,FRENTE PARA LA VICTORIA → SIN BLOQUE,571.0,0.6148,0.4
leg:20850b175460,"CAVALLERO, Hector José",diputados,Santa Fe,2,1999-2001; 2001-2003,2001,2003,3,132,132,0.6818,0.7778,0.2,0.0222,88,JUSTICIALISTA,2,JUSTICIALISTA → SIN BLOQUE,106.0,0.4918,0.4103
leg:aa7b6de489b1,CAVIGLIA Franco Agustín,diputados,Buenos Aires,3,1999-2001; 2001-2003; 2015-2017,2001,2017,5,439,439,0.7403,0.8308,0.1446,0.0246,317,JUNTOS POR ARGENTINA,4,ACCION POR LA REPUBLICA → JUNTOS POR ARGENTINA → JUSTICIALISTA → NO INTEGRA BLOQUE,439.0,0.2774,0.3241
leg:92bf3498a38c,"CECCO, Carlos Jaime",diputados,Entre Ríos,2,2003-2005; 2005-2007,2003,2007,5,893,893,0.5913,0.5152,0.4697,0.0152,520,SIN BLOQUE,2,UCR → SIN BLOQUE,711.0,0.3501,0.0909
leg:c505bb36901b,CEJAS Jorge Alberto,diputados,Rio Negro,4,2007-2009; 2009-2011; 2011-2013; 2013-2015,2007,2015,9,855,855,0.9415,0.9466,0.0447,0.0087,798,FRENTE PARA LA VICTORIA,1,FRENTE PARA LA VICTORIA,1097.0,0.0642,0.059
leg:ba6b45b40595,"CERDAN, Argentina",diputados,Formosa,1,2001-2003,2002,2003,2,53,53,0.566,0.9667,0.0333,0.0,30,JUSTICIALISTA,2,JUSTICIALISTA → SIN BLOQUE,42.0,0.4544,0.2222
leg:3f91ba332f7a,"CEREZO, Octavio Néstor",diputados,Catamarca,2,2001-2003; 2003-2005,2002,2005,4,312,312,0.6923,0.912,0.088,0.0,216,SIN BLOQUE,2,JUSTICIALISTA → SIN BLOQUE,217.0,0.3104,0.6519
leg:97543e70517f,CERRUTI Gabriela,diputados,C.A.B.A.,2,2017-2019; 2019-2021,2017,2021,5,248,248,0.9435,0.7222,0.2479,0.0299,227,FRENTE DE TODOS,2,FRENTE PARA LA VICTORIA → FRENTE DE TODOS,248.0,0.0795,0.0
leg:c4556e55cff1,"CESAR, Nora",diputados,Buenos Aires,3,2003-2005; 2005-2007; 2007-2009,2005,2009,5,949,949,0.7903,0.932,0.036,0.032,726,FRENTE PARA LA VICTORIA,3,FRENTE PARA LA VICTORIA → JUSTICIALISTA → SIN BLOQUE,842.0,0.2324,0.0909
leg:87f440be35a6,"CETTOUR, Hugo Ramón",diputados,Entre Ríos,2,2001-2003; 2003-2005,2002,2005,4,312,312,0.8878,0.9061,0.0866,0.0072,275,SIN BLOQUE,3,F.F.J. AZUL Y BLANCO → JUSTICIALISTA → SIN BLOQUE,217.0,0.1982,0.4282
leg:0124335cb4af,"CHAYA, María Lelia",diputados,Salta,3,1999-2001; 2001-2003; 2003-2005,2001,2005,5,351,351,0.0684,0.5833,0.4167,0.0,24,SIN BLOQUE,2,JUSTICIALISTA → SIN BLOQUE,241.0,0.8767,0.7899
leg:6ca63a31e644,CHEMES Jorge Omar,diputados,Entre Ríos,2,2009-2011; 2011-2013,2010,2013,4,376,376,0.6277,0.6102,0.3729,0.0169,232,UCR,1,UCR,500.0,0.2228,0.2184
leg:69bb121ee84d,"CHIACCHIO, Nora Alicia",diputados,Buenos Aires,4,1999-2001; 2001-2003; 2003-2005; 2005-2007,2001,2007,7,1025,1025,0.8224,0.8897,0.0937,0.0166,829,SIN BLOQUE,3,JUSTICIALISTA → SIN BLOQUE → PERONISTA FEDERAL,817.0,0.1802,0.1633
leg:5c7b30b1418e,CHIENO María Elena,diputados,Corrientes,2,2009-2011; 2011-2013,2010,2013,4,376,376,0.9255,0.8994,0.0776,0.023,340,FRENTE PARA LA VICTORIA,2,FRENTE PARA LA VICTORIA → SIN BLOQUE,323.0,0.0964,0.0
leg:438d0dad6fd7,"CHIQUICHANO, Rosa Laudelina",diputados,Chubut,2,2007-2009; 2009-2011,2007,2011,5,379,379,0.7203,0.8864,0.0842,0.0293,265,FRENTE PARA LA VICTORIA,1,FRENTE PARA LA VICTORIA,398.0,0.3042,0.3191
leg:d9a240480f63,"CHIRONI, Fernando Gustavo",diputados,Rio Negro,2,2003-2005; 2005-2007,2003,2007,5,893,893,0.6674,0.651,0.3238,0.0252,581,SIN BLOQUE,2,UCR → SIN BLOQUE,711.0,0.3979,0.2727
leg:c699c9ae0a69,CIAMPINI José Alberto,diputados,Neuquén,4,2011-2013; 2013-2015; 2015-2017; 2017-2019,2011,2019,9,996,996,0.8785,0.8103,0.1817,0.008,868,FRENTE PARA LA VICTORIA,1,FRENTE PARA LA VICTORIA,1219.0,0.0941,0.0201
leg:fc7bd61a18f1,CICILIANI Alicia Mabel,diputados,Santa Fe,4,2009-2011; 2011-2013; 2013-2015; 2015-2017,2010,2017,8,887,887,0.8095,0.6685,0.2772,0.0543,679,PARTIDO SOCIALISTA,1,PARTIDO SOCIALISTA,1129.0,0.1355,0.1516
leg:7d492c3a963e,"CIGOGNA, Luis Francisco Jorge",diputados,Buenos Aires,8,2001-2003; 2003-2005; 2005-2007; 2007-2009; 2009-2011; 2011-2013; 2013-2015; 2015-2017,2002,2017,16,2032,2032,0.9493,0.8953,0.1016,0.0031,1923,FRENTE PARA LA VICTORIA,2,JUSTICIALISTA → FRENTE PARA LA VICTORIA,2211.0,0.0513,0.0232
leg:9990dfe79ebb,"CISTERNA, Victor Hugo",diputados,Chubut,2,2001-2003; 2003-2005,2002,2005,4,312,312,0.8013,0.856,0.136,0.008,248,SIN BLOQUE,2,JUSTICIALISTA → SIN BLOQUE,217.0,0.2549,0.4198
leg:4dc62d6072a5,"CITTADINI, Stella",diputados,Córdoba,2,2003-2005; 2005-2007,2003,2007,5,893,893,0.8802,0.9517,0.0445,0.0038,783,SIN BLOQUE,3,JUSTICIALISTA → SIN BLOQUE → FRENTE PARA LA VICTORIA,711.0,0.1206,0.0533
leg:5591f3e6fd1c,CLERI Marcos,diputados,Santa Fe,6,2011-2013; 2013-2015; 2015-2017; 2017-2019; 2019-2021; 2021-2023,2011,2023,13,1048,1048,0.8817,0.8117,0.1786,0.0097,915,FRENTE DE TODOS,2,FRENTE PARA LA VICTORIA → FRENTE DE TODOS,1271.0,0.0811,0.0166
leg:6e83d18000dc,"COIRINI, Adriana Elsa",diputados,Buenos Aires,1,2005-2007,2005,2007,3,669,669,0.722,0.9048,0.0787,0.0166,475,SIN BLOQUE,2,PERONISTA FEDERAL → SIN BLOQUE,571.0,0.2414,0.2
leg:c492643273a6,"COLLANTES, Genaro",diputados,Catamarca,3,2003-2005; 2005-2007; 2007-2009,2005,2009,5,949,949,0.5669,0.855,0.1245,0.0204,527,UCR,4,FRENTE CIVICO SOCIAL → UCR → FRENTE CIVICO Y SOCIAL → FRENTE CIVICO Y SOCIAL DE CATAMARCA,842.0,0.1905,0.1818
leg:cdb1b7bdc16b,"COLOMBI, Ricardo",diputados,Corrientes,3,1999-2001; 2003-2005; 2005-2007,2001,2007,4,691,691,0.3994,0.9022,0.0761,0.0217,270,SIN BLOQUE,3,SIN BLOQUE → UCR → FRENTE DE TODOS,554.0,0.0679,0.6667
leg:cb9b2bbc51d4,"COLOMBO, María Teresita del Valle",diputados,Catamarca,1,1999-2001,2001,2001,1,39,39,0.8718,0.6471,0.2941,0.0588,32,FRENTE CIVICO SOCIAL,2,FRENTE CIVICO SOCIAL → SIN BLOQUE,24.0,0.2708,0.375
leg:2ef665d192b7,"COLUCIGNO, Aurelia Alicia",diputados,Buenos Aires,1,1999-2001,2001,2001,1,39,39,0.7179,0.8214,0.1071,0.0714,26,UCR,2,SIN BLOQUE → UCR,24.0,0.3591,0.0
leg:a97b406bf103,"COMELLI, Alicia Marcela",diputados,Neuquén,6,2003-2005; 2005-2007; 2007-2009; 2009-2011; 2011-2013; 2013-2015,2003,2015,13,1748,1748,0.7157,0.8137,0.1391,0.0472,1192,MOVIMIENTO POPULAR NEUQUINO,2,MOVIMIENTO POPULAR NEUQUINO → MOV POP NEUQUINO,1990.0,0.1417,0.0866
leg:2b668bad12bd,COMI Carlos Marcelo,diputados,Santa Fe,2,2009-2011; 2011-2013,2010,2013,4,376,376,0.6117,0.5783,0.3913,0.0304,223,DIALOGO Y TRABAJO,2,COALICION CIVICA → DIALOGO Y TRABAJO,500.0,0.1757,0.1822
leg:e703f70e5982,"CONCA, Julio Cesar",diputados,San Juan,2,1999-2001; 2001-2003,2001,2003,3,132,132,0.9091,0.5917,0.1833,0.225,93,BLOQUISTA DE SAN JUAN,2,BLOQUISTA DE SAN JUAN → SIN BLOQUE,106.0,0.0,0.0
leg:28cab26e4c95,CONESA Eduardo Raúl,diputados,C.A.B.A.,1,2015-2017,2016,2017,2,307,307,0.9642,0.8615,0.1284,0.0101,293,PRO,1,PRO,307.0,0.0628,0.0
leg:e8259d5d7ce3,"CONTE GRAND, Gerardo Amadeo",diputados,Cdad.Aut.Bs.As.,2,2001-2003; 2003-2005,2002,2005,4,312,312,0.9071,0.8057,0.1201,0.0742,262,SIN BLOQUE,2,JUSTICIALISTA → SIN BLOQUE,217.0,0.3025,0.6482
leg:ba3555e689c4,CONTIGIANI Luis Gustavo,diputados,Santa Fe,2,2017-2019; 2019-2021,2017,2021,5,248,248,0.9194,0.6886,0.2895,0.0219,223,FRENTE PROGRESISTA CIVICO Y SOCIAL,2,PARTIDO SOCIALISTA → FRENTE PROGRESISTA CIVICO Y SOCIAL,248.0,0.0,0.0
leg:a3c9a98b54f8,CONTRERA Mónica Graciela,diputados,Chubut,2,2011-2013; 2013-2015,2013,2015,3,320,320,0.9188,0.9898,0.0102,0.0,294,FRENTE PARA LA VICTORIA,1,FRENTE PARA LA VICTORIA,496.0,0.0806,0.0787
leg:0bc4f138245e,COPES Ana Isabel,diputados,Santa Fe,1,2015-2017,2016,2017,2,307,307,0.9967,0.8497,0.1307,0.0196,300,PARTIDO DEMOCRATA PROGRESISTA,1,PARTIDO DEMOCRATA PROGRESISTA,307.0,0.0,0.0
leg:c05a41f6a654,"CORDOBA, José Manuel",diputados,Santa Cruz,3,2003-2005; 2005-2007; 2007-2009,2005,2009,5,949,949,0.7323,0.9453,0.0417,0.0129,686,FRENTE PARA LA VICTORIA,3,FRENTE PARA LA VICTORIA → JUSTICIALISTA → SIN BLOQUE,842.0,0.273,0.0909
leg:7599174012e5,"CORDOBA, Stella Maris",diputados,Tucumán,6,2001-2003; 2003-2005; 2005-2007; 2007-2009; 2009-2011; 2011-2013,2002,2013,12,1637,1637,0.8064,0.9098,0.0538,0.0364,1272,FRENTE PARA LA VICTORIA,2,JUSTICIALISTA → FRENTE PARA LA VICTORIA,1761.0,0.2181,0.1669
leg:28857c3c24b0,"CORFIELD, Guillermo Eduardo",diputados,Entre Ríos,2,1999-2001; 2001-2003,2001,2003,3,132,132,0.9091,0.5167,0.4083,0.075,111,UCR,2,SIN BLOQUE → UCR,106.0,0.2578,0.0271
leg:9ee22667f2f8,CORNEJO Virginia Maria,diputados,Salta,2,2019-2021; 2021-2023,2019,2023,5,52,52,0.6154,0.2812,0.7188,0.0,32,PRO,2,PARTIDO PROPUESTA SALTENA → PRO,31.0,0.0,0.0
leg:2efe92fb5bef,CORREA Walter,diputados,Buenos Aires,2,2017-2019; 2019-2021,2017,2021,5,248,248,0.9153,0.7181,0.2555,0.0264,221,FRENTE DE TODOS,2,FRENTE PARA LA VICTORIA → FRENTE DE TODOS,248.0,0.0956,0.0
leg:95275504683a,"CORREA, Elsa Haydee",diputados,Mendoza,2,1999-2001; 2001-2003,2001,2003,3,132,132,0.75,0.7677,0.2222,0.0101,98,JUSTICIALISTA,2,JUSTICIALISTA → SIN BLOQUE,106.0,0.2402,0.2214
leg:1eb35c172072,"CORREA, Juan Carlos",diputados,Buenos Aires,2,2001-2003; 2003-2005,2002,2005,4,312,312,0.9776,0.918,0.0754,0.0066,303,SIN BLOQUE,2,JUSTICIALISTA → SIN BLOQUE,217.0,0.0578,0.0572
leg:f5f73e68d95e,CORTINA Roy,diputados,C.A.B.A.,4,2007-2009; 2009-2011; 2011-2013; 2013-2015,2007,2015,9,855,855,0.6292,0.5836,0.3662,0.0502,511,PARTIDO SOCIALISTA,1,PARTIDO SOCIALISTA,1097.0,0.2247,0.1925
leg:a3d1994d125a,"CORTINAS, Ismael Ramón",diputados,Corrientes,2,1999-2001; 2001-2003,2001,2003,3,132,132,0.3636,0.5417,0.2917,0.1667,40,AUTONOMISTA DE CORRIENTES,2,AUTONOMISTA DE CORRIENTES → SIN BLOQUE,106.0,0.0,0.0
leg:eb65e59656cd,"COSCIA, Jorge Edmundo",diputados,Cdad.Aut.Bs.As.,3,2003-2005; 2005-2007; 2007-2009,2005,2009,5,842,842,0.8729,0.9442,0.0463,0.0095,728,FRENTE PARA LA VICTORIA,3,FRENTE PARA LA VICTORIA → JUSTICIALISTA → SIN BLOQUE,742.0,0.1424,0.0
leg:eb3806e7d600,"COSTA, Roberto Raúl",diputados,Buenos Aires,2,2003-2005; 2005-2007,2003,2007,5,893,893,0.3326,0.5791,0.3199,0.101,267,SIN BLOQUE,2,UCR → SIN BLOQUE,711.0,0.4982,0.5455
leg:edbc9113c8ae,"COTO, Alberto Agustín",diputados,Buenos Aires,2,2001-2003; 2003-2005,2002,2005,4,312,312,0.9295,0.9034,0.0897,0.0069,288,SIN BLOQUE,2,JUSTICIALISTA → SIN BLOQUE,217.0,0.1012,0.1456
leg:81c2b92308a0,COULY Veronica Carolina,diputados,Buenos Aires,1,2015-2017,2017,2017,1,117,117,0.4274,0.9,0.06,0.04,48,UNIDOS POR UNA NUEVA ARGENTINA,1,UNIDOS POR UNA NUEVA ARGENTINA,117.0,0.4829,0.3333
leg:1af56b77dfd3,"COUREL, Carlos Alberto",diputados,Tucumán,2,1999-2001; 2001-2003,2001,2003,3,132,132,0.7045,0.5269,0.3548,0.1183,82,UCR,2,SIN BLOQUE → UCR,106.0,0.3925,0.3604
leg:53da8c074689,COUSINET Graciela,diputados,Mendoza,1,2015-2017,2016,2017,2,307,307,0.8371,0.7276,0.2412,0.0311,249,LIBRES DEL SUR,1,LIBRES DEL SUR,307.0,0.0977,0.1111
leg:6a5921c43432,CREMER DE BUSTI María Cristina,diputados,Entre Ríos,5,2007-2009; 2009-2011; 2011-2013; 2013-2015; 2015-2017,2007,2017,11,1162,1162,0.7668,0.7733,0.1762,0.0505,846,UNION POR ENTRE RIOS,4,FRENTE PARA LA VICTORIA → UNION POR ENTRE RIOS → PERONISMO FEDERAL → FRENTE PERONISTA,1404.0,0.1241,0.1392
leg:548ec1a428a3,CRESCIMBENI Camila,diputados,Buenos Aires,2,2019-2021; 2021-2023,2019,2023,5,52,52,0.8846,0.3478,0.6522,0.0,46,PRO,1,PRO,52.0,0.0769,0.0
leg:6d47e30fd6ec,CRESTO Mayda,diputados,Entre Ríos,2,2017-2019; 2019-2021,2017,2021,5,248,248,0.9234,0.9127,0.0742,0.0131,226,FRENTE DE TODOS,2,JUSTICIALISTA → FRENTE DE TODOS,248.0,0.2798,0.3923
leg:9780952c8dd4,CUCCOVILLO Ricardo Oscar,diputados,Buenos Aires,4,2007-2009; 2009-2011; 2011-2013; 2013-2015,2007,2015,9,855,855,0.6655,0.594,0.3779,0.0281,553,PARTIDO SOCIALISTA,1,PARTIDO SOCIALISTA,1097.0,0.191,0.1753
leg:f2f9dde9273e,"CUEVAS, Hugo Oscar",diputados,Rio Negro,3,2003-2005; 2005-2007; 2007-2009,2005,2009,5,949,949,0.7987,0.8206,0.1491,0.0303,735,DE LA CONCERTACION,3,UCR → SIN BLOQUE → DE LA CONCERTACION,842.0,0.3826,0.2727
leg:afe5334b6eb7,CURRILEN Oscar Rubén,diputados,Chubut,2,2009-2011; 2011-2013,2010,2013,4,376,376,0.9388,0.966,0.0283,0.0057,351,FRENTE PARA LA VICTORIA,2,FRENTE PARA LA VICTORIA → PERONISTA,500.0,0.0835,0.0874
leg:61264e68bce3,"CUSINATO, José César Gustavo",diputados,Entre Ríos,4,2001-2003; 2003-2005; 2007-2009; 2009-2011,2002,2011,9,691,691,0.6889,0.5504,0.4223,0.0273,463,UCR,1,UCR,541.0,0.229,0.1354
leg:a6b893ac9eea,"Cabiron, Juan Carlos",diputados,,2,1993-1995; 1995-1997,1994,1997,2,26,26,0.5385,0.5,0.5,0.0,14,SIN BLOQUE,1,SIN BLOQUE,,,
leg:33470fef8dd5,"Cafferata Nores, José Ignacio",diputados,,1,1995-1997,1997,1997,1,12,12,0.4167,0.8,0.2,0.0,5,SIN BLOQUE,1,SIN BLOQUE,,,
leg:6914b9a79f8c,"Cafiero, Juan Pablo",diputados,,1,1995-1997,1997,1997,1,12,12,0.8333,0.7,0.2,0.1,9,SIN BLOQUE,1,SIN BLOQUE,,,
leg:835ecc69ec75,"Cafiero, Santiago",diputados,Buenos Aires,2,2023-2025; 2025-2027,2024,2026,3,369,369,0.9864,0.5659,0.4313,0.0027,363,UNION POR LA PATRIA,1,UNION POR LA PATRIA,379.0,0.0241,0.0247
leg:b1c51cf626e8,"Caillet, Carmen del Rosario",diputados,,1,1995-1997,1997,1997,1,12,12,0.75,0.6667,0.3333,0.0,9,SIN BLOQUE,1,SIN BLOQUE,,,
leg:119ad028e5f7,"Caimmi, Fernando Enrique",diputados,,1,1993-1995,1994,1994,1,1,1,0.0,,,,0,SIN BLOQUE,1,SIN BLOQUE,,,
leg:9d11919ae3b8,"Callaba, Anibal",diputados,,2,1993-1995; 1995-1997,1994,1997,2,26,26,0.5769,0.5333,0.4667,0.0,15,SIN BLOQUE,1,SIN BLOQUE,,,
leg:e166f3c9992b,"Calletti, Pamela",diputados,Salta,2,2021-2023; 2023-2025,2022,2025,4,291,291,0.7388,0.893,0.107,0.0,215,INNOVACION FEDERAL,1,INNOVACION FEDERAL,291.0,0.2421,0.1489
leg:4f1476368922,"Camara, Mario Miguel",diputados,,2,1993-1995; 1995-1997,1994,1997,2,26,26,0.5769,0.7333,0.2667,0.0,15,SIN BLOQUE,1,SIN BLOQUE,,,
leg:c22269b0ad3a,"Campagnoli, Marcela",diputados,Buenos Aires,4,2017-2019; 2019-2021; 2021-2023; 2023-2025,2017,2025,9,539,539,0.833,0.6503,0.3163,0.0334,434,COALICION CIVICA,1,COALICION CIVICA,539.0,0.1013,0.0652
leg:d8b029ef5e32,"Campero, Mariano",diputados,Tucuman,2,2023-2025; 2025-2027,2024,2026,3,369,369,0.8238,0.7072,0.2895,0.0033,303,LA LIBERTAD AVANZA,1,LA LIBERTAD AVANZA,379.0,0.2169,0.037
leg:25acc26f489c,"Campero, Rodolfo Martín",diputados,,2,1993-1995; 1995-1997,1994,1997,2,26,26,0.2692,0.7143,0.1429,0.1429,6,SIN BLOQUE,1,SIN BLOQUE,,,
leg:652903d3149f,"Campitelli, Celia",diputados,Santiago del Estero,2,2023-2025; 2025-2027,2024,2026,3,369,369,0.9295,0.5656,0.4344,0.0,343,UNION POR LA PATRIA,1,UNION POR LA PATRIA,379.0,0.0693,0.0617
leg:e0ad07926aac,"Campo, Julieta Marisol",diputados,Chaco,1,2025-2027,2025,2026,2,95,95,1.0,0.3474,0.6526,0.0,95,UNION POR LA PATRIA,1,UNION POR LA PATRIA,105.0,0.0151,0.0
leg:07f4624195ea,"Campora, Lucia",diputados,Ciudad de Buenos Aires,1,2025-2027,2025,2026,2,95,95,0.9895,0.3404,0.6596,0.0,94,UNION POR LA PATRIA,1,UNION POR LA PATRIA,105.0,0.0246,0.0
leg:9e5dbbee2601,"Cantero, Carlos",diputados,Jujuy,1,2021-2023,2023,2023,1,2,2,0.5,1.0,0.0,0.0,1,FRENTE DE TODOS,1,FRENTE DE TODOS,2.0,0.0,
leg:739b5bae1ef1,"Capozzi, Sergio Eduardo",diputados,Rio Negro,2,2023-2025; 2025-2027,2024,2026,3,369,369,0.7669,0.6184,0.3498,0.0318,274,PROVINCIAS UNIDAS,1,PROVINCIAS UNIDAS,379.0,0.4955,0.4973
leg:6b848df8d3b9,"Carasso, Marcos Gustavo",diputados,Cordoba,1,2021-2023,2022,2023,2,17,17,0.8235,0.7857,0.2143,0.0,14,UCR,1,UCR,17.0,0.2101,0.0
leg:40fe8b7d74d6,"Carbajal, Arnoldo Dante",diputados,,1,1995-1997,1997,1997,1,12,12,0.0833,0.0,1.0,0.0,1,SIN BLOQUE,1,SIN BLOQUE,,,
leg:44614e6cda1d,"Carbajal, Fernando",diputados,Formosa,2,2021-2023; 2023-2025,2022,2025,4,291,291,0.8797,0.707,0.2617,0.0312,248,DEMOCRACIA PARA SIEMPRE,1,DEMOCRACIA PARA SIEMPRE,291.0,0.2152,0.4303
leg:4da297187369,"Cardoso, Marta Elena",diputados,,1,1995-1997,1997,1997,1,12,12,0.9167,0.5455,0.4545,0.0,11,SIN BLOQUE,1,SIN BLOQUE,,,
leg:f8985c8a3a0b,"Carignano, Florencia",diputados,Santa Fe,2,2023-2025; 2025-2027,2024,2026,3,369,369,0.9566,0.5581,0.4419,0.0,353,UNION POR LA PATRIA,1,UNION POR LA PATRIA,379.0,0.0452,0.0123
leg:439460c59d52,"Carnaghi, Guillermo Oscar",diputados,Neuquen,2,2019-2021; 2021-2023,2020,2023,4,21,21,0.9524,0.9,0.1,0.0,20,FRENTE DE TODOS,1,FRENTE DE TODOS,21.0,0.0,0.0
leg:1153598d5d7b,"Carrancio, Alejandro",diputados,Buenos Aires,1,2025-2027,2025,2026,2,95,95,1.0,0.8211,0.1789,0.0,95,LA LIBERTAD AVANZA,1,LA LIBERTAD AVANZA,105.0,0.0,0.0
leg:2eb472dd3426,"Carrara, Emilio Eduardo",diputados,,1,1995-1997,1997,1997,1,12,12,0.9167,0.5455,0.4545,0.0,11,SIN BLOQUE,1,SIN BLOQUE,,,
leg:21beccf339ae,"Carro, Pablo",diputados,Cordoba,4,2017-2019; 2019-2021; 2021-2023; 2023-2025,2017,2025,9,539,539,0.9276,0.694,0.298,0.008,496,UNION POR LA PATRIA,3,FRENTE PARA LA VICTORIA → FRENTE DE TODOS → UNION POR LA PATRIA,539.0,0.071,0.0145
leg:f93ba5607e7c,"Casari de Alarcia, Leonor",diputados,,2,1993-1995; 1995-1997,1994,1997,2,26,26,0.3846,0.7,0.3,0.0,10,SIN BLOQUE,1,SIN BLOQUE,,,
leg:d31b0e81c14c,"Casas, Sergio Guillermo",diputados,La Rioja,4,2019-2021; 2021-2023; 2023-2025; 2025-2027,2019,2026,8,421,421,0.9097,0.6632,0.3342,0.0026,382,UNION POR LA PATRIA,2,FRENTE DE TODOS → UNION POR LA PATRIA,431.0,0.0886,0.1444
leg:03d6c455994e,"Castelnuovo, Giselle",diputados,Buenos Aires,1,2025-2027,2025,2026,2,95,95,1.0,0.8211,0.1789,0.0,95,LA LIBERTAD AVANZA,1,LA LIBERTAD AVANZA,105.0,0.0,0.0
leg:06ff39ae3d52,"Castillo, Christian",diputados,Buenos Aires,1,2023-2025,2024,2025,2,274,274,0.9416,0.5853,0.3682,0.0465,246,PTS-FRENTE DE IZQUIERDA UNIDAD,1,PTS-FRENTE DE IZQUIERDA UNIDAD,274.0,0.0,0.0
leg:6d7d8a60e35c,"Castillo, José Luis",diputados,,2,1993-1995; 1995-1997,1994,1997,2,26,26,0.7308,0.6316,0.3684,0.0,19,SIN BLOQUE,1,SIN BLOQUE,,,
leg:abc39f837d80,"Castro, Carlos José",diputados,,2,1993-1995; 1995-1997,1994,1997,2,26,26,0.8077,0.5238,0.4286,0.0476,20,SIN BLOQUE,1,SIN BLOQUE,,,
leg:05560661973b,"Ceballos de Marin, Fani A.",diputados,,1,1995-1997,1997,1997,1,12,12,0.6667,0.75,0.25,0.0,8,SIN BLOQUE,1,SIN BLOQUE,,,
leg:8d1706893fae,"Ceballos, Walter Alberto",diputados,,1,1993-1995,1994,1994,1,14,14,0.7857,0.4545,0.4545,0.0909,10,SIN BLOQUE,1,SIN BLOQUE,,,
leg:260e96fd6707,"Cerdera, Rogelio Rafael",diputados,,1,1993-1995,1994,1994,1,14,14,0.7143,0.8,0.2,0.0,10,SIN BLOQUE,1,SIN BLOQUE,,,
leg:24f204ef333e,"Chaher, Leila",diputados,Jujuy,2,2021-2023; 2023-2025,2022,2025,4,291,291,0.8797,0.6523,0.3477,0.0,256,UNION POR LA PATRIA,1,UNION POR LA PATRIA,291.0,0.1188,0.0851
leg:12e0f71fca92,"Chahla, Rossana",diputados,Tucuman,1,2021-2023,2022,2023,2,16,16,1.0,0.875,0.125,0.0,16,FRENTE DE TODOS,1,FRENTE DE TODOS,16.0,0.0,0.0
leg:e191a3f4c785,"Chica Rodriguez, Juan José",diputados,,1,1995-1997,1997,1997,1,12,12,0.8333,0.4,0.5,0.1,9,SIN BLOQUE,1,SIN BLOQUE,,,
leg:c9f8b7c61fab,"Chica, Jorge",diputados,San Juan,2,2023-2025; 2025-2027,2024,2026,3,369,369,0.9946,0.6076,0.3896,0.0027,366,UNION POR LA PATRIA,1,UNION POR LA PATRIA,379.0,0.0454,0.0494
leg:a98be2af6c49,"Chiconi, Abel",diputados,San Juan,1,2025-2027,2025,2026,2,95,95,1.0,0.8211,0.1789,0.0,95,LA LIBERTAD AVANZA,1,LA LIBERTAD AVANZA,105.0,0.0,0.0
leg:fbcf3dd63889,"Chomiak, Maria Luisa",diputados,Chaco,2,2021-2023; 2023-2025,2022,2025,4,291,291,0.9759,0.6761,0.3204,0.0035,283,UNION POR LA PATRIA,1,UNION POR LA PATRIA,291.0,0.0299,0.0851
leg:9c0610c77cf8,"Chumpitaz, Gabriel Felipe",diputados,Santa Fe,2,2021-2023; 2023-2025,2022,2025,4,291,291,0.8247,0.5875,0.4,0.0125,237,FUTURO Y LIBERTAD,1,FUTURO Y LIBERTAD,291.0,0.0,0.0
leg:cf7c7ab1a079,"Cipolini, Gerardo",diputados,Chaco,4,2019-2021; 2021-2023; 2023-2025; 2025-2027,2019,2026,8,421,421,0.6295,0.7396,0.234,0.0264,258,UCR,1,UCR,431.0,0.3109,0.1019
leg:32e928de2787,"Cisneros, Carlos",diputados,Tucuman,4,2019-2021; 2021-2023; 2023-2025; 2025-2027,2019,2026,8,421,421,0.81,0.6217,0.3783,0.0,341,UNION POR LA PATRIA,2,FRENTE DE TODOS → UNION POR LA PATRIA,400.0,0.2115,0.1687
leg:58f163053986,"Closs, Ramón Alberto",diputados,,2,1993-1995; 1995-1997,1994,1997,2,26,26,0.8462,0.5,0.5,0.0,22,SIN BLOQUE,1,SIN BLOQUE,,,
leg:081bd07199ed,"Coletta, Mariela",diputados,Ciudad de Buenos Aires,2,2023-2025; 2025-2027,2024,2026,3,369,369,0.7805,0.7639,0.1736,0.0625,270,PROVINCIAS UNIDAS,1,PROVINCIAS UNIDAS,379.0,0.2659,0.2743
leg:827d24184e60,"Coli, Marcela",diputados,La Pampa,2,2021-2023; 2023-2025,2022,2025,4,291,291,0.9038,0.73,0.2548,0.0152,259,DEMOCRACIA PARA SIEMPRE,1,DEMOCRACIA PARA SIEMPRE,291.0,0.2167,0.5461
leg:e01210d4b52f,"Corchuelo Blasco, José Manuel",diputados,Chubut,3,1993-1995; 1995-1997; 1999-2001,1994,2001,3,65,65,0.6462,0.8095,0.1905,0.0,42,JUSTICIALISTA,2,SIN BLOQUE → JUSTICIALISTA,24.0,0.1683,0.0
leg:432468eed3c5,"Correa Llano, Facundo",diputados,Mendoza,2,2023-2025; 2025-2027,2024,2026,3,369,369,0.9864,0.5577,0.4423,0.0,364,LA LIBERTAD AVANZA,1,LA LIBERTAD AVANZA,379.0,0.0053,0.0
leg:47888e328e22,"Costa, Anahi",diputados,Catamarca,1,2021-2023,2022,2023,2,17,17,0.9412,0.875,0.125,0.0,16,FRENTE DE TODOS,1,FRENTE DE TODOS,17.0,0.0,0.0
leg:2c3ca81a415d,"Crostelli, Juan Carlos",diputados,,1,1993-1995,1994,1994,1,14,14,0.9286,0.6923,0.2308,0.0769,12,SIN BLOQUE,1,SIN BLOQUE,,,
leg:62e942fadf54,"Cruchaga, Melchor René",diputados,,1,1995-1997,1997,1997,1,12,12,0.8333,0.8,0.2,0.0,10,SIN BLOQUE,1,SIN BLOQUE,,,
leg:99f485e21e63,CÁCERES Eduardo Augusto,diputados,San Juan,4,2013-2015; 2015-2017; 2017-2019; 2019-2021,2014,2021,8,759,759,0.8603,0.6662,0.2986,0.0352,630,PRO,1,PRO,877.0,0.1668,0.1802
leg:f1d8d76edfbd,"Cáceres, Adriana Cintia",diputados,,1,2019-2021,2020,2021,2,4,4,0.75,0.6667,0.3333,0.0,3,SIN BLOQUE,1,SIN BLOQUE,,,
leg:a54a8405986c,D'AGOSTINO Jorge Marcelo,diputados,Entre Ríos,2,2013-2015; 2015-2017,2014,2017,4,511,511,0.8611,0.7114,0.2455,0.0432,421,UCR,1,UCR,629.0,0.1404,0.1276
leg:87bf61c4e171,D'ALESSANDRO Marcelo Silvio,diputados,Buenos Aires,1,2013-2015,2014,2015,2,204,204,0.5196,0.717,0.2453,0.0377,102,SIN BLOQUE,2,SIN BLOQUE → FRENTE RENOVADOR,183.0,0.1863,0.0
leg:d3e9584b3617,"D'alessandro, Carlos",diputados,San Luis,1,2023-2025,2024,2025,2,274,274,0.8467,0.5905,0.4095,0.0,232,COHERENCIA,1,COHERENCIA,274.0,0.1624,0.1111
leg:cee8bf2c203b,"D'alessandro, Miguel H.",diputados,,1,1993-1995,1994,1994,1,14,14,0.6429,0.7778,0.1111,0.1111,8,SIN BLOQUE,1,SIN BLOQUE,,,
leg:9c3928bfd78c,"D'ambrosio, Angel Mario",diputados,,1,1993-1995,1994,1994,1,14,14,0.3571,0.6,0.4,0.0,5,SIN BLOQUE,1,SIN BLOQUE,,,
leg:72d8e332dfd3,"D'elia, Roberto Antonio",diputados,,2,1993-1995; 1995-1997,1994,1997,2,26,26,0.8462,0.5909,0.3636,0.0455,21,SIN BLOQUE,1,SIN BLOQUE,,,
leg:34ca7dbd3dfe,DAER Héctor Ricardo,diputados,Buenos Aires,2,2013-2015; 2015-2017,2014,2017,4,511,511,0.4481,0.8122,0.1266,0.0611,215,BLOQUE DE LOS TRABAJADORES,3,BLOQUE DE LOS TRABAJADORES → FRENTE RENOVADOR → UNIDOS POR UNA NUEVA ARGENTINA,629.0,0.2761,0.04
leg:7eaf28fdd7b3,"DAHER, Zulema Beatriz",diputados,Salta,6,1999-2001; 2001-2003; 2003-2005; 2005-2007; 2007-2009; 2009-2011,2001,2011,11,1404,1404,0.7457,0.8329,0.1375,0.0296,1016,PERONISMO FEDERAL,5,JUSTICIALISTA → UNION PERONISTA → FRENTE PARA LA VICTORIA → PERONISMO FEDERAL → COALICION CIVICA,1423.0,0.2267,0.0462
leg:a7e351754c06,DALDOVO Nelly Ramona,diputados,Formosa,2,2019-2021; 2021-2023,2019,2023,5,52,52,0.9808,0.9608,0.0392,0.0,51,FRENTE DE TODOS,1,FRENTE DE TODOS,52.0,0.0,0.0
leg:86369a4a843d,"DALLA FONTANA, Ariel",diputados,Santa Fe,2,2005-2007; 2007-2009,2005,2009,5,944,944,0.7987,0.8103,0.0822,0.1074,673,SANTA FE FEDERAL,3,FRENTE PARA LA VICTORIA → SIN BLOQUE → SANTA FE FEDERAL,837.0,0.2126,0.1
leg:e02284d5a7dc,"DAMIANI, Hernán Norberto Luis",diputados,Misiones,2,2001-2003; 2003-2005,2002,2005,4,312,312,0.6603,0.3981,0.5631,0.0388,198,SIN BLOQUE,3,ALIANZA → UCR → SIN BLOQUE,217.0,0.3401,0.3497
leg:d906a42e3360,"DAMILANO GRIVARELLO, Viviana Mónica",diputados,Chaco,2,2007-2009; 2009-2011,2007,2011,5,379,379,0.9235,0.8943,0.0914,0.0143,345,FRENTE PARA LA VICTORIA,1,FRENTE PARA LA VICTORIA,398.0,0.1057,0.234
leg:b2098570bb97,DAS NEVES Mario,diputados,Chubut,4,1995-1997; 1999-2001; 2001-2003; 2013-2015,1997,2015,5,258,258,0.4884,0.6587,0.1667,0.1746,104,TRABAJO Y DIGNIDAD,2,TRABAJO Y DIGNIDAD → JUSTICIALISTA,376.0,0.1477,0.1293
leg:a32c034a8191,DATO Alfredo Carlos,diputados,Tucumán,4,2007-2009; 2009-2011; 2011-2013; 2013-2015,2007,2015,9,855,855,0.9275,0.9483,0.0517,0.0,793,FRENTE PARA LA VICTORIA,1,FRENTE PARA LA VICTORIA,1097.0,0.0706,0.0619
leg:e8479cf65fc1,"DAUD, Jorge Carlos",diputados,Entre Ríos,4,1993-1995; 2001-2003; 2003-2005; 2005-2007,1994,2007,7,1000,1000,0.777,0.9228,0.0656,0.0116,768,SIN BLOQUE,3,SIN BLOQUE → JUSTICIALISTA → FRENTE PARA LA VICTORIA,793.0,0.2412,0.19
leg:840f1dda4a9e,DAVID Javier,diputados,Salta,2,2015-2017; 2017-2019,2016,2019,4,520,520,0.8904,0.8683,0.1058,0.0259,451,JUSTICIALISTA,1,JUSTICIALISTA,520.0,0.2695,0.4552
leg:2c64bf85fa44,"DAZA, Héctor Rubén",diputados,Jujuy,2,2003-2005; 2005-2007,2003,2007,5,893,893,0.7044,0.9141,0.0541,0.0318,609,SIN BLOQUE,3,JUSTICIALISTA → SIN BLOQUE → FRENTE PARA LA VICTORIA,711.0,0.3273,0.1442
leg:a17c70e9c13c,"DE BARIAZARRA, Roberto Rodolfo",diputados,Rio Negro,1,1999-2001,2001,2001,1,39,39,0.4359,0.2941,0.3529,0.3529,11,UCR,2,SIN BLOQUE → UCR,24.0,0.6957,1.0
leg:2a9089f3ddd8,"DE BERNARDI, Eduardo",diputados,Chubut,2,2003-2005; 2005-2007,2003,2007,5,893,893,0.8522,0.9304,0.0578,0.0118,752,SIN BLOQUE,3,JUSTICIALISTA → SIN BLOQUE → FRENTE PARA LA VICTORIA,711.0,0.1814,0.0533
leg:68de03b7361e,"DE BRASI, Marta Susana",diputados,Cdad.Aut.Bs.As.,2,2003-2005; 2005-2007,2003,2007,5,893,893,0.6069,0.7288,0.1937,0.0775,500,SIN BLOQUE,4,AUTODETERMINACION Y LIBERTAD → SIN BLOQUE → PROYECTO SOCIAL ALTERNATIVO → FRENTE PARA LA VICTORIA,711.0,0.3486,0.0909
leg:86e9070b564b,DE FERRARI RUEDA Patricia,diputados,Córdoba,2,2011-2013; 2013-2015,2011,2015,5,476,476,0.7941,0.5265,0.418,0.0556,357,UCR,1,UCR,699.0,0.1429,0.1412
leg:c6a5e24b255d,DE GENNARO Victor Norberto,diputados,Buenos Aires,2,2011-2013; 2013-2015,2011,2015,5,476,476,0.5609,0.5843,0.3296,0.0861,244,UNIDAD POPULAR,1,UNIDAD POPULAR,699.0,0.226,0.2193
leg:a7304ee83692,"DE LA BARRERA, Guillermo",diputados,Catamarca,2,2003-2005; 2005-2007,2003,2007,5,893,893,0.8488,0.9301,0.062,0.0079,752,SIN BLOQUE,3,JUSTICIALISTA → SIN BLOQUE → FRENTE PARA LA VICTORIA,711.0,0.1682,0.0533
leg:2d0f49e39a14,DE LAMADRID Alvaro Héctor,diputados,C.A.B.A.,1,2019-2021,2019,2021,3,35,35,1.0,0.2,0.8,0.0,35,SIN BLOQUE,2,UCR → SIN BLOQUE,31.0,0.0,0.0
leg:cb838b8e4f8d,"DE MARCHI, Omar Bruno",diputados,Mendoza,7,2003-2005; 2005-2007; 2007-2009; 2009-2011; 2011-2013; 2019-2021; 2021-2023,2005,2023,14,1377,1377,0.5243,0.4917,0.4557,0.0526,684,PRO,3,DEMOCRATA → DEMOCRATA DE MENDOZA → PRO,1196.0,0.028,0.0
leg:9409c6d3d112,DE MENDIGUREN José Ignacio,diputados,Buenos Aires,4,2013-2015; 2015-2017; 2017-2019; 2019-2021,2014,2021,8,759,759,0.6588,0.81,0.118,0.072,464,FRENTE DE TODOS,3,FRENTE DE TODOS → FRENTE RENOVADOR → UNIDOS POR UNA NUEVA ARGENTINA,877.0,0.237,0.2035
leg:c0fd0a8e8b0e,"DE NARVAEZ, Francisco",diputados,Buenos Aires,6,2003-2005; 2005-2007; 2007-2009; 2009-2011; 2011-2013; 2013-2015,2005,2015,11,1529,1529,0.3715,0.5669,0.382,0.0511,539,UNION CELESTE Y BLANCO,6,PERONISTA FEDERAL → JUSTICIALISTA NACIONAL → UNION CELESTE Y BLANCO → UNION CELESTE Y BLANCA → PERONISMO FEDERAL → FRENTE PERONISTA,1771.0,0.1548,0.0401
leg:f389373591ea,"DE NUCCIO, Fabián",diputados,Buenos Aires,2,2001-2003; 2003-2005,2002,2005,4,312,312,0.7628,0.2353,0.6639,0.1008,214,SIN BLOQUE,4,ALIANZA → FRENTE GRANDE → A.R.I → SIN BLOQUE,217.0,0.2477,0.2727
leg:263334be44e6,DE PONTI Lucila María,diputados,Santa Fe,2,2015-2017; 2017-2019,2016,2019,4,520,520,0.7115,0.6027,0.3784,0.0189,363,MOVIMIENTO EVITA,3,PERONISMO PARA LA VICTORIA → FRENTE PARA LA VICTORIA → MOVIMIENTO EVITA,520.0,0.2164,0.1667
leg:88a5b8a3839a,DE PRAT GAY Alfonso,diputados,C.A.B.A.,2,2009-2011; 2011-2013,2010,2013,4,376,376,0.6117,0.5609,0.3783,0.0609,216,DIALOGO Y TRABAJO,2,COALICION CIVICA → DIALOGO Y TRABAJO,500.0,0.2293,0.2508
leg:d6257ed3f47a,"DE SANCTIS, Guillermo Horacio",diputados,San Juan,1,1999-2001,2001,2001,1,39,39,0.8718,0.4706,0.5294,0.0,34,JUSTICIALISTA,2,JUSTICIALISTA → SIN BLOQUE,24.0,0.5142,0.75
leg:e643f800d3a2,DE VIDO Julio (Suspendido Art 70 C.N.),diputados,Buenos Aires,2,2015-2017; 2017-2019,2016,2019,4,520,520,0.2462,0.6016,0.3828,0.0156,126,FRENTE PARA LA VICTORIA,1,FRENTE PARA LA VICTORIA,,,
leg:d12c9a066d0a,"DEL CAMPILLO, Héctor Eduardo",diputados,Córdoba,2,2007-2009; 2009-2011,2007,2011,5,379,379,0.6332,0.6417,0.3292,0.0292,233,UCR,1,UCR,398.0,0.2691,0.2352
leg:3cbd8362f5c6,DEL CAÑO Nicolás,diputados,Buenos Aires,6,2013-2015; 2017-2019; 2019-2021; 2021-2023; 2023-2025; 2025-2027,2014,2026,12,788,788,0.8376,0.453,0.4545,0.0924,599,PTS-FRENTE DE IZQUIERDA Y DE TRABAJADORES UNIDAD,3,FRENTE DE IZQUIERDA → PTS-FRENTE DE IZQUIERDA Y DE TRABAJADORES UNIDAD → PTS-FRENTE DE IZQUIERDA UNIDAD,916.0,0.0464,0.0531
leg:b66a10a91429,"DEL RICCIO, Ana María del Carmen",diputados,Formosa,2,2003-2005; 2005-2007,2005,2006,2,111,111,0.7658,0.9765,0.0235,0.0,85,FRENTE PARA LA VICTORIA,2,FRENTE PARA LA VICTORIA → JUSTICIALISTA,111.0,0.2342,0.0
leg:1194cd27579f,"DELAJONQUIERE, Nelson",diputados,Santa Fe,1,2003-2005,2003,2005,3,135,135,0.4963,0.403,0.5672,0.0299,65,UCR,1,UCR,135.0,0.5259,0.4
leg:10441e96987c,"DELICH, Francisco",diputados,Córdoba,3,2003-2005; 2005-2007; 2007-2009,2005,2009,5,949,949,0.6596,0.8706,0.0719,0.0575,590,PARTIDO NUEVO CONTRA LA CORRUPCION,3,PARTIDO NUEVO → PARTIDO NUEVO CONTRA LA CORRUPCION → SIN BLOQUE,842.0,0.242,0.3182
leg:2afcb53ee567,"DELLEPIANE, Carlos Francisco",diputados,Buenos Aires,4,1993-1995; 1995-1997; 2003-2005; 2005-2007,1994,2007,7,919,919,0.4973,0.5777,0.2998,0.1225,401,SIN BLOQUE,5,SIN BLOQUE → BUENOS AIRES → FRENTE POPULAR BONAERENSE → LA ARGENTINA DE LOS VALORES → JUSTICIALISTA NACIONAL,711.0,0.1671,0.0909
leg:53ad84adaef6,DELÚ Melina Aida,diputados,La Pampa,2,2017-2019; 2019-2021,2017,2021,5,248,248,0.8629,0.9159,0.0607,0.0234,209,FRENTE DE TODOS,2,JUSTICIALISTA → FRENTE DE TODOS,248.0,0.216,0.1148
leg:4a57433bd977,"DEPETRI, Edgardo Fernando",diputados,Buenos Aires,7,2003-2005; 2005-2007; 2007-2009; 2009-2011; 2011-2013; 2013-2015; 2015-2017,2005,2017,13,1782,1782,0.6122,0.89,0.1036,0.0064,1084,FRENTE PARA LA VICTORIA,2,FRENTE PARA LA VICTORIA → JUSTICIALISTA,2024.0,0.3397,0.2049
leg:b0e008868ad5,DERNA Verónica,diputados,Misiones,1,2017-2019,2017,2019,3,213,213,0.9343,0.8894,0.0804,0.0302,193,FRENTE DE LA CONCORDIA MISIONERO,1,FRENTE DE LA CONCORDIA MISIONERO,213.0,0.0376,0.0
leg:124f68a410ba,"DI BENEDETTO, Gustavo Daniel",diputados,Chubut,2,2001-2003; 2003-2005,2002,2005,4,312,312,0.7885,0.3415,0.6423,0.0163,242,SIN BLOQUE,2,UCR → SIN BLOQUE,217.0,0.2196,0.3441
leg:4c56ae0e2112,"DI COLA, Eduardo Román",diputados,Córdoba,2,1999-2001; 2001-2003,2001,2003,3,132,132,0.5985,0.9494,0.038,0.0127,78,JUSTICIALISTA,2,JUSTICIALISTA → SIN BLOQUE,106.0,0.3766,0.4159
leg:56e9e13104d7,DI GIACOMO Luis,diputados,Rio Negro,2,2019-2021; 2021-2023,2019,2023,5,52,52,0.9423,0.9796,0.0204,0.0,49,JUNTOS SOMOS RIO NEGRO,1,JUNTOS SOMOS RIO NEGRO,52.0,0.0,0.0
leg:f94b045fac1f,"DI LANDRO, Oscar Jorge",diputados,Buenos Aires,2,2003-2005; 2005-2007,2003,2007,5,893,893,0.7301,0.9202,0.0706,0.0092,646,SIN BLOQUE,3,JUSTICIALISTA → SIN BLOQUE → PERONISTA FEDERAL,711.0,0.1816,0.0554
leg:ff985121bf3a,"DI LEO, Marta Isabel",diputados,Buenos Aires,2,1999-2001; 2001-2003,2001,2003,3,132,132,0.8485,0.5804,0.3839,0.0357,108,UCR,2,SIN BLOQUE → UCR,106.0,0.2579,0.2176
leg:709962b55bd7,"DI POLLINA, Eduardo Alfredo",diputados,Santa Fe,2,2003-2005; 2005-2007,2003,2007,5,893,893,0.785,0.572,0.3709,0.0571,661,SIN BLOQUE,2,PARTIDO SOCIALISTA → SIN BLOQUE,711.0,0.164,0.0909
leg:71eefae26741,DI STÉFANO Daniel,diputados,Misiones,2,2015-2017; 2017-2019,2016,2019,4,520,520,0.7058,0.7112,0.2752,0.0136,362,FRENTE DE LA CONCORDIA MISIONERO,2,FRENTE PARA LA VICTORIA → FRENTE DE LA CONCORDIA MISIONERO,520.0,0.2712,0.1667
leg:ad388f35ad1d,"DIAZ BANCALARI, José María",diputados,Buenos Aires,8,1999-2001; 2001-2003; 2003-2005; 2005-2007; 2007-2009; 2009-2011; 2011-2013; 2013-2015,2001,2015,15,1880,1880,0.9069,0.922,0.0686,0.0094,1689,FRENTE PARA LA VICTORIA,3,FRENTE PARA LA VICTORIA → JUSTICIALISTA → PERONISTA FEDERAL,2122.0,0.102,0.0777
leg:04b5318075da,"DIAZ COLODRERO, Agustín",diputados,Corrientes,2,1999-2001; 2001-2003,2001,2003,3,90,90,0.2667,0.5833,0.4167,0.0,24,FRENTE PARTIDO NUEVO,2,FRENTE PARTIDO NUEVO → SIN BLOQUE,74.0,0.0,0.0
leg:6d0c4771b7bd,"DIAZ COLODRERO, Luis María",diputados,Corrientes,1,1999-2001,2001,2001,1,39,39,0.4103,0.375,0.375,0.25,12,LIBERAL DE CORRIENTES,2,LIBERAL DE CORRIENTES → SIN BLOQUE,24.0,0.0,0.0
leg:c36ab48c8173,"DIAZ ROIG, Juan Carlos",diputados,Formosa,7,2003-2005; 2005-2007; 2007-2009; 2009-2011; 2011-2013; 2013-2015; 2015-2017,2005,2017,13,1836,1836,0.8099,0.8668,0.1258,0.0074,1476,FRENTE PARA LA VICTORIA,2,JUSTICIALISTA → FRENTE PARA LA VICTORIA,2078.0,0.1803,0.1443
leg:5a40e2ac864d,"DIAZ, Susana Eladia",diputados,Tucumán,4,2003-2005; 2005-2007; 2007-2009; 2009-2011,2003,2011,9,1263,1263,0.8044,0.8996,0.0738,0.0266,989,FRENTE PARA LA VICTORIA,2,JUSTICIALISTA → FRENTE PARA LA VICTORIA,1282.0,0.2245,0.1698
leg:8cc3a9658aa4,"DIEZ, María Inés",diputados,Salta,2,2005-2007; 2007-2009,2007,2009,3,297,297,0.7205,0.7944,0.1729,0.0327,207,SIN BLOQUE,2,RENOVADOR DE SALTA → SIN BLOQUE,288.0,0.1858,0.0
leg:76a60ce80750,DINDART Julián,diputados,Corrientes,2,2015-2017; 2017-2019,2016,2019,4,520,520,0.7865,0.7628,0.2274,0.0098,405,UCR,1,UCR,520.0,0.2173,0.235
leg:0299b24f0f11,"DOGA, María Nélida",diputados,Buenos Aires,2,2003-2005; 2005-2007,2003,2007,5,893,893,0.4076,0.7473,0.1401,0.1126,323,SIN BLOQUE,4,JUSTICIALISTA → SIN BLOQUE → PERONISTA FEDERAL → JUSTICIALISTA NACIONAL,711.0,0.3326,0.6009
leg:937db0fc1938,DOMINGUEZ Julián Andrés,diputados,Buenos Aires,2,2011-2013; 2013-2015,2011,2015,5,476,476,0.1492,0.9859,0.0141,0.0,71,FRENTE PARA LA VICTORIA,1,FRENTE PARA LA VICTORIA,,,
leg:e02de4f33cef,DOMINGUEZ Ramon Alfredo,diputados,San Luis,1,2015-2017,2017,2017,1,82,82,0.561,0.8478,0.1087,0.0435,44,COMPROMISO FEDERAL,1,COMPROMISO FEDERAL,82.0,0.3049,0.0
leg:5129668140f7,DONDA PÉREZ Victoria Analía,diputados,Buenos Aires,6,2007-2009; 2009-2011; 2011-2013; 2013-2015; 2015-2017; 2017-2019,2007,2019,13,1375,1375,0.6218,0.6889,0.248,0.0632,801,SOMOS,5,FRENTE PARA LA VICTORIA → ENCUENTRO POPULAR Y SOCIAL → FRENTE DE TODOS → LIBRES DEL SUR → SOMOS,1617.0,0.0696,0.0242
leg:1393c1f905cc,DONKIN Carlos Guillermo,diputados,Formosa,3,2009-2011; 2011-2013; 2013-2015,2010,2015,6,526,526,0.981,0.9729,0.0233,0.0039,514,FRENTE PARA LA VICTORIA,1,FRENTE PARA LA VICTORIA,768.0,0.0282,0.0324
leg:98c259b79866,"DOVENA, Miguel Dante",diputados,Buenos Aires,3,2003-2005; 2005-2007; 2007-2009,2005,2009,5,949,949,0.8082,0.94,0.0378,0.0222,750,FRENTE PARA LA VICTORIA,3,JUSTICIALISTA → FRENTE PARA LA VICTORIA → SIN BLOQUE,842.0,0.1963,0.0909
leg:67fc727a1a17,"DRAGAN, Marcelo Luis",diputados,Tierra del Fuego,2,1999-2001; 2001-2003,2001,2003,3,132,132,0.5758,0.5263,0.4474,0.0263,74,UNION POR ARGENTINA,3,ACCION POR LA REPUBLICA → SIN BLOQUE → UNION POR ARGENTINA,106.0,0.2291,0.4286
leg:e5ea96543df6,DUCLOS Omar Arnaldo,diputados,Buenos Aires,2,2011-2013; 2013-2015,2011,2015,5,476,476,0.7374,0.5043,0.4245,0.0712,326,GEN,1,GEN,699.0,0.0875,0.0786
leg:9fb77ef44d9b,DURAND CORNEJO Guillermo Mario,diputados,Salta,2,2013-2015; 2015-2017,2014,2017,4,511,511,0.7769,0.7078,0.2544,0.0378,382,PRO,2,PRO → CONSERVADOR POPULAR,629.0,0.1661,0.1867
leg:5a8e8ccf4218,DURÉ Lucila Beatriz,diputados,Formosa,1,2015-2017,2016,2017,2,307,307,0.8795,0.7444,0.2074,0.0481,257,PARTIDO SOCIALISTA,1,PARTIDO SOCIALISTA,307.0,0.1669,0.2222
leg:09969375854a,DUTTO Gustavo Alberto,diputados,Buenos Aires,1,2009-2011,2010,2011,2,50,50,0.76,0.8421,0.1316,0.0263,37,FRENTE PARA LA VICTORIA,1,FRENTE PARA LA VICTORIA,69.0,0.2587,0.25
leg:60897187a068,"D`ERRICO, María Rita Antonia",diputados,Buenos Aires,1,1999-2001,2001,2001,1,39,39,0.4615,0.8889,0.1111,0.0,18,JUSTICIALISTA,2,JUSTICIALISTA → SIN BLOQUE,24.0,0.2933,0.0
leg:96c3d7e97349,"Daives, Ricardo",diputados,Santiago del Estero,4,2019-2021; 2021-2023; 2023-2025; 2025-2027,2019,2026,8,421,421,0.7316,0.5877,0.4091,0.0032,307,UNION POR LA PATRIA,2,FRENTE DE TODOS → UNION POR LA PATRIA,400.0,0.2956,0.1807
leg:6988a92f1935,"Dantas, Pedro Cristian",diputados,Rio Negro,1,2021-2023,2022,2023,2,17,17,0.8824,0.9333,0.0667,0.0,15,FRENTE DE TODOS,1,FRENTE DE TODOS,17.0,0.0588,0.0
leg:0aaa5d56d460,"De Andreis, Fernando",diputados,Ciudad de Buenos Aires,1,2025-2027,2025,2026,2,95,95,0.9789,0.828,0.172,0.0,93,PRO,1,PRO,105.0,0.0095,0.0
leg:31bb86ae242b,"De Lajonquiere, Nelson",diputados,,1,2003-2005,2004,2005,2,84,84,0.381,0.5,0.5,0.0,32,SIN BLOQUE,1,SIN BLOQUE,,,
leg:8765d17d2db0,"De Loredo, Rodrigo",diputados,Cordoba,2,2021-2023; 2023-2025,2022,2025,4,291,291,0.8729,0.7047,0.2244,0.0709,236,UCR,1,UCR,291.0,0.1236,0.1543
leg:a63e015888d8,"De Mendieta, Mercedes",diputados,Ciudad de Buenos Aires,1,2023-2025,2025,2025,1,50,50,1.0,0.88,0.04,0.08,46,IZQUIERDA SOCIALISTA FIT-UNIDAD,1,IZQUIERDA SOCIALISTA FIT-UNIDAD,50.0,0.0,0.0
leg:e3438c5f3d6f,"De Sensi, Maria Florencia",diputados,Buenos Aires,2,2023-2025; 2025-2027,2024,2026,3,369,369,0.9566,0.6091,0.3824,0.0085,350,PRO,1,PRO,379.0,0.0299,0.0247
leg:e0874a2391d1,"De la Sota, Natalia",diputados,Cordoba,3,2021-2023; 2023-2025; 2025-2027,2022,2026,5,386,386,0.7021,0.5314,0.4649,0.0037,270,DEFENDAMOS CORDOBA,1,DEFENDAMOS CORDOBA,396.0,0.0,0.0
leg:d34b2fcf5732,Del CERRO Gonzalo Pedro Antonio,diputados,Santa Fe,2,2017-2019; 2019-2021,2017,2021,5,248,248,0.75,0.5484,0.4462,0.0054,185,UCR,1,UCR,248.0,0.2643,0.1364
leg:db19aa636f0b,"Del Fabro, Lilian del Carmen",diputados,,2,1993-1995; 1995-1997,1994,1997,2,26,26,0.7308,0.5789,0.3684,0.0526,18,SIN BLOQUE,1,SIN BLOQUE,,,
leg:5cfb66a4dc46,Del PLÁ Romina,diputados,Buenos Aires,5,2017-2019; 2019-2021; 2021-2023; 2023-2025; 2025-2027,2017,2026,9,434,434,0.7696,0.3234,0.6078,0.0689,311,PARTIDO OBRERO EN EL FRENTE DE IZQUIERDA Y DE TRABAJADORES-U,2,FRENTE DE IZQUIERDA → PARTIDO OBRERO EN EL FRENTE DE IZQUIERDA Y DE TRABAJADORES-U,444.0,0.0619,0.0
leg:2c3c854c5f9c,"Di Tulio, Hector Horacio",diputados,,1,1993-1995,1994,1994,1,14,14,0.1429,0.0,1.0,0.0,2,SIN BLOQUE,1,SIN BLOQUE,,,
leg:6cc37b1b2881,"Diaz Lozano, Julio César",diputados,,1,1995-1997,1997,1997,1,12,12,0.5833,0.4286,0.2857,0.2857,5,SIN BLOQUE,1,SIN BLOQUE,,,
leg:b6d4a3ffd3e3,"Diaz Martinez, Jorge Raúl",diputados,,2,1993-1995; 1995-1997,1994,1997,2,26,26,0.6538,0.6471,0.2353,0.1176,15,SIN BLOQUE,1,SIN BLOQUE,,,
leg:58e7d78a402d,"Diaz, Fernanda",diputados,Buenos Aires,1,2025-2027,2025,2026,2,95,95,0.9895,0.3404,0.6596,0.0,94,UNION POR LA PATRIA,1,UNION POR LA PATRIA,105.0,0.0246,0.0
leg:f2f540dbf7e1,"Diez, Romina",diputados,Santa Fe,2,2023-2025; 2025-2027,2024,2026,3,369,369,0.8537,0.5841,0.4159,0.0,315,LA LIBERTAD AVANZA,1,LA LIBERTAD AVANZA,379.0,0.1324,0.0123
leg:ec7a8d7825cd,"Digon, Roberto",diputados,,2,1993-1995; 1995-1997,1994,1997,2,26,26,0.6923,0.8333,0.1111,0.0556,17,SIN BLOQUE,1,SIN BLOQUE,,,
leg:8539e1ff419f,"Dip, Pendiente de Incorporacion",diputados,,1,2023-2025,2024,2024,1,49,49,0.0,,,,0,SIN BLOQUE,1,SIN BLOQUE,,,
leg:3dfcdd3225b5,"Dolce, Sergio",diputados,Chaco,1,2025-2027,2025,2026,2,95,95,1.0,0.3579,0.6421,0.0,95,UNION POR LA PATRIA,1,UNION POR LA PATRIA,105.0,0.0048,0.0
leg:21a44a42b930,"Domina, Esteban Alberto",diputados,,1,1995-1997,1997,1997,1,12,12,0.9167,0.4545,0.5455,0.0,11,SIN BLOQUE,1,SIN BLOQUE,,,
leg:67f00bb8ca3e,"Domingo, Agustin",diputados,Rio Negro,2,2021-2023; 2023-2025,2022,2025,4,291,291,0.6976,0.8473,0.1429,0.0099,201,INNOVACION FEDERAL,1,INNOVACION FEDERAL,291.0,0.139,0.1702
leg:61a53cbf1afb,"Dominguez, Dolores Carmen",diputados,,1,1995-1997,1997,1997,1,12,12,0.9167,0.5455,0.4545,0.0,11,SIN BLOQUE,1,SIN BLOQUE,,,
leg:09b5d4ecde95,"Dominguez, Lorenzo Sebastián",diputados,,1,1995-1997,1997,1997,1,12,12,1.0,0.75,0.25,0.0,12,SIN BLOQUE,1,SIN BLOQUE,,,
leg:9911d9df0b6d,"Domsic, Lidia Catalina",diputados,,1,1995-1997,1997,1997,1,9,9,0.8889,0.75,0.25,0.0,8,SIN BLOQUE,1,SIN BLOQUE,,,
leg:c6db5f8947ce,"Donni, Luisa Cristina",diputados,,1,1993-1995,1994,1994,1,13,13,1.0,0.6923,0.2308,0.0769,12,SIN BLOQUE,1,SIN BLOQUE,,,
leg:7f8a7de3dfba,"Dragicevic, Carmen Nilda",diputados,,1,1995-1997,1997,1997,1,12,12,0.8333,0.5,0.5,0.0,10,SIN BLOQUE,1,SIN BLOQUE,,,
leg:ef2f29a74df2,"Drisaldi, María Rita",diputados,Santa Cruz,3,1993-1995; 1995-1997; 1999-2001,1994,2001,3,65,65,0.6154,0.75,0.175,0.075,37,JUSTICIALISTA,2,SIN BLOQUE → JUSTICIALISTA,24.0,0.2517,0.0
leg:04ca0d0e1162,"Dufou, Pedro Alfredo",diputados,,1,1995-1997,1997,1997,1,12,12,0.3333,1.0,0.0,0.0,4,SIN BLOQUE,1,SIN BLOQUE,,,
leg:a4543a11cad6,"Dumon, José Gabriel",diputados,Buenos Aires,3,1993-1995; 1995-1997; 1999-2001,1994,2001,3,53,53,0.8868,0.7021,0.2979,0.0,47,UCR,2,SIN BLOQUE → UCR,17.0,0.0588,0.0
leg:50ffd9d7cdc9,"Durañona y Vedia, Francisco",diputados,,1,1993-1995,1994,1994,1,14,14,0.7857,0.2727,0.5455,0.1818,9,SIN BLOQUE,1,SIN BLOQUE,,,
leg:2da4d1010438,"Durrieu, Marcela Margarita",diputados,,1,1993-1995,1994,1994,1,14,14,0.8571,0.6667,0.3333,0.0,12,SIN BLOQUE,1,SIN BLOQUE,,,
leg:22152a6ba10a,ECHEGARAY Alejandro Carlos Augusto,diputados,Buenos Aires,2,2015-2017; 2017-2019,2016,2019,4,520,520,0.9462,0.7927,0.1972,0.0102,487,UCR,1,UCR,520.0,0.0689,0.1053
leg:090713beaae5,EHCOSOR María Azucena,diputados,Buenos Aires,2,2013-2015; 2015-2017,2014,2017,4,511,511,0.6673,0.827,0.0997,0.0733,316,UNIDOS POR UNA NUEVA ARGENTINA,2,FRENTE RENOVADOR → UNIDOS POR UNA NUEVA ARGENTINA,629.0,0.2099,0.2511
leg:5a975a2cb652,EL SUKARIA Soher,diputados,Córdoba,2,2019-2021; 2021-2023,2019,2023,5,52,52,0.8462,0.3182,0.6818,0.0,44,PRO,1,PRO,52.0,0.1346,0.1111
leg:635c722bdcc1,ELICECHE Carlos Tomas,diputados,Chubut,1,2011-2013,2011,2013,3,156,156,0.8013,0.992,0.008,0.0,125,FRENTE PARA LA VICTORIA,1,FRENTE PARA LA VICTORIA,203.0,0.2074,0.2064
leg:67d9b86fcd13,"ELIZONDO, Dante",diputados,San Juan,3,2001-2003; 2003-2005; 2005-2007,2002,2006,5,420,420,0.7381,0.929,0.071,0.0,310,FRENTE PARA LA VICTORIA,3,JUSTICIALISTA → SIN BLOQUE → FRENTE PARA LA VICTORIA,325.0,0.2961,0.4693
leg:f0f42ef452cf,ELORRIAGA Osvaldo Enrique,diputados,Entre Ríos,2,2011-2013; 2013-2015,2011,2015,5,476,476,0.9748,0.9828,0.0172,0.0,464,FRENTE PARA LA VICTORIA,1,FRENTE PARA LA VICTORIA,699.0,0.0345,0.0383
leg:5ce030bb92f8,ENRIQUEZ Jorge Ricardo,diputados,C.A.B.A.,2,2017-2019; 2019-2021,2017,2021,5,248,248,0.9073,0.5778,0.4089,0.0133,222,PRO,1,PRO,248.0,0.1235,0.0455
leg:eca5becc6769,"ERRO, Norberto Pedro",diputados,Buenos Aires,2,2007-2009; 2009-2011,2007,2011,5,379,379,0.7836,0.8451,0.138,0.0168,292,UCR,3,DE LA CONCERTACION → UCR → BUENOS AIRES POR EL CAMBIO,398.0,0.1319,0.0851
leg:18c2373072fd,"ESAIN, Daniel Martín",diputados,Mendoza,2,2001-2003; 2003-2005,2002,2005,4,312,312,0.9199,0.6376,0.1115,0.2509,215,SIN BLOQUE,3,F.I.S.CA.L → SIN BLOQUE → PARTICIPACION CIUDADANA,217.0,0.0,0.0
leg:72aaa74ae530,"ESCOBAR, Jorge Alberto",diputados,San Juan,3,1993-1995; 1999-2001; 2001-2003,1994,2003,4,146,146,0.5205,0.7895,0.1842,0.0263,74,JUSTICIALISTA,3,SIN BLOQUE → JUSTICIALISTA → F.F.J. AZUL Y BLANCO,106.0,0.3018,0.031
leg:6b5ae2194ede,ESPER Laura Reneé,diputados,Buenos Aires,1,2013-2015,2014,2015,2,204,204,0.8333,0.6412,0.1941,0.1647,142,SIN BLOQUE,2,FRENTE RENOVADOR → SIN BLOQUE,183.0,0.2695,0.0
leg:81b526fa4b39,ESPINDOLA Gladys Susana,diputados,Córdoba,2,2009-2011; 2011-2013,2010,2013,4,376,376,0.5824,0.5845,0.3744,0.0411,210,UCR,1,UCR,500.0,0.2744,0.2905
leg:b2a4969cf634,"ESPINOLA, Barbara Ines",diputados,Buenos Aires,1,1999-2001,2001,2001,1,39,39,0.9744,0.5263,0.4737,0.0,38,FREPASO,2,FREPASO → SIN BLOQUE,24.0,0.1683,0.0
leg:477cc65e68f8,ESPINOZA Fernando,diputados,Buenos Aires,1,2017-2019,2017,2019,3,213,213,0.4085,0.7011,0.2759,0.023,85,FRENTE PARA LA VICTORIA,1,FRENTE PARA LA VICTORIA,213.0,0.5238,0.2
leg:2cf38209a96f,"ESTEBAN, Silvia Graciela",diputados,Santa Cruz,2,2003-2005; 2005-2007,2003,2006,4,298,298,0.9799,0.9384,0.0479,0.0137,288,FRENTE PARA LA VICTORIA,3,JUSTICIALISTA → SIN BLOQUE → FRENTE PARA LA VICTORIA,214.0,0.0407,0.0651
leg:8dba8c707e88,ESTEVEZ Enrique Eloy,diputados,Santa Fe,2,2019-2021; 2021-2023,2019,2023,5,52,52,0.8654,0.6444,0.3333,0.0222,44,SOCIALISTA,1,SOCIALISTA,31.0,0.0,0.0
leg:2569ce855012,ESTEVEZ Gabriela Beatriz,diputados,Córdoba,6,2015-2017; 2017-2019; 2019-2021; 2021-2023; 2023-2025; 2025-2027,2016,2026,11,941,941,0.9086,0.5965,0.393,0.0105,846,UNION POR LA PATRIA,4,FRENTE PARA LA VICTORIA → FRENTE DE TODOS → SIN BLOQUE → UNION POR LA PATRIA,719.0,0.0561,0.0
leg:a311dea85bfc,"ETCHEVEHERE, Arturo Roosevelt",diputados,Entre Ríos,1,1999-2001,2001,2001,1,39,39,0.5897,0.5652,0.3478,0.087,21,UCR,2,SIN BLOQUE → UCR,24.0,0.4424,0.25
leg:70620a636df1,"Emma, Nicolas",diputados,Ciudad de Buenos Aires,2,2023-2025; 2025-2027,2024,2026,3,369,369,0.8672,0.5844,0.4156,0.0,320,LA LIBERTAD AVANZA,1,LA LIBERTAD AVANZA,379.0,0.1192,0.0
leg:a84a2e0d82d3,"Escalante Ortiz, Herminia Elsa",diputados,,1,1995-1997,1997,1997,1,12,12,0.75,0.6667,0.3333,0.0,9,SIN BLOQUE,1,SIN BLOQUE,,,
leg:10ebfc0f5fcf,"Espert, Jose Luis",diputados,Buenos Aires,2,2021-2023; 2023-2025,2022,2025,4,291,291,0.9038,0.4905,0.5095,0.0,263,LA LIBERTAD AVANZA,1,LA LIBERTAD AVANZA,291.0,0.0963,0.0213
leg:14a4c375cab7,"Espil, Santiago Eugenio",diputados,Buenos Aires,1,2021-2023,2023,2023,1,5,5,1.0,0.8,0.2,0.0,5,COALICION CIVICA,1,COALICION CIVICA,5.0,0.0,0.0
leg:5262032c126a,"Estevez Boero, Guillermo E.",diputados,,2,1993-1995; 1995-1997,1994,1997,2,26,26,0.4615,0.5833,0.25,0.1667,10,SIN BLOQUE,1,SIN BLOQUE,,,
leg:20280f262ac5,"Estrada, Arnaldo Damian",diputados,,1,1995-1997,1997,1997,1,12,12,0.8333,0.5,0.5,0.0,10,SIN BLOQUE,1,SIN BLOQUE,,,
leg:d42319c33b56,"Estrada, Emiliano",diputados,Salta,2,2021-2023; 2023-2025,2022,2025,4,291,291,0.811,0.6737,0.322,0.0042,235,UNION POR LA PATRIA,1,UNION POR LA PATRIA,291.0,0.1875,0.1915
leg:5210814f411a,FABIANI Eduardo Alberto,diputados,Buenos Aires,2,2013-2015; 2015-2017,2014,2017,4,511,511,0.8102,0.8237,0.1014,0.0749,383,JUNTOS POR ARGENTINA,4,FRENTE RENOVADOR → JUNTOS POR ARGENTINA → PARTIDO DEMOCRATA PROGRESISTA → SOCIAL CRISTIANO,629.0,0.2342,0.2144
leg:d8482c1686f1,"FABRIS, Luciano",diputados,Chaco,3,2003-2005; 2005-2007; 2007-2009,2005,2009,5,949,949,0.6112,0.6914,0.2879,0.0207,568,UCR,2,UCR → SIN BLOQUE,842.0,0.3869,0.0909
leg:e0434f518638,"FADEL, Patricia Susana",diputados,Mendoza,4,2003-2005; 2005-2007; 2007-2009; 2009-2011,2003,2011,9,1271,1271,0.8961,0.9227,0.0632,0.014,1123,FRENTE PARA LA VICTORIA,2,JUSTICIALISTA → FRENTE PARA LA VICTORIA,1290.0,0.1279,0.1659
leg:83d9d52db6c0,FADUL Liliana,diputados,Tierra del Fuego,2,2009-2011; 2011-2013,2010,2013,4,376,376,0.7952,0.6321,0.3445,0.0234,292,PARTIDO FEDERAL FUEGUINO,1,PARTIDO FEDERAL FUEGUINO,500.0,0.0,0.0
leg:994a64e1dbf9,FAGIOLI Federico,diputados,Buenos Aires,2,2019-2021; 2021-2023,2019,2023,5,52,52,0.9808,0.9608,0.0392,0.0,51,FRENTE DE TODOS,1,FRENTE DE TODOS,52.0,0.0,0.0
leg:e575c9c96c42,"FALBO, María del Carmen",diputados,Buenos Aires,3,1999-2001; 2001-2003; 2003-2005,2001,2004,4,202,202,0.8911,0.7833,0.1889,0.0278,175,JUSTICIALISTA,2,JUSTICIALISTA → SIN BLOQUE,158.0,0.2117,0.2757
leg:0ffa067c4615,"FALU, José Ricardo",diputados,Tucumán,2,2001-2003; 2003-2005,2002,2005,4,312,312,0.7212,0.9067,0.0311,0.0622,211,SIN BLOQUE,2,JUSTICIALISTA → SIN BLOQUE,217.0,0.3411,0.2972
leg:2924ba03a7e6,"FARIZANO, Juan Carlos",diputados,Cdad.Aut.Bs.As.,1,1999-2001,2001,2001,1,39,39,0.7949,0.6452,0.3548,0.0,31,UCR,2,UCR → SIN BLOQUE,24.0,0.1957,0.25
leg:07431655eace,FAUSTINELLI Hipólito,diputados,Córdoba,2,2009-2011; 2011-2013,2010,2013,4,376,376,0.4628,0.6264,0.3506,0.023,170,UCR,1,UCR,500.0,0.3309,0.291
leg:5534af781037,FAVARIO Carlos Alberto,diputados,Santa Fe,2,2009-2011; 2011-2013,2010,2013,4,376,376,0.7926,0.5168,0.4396,0.0436,285,DEMOCRATA PROGRESISTA,1,DEMOCRATA PROGRESISTA,500.0,0.0,0.0
leg:fc8bfa943764,"FAYAD, Victor Manuel Federico",diputados,Mendoza,5,1993-1995; 1995-1997; 1999-2001; 2001-2003; 2003-2005,1994,2005,7,377,377,0.4907,0.3892,0.4216,0.1892,150,SIN BLOQUE,2,SIN BLOQUE → UCR,241.0,0.5122,0.642
leg:6098da00a455,"FEIN, Mónica Hayde",diputados,Santa Fe,4,2007-2009; 2009-2011; 2021-2023; 2023-2025,2007,2025,9,670,670,0.8955,0.73,0.265,0.005,597,ENCUENTRO FEDERAL,2,PARTIDO SOCIALISTA → ENCUENTRO FEDERAL,365.0,0.114,0.0
leg:19ef0be5bc97,FELETTI Roberto José,diputados,C.A.B.A.,2,2011-2013; 2013-2015,2011,2015,5,476,476,1.0,0.9832,0.0168,0.0,476,FRENTE PARA LA VICTORIA,1,FRENTE PARA LA VICTORIA,699.0,0.0016,0.0018
leg:de6757f021d3,FELIX Omar,diputados,Mendoza,4,2009-2011; 2011-2013; 2017-2019; 2019-2021,2010,2021,9,624,624,0.726,0.8852,0.0993,0.0155,446,SIN BLOQUE,4,SIN BLOQUE → FRENTE PARA LA VICTORIA → SOMOS MENDOZA → FRENTE DE TODOS,567.0,0.1237,0.0526
leg:ff834c58c336,FELLNER Eduardo Alfredo,diputados,Jujuy,2,2007-2009; 2009-2011,2008,2011,4,68,68,0.0294,0.5,0.5,0.0,2,FRENTE PARA LA VICTORIA,1,FRENTE PARA LA VICTORIA,,,
leg:fc7bb540c5b3,"FERNANDEZ BASUALDO, Luis María",diputados,Formosa,2,2007-2009; 2009-2011,2007,2010,4,329,329,0.9696,0.9028,0.0878,0.0094,316,FRENTE PARA LA VICTORIA,1,FRENTE PARA LA VICTORIA,329.0,0.035,0.0435
leg:8c68239755f5,FERNANDEZ BLANCO María Cristina,diputados,Jujuy,1,2013-2015,2015,2015,1,37,37,0.6486,0.6667,0.25,0.0833,22,UCR,1,UCR,57.0,0.1228,0.1304
leg:fc68188d51b6,FERNANDEZ Eduardo Gabriel,diputados,Córdoba,2,2019-2021; 2021-2023,2019,2023,5,52,52,1.0,0.9615,0.0385,0.0,52,FRENTE DE TODOS,1,FRENTE DE TODOS,31.0,0.0,0.0
leg:5682530bff68,FERNANDEZ Hector,diputados,Buenos Aires,1,2019-2021,2019,2021,3,35,35,1.0,1.0,0.0,0.0,35,FRENTE DE TODOS,1,FRENTE DE TODOS,35.0,0.0,0.0
leg:8d51ab36eac9,FERNANDEZ LANGAN Ezequiel,diputados,Buenos Aires,2,2017-2019; 2019-2021,2017,2021,5,248,248,0.9113,0.6018,0.3938,0.0044,225,PRO,1,PRO,248.0,0.0794,0.0
leg:60bb020c8b77,"FERNANDEZ LIMIA, Adan Noé",diputados,Córdoba,1,2003-2005,2003,2004,2,175,175,0.7886,0.8913,0.029,0.0797,127,JUSTICIALISTA,2,JUSTICIALISTA → SIN BLOQUE,108.0,0.2963,0.0
leg:7d3a62c8511a,FERNANDEZ Rodolfo Alfredo,diputados,Corrientes,2,2009-2011; 2011-2013,2010,2013,4,376,376,0.5346,0.6866,0.2338,0.0796,185,UCR,1,UCR,500.0,0.3769,0.3635
leg:ba8191fc2f44,"FERNANDEZ VALONI, José Luis",diputados,Cdad.Aut.Bs.As.,2,1999-2001; 2001-2003,2001,2003,3,132,132,0.6818,0.6444,0.3444,0.0111,89,ACCION POR LA REPUBLICA,2,ACCION POR LA REPUBLICA → SIN BLOQUE,106.0,0.2999,0.1429
leg:fd80312788a0,"FERNANDEZ, Alfredo Cesar",diputados,Mendoza,2,2003-2005; 2005-2007,2003,2007,5,893,893,0.8354,0.9343,0.0496,0.0161,734,SIN BLOQUE,3,JUSTICIALISTA → SIN BLOQUE → FRENTE PARA LA VICTORIA,711.0,0.1925,0.2351
leg:b538a076d24d,"FERNANDEZ, Horacio Anibal",diputados,La Pampa,1,2001-2003,2002,2003,2,75,75,1.0,0.7733,0.2,0.0267,73,JUSTICIALISTA,2,JUSTICIALISTA → SIN BLOQUE,64.0,0.1271,0.0
leg:f113db165a87,"FERNANDEZ, Marcelo Omar",diputados,Buenos Aires,1,2007-2009,2007,2009,3,275,275,0.7418,0.9608,0.0245,0.0147,201,SIN BLOQUE,2,FRENTE PARA LA VICTORIA → SIN BLOQUE,266.0,0.2764,0.0
leg:5e50f68ab501,"FERNANDEZ, Pablo Damian",diputados,La Pampa,1,1999-2001,2001,2001,1,39,39,0.0513,1.0,0.0,0.0,2,FREPASO,2,FREPASO → SIN BLOQUE,24.0,0.8366,1.0
leg:09d7787ead19,FERNÁNDEZ MENDÍA Gustavo Rodolfo,diputados,La Pampa,2,2013-2015; 2015-2017,2014,2017,4,511,511,0.7867,0.9229,0.0547,0.0224,393,JUSTICIALISTA,2,JUSTICIALISTA → PARTIDO JUSTICIALISTA LA PAMPA,629.0,0.1654,0.0549
leg:0727f35986c7,"FERRA DE BARTOL, Margarita",diputados,San Juan,5,2003-2005; 2005-2007; 2007-2009; 2009-2011; 2011-2013,2005,2013,9,1302,1302,0.6621,0.9397,0.051,0.0093,854,FRENTE PARA LA VICTORIA,2,JUSTICIALISTA → FRENTE PARA LA VICTORIA,1426.0,0.3248,0.214
leg:e9909b6bd9fd,FERRARI Gustavo Alfredo,diputados,Buenos Aires,2,2009-2011; 2011-2013,2010,2013,4,376,376,0.4761,0.5363,0.4525,0.0112,177,FRENTE PERONISTA,3,PERONISMO FEDERAL → SIN BLOQUE → FRENTE PERONISTA,323.0,0.1141,0.0426
leg:a91965222c3c,"FERRARI de GRAND, Teresa Hortensia",diputados,Entre Ríos,2,1999-2001; 2001-2003,2001,2003,3,132,132,0.697,0.6957,0.2717,0.0326,89,F.F.J. AZUL Y BLANCO,3,JUSTICIALISTA → SIN BLOQUE → F.F.J. AZUL Y BLANCO,106.0,0.436,0.5071
leg:6acb955ee9b1,"FERRERO, Fernanda",diputados,Cdad.Aut.Bs.As.,2,1999-2001; 2001-2003,2001,2003,3,132,132,0.6364,0.381,0.4762,0.1429,72,FEDERAL,4,ACCION POR LA REPUBLICA → SIN BLOQUE → FEDERAL → RECREAR PARA EL CRECIMIENTO,106.0,0.122,0.1905
leg:4c2dbdca78f6,FERREYRA Araceli Susana Del Rosario,diputados,Corrientes,4,2011-2013; 2013-2015; 2015-2017; 2017-2019,2011,2019,9,996,996,0.7801,0.8301,0.1609,0.009,770,MOVIMIENTO EVITA,4,SIN BLOQUE → FRENTE PARA LA VICTORIA → PERONISMO PARA LA VICTORIA → MOVIMIENTO EVITA,927.0,0.1417,0.0303
leg:8a953f2391a2,FERREYRA Daniel Julio,diputados,Jujuy,2,2019-2021; 2021-2023,2019,2023,5,50,50,0.92,1.0,0.0,0.0,46,FRENTE DE TODOS,1,FRENTE DE TODOS,50.0,0.08,0.1111
leg:b218b7b18a22,"FERREYRA, Mario Felix",diputados,Tierra del Fuego,1,1999-2001,2001,2001,1,39,39,0.5641,0.8182,0.1818,0.0,22,JUSTICIALISTA,2,JUSTICIALISTA → SIN BLOQUE,24.0,0.1717,0.0
leg:2418eb2ff1f1,"FERRI, Gustavo Enrique",diputados,Buenos Aires,2,2003-2005; 2005-2007,2003,2007,5,893,893,0.6853,0.7761,0.1471,0.0768,565,SIN BLOQUE,4,JUSTICIALISTA → SIN BLOQUE → PERONISTA FEDERAL → JUSTICIALISTA NACIONAL,711.0,0.3083,0.2372
leg:556d7f89b12f,"FERRIGNO OBARRIO, Santiago",diputados,La Pampa,2,2003-2005; 2005-2007,2003,2007,5,893,893,0.8533,0.8806,0.0801,0.0394,732,SIN BLOQUE,4,ALIANZA FRENTE ALTERNATVA PAMPEANA → SIN BLOQUE → FREPASO → FRENTE PARA LA VICTORIA,711.0,0.1803,0.0909
leg:16e236abf905,"FERRIN, María Teresa",diputados,Jujuy,2,2001-2003; 2003-2005,2002,2005,4,312,312,0.8429,0.3574,0.616,0.0266,256,SIN BLOQUE,2,UCR → SIN BLOQUE,217.0,0.2106,0.2077
leg:7b5485c4eab0,"FERRO, Francisco José",diputados,Buenos Aires,3,2003-2005; 2005-2007; 2007-2009,2005,2009,5,949,949,0.5753,0.5769,0.3645,0.0586,514,COALICION CIVICA,3,UCR → SIN BLOQUE → COALICION CIVICA,842.0,0.3179,0.0909
leg:7c7590d4e964,"FIGUEROA, José Oscar",diputados,Santiago del Estero,4,1999-2001; 2001-2003; 2003-2005; 2005-2007,2001,2007,7,1025,1025,0.7112,0.893,0.0645,0.0425,698,SIN BLOQUE,4,JUSTICIALISTA → SIN BLOQUE → F.F.J. AZUL Y BLANCO → FRENTE PARA LA VICTORIA,817.0,0.3418,0.3882
leg:ee65f211462c,"FILOMENO, Alejandro Oscar",diputados,Buenos Aires,2,2001-2003; 2003-2005,2002,2005,4,312,312,0.9583,0.7525,0.2107,0.0368,288,SIN BLOQUE,3,ALIANZA → FREPASO → SIN BLOQUE,217.0,0.1982,0.3864
leg:b741279cfd6e,"FIOL, Paulina Esther",diputados,Santa Fe,4,2003-2005; 2005-2007; 2007-2009; 2009-2011,2003,2011,9,1272,1272,0.941,0.9332,0.0602,0.0067,1189,FRENTE PARA LA VICTORIA,2,JUSTICIALISTA → FRENTE PARA LA VICTORIA,1291.0,0.0738,0.0774
leg:5ddc74892aad,FLORES Danilo Adrián,diputados,La Rioja,2,2017-2019; 2019-2021,2017,2021,5,248,248,0.7298,0.884,0.0884,0.0276,176,FRENTE DE TODOS,2,JUSTICIALISTA → FRENTE DE TODOS,248.0,0.1584,0.0694
leg:67bb2f08a755,"FLORES, Héctor",diputados,Buenos Aires,4,2007-2009; 2009-2011; 2017-2019; 2019-2021,2007,2021,10,627,627,0.6204,0.581,0.3907,0.0283,378,SIN BLOQUE,2,COALICION CIVICA → SIN BLOQUE,324.0,0.1988,0.0769
leg:9b6da3ad75f8,"FOCO, Isabel Emilia",diputados,Neuquén,1,1999-2001,2001,2001,1,39,39,0.7949,0.5484,0.4516,0.0,31,FREPASO,2,SIN BLOQUE → FREPASO,24.0,0.3517,0.0
leg:d33ed4897d7a,"FOGLIA, Teresa Beatriz",diputados,Córdoba,2,1999-2001; 2001-2003,2001,2003,3,132,132,0.6439,0.6353,0.3294,0.0353,82,UCR,2,SIN BLOQUE → UCR,106.0,0.3642,0.5114
leg:2f7e77e36ed4,"FONTDEVILA, Pablo Antonio",diputados,Buenos Aires,2,1999-2001; 2001-2003,2001,2003,3,132,132,0.7652,0.7525,0.2277,0.0198,99,JUSTICIALISTA,2,JUSTICIALISTA → SIN BLOQUE,106.0,0.307,0.4635
leg:7ce0e00db3fe,FORCONI Juan Carlos,diputados,Santa Fe,2,2009-2011; 2011-2013,2010,2013,4,376,376,0.9441,0.9549,0.0366,0.0085,352,SANTA FE EN MOVIMIENTO,4,FRENTE PARA LA VICTORIA → PERONISMO FEDERAL → NO INTEGRA BLOQUE → SANTA FE EN MOVIMIENTO,500.0,0.0866,0.0631
leg:fd27a3676aca,"FORESI, Irma Amelia",diputados,Santa Fe,2,2001-2003; 2003-2005,2002,2005,4,312,312,0.9006,0.8968,0.0747,0.0285,273,SIN BLOQUE,2,JUSTICIALISTA → SIN BLOQUE,217.0,0.1878,0.5145
leg:bcf2bc7f4939,FORTE Ulises Umberto,diputados,La Pampa,2,2009-2011; 2011-2013,2010,2013,4,376,376,0.7899,0.6667,0.3199,0.0135,293,UCR,2,UCR → SIN BLOQUE,323.0,0.1414,0.1875
leg:df1a88f6ef62,FORTUNA Francisco José,diputados,Córdoba,2,2009-2011; 2011-2013,2010,2013,4,376,376,0.7553,0.7218,0.2606,0.0176,279,CORDOBA FEDERAL,1,CORDOBA FEDERAL,500.0,0.18,0.1632
leg:1975d948dc0e,FRANA Silvina Patricia,diputados,Santa Fe,2,2015-2017; 2017-2019,2016,2019,4,520,520,0.7308,0.6158,0.3553,0.0289,369,FRENTE PARA LA VICTORIA,1,FRENTE PARA LA VICTORIA,520.0,0.2454,0.125
leg:653711f95523,FRANCIONI Fabián Marcelo,diputados,Córdoba,2,2011-2013; 2013-2015,2011,2015,5,476,476,0.8718,0.9783,0.0169,0.0048,413,FRENTE PARA LA VICTORIA,1,FRENTE PARA LA VICTORIA,699.0,0.1312,0.1357
leg:24bb0ea9fb10,FRANCO Jorge Daniel,diputados,Misiones,2,2015-2017; 2017-2019,2016,2019,4,520,520,0.8077,0.8786,0.0976,0.0238,410,FRENTE DE LA CONCORDIA MISIONERO,2,FRENTE DE LA CONCORDIA MISIONERO → FRENTE PARA LA VICTORIA,520.0,0.174,0.1667
leg:75a6e3d01ab7,"FRANCO, Hugo Alberto",diputados,Buenos Aires,2,2003-2005; 2005-2007,2003,2007,5,893,893,0.2441,0.5505,0.4083,0.0413,209,SIN BLOQUE,2,FRENTE POPULAR BONAERENSE → SIN BLOQUE,711.0,0.1305,0.0909
leg:21a80398dc1b,FREGONESE Alicia,diputados,Entre Ríos,3,2017-2019; 2019-2021; 2025-2027,2017,2026,7,343,343,0.9883,0.6667,0.3274,0.0059,337,PRO,1,PRO,353.0,0.0216,0.0
leg:fea490547345,"FRIGERI, Rodolfo Anibal",diputados,Buenos Aires,3,1999-2001; 2001-2003; 2003-2005,2001,2005,5,351,351,0.8746,0.8664,0.0847,0.0489,292,SIN BLOQUE,2,JUSTICIALISTA → SIN BLOQUE,241.0,0.2149,0.3593
leg:518c3be3bfc8,FRIGERIO Federico,diputados,Tierra del Fuego,2,2019-2021; 2021-2023,2019,2023,5,52,52,0.8269,0.3721,0.6279,0.0,43,PRO,1,PRO,52.0,0.1154,0.0
leg:39c3ba6409a6,FRIZZA Gabriel Alberto,diputados,Córdoba,2,2017-2019; 2019-2021,2017,2021,5,248,248,0.9194,0.6316,0.3596,0.0088,226,PRO,1,PRO,248.0,0.1033,0.0
leg:125fb074f16d,"FUNES, Teodoro Roberto",diputados,Córdoba,1,1999-2001,2001,2001,1,39,39,0.5128,0.9,0.1,0.0,20,JUSTICIALISTA,2,JUSTICIALISTA → SIN BLOQUE,24.0,0.21,0.0
leg:a9701707f79b,FURLAN Francisco Abel,diputados,Buenos Aires,2,2015-2017; 2017-2019,2016,2019,4,520,520,0.6558,0.566,0.4194,0.0147,336,FRENTE PARA LA VICTORIA,1,FRENTE PARA LA VICTORIA,520.0,0.2942,0.0833
leg:738c6f64ac89,"Fabrissin, Carlos Alberto",diputados,,2,1993-1995; 1995-1997,1994,1997,2,26,26,0.7692,0.6,0.3,0.1,18,SIN BLOQUE,1,SIN BLOQUE,,,
leg:3f2ac9cbf403,"Fadel, Mario Nallib",diputados,,1,1995-1997,1997,1997,1,12,12,0.3333,0.75,0.25,0.0,4,SIN BLOQUE,1,SIN BLOQUE,,,
leg:2514ba3db1a3,"Falcone, Eduardo",diputados,Buenos Aires,2,2023-2025; 2025-2027,2024,2026,3,369,369,0.7371,0.7537,0.2243,0.0221,266,MID - MOVIMIENTO DE INTEGRACION Y DESARROLLO,1,MID - MOVIMIENTO DE INTEGRACION Y DESARROLLO,379.0,0.0145,0.0185
leg:5c0ad338034d,"Falleti, Julio Cesar José",diputados,,1,1993-1995,1994,1994,1,14,14,0.2143,0.3333,0.3333,0.3333,2,SIN BLOQUE,1,SIN BLOQUE,,,
leg:ae39723db676,"Fargosi, Alejandro",diputados,Ciudad de Buenos Aires,1,2025-2027,2025,2026,2,95,95,1.0,0.8211,0.1789,0.0,95,LA LIBERTAD AVANZA,1,LA LIBERTAD AVANZA,105.0,0.0,0.0
leg:5afad4d69386,"Farias, Pablo",diputados,Santa Fe,1,2025-2027,2025,2026,2,95,95,0.9684,0.3696,0.4674,0.163,77,PROVINCIAS UNIDAS,1,PROVINCIAS UNIDAS,105.0,0.263,0.2022
leg:3b2c80b404a2,"Felgueras, Ricardo Ernesto",diputados,,1,1993-1995,1994,1994,1,14,14,0.5,0.7143,0.2857,0.0,7,SIN BLOQUE,1,SIN BLOQUE,,,
leg:2b3a991f6ef4,"Felix, Emir",diputados,Mendoza,1,2025-2027,2025,2026,2,95,95,0.7684,0.3151,0.6849,0.0,73,UNION POR LA PATRIA,1,UNION POR LA PATRIA,105.0,0.2143,0.3889
leg:be3b7bae4bd0,"Fernandez Gill, Guillermo",diputados,,1,1993-1995,1994,1994,1,14,14,0.5714,0.5,0.375,0.125,7,SIN BLOQUE,1,SIN BLOQUE,,,
leg:01d900b40405,"Fernandez Meijide, Graciela",diputados,,1,1993-1995,1994,1994,1,14,14,0.2857,0.75,0.25,0.0,4,SIN BLOQUE,1,SIN BLOQUE,,,
leg:342cfdb2a7d0,"Fernandez Molero, Daiana",diputados,Ciudad de Buenos Aires,2,2023-2025; 2025-2027,2024,2026,3,369,369,0.9268,0.614,0.3772,0.0088,339,PRO,1,PRO,379.0,0.0642,0.0247
leg:0fc6daa7fbbe,"Fernandez Patri, Ramiro",diputados,Formosa,4,2017-2019; 2019-2021; 2021-2023; 2023-2025,2017,2025,9,539,539,0.8627,0.6903,0.2946,0.0151,458,UNION POR LA PATRIA,3,FRENTE PARA LA VICTORIA → FRENTE DE TODOS → UNION POR LA PATRIA,295.0,0.0159,0.0
leg:5287d850e10f,"Fernandez de Combes, Elsa A.",diputados,,1,1995-1997,1997,1997,1,12,12,0.8333,0.8,0.2,0.0,10,SIN BLOQUE,1,SIN BLOQUE,,,
leg:c1ea3121fa7b,"Fernandez, Agustin",diputados,Tucuman,2,2021-2023; 2023-2025,2022,2025,4,291,291,0.7663,0.8296,0.1659,0.0045,222,INDEPENDENCIA,1,INDEPENDENCIA,291.0,0.0034,0.0
leg:d5fb568f74fa,"Fernandez, Alberto Manuel",diputados,,1,1995-1997,1997,1997,1,12,12,0.6667,0.375,0.375,0.25,6,SIN BLOQUE,1,SIN BLOQUE,,,
leg:7f9fe3074fd6,"Fernandez, Carlos Alberto",diputados,Misiones,4,2017-2019; 2019-2021; 2021-2023; 2023-2025,2017,2025,9,539,539,0.7681,0.6981,0.2705,0.0314,401,INNOVACION FEDERAL,2,UCR → INNOVACION FEDERAL,539.0,0.1018,0.0531
leg:c153bddf0291,"Fernandez, Elia Marina",diputados,Tucuman,3,2021-2023; 2023-2025; 2025-2027,2023,2026,4,370,370,0.8054,0.8322,0.1644,0.0034,297,INDEPENDENCIA,1,INDEPENDENCIA,380.0,0.0053,0.0247
leg:0bd68f4e0cf4,"Fernandez, Jorge",diputados,San Luis,1,2025-2027,2025,2026,2,95,95,0.9895,0.3617,0.6277,0.0106,93,PRIMERO SAN LUIS,1,PRIMERO SAN LUIS,105.0,0.0,0.0
leg:3589f0c49a66,"Ferran, Abelardo",diputados,La Pampa,1,2025-2027,2025,2026,2,95,95,1.0,0.3579,0.6421,0.0,95,UNION POR LA PATRIA,1,UNION POR LA PATRIA,105.0,0.0048,0.0
leg:1bfdc8cc9376,"Ferraro, Maximiliano",diputados,Ciudad de Buenos Aires,4,2019-2021; 2021-2023; 2023-2025; 2025-2027,2019,2026,8,421,421,0.924,0.6632,0.2571,0.0797,358,COALICION CIVICA,1,COALICION CIVICA,400.0,0.1237,0.1285
leg:012a9388f988,"Ferreyra, Alida",diputados,Ciudad de Buenos Aires,2,2023-2025; 2025-2027,2024,2026,3,369,369,0.9377,0.5665,0.4335,0.0,346,LA LIBERTAD AVANZA,1,LA LIBERTAD AVANZA,379.0,0.0528,0.0123
leg:c733d1396bd1,"Figliuolo, Sergio",diputados,Buenos Aires,1,2025-2027,2025,2026,2,95,95,1.0,0.8211,0.1789,0.0,95,LA LIBERTAD AVANZA,1,LA LIBERTAD AVANZA,105.0,0.0,0.0
leg:3432d3077086,"Figueroa Casas, Germana",diputados,Santa Fe,2,2021-2023; 2023-2025,2022,2025,4,291,291,0.8763,0.5765,0.3765,0.0471,243,PRO,1,PRO,291.0,0.1456,0.0638
leg:7c44cc8b57e0,"Figueroa, Alcira Elsa",diputados,Salta,1,2019-2021,2020,2021,2,4,4,0.75,1.0,0.0,0.0,3,FRENTE DE TODOS,1,FRENTE DE TODOS,4.0,0.25,
leg:e92fbaba7f6f,"Figueroa, Pedro Octavio",diputados,,2,1993-1995; 1995-1997,1994,1997,2,26,26,0.6154,0.875,0.125,0.0,16,SIN BLOQUE,1,SIN BLOQUE,,,
leg:22ce6d2c48a7,"Figueroa, Rolando",diputados,Neuquen,1,2021-2023,2022,2023,2,17,17,0.2941,1.0,0.0,0.0,5,MOVIMIENTO POPULAR NEUQUINO,1,MOVIMIENTO POPULAR NEUQUINO,17.0,0.0,0.0
leg:73e251329b4d,"Finocchiaro, Alejandro",diputados,Buenos Aires,3,2021-2023; 2023-2025; 2025-2027,2022,2026,5,386,386,0.9145,0.6374,0.3541,0.0085,350,PRO,1,PRO,396.0,0.0616,0.1325
leg:5ef9d201d546,"Flores, Maria Gabriela",diputados,Salta,1,2025-2027,2025,2026,2,95,95,0.9895,0.8191,0.1809,0.0,94,LA LIBERTAD AVANZA,1,LA LIBERTAD AVANZA,105.0,0.0095,0.0
leg:8e06c5f26c94,"Flores, Rafael Horacio",diputados,Santa Cruz,3,1993-1995; 1995-1997; 1999-2001,1994,2001,3,65,65,0.6,0.5385,0.4615,0.0,39,FREPASO,2,SIN BLOQUE → FREPASO,24.0,0.378,0.0
leg:264f8366776f,"Folloni, Jorge Oscar",diputados,Salta,2,1993-1995; 1999-2001,1994,2001,2,53,53,0.434,0.7391,0.2174,0.0435,22,RENOVADOR DE SALTA,2,SIN BLOQUE → RENOVADOR DE SALTA,24.0,0.1875,0.125
leg:4913bbbf80fe,"Fontanetto, Beatriz Zulema",diputados,Santa Fe,1,1999-2001,2001,2001,1,4,4,1.0,1.0,0.0,0.0,4,UCR,2,SIN BLOQUE → UCR,2.0,0.0,
leg:9bc9021a4e41,"Frade, Monica",diputados,Buenos Aires,4,2019-2021; 2021-2023; 2023-2025; 2025-2027,2019,2026,8,421,421,0.8171,0.5785,0.3605,0.061,323,COALICION CIVICA,1,COALICION CIVICA,431.0,0.1988,0.2111
leg:bb4ec7c3edd4,"Fragoso, Francisco Ulises",diputados,,2,1993-1995; 1995-1997,1994,1997,2,26,26,0.8077,0.619,0.381,0.0,21,SIN BLOQUE,1,SIN BLOQUE,,,
leg:e89e518ff321,"Freites, Andrea",diputados,Tierra del Fuego,2,2023-2025; 2025-2027,2024,2026,3,369,369,0.9729,0.5682,0.429,0.0028,358,UNION POR LA PATRIA,1,UNION POR LA PATRIA,379.0,0.032,0.0247
leg:5d0555cd39ff,"Frias, Maira",diputados,Chubut,1,2025-2027,2025,2026,2,95,95,1.0,0.8211,0.1789,0.0,95,LA LIBERTAD AVANZA,1,LA LIBERTAD AVANZA,105.0,0.0,0.0
leg:c6129b1c5170,"Frigerio, Rogelio",diputados,Entre Rios,1,2021-2023,2022,2023,2,12,12,0.75,0.7778,0.2222,0.0,9,PRO,1,PRO,12.0,0.0,0.0
leg:b4e623ac7192,"Funes, Carlos Delcio",diputados,,2,1993-1995; 1995-1997,1994,1997,2,26,26,0.5,0.5385,0.3846,0.0769,12,SIN BLOQUE,1,SIN BLOQUE,,,
leg:dbe5b66e3a3d,GAGLIARDI Josué,diputados,Rio Negro,1,2013-2015,2014,2015,2,204,204,0.9902,0.9802,0.0198,0.0,202,FRENTE PARA LA VICTORIA,1,FRENTE PARA LA VICTORIA,322.0,0.0124,0.0142
leg:94b87c0170f9,GAILLARD Ana Carolina,diputados,Entre Ríos,5,2013-2015; 2015-2017; 2019-2021; 2021-2023; 2023-2025,2014,2025,11,837,837,0.7778,0.7343,0.2611,0.0046,648,UNION POR LA PATRIA,3,FRENTE PARA LA VICTORIA → FRENTE DE TODOS → UNION POR LA PATRIA,955.0,0.1883,0.0588
leg:34e2127f300c,"GALANTINI, Eduardo",diputados,Corrientes,3,2003-2005; 2005-2007; 2007-2009,2005,2009,5,949,949,0.667,0.9226,0.0537,0.0237,618,FRENTE PARA LA VICTORIA,3,FRENTE PARA LA VICTORIA → JUSTICIALISTA → SIN BLOQUE,842.0,0.3568,0.0
leg:e035804b394a,"GALLAND, Gustavo Carlos",diputados,Buenos Aires,1,1999-2001,2001,2001,1,39,39,0.3077,1.0,0.0,0.0,12,FREPASO,2,FREPASO → SIN BLOQUE,24.0,0.6837,1.0
leg:31f6f546d2c0,GALLARDO Miriam Graciela del Valle,diputados,Tucumán,4,2009-2011; 2011-2013; 2013-2015; 2015-2017,2010,2017,8,887,887,0.9154,0.8276,0.1613,0.0111,803,FRENTE PARA LA VICTORIA,2,FRENTE PARA LA VICTORIA → SIN BLOQUE,813.0,0.1051,0.1481
leg:88567b21746e,"GALLEGO, Raul Edgardo",diputados,Santiago del Estero,1,1999-2001,2001,2001,1,39,39,0.1795,0.2857,0.7143,0.0,7,MOVIMIENTO CIVICO Y SOCIAL,2,MOVIMIENTO CIVICO Y SOCIAL → SIN BLOQUE,24.0,0.1667,0.0
leg:f5e154ec8838,"GALLO, Daniel Oscar",diputados,Tierra del Fuego,2,2003-2005; 2005-2007,2003,2007,5,893,893,0.626,0.8837,0.0465,0.0698,520,SIN BLOQUE,3,JUSTICIALISTA → SIN BLOQUE → FRENTE PARA LA VICTORIA,711.0,0.4333,0.2351
leg:8fa3397c8347,"GALVALISI, Luis Alberto",diputados,Cdad.Aut.Bs.As.,2,2005-2007; 2007-2009,2006,2009,4,893,893,0.6148,0.6157,0.3734,0.0109,543,PRO,2,PRO → SIN BLOQUE,786.0,0.3198,0.0
leg:70f67c47372e,GAMBARO Natalia,diputados,Buenos Aires,2,2009-2011; 2011-2013,2010,2013,4,376,376,0.4574,0.5872,0.407,0.0058,171,FRENTE PERONISTA,2,FRENTE PERONISTA → PERONISMO FEDERAL,500.0,0.125,0.102
leg:7ab1fe1e8012,GARCIA Alejandro,diputados,C.A.B.A.,2,2017-2019; 2019-2021,2017,2021,5,248,248,0.8911,0.5792,0.3937,0.0271,215,PRO,1,PRO,248.0,0.1197,0.0909
leg:d6b4e15fa94c,GARCIA Andrea Fabiana,diputados,Buenos Aires,2,2011-2013; 2013-2015,2011,2015,5,476,476,0.9853,0.9765,0.0213,0.0021,468,FRENTE PARA LA VICTORIA,1,FRENTE PARA LA VICTORIA,699.0,0.0168,0.0128
leg:eac0af63c0bc,GARCIA DE LUCA Sebastian,diputados,Buenos Aires,2,2019-2021; 2021-2023,2019,2023,5,52,52,0.7692,0.35,0.65,0.0,40,ENCUENTRO FEDERAL,2,PRO → ENCUENTRO FEDERAL,52.0,0.1314,0.1481
leg:d10cf85e9e3f,"GARCIA HAMILTON, José Ignacio",diputados,Tucumán,1,2007-2009,2007,2009,3,168,168,0.744,0.48,0.488,0.032,121,UCR,1,UCR,168.0,0.2291,0.1574
leg:c9993907cfd4,"GARCIA MENDEZ, Emilio",diputados,Cdad.Aut.Bs.As.,3,2003-2005; 2005-2007; 2007-2009,2005,2009,5,949,949,0.5774,0.5931,0.354,0.0529,519,SOLIDARIDAD E IGUALDAD (SI),6,A.R.I → SIN BLOQUE → A.R.I AUTONOMO 8 + → SOLIDARIDAD E IGUALDAD (SI) - ARI (T.D.F) → SOLIDARIDAD E IGUALDAD (SI) - PROYECTO P → SOLIDARIDAD E IGUALDAD (SI),842.0,0.3261,0.1818
leg:afd2489fbd4f,"GARCIA MERIDA, Miguel Angel",diputados,Buenos Aires,1,2001-2003,2002,2003,2,93,93,0.5591,0.6731,0.2885,0.0385,50,JUSTICIALISTA,2,JUSTICIALISTA → SIN BLOQUE,82.0,0.4351,0.1559
leg:79fab381ae7f,GARCIA Ximena,diputados,Santa Fe,2,2019-2021; 2021-2023,2019,2023,5,52,52,0.8846,0.3043,0.6957,0.0,46,UCR,1,UCR,52.0,0.1264,0.0
leg:465b662c3a58,"GARCIA de CANO, Maria Isabel",diputados,Entre Ríos,1,1999-2001,2001,2001,1,39,39,0.8718,0.7059,0.1765,0.1176,30,UCR,2,SIN BLOQUE → UCR,24.0,0.2341,0.25
leg:51da6d55bdc3,"GARCIA de MORENO, Eva",diputados,Chubut,3,2003-2005; 2005-2007; 2007-2009,2005,2009,5,949,949,0.8514,0.948,0.0458,0.0062,803,TRABAJO Y DIGNIDAD,4,FRENTE PARA LA VICTORIA → JUSTICIALISTA → SIN BLOQUE → TRABAJO Y DIGNIDAD,842.0,0.1407,0.0909
leg:6dc089df8f77,"GARCIA, Eduardo Daniel",diputados,Córdoba,2,2001-2003; 2003-2005,2002,2005,4,312,312,0.6699,0.1962,0.7464,0.0574,197,SIN BLOQUE,4,PARTIDO SOCIALISTA → PARTIDO SOCIALISTA POPULAR → SOCIALISMO POPULAR → SIN BLOQUE,217.0,0.2696,0.3636
leg:9071110ffc13,"GARCIA, Francisco Alberto",diputados,Mendoza,1,1999-2001,2001,2001,1,39,39,0.6667,0.7692,0.1538,0.0769,24,JUSTICIALISTA,2,SIN BLOQUE → JUSTICIALISTA,24.0,0.21,0.0
leg:1eb053964e74,"GARCIA, Irma Adriana",diputados,La Pampa,2,2007-2009; 2009-2011,2007,2011,5,379,379,0.6913,0.7901,0.1489,0.0611,246,PERONISMO FEDERAL,4,FRENTE PARA LA VICTORIA → UNION PERONISTA → PERONISMO FEDERAL → COALICION CIVICA,398.0,0.1941,0.234
leg:9580dfed322f,"GARCIA, María Teresa",diputados,Buenos Aires,8,2003-2005; 2005-2007; 2007-2009; 2009-2011; 2011-2013; 2013-2015; 2015-2017; 2025-2027,2005,2026,15,1931,1931,0.8674,0.8352,0.1493,0.0155,1649,UNION POR LA PATRIA,3,FRENTE PARA LA VICTORIA → JUSTICIALISTA → UNION POR LA PATRIA,2183.0,0.1307,0.0866
leg:dba1206135a4,"GARCIA, Susana Rosa",diputados,Santa Fe,4,2003-2005; 2005-2007; 2007-2009; 2009-2011,2003,2011,9,1272,1272,0.8215,0.5397,0.4124,0.0478,995,COALICION CIVICA,2,A.R.I → COALICION CIVICA,1291.0,0.1323,0.1042
leg:bf8279dd5758,"GARDELLA, Patricia Susana",diputados,Buenos Aires,2,2007-2009; 2009-2011,2007,2011,5,379,379,0.5831,0.7557,0.1946,0.0498,210,CORRIENTE DE PENSAMIENTO FEDERAL,4,UNION CELESTE Y BLANCA → UNION CELESTE Y BLANCO → CORRIENTE PERONISTA FEDERAL → CORRIENTE DE PENSAMIENTO FEDERAL,398.0,0.1602,0.0798
leg:c0510e73c938,"GARIGLIO, Juan Miguel",diputados,Santa Fe,1,1999-2001,2001,2001,1,33,33,0.4848,0.3125,0.6875,0.0,16,FREPASO,2,FREPASO → SIN BLOQUE,20.0,0.5112,0.5
leg:ba4dd108106d,"GARIN de TULA, Lucia",diputados,Catamarca,2,2003-2005; 2005-2007,2003,2007,5,893,893,0.7492,0.6054,0.3602,0.0344,646,SIN BLOQUE,3,UCR → SIN BLOQUE → FRENTE CIVICO SOCIAL,711.0,0.3336,0.1818
leg:de83d3a279f5,GARNERO Estela Ramona,diputados,Córdoba,2,2009-2011; 2011-2013,2010,2013,4,376,376,0.5372,0.7079,0.2327,0.0594,190,CORDOBA FEDERAL,1,CORDOBA FEDERAL,500.0,0.202,0.2098
leg:48093ab63157,GARRETÓN Facundo,diputados,Tucumán,2,2015-2017; 2017-2019,2016,2019,4,520,520,0.7692,0.755,0.215,0.03,388,PRO,1,PRO,520.0,0.2449,0.1667
leg:82ab407ea6d7,"GARRIDO ARCEO, Jorge Antonio",diputados,Buenos Aires,2,2003-2005; 2005-2007,2003,2007,5,893,893,0.6887,0.8065,0.1789,0.0146,606,SIN BLOQUE,3,FRENTE POPULAR BONAERENSE → SIN BLOQUE → FRENTE PARA LA VICTORIA,711.0,0.2945,0.0909
leg:c12e4d4fcaaa,GARRIDO Manuel,diputados,C.A.B.A.,2,2011-2013; 2013-2015,2011,2015,5,476,476,0.8046,0.5196,0.4151,0.0653,358,UCR,1,UCR,699.0,0.1373,0.1412
leg:e27e35d0bda2,GARRÉ Nilda Celia,diputados,C.A.B.A.,5,1995-1997; 2001-2003; 2003-2005; 2015-2017; 2017-2019,1997,2019,9,823,823,0.7934,0.6539,0.3078,0.0383,628,FRENTE PARA LA VICTORIA,3,FRENTE PARA LA VICTORIA → ALIANZA → FREPASO,823.0,0.2196,0.3147
leg:dec6d246a99d,"GASTAÑAGA, Graciela Ines",diputados,Buenos Aires,2,1999-2001; 2001-2003,2001,2003,3,132,132,0.7576,0.65,0.28,0.07,93,UCR,2,SIN BLOQUE → UCR,106.0,0.2467,0.5509
leg:4212a530affb,GAYOL Yanina Celeste,diputados,Entre Ríos,2,2015-2017; 2017-2019,2016,2019,4,520,520,0.9769,0.7992,0.185,0.0157,500,PRO,1,PRO,520.0,0.0465,0.0417
leg:325c373bfcf2,GDANSKY Carlos Enrique,diputados,Buenos Aires,2,2011-2013; 2013-2015,2011,2015,5,476,476,0.958,0.9825,0.0175,0.0,456,FRENTE PARA LA VICTORIA,1,FRENTE PARA LA VICTORIA,699.0,0.0488,0.045
leg:7215c48e99c2,"GEIJO, Angel Oscar",diputados,Chaco,2,1999-2001; 2001-2003,2001,2003,3,132,132,0.6364,0.6548,0.2738,0.0714,78,UCR,2,SIN BLOQUE → UCR,106.0,0.435,0.4557
leg:3d797667a2c2,"GENEM, Amanda Susana",diputados,Mendoza,3,2003-2005; 2005-2007; 2007-2009,2005,2009,5,949,949,0.8398,0.9523,0.0402,0.0075,791,FRENTE PARA LA VICTORIA,3,FRENTE PARA LA VICTORIA → JUSTICIALISTA → SIN BLOQUE,842.0,0.1728,0.0
leg:49ba79a97ad0,"GEREZ, Elda Ramona",diputados,Santa Fe,1,2007-2009,2007,2009,3,275,275,0.7709,0.6132,0.3632,0.0236,207,SIN BLOQUE,2,PARTIDO SOCIALISTA → SIN BLOQUE,266.0,0.235,0.0
leg:c933c2f2cf55,GERMANO Daniel,diputados,Santa Fe,2,2009-2011; 2011-2013,2010,2013,4,376,376,0.5319,0.52,0.465,0.015,197,FRENTE PERONISTA,2,FRENTE PERONISTA → PERONISMO FEDERAL,500.0,0.1127,0.0916
leg:02493c8c01bb,GERVASONI Lautaro,diputados,Entre Ríos,2,2013-2015; 2015-2017,2014,2017,4,511,511,0.8121,0.8193,0.1687,0.012,410,FRENTE PARA LA VICTORIA,1,FRENTE PARA LA VICTORIA,629.0,0.1578,0.0267
leg:d188885813e7,GIACCONE Claudia Alejandra,diputados,Santa Fe,2,2011-2013; 2013-2015,2011,2015,5,476,476,0.9916,0.9831,0.0169,0.0,472,FRENTE PARA LA VICTORIA,1,FRENTE PARA LA VICTORIA,699.0,0.0087,0.0051
leg:d1b4b76e84ed,"GIACOMINO, Daniel Oscar",diputados,Córdoba,4,2003-2005; 2005-2007; 2011-2013; 2013-2015,2005,2015,8,969,969,0.7234,0.9544,0.03,0.0157,690,FRENTE PARA LA VICTORIA,3,PARTIDO NUEVO → PARTIDO NUEVO CONTRA LA CORRUPCION → FRENTE PARA LA VICTORIA,1192.0,0.1788,0.1517
leg:6cc18005c983,GIANNETTASIO Graciela María,diputados,Buenos Aires,5,1999-2001; 2007-2009; 2009-2011; 2011-2013; 2013-2015,2001,2015,10,894,894,0.943,0.9324,0.0617,0.0059,838,FRENTE PARA LA VICTORIA,2,FRENTE PARA LA VICTORIA → JUSTICIALISTA,1136.0,0.0596,0.0342
leg:9c6111794c49,GIL LAVEDRA Ricardo Rodolfo,diputados,C.A.B.A.,2,2009-2011; 2011-2013,2010,2013,4,376,376,0.6862,0.6434,0.3488,0.0078,256,UCR,1,UCR,500.0,0.1554,0.1822
leg:cd068471a4f9,"GIL LOZANO, Claudia Fernanda",diputados,Cdad.Aut.Bs.As.,2,2007-2009; 2009-2011,2007,2011,5,379,379,0.781,0.6149,0.3311,0.0541,280,COALICION CIVICA,1,COALICION CIVICA,398.0,0.1543,0.137
leg:fe9e8e1c5467,"GILES, Guillermo Jorge",diputados,Buenos Aires,1,1999-2001,2001,2001,1,39,39,0.8462,0.5152,0.4848,0.0,33,FREPASO,2,FREPASO → SIN BLOQUE,24.0,0.3034,0.0
leg:a7e660917af1,GILL Martín Rodrigo,diputados,Córdoba,1,2013-2015,2014,2015,2,204,204,1.0,0.9559,0.0196,0.0245,199,FRENTE PARA LA VICTORIA,1,FRENTE PARA LA VICTORIA,322.0,0.0217,0.0213
leg:4308a3cc269d,GIMÉNEZ Patricia Viviana,diputados,Mendoza,2,2013-2015; 2015-2017,2014,2017,4,511,511,0.9413,0.7297,0.2225,0.0478,458,UCR,1,UCR,629.0,0.0819,0.0939
leg:e8ac4c468eeb,"GINZBURG, Nora",diputados,Cdad.Aut.Bs.As.,3,2003-2005; 2005-2007; 2007-2009,2005,2009,5,949,949,0.4837,0.5991,0.3769,0.024,448,FRENTE POR LOS DERECHOS CIUDADANOS,6,PRO → SIN BLOQUE → NO INTEGRA BLOQUE → RECREAR PARA EL CRECIMIENTO → BLOQUE UNIPERSONAL → FRENTE POR LOS DERECHOS CIUDADANOS,842.0,0.237,0.1818
leg:e9097e7979c8,GIOJA José Luis,diputados,San Juan,5,1993-1995; 2015-2017; 2017-2019; 2019-2021; 2021-2023,1994,2023,9,586,586,0.7065,0.7367,0.2391,0.0242,404,FRENTE DE TODOS,2,FRENTE DE TODOS → FRENTE PARA LA VICTORIA,586.0,0.288,0.1277
leg:aa207ea41024,"GIOJA, Juan Carlos",diputados,San Juan,4,2003-2005; 2005-2007; 2007-2009; 2009-2011,2003,2011,9,1272,1272,0.6604,0.9405,0.0536,0.006,835,FRENTE PARA LA VICTORIA,2,JUSTICIALISTA → FRENTE PARA LA VICTORIA,1291.0,0.3481,0.3441
leg:294f555c2bc5,GIORDANO Juan Carlos,diputados,Buenos Aires,3,2015-2017; 2019-2021; 2023-2025,2016,2025,5,178,178,0.9157,0.4663,0.3926,0.1411,140,IZQUIERDA SOCIALISTA FIT-UNIDAD,2,IZQUIERDA SOCIALISTA - FRENTE DE IZQUIERDA → IZQUIERDA SOCIALISTA FIT-UNIDAD,178.0,0.0449,0.0
leg:1615f2a728dd,"GIORGETTI, Jorge Raúl",diputados,Santa Fe,2,2003-2005; 2005-2007,2003,2007,5,893,893,0.6853,0.9118,0.0539,0.0343,591,SIN BLOQUE,3,JUSTICIALISTA → SIN BLOQUE → FRENTE PARA LA VICTORIA,711.0,0.3599,0.419
leg:03ecb47567b7,"GIUBERGIA, Miguel Angel",diputados,Jujuy,8,1999-2001; 2001-2003; 2003-2005; 2005-2007; 2007-2009; 2009-2011; 2011-2013; 2013-2015,2001,2015,15,1843,1843,0.6918,0.5804,0.3859,0.0337,1232,UCR,1,UCR,2065.0,0.2004,0.1799
leg:2d9e1f82d33d,"GIUDICI, Silvana Myriam",diputados,Cdad.Aut.Bs.As.,6,2003-2005; 2005-2007; 2007-2009; 2009-2011; 2023-2025; 2025-2027,2003,2026,12,1641,1641,0.638,0.5903,0.3725,0.0372,1008,LA LIBERTAD AVANZA,3,UCR → LA LIBERTAD AVANZA → ENCUENTRO,1076.0,0.2928,0.2
leg:1e3bde883686,GIUSTOZZI Rubén Darío,diputados,Buenos Aires,2,2013-2015; 2015-2017,2014,2017,4,511,511,0.5147,0.7757,0.1027,0.1217,231,JUNTOS POR ARGENTINA,4,FRENTE RENOVADOR → JUNTOS POR ARGENTINA → SOCIAL CRISTIANO → PARTIDO DEMOCRATA PROGRESISTA,629.0,0.3465,0.1878
leg:3933ecc107f9,GODOY Lucas Javier,diputados,Salta,2,2019-2021; 2021-2023,2019,2023,5,52,52,0.9038,0.9574,0.0426,0.0,47,FRENTE DE TODOS,1,FRENTE DE TODOS,52.0,0.0769,0.0
leg:ba518bb58898,"GODOY, Juan Carlos",diputados,Entre Ríos,2,2003-2005; 2005-2007,2003,2007,5,893,893,0.6025,0.5279,0.3364,0.1357,465,SIN BLOQUE,3,NUEVO ESPACIO ENTRERRIANO → SIN BLOQUE → CONCERTACION ENTRERRIANA,711.0,0.1596,0.0909
leg:8cf1bcec2477,"GODOY, Norma",diputados,Buenos Aires,3,1995-1997; 1999-2001; 2001-2003,1997,2002,3,56,56,0.3036,0.7059,0.2941,0.0,17,JUSTICIALISTA,2,SIN BLOQUE → JUSTICIALISTA,29.0,0.4869,0.3333
leg:1545a462cf79,GOICOECHEA Horacio,diputados,Chaco,2,2015-2017; 2017-2019,2016,2019,4,520,520,0.9808,0.7941,0.1863,0.0196,500,UCR,1,UCR,520.0,0.0461,0.1053
leg:76df0d6992b6,GOMEZ BULL Mauricio Ricardo,diputados,Santa Cruz,2,2013-2015; 2015-2017,2014,2017,4,511,511,0.6536,0.7695,0.2246,0.006,332,FRENTE PARA LA VICTORIA,1,FRENTE PARA LA VICTORIA,629.0,0.2658,0.0933
leg:09cafece488c,"GOMEZ, Ricardo Carmelo",diputados,Buenos Aires,1,2001-2003,2002,2003,2,93,93,0.7097,0.6515,0.2727,0.0758,61,JUSTICIALISTA,3,JUSTICIALISTA → FRENTE DEL MOVIMIENTO POPULAR → SIN BLOQUE,82.0,0.5653,0.5137
leg:5096d2cafbff,"GONZALEZ CABAÑAS, José Armando",diputados,Corrientes,1,1999-2001,2001,2001,1,39,39,0.2308,0.0,0.8889,0.1111,8,FRENTE PARTIDO NUEVO,2,FRENTE PARTIDO NUEVO → SIN BLOQUE,24.0,0.5833,0.75
leg:e47d62d78550,GONZALEZ Juan Dante,diputados,Mendoza,4,2007-2009; 2009-2011; 2011-2013; 2013-2015,2007,2015,9,855,855,0.7988,0.9444,0.0556,0.0,683,FRENTE PARA LA VICTORIA,1,FRENTE PARA LA VICTORIA,1097.0,0.199,0.1741
leg:652807ca7bf1,GONZALEZ Verónica Evangelina,diputados,Tierra del Fuego,1,2013-2015,2014,2015,2,204,204,1.0,0.9804,0.0196,0.0,204,SIN BLOQUE,2,FRENTE PARA LA VICTORIA → SIN BLOQUE,183.0,0.0,0.0
leg:c1e3351a1f9f,"GONZALEZ, Jorge Pedro",diputados,Santa Fe,2,2003-2005; 2005-2007,2003,2007,5,893,893,0.5599,0.956,0.024,0.02,490,SIN BLOQUE,3,JUSTICIALISTA → SIN BLOQUE → FRENTE PARA LA VICTORIA,711.0,0.4751,0.2372
leg:c72f492e8ea2,"GONZALEZ, María América",diputados,Cdad.Aut.Bs.As.,5,1999-2001; 2001-2003; 2003-2005; 2005-2007; 2007-2009,2001,2009,9,1300,1300,0.7985,0.5337,0.3844,0.0819,953,SOLIDARIDAD E IGUALDAD (SI),7,SIN BLOQUE → FREPASO → FRENTE GRANDE → A.R.I → A.R.I AUTONOMO 8 + → SOLIDARIDAD E IGUALDAD (SI) - ARI (T.D.F) → SOLIDARIDAD E IGUALDAD (SI),1083.0,0.239,0.0946
leg:a6d787d5c494,"GONZALEZ, Oscar Felix",diputados,Córdoba,2,2001-2003; 2003-2005,2002,2005,4,312,312,0.6955,0.8571,0.1014,0.0415,208,SIN BLOQUE,3,F.F.J. AZUL Y BLANCO → JUSTICIALISTA → SIN BLOQUE,217.0,0.3642,0.4663
leg:b68b2cba17c4,"GONZALEZ, Oscar Roberto",diputados,Buenos Aires,2,1999-2001; 2001-2003,2001,2003,3,132,132,0.7576,0.35,0.49,0.16,84,A.R.I,3,SIN BLOQUE → A.R.I → PARTIDO SOCIALISTA,106.0,0.2123,0.3333
leg:ee7367f09a96,"GONZALEZ, Rafael Alfredo",diputados,Chaco,2,2001-2003; 2003-2005,2002,2005,4,312,312,0.9872,0.8961,0.0877,0.0162,303,SIN BLOQUE,2,JUSTICIALISTA → SIN BLOQUE,217.0,0.0425,0.0547
leg:fe7e3a56942d,GONZÁLEZ Josefina Victoria,diputados,Santa Fe,4,2013-2015; 2015-2017; 2017-2019; 2019-2021,2014,2021,8,759,759,0.776,0.7216,0.2699,0.0085,584,FRENTE DE TODOS,2,FRENTE PARA LA VICTORIA → FRENTE DE TODOS,877.0,0.1594,0.0174
leg:6269cd2a58ef,GONZÁLEZ SELIGRA Nathalia,diputados,Buenos Aires,2,2015-2017; 2017-2019,2017,2018,2,242,242,0.9091,0.4273,0.4364,0.1364,190,FRENTE DE IZQUIERDA,1,FRENTE DE IZQUIERDA,242.0,0.0358,0.0
leg:2db33d715133,GONZÁLEZ Álvaro Gustavo,diputados,C.A.B.A.,6,2015-2017; 2017-2019; 2019-2021; 2021-2023; 2023-2025; 2025-2027,2016,2026,11,941,941,0.7981,0.747,0.2423,0.0107,743,PRO,1,PRO,551.0,0.079,0.0645
leg:bf15623e8e64,"GORBACZ, Leonardo Ariel",diputados,Tierra del Fuego,3,2003-2005; 2005-2007; 2007-2009,2005,2009,5,949,949,0.9252,0.6948,0.2631,0.0421,841,PROYECTO PROGRESISTA,6,A.R.I → SIN BLOQUE → A.R.I AUTONOMO 8 + → SOLIDARIDAD E IGUALDAD (SI) - ARI (T.D.F) → SOLIDARIDAD E IGUALDAD (SI) - PROYECTO P → PROYECTO PROGRESISTA,842.0,0.11,0.0909
leg:99d57a8cb41b,"GORVEIN, Diego Rodolfo",diputados,Formosa,1,1999-2001,2001,2001,1,39,39,0.6667,0.7692,0.2308,0.0,26,JUSTICIALISTA,2,JUSTICIALISTA → SIN BLOQUE,24.0,0.2225,0.0
leg:1087eff0d5ae,"GOY, Beatriz Norma",diputados,Chaco,2,2001-2003; 2003-2005,2002,2005,4,312,312,0.75,0.9188,0.0812,0.0,234,SIN BLOQUE,2,JUSTICIALISTA → SIN BLOQUE,217.0,0.2737,0.3285
leg:d4e1078d1e8e,GRANA Adrián Eduardo,diputados,Buenos Aires,2,2015-2017; 2017-2019,2016,2019,4,520,520,0.7904,0.562,0.4112,0.0268,400,FRENTE PARA LA VICTORIA,1,FRENTE PARA LA VICTORIA,520.0,0.1726,0.0
leg:ee5b38826902,GRANADOS Dulce,diputados,Buenos Aires,7,1993-1995; 1995-1997; 1999-2001; 2009-2011; 2011-2013; 2013-2015; 2015-2017,1994,2017,11,952,952,0.5651,0.9052,0.0874,0.0074,534,FRENTE PARA LA VICTORIA,2,FRENTE PARA LA VICTORIA → JUSTICIALISTA,1194.0,0.3459,0.1921
leg:fea86f1974a8,GRANDE Martín,diputados,Salta,2,2017-2019; 2019-2021,2017,2021,5,248,248,0.8669,0.6047,0.3674,0.0279,209,PRO,1,PRO,248.0,0.1439,0.0
leg:42e6ceda97aa,GRANDINETTI Alejandro Ariel,diputados,Santa Fe,2,2015-2017; 2017-2019,2016,2019,4,520,520,0.8077,0.8738,0.081,0.0452,401,CONSENSO FEDERAL,2,UNIDOS POR UNA NUEVA ARGENTINA → CONSENSO FEDERAL,520.0,0.1924,0.125
leg:c465ace7fa0f,"GRIBAUDO, Christian Alejandro",diputados,Buenos Aires,3,2007-2009; 2009-2011; 2013-2015,2007,2015,7,583,583,0.6312,0.5652,0.3723,0.0625,345,PRO,2,PRO → PARTIDO BLOQUISTA DE SAN JUAN,720.0,0.2265,0.3146
leg:4dd5342198f7,GROSSO Leonardo,diputados,Buenos Aires,6,2011-2013; 2013-2015; 2015-2017; 2017-2019; 2019-2021; 2021-2023,2011,2023,13,1048,1048,0.8206,0.8128,0.1837,0.0035,857,FRENTE DE TODOS,4,FRENTE PARA LA VICTORIA → PERONISMO PARA LA VICTORIA → MOVIMIENTO EVITA → FRENTE DE TODOS,1271.0,0.0922,0.0295
leg:bfe48490f288,"GROSSO, Edgardo Roger Miguel",diputados,Córdoba,2,1999-2001; 2001-2003,2001,2003,3,132,132,0.7955,0.6381,0.3048,0.0571,99,UCR,2,SIN BLOQUE → UCR,106.0,0.3135,0.5114
leg:e11d653e503b,GUCCIONE José Daniel,diputados,Misiones,2,2011-2013; 2013-2015,2011,2015,5,476,476,0.9622,0.9738,0.0175,0.0087,454,FTE. RENOV. DE LA CONC. MISIONES - FPV-PJ,3,FRENTE PARA LA VICTORIA → FTE. RENOV. DE LA CONC. MISIONES - FPV-PJ → BG JUAN B. BUSTOS,699.0,0.031,0.0352
leg:9a684aef8738,"GUERCI de SIUFI, Beatriz Elvira",diputados,Jujuy,1,2007-2009,2009,2009,1,118,118,0.4576,0.463,0.5185,0.0185,53,UCR,2,UCR → SIN BLOQUE,109.0,0.2252,0.0
leg:7067fc7bf07b,GUERIN María Isabel,diputados,Buenos Aires,2,2015-2017; 2017-2019,2016,2019,4,520,520,0.7558,0.5852,0.3919,0.0229,384,FRENTE PARA LA VICTORIA,1,FRENTE PARA LA VICTORIA,520.0,0.2228,0.1667
leg:e286d29fc041,GUEVARA OLIVERA Alejandro Francisco,diputados,San Juan,1,2019-2021,2019,2021,3,35,35,1.0,1.0,0.0,0.0,35,SIN BLOQUE,2,FRENTE DE TODOS → SIN BLOQUE,31.0,0.0,0.0
leg:7c476f4cb369,"GULLO, Juan Carlos Dante",diputados,Cdad.Aut.Bs.As.,2,2007-2009; 2009-2011,2007,2011,5,379,379,0.9525,0.9058,0.0859,0.0083,358,FRENTE PARA LA VICTORIA,1,FRENTE PARA LA VICTORIA,398.0,0.0579,0.0851
leg:d110d1426778,GUTIERREZ Héctor María,diputados,Buenos Aires,2,2013-2015; 2015-2017,2014,2017,4,511,511,0.5186,0.6792,0.2755,0.0453,253,UCR,1,UCR,629.0,0.4601,0.4147
leg:213cbecd9b37,GUTIERREZ Mónica Edith,diputados,Córdoba,2,2011-2013; 2013-2015,2011,2015,5,476,476,0.9076,0.963,0.0185,0.0185,424,FRENTE PARA LA VICTORIA,1,FRENTE PARA LA VICTORIA,699.0,0.1076,0.1183
leg:fbb09a7731fb,"GUTIERREZ, Alicia Veronica",diputados,Santa Fe,2,1999-2001; 2001-2003,2001,2003,3,105,105,0.6381,0.4627,0.3881,0.1493,57,A.R.I,3,A.R.I → FREPASO → SIN BLOQUE,89.0,0.1476,0.1176
leg:ca15d2f3ae11,"GUTIERREZ, Francisco Virgilio",diputados,Buenos Aires,3,2001-2003; 2003-2005; 2005-2007,2002,2007,6,986,986,0.7049,0.8676,0.1108,0.0216,680,SIN BLOQUE,4,FRENTE POLO SOCIAL → POLO SOCIAL → SIN BLOQUE → FRENTE PARA LA VICTORIA,793.0,0.2724,0.0179
leg:0b07d05e24fb,"GUTIERREZ, Graciela Beatriz",diputados,Santa Cruz,3,2003-2005; 2005-2007; 2007-2009,2005,2009,5,949,949,0.7987,0.9604,0.0356,0.004,755,FRENTE PARA LA VICTORIA,3,FRENTE PARA LA VICTORIA → JUSTICIALISTA → SIN BLOQUE,842.0,0.2161,0.1818
leg:a13f9f7f3648,"GUTIERREZ, Gustavo Eduardo",diputados,Mendoza,3,1995-1997; 1999-2001; 2001-2003,1997,2003,4,144,144,0.3333,0.4583,0.4167,0.125,42,DEMOCRATA DE MENDOZA,2,SIN BLOQUE → DEMOCRATA DE MENDOZA,106.0,0.1981,0.119
leg:415f507fa8cc,"GUTIERREZ, Julio César",diputados,Santa Fe,2,2001-2003; 2003-2005,2002,2005,4,312,312,0.891,0.9245,0.0576,0.018,273,SIN BLOQUE,2,JUSTICIALISTA → SIN BLOQUE,217.0,0.181,0.2972
leg:21135c665073,GUZMAN Olga Elizabeth,diputados,Neuquén,2,2009-2011; 2011-2013,2010,2013,4,376,376,0.8644,0.9262,0.0646,0.0092,322,MOVIMIENTO POPULAR NEUQUINO,2,MOV POP NEUQUINO → MOVIMIENTO POPULAR NEUQUINO,500.0,0.072,0.0829
leg:19be7ec843d5,GUZMÁN Andrés Ernesto,diputados,Córdoba,1,2015-2017,2016,2017,2,307,307,0.4625,0.8662,0.0986,0.0352,137,PERONISMO PARA LA VICTORIA,3,PERONISMO PARA LA VICTORIA → FRENTE PARA LA VICTORIA → BG JUAN B. BUSTOS,307.0,0.4251,0.1667
leg:5d46ba19c083,GUZMÁN Sandro Adrián,diputados,Buenos Aires,2,2013-2015; 2015-2017,2014,2017,4,511,511,0.5656,0.9135,0.0657,0.0208,283,FRENTE NORTE,5,FRENTE RENOVADOR → FRENTE NORTE → NO INTEGRA BLOQUE → SOCIAL CRISTIANO → JUNTOS POR ARGENTINA,629.0,0.1237,0.0183
leg:08de6a459da4,"Gabrielli, Rodolfo Federíco",diputados,,1,1995-1997,1997,1997,1,12,12,0.6667,0.375,0.625,0.0,8,SIN BLOQUE,1,SIN BLOQUE,,,
leg:9fadf4a76cd2,"Galante, Pedro Jorge Roque",diputados,,2,1993-1995; 1995-1997,1994,1997,2,26,26,0.3846,0.8,0.1,0.1,9,SIN BLOQUE,1,SIN BLOQUE,,,
leg:6d5d22d0e270,"Galimberti, Pedro Jorge",diputados,Entre Rios,2,2021-2023; 2023-2025,2022,2024,3,130,130,0.9077,0.678,0.2203,0.1017,106,UCR,1,UCR,130.0,0.2736,0.4
leg:c551d7f27bfd,"Gallardo, Maria Virginia",diputados,Corrientes,1,2025-2027,2025,2026,2,95,95,1.0,0.8211,0.1789,0.0,95,LA LIBERTAD AVANZA,1,LA LIBERTAD AVANZA,105.0,0.0,0.0
leg:f21da1d39ee9,"Gallo, Orlando Juan",diputados,,1,1993-1995,1994,1994,1,14,14,0.3571,0.8,0.2,0.0,5,SIN BLOQUE,1,SIN BLOQUE,,,
leg:16155b218513,"Galmarini, Fernando Nicolás",diputados,,1,1995-1997,1997,1997,1,12,12,0.5833,0.7143,0.2857,0.0,7,SIN BLOQUE,1,SIN BLOQUE,,,
leg:f79016ef7a0b,"Galmarini, Sebastian",diputados,Buenos Aires,1,2025-2027,2025,2026,2,95,95,0.8632,0.3171,0.6829,0.0,82,UNION POR LA PATRIA,1,UNION POR LA PATRIA,105.0,0.1476,0.1111
leg:67eb309f0601,"Galvan, Raul Alfredo",diputados,,1,1993-1995,1994,1994,1,14,14,0.8571,0.4167,0.5833,0.0,12,SIN BLOQUE,1,SIN BLOQUE,,,
leg:f6a21ca70fc0,"Garay, Nicolás Alfredo",diputados,,2,1993-1995; 1995-1997,1994,1997,2,26,26,0.3077,0.75,0.25,0.0,8,SIN BLOQUE,1,SIN BLOQUE,,,
leg:40be88c3c1c1,"Garcia Aresca, Ignacio",diputados,Cordoba,3,2021-2023; 2023-2025; 2025-2027,2022,2026,5,386,386,0.6451,0.7631,0.1767,0.0602,234,PROVINCIAS UNIDAS,1,PROVINCIAS UNIDAS,396.0,0.2884,0.334
leg:3a0efd241dbb,"Garcia Moreno, Miguel Angel",diputados,,1,1993-1995,1994,1994,1,14,14,0.5,0.5714,0.2857,0.1429,6,SIN BLOQUE,1,SIN BLOQUE,,,
leg:2f976021807b,"Garcia, Alvaro",diputados,Buenos Aires,1,2025-2027,2025,2026,2,95,95,1.0,0.8211,0.1789,0.0,95,LA LIBERTAD AVANZA,1,LA LIBERTAD AVANZA,105.0,0.0,0.0
leg:ccd51bf6d0f9,"Garcia, Carlos",diputados,Chaco,2,2023-2025; 2025-2027,2024,2026,3,369,369,0.9756,0.5583,0.4417,0.0,360,LA LIBERTAD AVANZA,1,LA LIBERTAD AVANZA,379.0,0.0194,0.0123
leg:dc648d8311ff,"Garramuño, Ricardo",diputados,Tierra del Fuego,1,2023-2025,2025,2025,1,97,97,0.9381,0.2088,0.7912,0.0,91,SOMOS FUEGUINOS,1,SOMOS FUEGUINOS,97.0,0.0,0.0
leg:b04725384a84,"Garrido, Jose Luis",diputados,Santa Cruz,2,2023-2025; 2025-2027,2024,2026,3,369,369,0.7371,0.6875,0.2463,0.0662,254,POR SANTA CRUZ,1,POR SANTA CRUZ,379.0,0.0053,0.0
leg:d89dcdd8fa23,"Gatti, Héctor Angel",diputados,,1,1995-1997,1997,1997,1,12,12,0.5833,1.0,0.0,0.0,7,SIN BLOQUE,1,SIN BLOQUE,,,
leg:cea953d35582,"Gauna, Juan Octavio",diputados,,1,1993-1995,1994,1994,1,14,14,0.8571,0.5833,0.4167,0.0,12,SIN BLOQUE,1,SIN BLOQUE,,,
leg:e7c8463f5c6f,"Gazia, Rodolfo Mauricio",diputados,,2,1993-1995; 1995-1997,1994,1997,2,26,26,0.6923,0.6111,0.3333,0.0556,17,SIN BLOQUE,1,SIN BLOQUE,,,
leg:517dfdb19a3b,"Giampieri, Antonela",diputados,Ciudad de Buenos Aires,1,2025-2027,2025,2026,2,95,95,0.9895,0.8298,0.1702,0.0,94,PRO,1,PRO,105.0,0.0,0.0
leg:f4a72bec23f3,"Gianni, Gloria María Cristina",diputados,,1,1995-1997,1997,1997,1,12,12,0.5,0.6667,0.3333,0.0,6,SIN BLOQUE,1,SIN BLOQUE,,,
leg:2b73300f9503,"Gimenez, Delfor Abel",diputados,,1,1993-1995,1994,1994,1,14,14,0.7143,0.7,0.2,0.1,9,SIN BLOQUE,1,SIN BLOQUE,,,
leg:eedae7f8232c,"Gimenez, Ramón Francisco",diputados,,2,1993-1995; 1995-1997,1994,1997,2,26,26,0.6923,0.6667,0.3333,0.0,18,SIN BLOQUE,1,SIN BLOQUE,,,
leg:eadd18dc46f1,"Ginocchio, Silvana Micaela",diputados,Catamarca,4,2017-2019; 2019-2021; 2021-2023; 2023-2025,2017,2025,9,539,539,0.9814,0.7921,0.1985,0.0095,524,UNION POR LA PATRIA,3,ELIJO CATAMARCA → FRENTE DE TODOS → UNION POR LA PATRIA,539.0,0.0942,0.1159
leg:56be929a91ca,"Giorgi, Melina",diputados,Santa Fe,1,2023-2025,2024,2025,2,274,274,0.938,0.8132,0.1673,0.0195,252,DEMOCRACIA PARA SIEMPRE,1,DEMOCRACIA PARA SIEMPRE,274.0,0.1573,0.316
leg:693da6846b03,"Giuliano, Diego A.",diputados,Santa Fe,2,2023-2025; 2025-2027,2024,2026,3,369,369,0.9404,0.5706,0.4294,0.0,347,UNION POR LA PATRIA,1,UNION POR LA PATRIA,379.0,0.0587,0.0617
leg:738748d84d2e,"Glinski, Jose",diputados,Chubut,2,2023-2025; 2025-2027,2024,2026,3,369,369,0.9919,0.5683,0.4262,0.0055,364,UNION POR LA PATRIA,1,UNION POR LA PATRIA,379.0,0.0107,0.0
leg:2526ab76d538,"Goitia, Rosario",diputados,Chaco,1,2025-2027,2025,2026,2,95,95,1.0,0.8211,0.1789,0.0,95,LA LIBERTAD AVANZA,1,LA LIBERTAD AVANZA,105.0,0.0,0.0
leg:e84ad8a564f7,"Gollan, Daniel",diputados,Buenos Aires,2,2021-2023; 2023-2025,2022,2025,4,291,291,0.9347,0.6654,0.3309,0.0037,271,UNION POR LA PATRIA,1,UNION POR LA PATRIA,291.0,0.0608,0.1277
leg:d5a3dadf146c,"Golly, Eduardo Ceferino",diputados,,1,1995-1997,1997,1997,1,12,12,0.9167,0.5455,0.4545,0.0,11,SIN BLOQUE,1,SIN BLOQUE,,,
leg:d6b8268acf36,"Golpe Montiel, Nestor Lino",diputados,,1,1993-1995,1994,1994,1,14,14,0.3571,0.2,0.6,0.2,4,SIN BLOQUE,1,SIN BLOQUE,,,
leg:157ef97ff191,"Golpe, Carlos Horacio",diputados,,2,1993-1995; 1995-1997,1994,1997,2,26,26,0.7692,0.55,0.4,0.05,19,SIN BLOQUE,1,SIN BLOQUE,,,
leg:b6d1473cd839,"Gomez Centurion, Carlos E.",diputados,,1,1993-1995,1994,1994,1,14,14,0.4286,0.8333,0.1667,0.0,6,SIN BLOQUE,1,SIN BLOQUE,,,
leg:b83f5d0df035,"Gomez, Jose",diputados,Santiago del Estero,2,2023-2025; 2025-2027,2024,2026,3,369,369,0.6667,0.5081,0.4919,0.0,246,UNION POR LA PATRIA,1,UNION POR LA PATRIA,379.0,0.3384,0.2346
leg:5ddc0121e19d,"Gonzales, Alfredo",diputados,Jujuy,1,2025-2027,2025,2026,2,95,95,1.0,0.8211,0.1789,0.0,95,LA LIBERTAD AVANZA,1,LA LIBERTAD AVANZA,105.0,0.0,0.0
leg:dc268b9263a3,"Gonzalez Cabañas, Tomás W.",diputados,,1,1993-1995,1994,1994,1,14,14,0.7143,0.7,0.3,0.0,10,SIN BLOQUE,1,SIN BLOQUE,,,
leg:6358adaef5c0,"Gonzalez Estevarena, Maria Luisa",diputados,Buenos Aires,2,1995-1997; 2025-2027,1997,2026,3,107,107,0.9439,0.8119,0.1881,0.0,101,LA LIBERTAD AVANZA,2,SIN BLOQUE → LA LIBERTAD AVANZA,105.0,0.0,0.0
leg:7c9a5fdf5c83,"Gonzalez Gaviola, Juan Horacio",diputados,,2,1993-1995; 1995-1997,1994,1997,2,26,26,0.6538,0.5294,0.4118,0.0588,16,SIN BLOQUE,1,SIN BLOQUE,,,
leg:792db8d98227,"Gonzalez de Duhalde, Ilda",diputados,,2,1999-2001; 2003-2005,2001,2005,3,99,99,0.2929,0.8966,0.1034,0.0,29,SIN BLOQUE,1,SIN BLOQUE,,,
leg:0457cd611fb8,"Gonzalez, Antonio Erman",diputados,,2,1993-1995; 1995-1997,1994,1997,2,21,21,0.5714,0.5833,0.4167,0.0,12,SIN BLOQUE,1,SIN BLOQUE,,,
leg:37d835196414,"Gonzalez, Diogenes Ignacio",diputados,Corrientes,1,2025-2027,2025,2026,2,95,95,0.9579,0.8132,0.1868,0.0,91,UCR,1,UCR,105.0,0.0365,0.0509
leg:af6b56f79e2d,"Gonzalez, Gerardo Gustavo",diputados,Formosa,2,2023-2025; 2025-2027,2024,2026,3,369,369,0.7778,0.6167,0.3798,0.0035,286,INNOVACION FEDERAL,1,INNOVACION FEDERAL,379.0,0.4606,0.3512
leg:d1ea7cc471fd,"Gonzalez, Gustavo Carlos Miguel",diputados,Santa Cruz,2,2021-2023; 2023-2025,2022,2025,4,291,291,0.9244,0.6431,0.3532,0.0037,268,UNION POR LA PATRIA,1,UNION POR LA PATRIA,291.0,0.0711,0.0213
leg:dbd92fdbd715,"Gorini, Florial Edmundo",diputados,,1,1995-1997,1997,1997,1,12,12,0.8333,0.8,0.1,0.1,9,SIN BLOQUE,1,SIN BLOQUE,,,
leg:c88e8bb90b1f,"Goñi, María Virginia",diputados,,1,1995-1997,1997,1997,1,12,12,0.25,0.3333,0.6667,0.0,3,SIN BLOQUE,1,SIN BLOQUE,,,
leg:0376ba3f7311,"Grabois, Juan",diputados,Buenos Aires,1,2025-2027,2025,2026,2,95,95,0.9684,0.3152,0.6848,0.0,92,UNION POR LA PATRIA,1,UNION POR LA PATRIA,105.0,0.0532,0.0556
leg:caf75b4f1f02,"Green, Gustavo Adolfo",diputados,,1,1993-1995,1994,1994,1,14,14,0.9286,0.6923,0.3077,0.0,13,SIN BLOQUE,1,SIN BLOQUE,,,
leg:6e5910de411c,"Gruber, Maura",diputados,Misiones,1,2025-2027,2025,2026,2,95,95,1.0,0.8211,0.1789,0.0,95,LA LIBERTAD AVANZA,1,LA LIBERTAD AVANZA,105.0,0.0,0.0
leg:3ed6e2d99082,"Gudiño, Hermelinda Amalia",diputados,,1,1995-1997,1997,1997,1,12,12,0.8333,0.4,0.4,0.2,8,SIN BLOQUE,1,SIN BLOQUE,,,
leg:101558e33f60,"Guerrero, Luis Serafín",diputados,,1,1993-1995,1994,1994,1,14,14,0.3571,0.8,0.2,0.0,5,SIN BLOQUE,1,SIN BLOQUE,,,
leg:5d61a176098f,"Guevara, Cristina Rosalía",diputados,Cdad.Aut.Bs.As.,2,1995-1997; 1999-2001,1997,2001,2,51,51,0.9412,0.625,0.3333,0.0417,46,UCR,2,SIN BLOQUE → UCR,24.0,0.0258,0.0
leg:545130287582,"Gutierrez, Carlos",diputados,Cordoba,4,2019-2021; 2021-2023; 2023-2025; 2025-2027,2019,2026,8,421,421,0.9097,0.8068,0.1514,0.0418,367,PROVINCIAS UNIDAS,2,CORDOBA FEDERAL → PROVINCIAS UNIDAS,400.0,0.1783,0.2309
leg:c362b779b7c2,"Gutierrez, Diana Bárbara",diputados,,1,1995-1997,1997,1997,1,12,12,0.8333,0.4,0.5,0.1,9,SIN BLOQUE,1,SIN BLOQUE,,,
leg:adb806646c87,"Gutierrez, Ramiro",diputados,Buenos Aires,4,2019-2021; 2021-2023; 2023-2025; 2025-2027,2019,2026,8,421,421,0.9169,0.6166,0.3834,0.0,386,UNION POR LA PATRIA,2,FRENTE DE TODOS → UNION POR LA PATRIA,400.0,0.0956,0.0482
leg:5d1881a38e01,"Guzman, Jairo",diputados,Santa Cruz,1,2025-2027,2025,2026,2,95,95,1.0,0.8211,0.1789,0.0,95,LA LIBERTAD AVANZA,1,LA LIBERTAD AVANZA,105.0,0.0,0.0
leg:9b57532b4432,"Guzman, María Cristina",diputados,,2,1993-1995; 1995-1997,1994,1997,2,26,26,0.1923,0.6,0.2,0.2,4,SIN BLOQUE,1,SIN BLOQUE,,,
leg:cd5a83cb27c9,"HALAK, Beatriz Susana",diputados,Córdoba,1,2007-2009,2007,2009,3,275,275,0.6,0.8,0.1515,0.0485,157,SIN BLOQUE,3,FRENTE PARA LA VICTORIA → UNION PERONISTA → SIN BLOQUE,266.0,0.3482,0.8
leg:a3b959595db4,HARISPE Gastón,diputados,Buenos Aires,2,2011-2013; 2013-2015,2011,2015,5,476,476,0.9853,0.9723,0.0171,0.0107,464,FRENTE PARA LA VICTORIA,3,FRENTE PARA LA VICTORIA → NUEVO ENCUENTRO → JUNTOS POR ARGENTINA,699.0,0.0195,0.0252
leg:c49018adb13b,HEIN Gustavo Rene,diputados,Entre Ríos,2,2019-2021; 2021-2023,2019,2023,5,52,52,0.8269,0.3256,0.6744,0.0,43,PRO,1,PRO,52.0,0.1346,0.0
leg:5f32f1bc81b5,HELLER Carlos Salomón,diputados,C.A.B.A.,7,2009-2011; 2011-2013; 2013-2015; 2015-2017; 2019-2021; 2021-2023; 2023-2025,2010,2025,15,1213,1213,0.8211,0.7972,0.1938,0.009,987,UNION POR LA PATRIA,8,NUEVO ENCUENTRO POPULAR Y SOLIDARIO → UNION POR LA PATRIA → NUEVO ENCUENTRO → UNIDOS POR UNA NUEVA ARGENTINA → FRENTE NUEVO ENCUENTRO → JUNTOS POR ARGENTINA → SOLIDARIO SI → FRENTE DE TODOS,786.0,0.0204,0.0385
leg:c1011ec99fcf,"HEREDIA, Arturo Miguel",diputados,Córdoba,3,2003-2005; 2005-2007; 2007-2009,2005,2009,5,949,949,0.8588,0.9067,0.0626,0.0307,790,PERONISMO FEDERAL,4,FRENTE PARA LA VICTORIA → JUSTICIALISTA → SIN BLOQUE → PERONISMO FEDERAL,842.0,0.1596,0.2727
leg:16728930fced,"HERNANDEZ, Cinthyia Gabriela",diputados,Rio Negro,2,2003-2005; 2005-2007,2003,2007,5,711,711,0.6723,0.6046,0.3305,0.0649,447,UCR,1,UCR,711.0,0.4357,0.4545
leg:1599715a7b6d,"HERNANDEZ, Simón Fermín",diputados,Catamarca,2,1999-2001; 2001-2003,2001,2003,3,132,132,0.6061,0.5625,0.4125,0.025,78,FRENTE CIVICO SOCIAL,2,FRENTE CIVICO SOCIAL → SIN BLOQUE,106.0,0.217,0.0952
leg:16598fe960e1,HERNÁNDEZ Estela Beatriz,diputados,Chubut,2,2019-2021; 2021-2023,2019,2023,5,52,52,0.9231,0.9792,0.0208,0.0,48,FRENTE DE TODOS,1,FRENTE DE TODOS,31.0,0.0,0.0
leg:7cc98de653f3,HERNÁNDEZ Martín Osvaldo,diputados,Formosa,2,2015-2017; 2017-2019,2016,2019,4,520,520,0.9519,0.7818,0.2081,0.0101,490,UCR,1,UCR,520.0,0.065,0.0637
leg:d8b27729f192,HERRERA José Alberto,diputados,Santiago del Estero,5,2007-2009; 2009-2011; 2011-2013; 2013-2015; 2015-2017,2007,2017,11,1122,1122,0.7602,0.9367,0.061,0.0023,851,FRENTE CIVICO POR SANTIAGO,1,FRENTE CIVICO POR SANTIAGO,1364.0,0.1568,0.1372
leg:e8347674caf8,HERRERA Luis Beder,diputados,La Rioja,2,2015-2017; 2017-2019,2016,2019,4,520,520,0.3,0.8141,0.1282,0.0577,147,JUSTICIALISTA,1,JUSTICIALISTA,520.0,0.5865,0.3651
leg:832348bf8dae,"HERRERA PAEZ, Enzo Thelismar",diputados,La Rioja,1,1999-2001,2001,2001,1,39,39,0.5641,0.3636,0.5455,0.0909,20,UCR,2,SIN BLOQUE → UCR,24.0,0.4457,0.75
leg:963b42e89e03,"HERRERA, Alberto",diputados,Tucumán,6,1995-1997; 1999-2001; 2001-2003; 2003-2005; 2005-2007; 2007-2009,1997,2009,9,1092,1092,0.6841,0.9384,0.0589,0.0027,745,FRENTE PARA LA VICTORIA,4,SIN BLOQUE → JUSTICIALISTA → F.F.J. AZUL Y BLANCO → FRENTE PARA LA VICTORIA,947.0,0.2892,0.2391
leg:07d3120e44cd,"HERRERA, Griselda Noemí",diputados,La Rioja,6,2001-2003; 2003-2005; 2005-2007; 2007-2009; 2011-2013; 2013-2015,2002,2015,13,1737,1737,0.8181,0.9113,0.069,0.0197,1393,FRENTE PARA LA VICTORIA,3,F.F.J. AZUL Y BLANCO → JUSTICIALISTA → FRENTE PARA LA VICTORIA,1960.0,0.2115,0.1918
leg:5bbc677fe2bb,HERS CABRAL Anabella Ruth,diputados,C.A.B.A.,2,2015-2017; 2017-2019,2016,2018,3,451,451,0.796,0.7911,0.2006,0.0084,356,PRO,1,PRO,451.0,0.2178,0.1304
leg:2f27c50238d3,"HERZOVICH, María Elena",diputados,Entre Ríos,2,1999-2001; 2001-2003,2001,2003,3,132,132,0.7348,0.6701,0.2887,0.0412,93,UCR,2,SIN BLOQUE → UCR,106.0,0.2603,0.3128
leg:94bfc191f7d1,"HONCHERUK, Atlanto",diputados,Chaco,2,1999-2001; 2001-2003,2001,2003,3,132,132,0.4773,0.7619,0.2063,0.0317,61,F.F.J. AZUL Y BLANCO,3,JUSTICIALISTA → SIN BLOQUE → F.F.J. AZUL Y BLANCO,106.0,0.3393,0.1246
leg:5bdb27d48c2f,HORNE Silvia Renee,diputados,Rio Negro,2,2015-2017; 2017-2019,2016,2019,4,520,520,0.7404,0.6234,0.3481,0.0286,374,MOVIMIENTO EVITA,3,PERONISMO PARA LA VICTORIA → FRENTE PARA LA VICTORIA → MOVIMIENTO EVITA,520.0,0.1606,0.2083
leg:12c30a8f4c54,"HOTTON, Cynthia Liliana",diputados,Cdad.Aut.Bs.As.,2,2007-2009; 2009-2011,2007,2011,5,379,379,0.6702,0.5709,0.4055,0.0236,248,VALORES PARA MI PAIS,2,PRO → VALORES PARA MI PAIS,398.0,0.1131,0.0
leg:ae9fada7d473,HUCZAK Stella Maris,diputados,Mendoza,2,2015-2017; 2017-2019,2016,2019,4,520,520,0.9904,0.7922,0.1961,0.0117,509,PRO,1,PRO,520.0,0.0248,0.0
leg:0f3227b002e3,"HUMADA, Julio Cesar",diputados,Misiones,2,2001-2003; 2003-2005,2002,2005,4,312,312,0.5865,0.8634,0.1093,0.0273,178,SIN BLOQUE,2,JUSTICIALISTA → SIN BLOQUE,217.0,0.4165,0.3285
leg:d2c7f1f651dd,HUMMEL Astrid,diputados,Santa Fe,1,2017-2019,2017,2019,3,213,213,0.9718,0.6763,0.3092,0.0145,204,PRO,1,PRO,213.0,0.064,0.0
leg:9870ad9578a8,HUSS Juan  Manuel,diputados,Entre Ríos,2,2015-2017; 2017-2019,2016,2019,4,520,520,0.7942,0.5884,0.3947,0.0169,406,FRENTE PARA LA VICTORIA,1,FRENTE PARA LA VICTORIA,520.0,0.1803,0.0833
leg:9e82c7518590,"Hadad, Raul",diputados,Corrientes,1,2025-2027,2025,2026,2,95,95,1.0,0.3474,0.6421,0.0105,94,UNION POR LA PATRIA,1,UNION POR LA PATRIA,105.0,0.0182,0.0
leg:cade3324e9ca,"Hagman, Itai",diputados,Ciudad de Buenos Aires,4,2019-2021; 2021-2023; 2023-2025; 2025-2027,2019,2026,8,421,421,0.981,0.6102,0.3874,0.0024,412,UNION POR LA PATRIA,2,FRENTE DE TODOS → UNION POR LA PATRIA,431.0,0.0259,0.0
leg:9523f52e43ae,"Haquim, Carlos Guillermo",diputados,,1,1995-1997,1997,1997,1,12,12,0.75,0.4444,0.5556,0.0,9,SIN BLOQUE,1,SIN BLOQUE,,,
leg:a784202c3f09,"Hardy, Anibal Osvaldo",diputados,,1,1993-1995,1994,1994,1,14,14,0.7857,0.8182,0.1818,0.0,11,SIN BLOQUE,1,SIN BLOQUE,,,
leg:83bc85d98dc8,"Hartfield, Diego",diputados,Misiones,1,2025-2027,2025,2026,2,95,95,1.0,0.8211,0.1789,0.0,95,LA LIBERTAD AVANZA,1,LA LIBERTAD AVANZA,105.0,0.0,0.0
leg:c665fe83b97b,"Hernandez, Antonio María",diputados,,1,1993-1995,1994,1994,1,14,14,0.1429,0.5,0.5,0.0,2,SIN BLOQUE,1,SIN BLOQUE,,,
leg:21723e6b80b0,"Hernandez, Cinthya Gabriela",diputados,,2,2003-2005; 2005-2007,2004,2007,4,182,182,0.5989,0.4312,0.5229,0.0459,104,SIN BLOQUE,1,SIN BLOQUE,,,
leg:1cc767abd565,"Herrera Ahuad, Oscar A.",diputados,Misiones,1,2025-2027,2025,2026,2,95,95,0.8211,0.9615,0.0385,0.0,78,INNOVACION FEDERAL,1,INNOVACION FEDERAL,95.0,0.0491,0.049
leg:41e8ac6989e6,"Herrera Arias, Manuel H.",diputados,,2,1993-1995; 1995-1997,1994,1997,2,26,26,0.3462,0.6667,0.3333,0.0,9,SIN BLOQUE,1,SIN BLOQUE,,,
leg:58cc6d41e1f6,"Herrera, Bernardo Eligio",diputados,,1,1993-1995,1994,1994,1,14,14,0.5714,0.625,0.375,0.0,8,SIN BLOQUE,1,SIN BLOQUE,,,
leg:dd24a32b2b67,"Herrera, Bernardo Jose",diputados,Santiago del Estero,4,2017-2019; 2019-2021; 2021-2023; 2023-2025,2019,2025,7,395,395,0.9722,0.7422,0.2552,0.0026,383,UNION POR LA PATRIA,3,FRENTE DE TODOS → FRENTE CIVICO POR SANTIAGO → UNION POR LA PATRIA,395.0,0.0234,0.0
leg:2fe97d202701,"Herrera, Marcela",diputados,Tucuman,1,2021-2023,2023,2023,1,1,1,1.0,1.0,0.0,0.0,1,FRENTE DE TODOS,1,FRENTE DE TODOS,1.0,1.0,
leg:bc66a74f02a7,"Herrera, Ricardo",diputados,La Rioja,2,2021-2023; 2023-2025,2022,2025,4,291,291,0.9897,0.6632,0.3333,0.0035,287,UNION POR LA PATRIA,1,UNION POR LA PATRIA,291.0,0.0092,0.0
leg:7ef47133bddf,"Holzman, Patricia",diputados,Ciudad de Buenos Aires,1,2025-2027,2025,2026,2,95,95,1.0,0.8211,0.1789,0.0,95,LA LIBERTAD AVANZA,1,LA LIBERTAD AVANZA,105.0,0.0,0.0
leg:d1a64d7ba702,"Huesen, Gerardo",diputados,Tucuman,2,2023-2025; 2025-2027,2024,2026,3,369,369,0.981,0.558,0.442,0.0,362,LA LIBERTAD AVANZA,1,LA LIBERTAD AVANZA,379.0,0.0106,0.0123
leg:1ec5fad613cb,"Humada, Raul",diputados,,1,1993-1995,1994,1994,1,14,14,0.9286,0.7692,0.2308,0.0,13,SIN BLOQUE,1,SIN BLOQUE,,,
leg:2fc02ea13d85,"Humenuk, Gladys",diputados,Buenos Aires,1,2025-2027,2025,2026,2,95,95,1.0,0.8211,0.1789,0.0,95,LA LIBERTAD AVANZA,1,LA LIBERTAD AVANZA,105.0,0.0,0.0
leg:135ca59c0ecd,IBARRA Eduardo Mauricio,diputados,San Juan,2,2009-2011; 2011-2013,2010,2013,4,376,376,0.4335,0.6626,0.3129,0.0245,159,UNION POR SAN JUAN,2,PERONISMO FEDERAL → UNION POR SAN JUAN,500.0,0.0538,0.0035
leg:ef985d00b32d,"IGLESIAS, Fernando Adolfo",diputados,Cdad.Aut.Bs.As.,6,2007-2009; 2009-2011; 2017-2019; 2019-2021; 2021-2023; 2023-2025,2007,2025,14,918,918,0.8181,0.5686,0.4021,0.0293,729,PRO,2,COALICION CIVICA → PRO,937.0,0.1341,0.069
leg:f4082ffe2392,"IGLESIAS, Roberto Raul",diputados,Mendoza,2,2003-2005; 2005-2007,2003,2007,5,893,893,0.5599,0.514,0.456,0.03,485,SIN BLOQUE,2,UCR → SIN BLOQUE,711.0,0.3108,0.2727
leg:2cc757a77260,IGON Santiago Nicolás,diputados,Chubut,4,2015-2017; 2017-2019; 2019-2021; 2021-2023,2016,2023,8,572,572,0.8497,0.6173,0.3683,0.0144,479,FRENTE DE TODOS,2,FRENTE PARA LA VICTORIA → FRENTE DE TODOS,572.0,0.1184,0.0
leg:29aebbc9e7c8,"ILARREGUI, Luis Alfredo",diputados,Buenos Aires,3,2003-2005; 2005-2007; 2007-2009,2005,2009,5,949,949,0.8451,0.9252,0.0424,0.0324,776,FRENTE PARA LA VICTORIA,3,FRENTE PARA LA VICTORIA → JUSTICIALISTA → SIN BLOQUE,842.0,0.189,0.0909
leg:d0877293f2e8,INCICCO Lucas Ciriaco,diputados,Santa Fe,2,2015-2017; 2017-2019,2016,2019,4,520,520,0.9788,0.7819,0.2024,0.0157,501,PRO,1,PRO,520.0,0.0372,0.0417
leg:f11782d8cfe8,"INDA, Graciela Ester",diputados,Cdad.Aut.Bs.As.,1,1999-2001,2001,2001,1,39,39,0.9487,0.5946,0.3514,0.0541,35,UCR,2,SIN BLOQUE → UCR,24.0,0.0674,0.0
leg:1152d2aaccf8,INFANTE Hugo Orlando,diputados,Santiago del Estero,1,2017-2019,2017,2018,2,144,144,0.3819,0.8,0.1818,0.0182,54,FRENTE CIVICO POR SANTIAGO,1,FRENTE CIVICO POR SANTIAGO,144.0,0.3137,0.0357
leg:c4bf6b539c14,"INGRAM, Roddy Ernesto",diputados,Chubut,2,2003-2005; 2005-2007,2003,2007,5,893,893,0.7357,0.9452,0.0487,0.0061,653,SIN BLOQUE,3,JUSTICIALISTA → SIN BLOQUE → FRENTE PARA LA VICTORIA,711.0,0.2838,0.0533
leg:77f97b8fc444,INSAURRALDE Martín,diputados,Buenos Aires,1,2013-2015,2014,2014,1,116,116,0.319,1.0,0.0,0.0,37,FRENTE PARA LA VICTORIA,1,FRENTE PARA LA VICTORIA,179.0,0.648,0.6098
leg:e2f6ad009da7,"INSFRAN, Miguel Angel",diputados,Formosa,2,1999-2001; 2001-2003,2001,2003,3,132,132,0.5303,0.6,0.3,0.1,63,UCR,2,SIN BLOQUE → UCR,106.0,0.52,0.6462
leg:a90daba8464f,"IPARRAGUIRRE, Carlos Raúl",diputados,Santa Fe,2,1999-2001; 2001-2003,2001,2003,3,132,132,0.7273,0.6771,0.2917,0.0312,93,UCR,2,SIN BLOQUE → UCR,106.0,0.2401,0.2176
leg:da44b4f9e5d8,ISA Evita Nélida,diputados,Salta,2,2013-2015; 2015-2017,2014,2017,4,511,511,0.6967,0.9494,0.0393,0.0112,352,JUSTICIALISTA,2,FRENTE PARA LA VICTORIA → JUSTICIALISTA,629.0,0.298,0.1882
leg:e9c2a033a374,"ISLA de SARACENI, Celia Anita",diputados,Misiones,2,2001-2003; 2003-2005,2002,2005,4,312,312,0.8045,0.8287,0.0956,0.0757,232,SIN BLOQUE,2,JUSTICIALISTA → SIN BLOQUE,217.0,0.2669,0.2479
leg:00acb8c24f4e,ITURRASPE Nora Graciela,diputados,Buenos Aires,2,2009-2011; 2011-2013,2010,2013,4,376,376,0.6782,0.6039,0.3098,0.0863,233,UNIDAD POPULAR,2,SI POR LA UNIDAD POPULAR → UNIDAD POPULAR,500.0,0.17,0.1917
leg:790072968c9a,"ITURRIETA, Miguel Angel",diputados,Misiones,3,2003-2005; 2005-2007; 2007-2009,2005,2009,5,949,949,0.8978,0.919,0.0692,0.0117,842,FRENTE PARA LA VICTORIA,3,FRENTE PARA LA VICTORIA → JUSTICIALISTA → SIN BLOQUE,842.0,0.1173,0.0
leg:5f5079c96c4a,"Ibarbia, José María",diputados,,1,1993-1995,1994,1994,1,14,14,0.5,0.4286,0.4286,0.1429,6,SIN BLOQUE,1,SIN BLOQUE,,,
leg:7a935a4fa226,"Ibarreche, Julio Cesar",diputados,,1,1993-1995,1994,1994,1,14,14,0.7143,0.5,0.4,0.1,9,SIN BLOQUE,1,SIN BLOQUE,,,
leg:481e52a4500e,"Ibañez, Maria Cecilia",diputados,Cordoba,2,2023-2025; 2025-2027,2024,2026,3,369,369,0.8591,0.6057,0.3817,0.0126,313,LA LIBERTAD AVANZA,1,LA LIBERTAD AVANZA,379.0,0.1562,0.0247
leg:463ee3b3223e,"Illia, Martín Arturo",diputados,,1,1995-1997,1997,1997,1,12,12,0.8333,0.7,0.3,0.0,10,SIN BLOQUE,1,SIN BLOQUE,,,
leg:6eab8870377d,"Iparraguirre, Rogelio",diputados,Buenos Aires,2,2021-2023; 2023-2025,2022,2025,4,291,291,0.9691,0.656,0.344,0.0,282,UNION POR LA PATRIA,1,UNION POR LA PATRIA,291.0,0.0294,0.0
leg:93ddd3b0006c,"Irrazabal, Liliana María",diputados,,1,1995-1997,1997,1997,1,12,12,0.75,0.4444,0.5556,0.0,9,SIN BLOQUE,1,SIN BLOQUE,,,
leg:3e6e652baeb9,"Isequilla, Amalia",diputados,,1,1995-1997,1997,1997,1,12,12,0.9167,0.3636,0.5455,0.0909,10,SIN BLOQUE,1,SIN BLOQUE,,,
leg:3680c7196aca,"Iturre, Cesar Eusebio",diputados,,1,1993-1995,1994,1994,1,14,14,0.6429,0.7778,0.2222,0.0,9,SIN BLOQUE,1,SIN BLOQUE,,,
leg:7fd101afd9fc,"JALIL, Luis Julián",diputados,Neuquén,2,2001-2003; 2003-2005,2002,2005,4,312,312,0.25,0.5897,0.3462,0.0641,73,SIN BLOQUE,2,MOVIMIENTO POPULAR NEUQUINO → SIN BLOQUE,217.0,0.1909,0.4545
leg:20939e02fb84,"JANO, Ricardo Javier",diputados,Buenos Aires,2,2003-2005; 2005-2007,2003,2007,5,893,893,0.4815,0.4488,0.5256,0.0256,419,SIN BLOQUE,2,UCR → SIN BLOQUE,711.0,0.2798,0.2727
leg:7a9f470f20ee,"JAROSLAVSKY, Gracia Maria",diputados,Entre Ríos,2,2001-2003; 2003-2005,2002,2005,4,312,312,0.7756,0.4463,0.5248,0.0289,235,SIN BLOQUE,2,UCR → SIN BLOQUE,217.0,0.3027,0.3972
leg:d22060e9206f,"JARQUE, Margarita Ofelia",diputados,Buenos Aires,2,2001-2003; 2003-2005,2002,2005,4,312,312,0.8077,0.3492,0.5119,0.1389,217,SIN BLOQUE,4,ALIANZA → FRENTE GRANDE → SIN BLOQUE → ENCUENTRO,217.0,0.2792,0.1136
leg:edeae3f81dcb,JAVKIN Pablo Lautaro,diputados,Santa Fe,1,2013-2015,2014,2015,2,204,204,0.7941,0.5309,0.3765,0.0926,147,COALICION CIVICA,1,COALICION CIVICA,322.0,0.198,0.2021
leg:f2b0fb0e94dc,"JEREZ, Esteban Eduardo",diputados,Tucumán,2,2003-2005; 2005-2007,2003,2007,5,820,820,0.4951,0.5985,0.3818,0.0197,398,SIN BLOQUE,4,FRENTE CIVICO TUCUMAN → SIN BLOQUE → PRO → RECREAR -- TUCUMAN,643.0,0.2621,0.1818
leg:0951b6bc9141,"JEREZ, Eusebia Antonia",diputados,Tucumán,2,2003-2005; 2005-2007,2003,2007,5,893,893,0.5745,0.5809,0.3197,0.0994,462,SIN BLOQUE,2,FUERZA REPUBLICANA → SIN BLOQUE,711.0,0.1617,0.0909
leg:cb170833dfbb,JETTER Ingrid,diputados,Corrientes,2,2019-2021; 2021-2023,2019,2023,5,52,52,0.75,0.2564,0.7436,0.0,39,PRO,1,PRO,52.0,0.1731,0.1111
leg:919e40152470,"JOBE, Miguel Antonio",diputados,Buenos Aires,2,1999-2001; 2001-2003,2001,2003,3,132,132,0.8409,0.3153,0.5586,0.1261,97,UNIDAD FEDERALISTA,4,SIN BLOQUE → UNIDAD BONAERENSE → PARTIDO UNIDAD FEDERALISTA → UNIDAD FEDERALISTA,106.0,0.1226,0.2143
leg:3409e7c7413a,"JOHNSON, Guillermo",diputados,Córdoba,2,2001-2003; 2003-2005,2002,2005,4,312,312,0.9135,0.9088,0.0772,0.014,281,SIN BLOQUE,3,ACCION POR LA REPUBLICA → JUSTICIALISTA → SIN BLOQUE,217.0,0.1565,0.1471
leg:0cfa8901a8f9,JOURY Mercedes,diputados,Buenos Aires,2,2019-2021; 2021-2023,2019,2023,5,52,52,0.8462,0.3409,0.6591,0.0,44,PRO,1,PRO,31.0,0.0323,0.0
leg:03888728833c,JUNIO Juan Carlos Isaac,diputados,C.A.B.A.,2,2011-2013; 2013-2015,2011,2015,5,476,476,0.9748,0.9763,0.0151,0.0086,460,JUNTOS POR ARGENTINA,3,SOLIDARIO SI → NUEVO ENCUENTRO → JUNTOS POR ARGENTINA,699.0,0.0265,0.0282
leg:566285a9b986,JUÁREZ Manuel Humberto,diputados,Santiago del Estero,2,2013-2015; 2015-2017,2014,2017,4,511,511,0.9139,0.94,0.0557,0.0043,465,FRENTE CIVICO POR SANTIAGO,1,FRENTE CIVICO POR SANTIAGO,629.0,0.0567,0.0489
leg:2bd24cc47a12,JUÁREZ Myrian del Valle,diputados,Catamarca,2,2013-2015; 2015-2017,2014,2017,4,511,511,0.8904,0.7297,0.2571,0.0132,449,FTE. CIVICO Y SOCIAL DE CATAMARCA,2,FRENTE CIVICO Y SOCIAL DE CATAMARCA → FTE. CIVICO Y SOCIAL DE CATAMARCA,629.0,0.1744,0.25
leg:1018f1953e71,"Jaime Quiroga, Carlos Gustavo",diputados,San Juan,1,2025-2027,2025,2026,2,95,95,0.9895,0.8085,0.1809,0.0106,93,PRODUCCION Y TRABAJO,1,PRODUCCION Y TRABAJO,105.0,0.0143,0.0139
leg:622848d0eceb,"Jaunarena, José Horacio",diputados,,2,1993-1995; 1995-1997,1994,1997,2,26,26,0.6154,0.75,0.25,0.0,16,SIN BLOQUE,1,SIN BLOQUE,,,
leg:679c52688494,"Joga, Vicente Bienvenido",diputados,,1,1995-1997,1997,1997,1,12,12,0.5833,0.4286,0.2857,0.2857,5,SIN BLOQUE,1,SIN BLOQUE,,,
leg:350b8b36caf4,"Juliano, Pablo",diputados,Buenos Aires,2,2023-2025; 2025-2027,2024,2026,3,369,369,0.8699,0.6075,0.3333,0.0592,302,PROVINCIAS UNIDAS,1,PROVINCIAS UNIDAS,379.0,0.3414,0.463
leg:dbee4bc2be4c,"Juncosa, Rodolfo Aldo",diputados,,2,1993-1995; 1995-1997,1994,1997,2,26,26,0.7692,0.8,0.2,0.0,20,SIN BLOQUE,1,SIN BLOQUE,,,
leg:82c27162720f,"KAKUBUR, Emilio",diputados,Misiones,3,2003-2005; 2005-2007; 2007-2009,2005,2009,5,949,949,0.5353,0.9449,0.0433,0.0118,502,DIGNIDAD PERONISTA,5,FRENTE PARA LA VICTORIA → JUSTICIALISTA → SIN BLOQUE → DIGNIDAD PERONISTA → NO INTEGRA BLOQUE,842.0,0.3379,0.0
leg:e9be2ab425c7,"KATZ, Daniel",diputados,Buenos Aires,2,2007-2009; 2009-2011,2007,2011,5,379,379,0.5435,0.7233,0.2718,0.0049,205,UCR,3,DE LA CONCERTACION → CONSENSO FEDERAL → UCR,398.0,0.3029,0.4214
leg:38d356c4aba5,"KENNY, Eduardo Enrique Federico",diputados,La Pampa,2,2007-2009; 2009-2011,2007,2011,5,379,379,0.6385,0.6446,0.3099,0.0455,231,UCR,1,UCR,398.0,0.2994,0.383
leg:f1a88cf69502,"KENT de SAADI, María del Pilar",diputados,Catamarca,1,1999-2001,2001,2001,1,39,39,0.3077,1.0,0.0,0.0,12,JUSTICIALISTA,2,JUSTICIALISTA → SIN BLOQUE,24.0,0.2933,0.0
leg:21479eeb8055,KICILLOF Axel,diputados,C.A.B.A.,2,2015-2017; 2017-2019,2016,2019,4,520,520,0.7288,0.5831,0.3958,0.0211,371,FRENTE PARA LA VICTORIA,1,FRENTE PARA LA VICTORIA,520.0,0.2415,0.0
leg:feaf6b78347c,KIRCHNER Máximo Carlos,diputados,Santa Cruz,6,2015-2017; 2017-2019; 2019-2021; 2021-2023; 2023-2025; 2025-2027,2016,2026,11,941,941,0.746,0.6026,0.3846,0.0128,693,UNION POR LA PATRIA,3,FRENTE PARA LA VICTORIA → FRENTE DE TODOS → UNION POR LA PATRIA,951.0,0.2249,0.1667
leg:1f52123590ec,"KIRCHNER, Néstor Carlos",diputados,Buenos Aires,1,2009-2011,2010,2010,1,54,54,0.0185,1.0,0.0,0.0,1,FRENTE PARA LA VICTORIA,1,FRENTE PARA LA VICTORIA,54.0,0.9444,0.7778
leg:b4f13ab57dac,KOENIG Marcelo Christian,diputados,Buenos Aires,1,2019-2021,2019,2021,3,35,35,1.0,1.0,0.0,0.0,35,SIN BLOQUE,2,FRENTE DE TODOS → SIN BLOQUE,31.0,0.0,0.0
leg:71625ddc4047,"KORENFELD, Beatriz Liliana",diputados,Santa Cruz,2,2007-2009; 2009-2011,2007,2011,5,379,379,0.8127,0.9123,0.0812,0.0065,306,FRENTE PARA LA VICTORIA,1,FRENTE PARA LA VICTORIA,398.0,0.1761,0.1277
leg:1ef9715cebc1,KOSINER Pablo Francisco Juan,diputados,Salta,4,2011-2013; 2013-2015; 2015-2017; 2017-2019,2011,2019,9,996,996,0.9789,0.9436,0.039,0.0174,958,JUSTICIALISTA,2,FRENTE PARA LA VICTORIA → JUSTICIALISTA,1219.0,0.0906,0.0485
leg:cf1230ea84b6,"KUNEY, Mónica Adriana",diputados,Santa Cruz,2,2001-2003; 2003-2005,2002,2005,4,312,312,0.8494,0.9019,0.0717,0.0264,258,SIN BLOQUE,2,JUSTICIALISTA → SIN BLOQUE,217.0,0.2566,0.238
leg:0588412df406,"KUNKEL, Carlos Miguel",diputados,Buenos Aires,7,2003-2005; 2005-2007; 2007-2009; 2009-2011; 2011-2013; 2013-2015; 2015-2017,2005,2017,13,1836,1836,0.805,0.9032,0.09,0.0068,1468,FRENTE PARA LA VICTORIA,2,FRENTE PARA LA VICTORIA → JUSTICIALISTA,2078.0,0.1676,0.0836
leg:89e4283b690e,"Kaehler, Ernesto Rolando",diputados,,2,1993-1995; 1995-1997,1994,1997,2,26,26,0.5,0.6154,0.3846,0.0,13,SIN BLOQUE,1,SIN BLOQUE,,,
leg:dda42d9c3240,"Kammerath, Germán Luis",diputados,,1,1993-1995,1994,1994,1,14,14,0.2143,0.3333,0.6667,0.0,3,SIN BLOQUE,1,SIN BLOQUE,,,
leg:a9083da1de7c,"Kelly, Elsa Diana Rosa",diputados,,1,1993-1995,1994,1994,1,14,14,0.7857,0.4545,0.5455,0.0,11,SIN BLOQUE,1,SIN BLOQUE,,,
leg:1a170503281f,"Kessler, Ana Raquel",diputados,,2,1993-1995; 1995-1997,1994,1997,2,26,26,0.4615,0.5833,0.3333,0.0833,11,SIN BLOQUE,1,SIN BLOQUE,,,
leg:b427e44f0dd3,"Klipauka Lewtak, Florencia",diputados,Misiones,2,2021-2023; 2023-2025,2022,2025,4,291,291,0.9107,0.4868,0.5132,0.0,265,LA LIBERTAD AVANZA,1,LA LIBERTAD AVANZA,291.0,0.0828,0.0
leg:b3769f1f76be,"Koth, Carlos",diputados,,1,1993-1995,1994,1994,1,14,14,0.6429,0.4444,0.4444,0.1111,8,SIN BLOQUE,1,SIN BLOQUE,,,
leg:434d38f63020,"L'HUILLIER, José Guillermo",diputados,San Luis,2,2001-2003; 2003-2005,2002,2005,4,312,312,0.6122,0.2565,0.6911,0.0524,181,SIN BLOQUE,3,JUSTICIALISTA → FRENTE DEL MOVIMIENTO POPULAR → SIN BLOQUE,217.0,0.4224,0.4879
leg:55b04115c8a5,LACOSTE Jorge Enrique,diputados,Entre Ríos,2,2017-2019; 2019-2021,2017,2021,5,248,248,0.9032,0.6027,0.3929,0.0045,223,UCR,1,UCR,248.0,0.1151,0.0
leg:9d43c72e18f1,"LAFALLA, Arturo Pedro",diputados,Mendoza,3,1993-1995; 1999-2001; 2001-2003,1994,2003,4,146,146,0.6027,0.7955,0.0795,0.125,77,JUSTICIALISTA,2,SIN BLOQUE → JUSTICIALISTA,106.0,0.5176,0.5056
leg:3f991f60ff29,LAGORIA Elia Nelly,diputados,Chubut,2,2013-2015; 2015-2017,2014,2017,4,511,511,0.7671,0.8495,0.0765,0.074,363,TRABAJO Y DIGNIDAD,1,TRABAJO Y DIGNIDAD,629.0,0.1017,0.1467
leg:d87a58e93c3d,"LAMBERTO, Oscar Santiago",diputados,Santa Fe,5,1993-1995; 1995-1997; 1999-2001; 2003-2005; 2005-2007,1994,2007,8,900,900,0.6556,0.8458,0.0881,0.0661,551,FRENTE PARA LA VICTORIA,3,SIN BLOQUE → JUSTICIALISTA → FRENTE PARA LA VICTORIA,677.0,0.4269,0.2406
leg:394b895ab817,"LAMISOVSKY, Arnaldo",diputados,Córdoba,2,1999-2001; 2001-2003,2001,2003,3,132,132,0.7576,0.7,0.3,0.0,100,F.F.J. AZUL Y BLANCO,4,ACCION POR LA REPUBLICA → SIN BLOQUE → F.F.J. AZUL Y BLANCO → JUSTICIALISTA,106.0,0.2973,0.2675
leg:94bf3644554b,LAMPREABE Florencia,diputados,Buenos Aires,2,2019-2021; 2021-2023,2019,2023,5,52,52,0.9615,0.96,0.04,0.0,50,FRENTE DE TODOS,1,FRENTE DE TODOS,52.0,0.0192,0.0
leg:28c5555fba0f,"LANCETA, Rubén Orfel",diputados,Buenos Aires,2,2007-2009; 2009-2011,2007,2011,5,379,379,0.7071,0.6045,0.3582,0.0373,258,UCR,1,UCR,398.0,0.2591,0.3203
leg:2969cdabe203,"LANDAU, Jorge Alberto",diputados,Buenos Aires,6,2003-2005; 2005-2007; 2007-2009; 2009-2011; 2011-2013; 2013-2015,2004,2015,12,1745,1745,0.7381,0.9099,0.0598,0.0303,1249,FRENTE PARA LA VICTORIA,3,JUSTICIALISTA → FRENTE PARA LA VICTORIA → PERONISTA FEDERAL,1987.0,0.2738,0.2424
leg:292b7f2008a7,LANDRISCINI Susana Graciela,diputados,Rio Negro,2,2019-2021; 2021-2023,2019,2023,5,52,52,0.9808,0.9608,0.0392,0.0,51,FRENTE DE TODOS,1,FRENTE DE TODOS,52.0,0.0,0.0
leg:697e6d15d718,"LANZA, José Luis",diputados,Cdad.Aut.Bs.As.,1,1999-2001,2001,2001,1,39,39,0.8974,0.5714,0.4286,0.0,35,FREPASO,2,FREPASO → SIN BLOQUE,24.0,0.2246,0.0
leg:d7e3b88dcfba,"LARREGUY, Carlos Alberto",diputados,Rio Negro,2,2001-2003; 2003-2005,2002,2005,4,312,312,0.9327,0.8832,0.11,0.0069,289,SIN BLOQUE,3,F.F.J. AZUL Y BLANCO → JUSTICIALISTA → SIN BLOQUE,217.0,0.1039,0.1466
leg:e131017cc473,LARROQUE Andrés,diputados,C.A.B.A.,5,2011-2013; 2013-2015; 2015-2017; 2017-2019; 2019-2021,2011,2020,10,1027,1027,0.8257,0.7936,0.1981,0.0083,841,FRENTE DE TODOS,2,FRENTE PARA LA VICTORIA → FRENTE DE TODOS,1250.0,0.1207,0.0348
leg:a2857ef781cb,LASPINA Luciano Andrés,diputados,Santa Fe,6,2013-2015; 2015-2017; 2017-2019; 2019-2021; 2021-2023; 2023-2025,2015,2025,11,909,909,0.835,0.6746,0.3057,0.0198,744,PRO,1,PRO,943.0,0.1604,0.1336
leg:7fa0344d8a22,LATORRE Jimena Hebe,diputados,Mendoza,2,2019-2021; 2021-2023,2019,2023,5,52,52,0.8269,0.2558,0.7209,0.0233,42,UCR,1,UCR,31.0,0.0323,0.0
leg:aa1c2a248c28,"LAURITTO, José Eduardo",diputados,Entre Ríos,2,2003-2005; 2005-2007,2005,2007,3,674,674,0.9347,0.9556,0.0413,0.0032,628,SIN BLOQUE,3,FRENTE PARA LA VICTORIA → JUSTICIALISTA → SIN BLOQUE,576.0,0.0744,0.1667
leg:15bda45dc08f,LAVAGNA Marco,diputados,C.A.B.A.,2,2015-2017; 2017-2019,2016,2019,4,520,520,0.9462,0.874,0.065,0.061,462,CONSENSO FEDERAL,2,UNIDOS POR UNA NUEVA ARGENTINA → CONSENSO FEDERAL,520.0,0.1034,0.0417
leg:f756845d8280,"LEDESMA, Julio Rubén",diputados,Buenos Aires,3,2007-2009; 2009-2011; 2011-2013,2007,2013,7,651,651,0.3948,0.6031,0.358,0.0389,247,CORRIENTE DE PENSAMIENTO FEDERAL,6,NO INTEGRA BLOQUE → UNION CELESTE Y BLANCA → UNION CELESTE Y BLANCO → FRENTE RENOVADOR → CORRIENTE PERONISTA FEDERAL → CORRIENTE DE PENSAMIENTO FEDERAL,775.0,0.15,0.2995
leg:9e58e3cb2d90,"LEGUIZAMON, Anibal Ernesto",diputados,Buenos Aires,1,2005-2007,2007,2007,1,107,107,0.486,0.75,0.0577,0.1923,42,PERONISMO PERONISTA,2,PERONISMO PERONISTA → SIN BLOQUE,92.0,0.0,
leg:499bd0e6d2fa,LEHMANN María Lucila,diputados,Santa Fe,2,2017-2019; 2019-2021,2017,2021,5,248,248,0.8306,0.5097,0.4563,0.034,199,COALICION CIVICA,1,COALICION CIVICA,248.0,0.0702,0.0
leg:f450e3fbd612,LEITO Mario,diputados,Tucumán,2,2019-2021; 2021-2023,2019,2023,5,51,51,0.9412,0.9583,0.0417,0.0,48,FRENTE DE TODOS,1,FRENTE DE TODOS,51.0,0.0588,0.0
leg:716bc199c15e,"LEMME, María Alicia",diputados,San Luis,2,2003-2005; 2005-2007,2003,2007,5,810,810,0.1481,0.5167,0.2833,0.2,96,FRENTE DEL MOVIMIENTO POPULAR,2,FRENTE DEL MOVIMIENTO POPULAR → SIN BLOQUE,636.0,0.2676,0.3182
leg:408a1e83ae23,"LEMOS, Silvia",diputados,Mendoza,3,2003-2005; 2005-2007; 2007-2009,2005,2009,5,949,949,0.5711,0.5701,0.369,0.0609,509,UCR,2,UCR → SIN BLOQUE,842.0,0.2667,0.0909
leg:488945f5f694,LENA Gabriela Mabel,diputados,Entre Ríos,2,2019-2021; 2021-2023,2019,2023,5,52,52,0.9038,0.3617,0.6383,0.0,47,UCR,1,UCR,31.0,0.129,0.0
leg:18b38656c190,"LENZ, María Beatriz",diputados,Cdad.Aut.Bs.As.,1,2007-2009,2008,2009,2,260,260,0.8038,0.9665,0.0335,0.0,209,SIN BLOQUE,2,FRENTE PARA LA VICTORIA → SIN BLOQUE,251.0,0.1933,0.0
leg:e5b92735e6fe,"LEONELLI, María Silvina",diputados,Córdoba,2,2001-2003; 2003-2005,2002,2005,4,312,312,0.8141,0.378,0.6024,0.0197,249,SIN BLOQUE,2,UCR → SIN BLOQUE,217.0,0.2734,0.4881
leg:c1f14501e078,"LERNOUD, María Teresa",diputados,Chubut,1,2001-2003,2002,2003,2,93,93,0.7527,0.5429,0.4286,0.0286,68,UCR,3,ALIANZA → UCR → SIN BLOQUE,82.0,0.3586,0.1584
leg:a4710603e46f,LEVERBERG Stella Maris,diputados,Misiones,4,2007-2009; 2009-2011; 2011-2013; 2013-2015,2007,2015,9,855,855,0.9357,0.94,0.0488,0.0112,791,FTE. RENOV. DE LA CONC. MISIONES - FPV-PJ,3,FRENTE PARA LA VICTORIA → BG JUAN B. BUSTOS → FTE. RENOV. DE LA CONC. MISIONES - FPV-PJ,1097.0,0.08,0.0707
leg:69aee46d8495,"LEYBA de MARTI, Beatriz",diputados,Córdoba,3,1999-2001; 2003-2005; 2005-2007,2001,2007,6,932,932,0.8466,0.5995,0.3714,0.0292,766,UCR,2,UCR → SIN BLOQUE,735.0,0.3301,0.0
leg:af93975cd2b3,LINARES María Virginia,diputados,Buenos Aires,4,2007-2009; 2009-2011; 2011-2013; 2013-2015,2007,2015,9,855,855,0.7392,0.6218,0.3228,0.0554,597,GEN,3,COALICION CIVICA → GEN → BLOQUE GEN,1097.0,0.1706,0.147
leg:1bb4b3f42c0e,"LINARES, María del Carmen",diputados,Chubut,1,1999-2001,2001,2001,1,39,39,0.9231,0.6111,0.2778,0.1111,32,UCR,2,SIN BLOQUE → UCR,24.0,0.1118,0.0
leg:78ee78d9cc8e,LIPOVETZKY Daniel Andrés,diputados,Buenos Aires,2,2015-2017; 2017-2019,2016,2019,4,520,520,0.9365,0.7967,0.1889,0.0144,480,PRO,1,PRO,520.0,0.0923,0.0833
leg:8f1e94a88ed8,"LISSI, Liliana",diputados,Santa Fe,1,1999-2001,2001,2001,1,39,39,0.8974,0.6,0.2857,0.1143,31,UCR,2,UCR → SIN BLOQUE,24.0,0.1924,0.25
leg:fe9da26ab17d,LITZA Mónica Edith,diputados,Buenos Aires,3,2015-2017; 2021-2023; 2023-2025,2016,2025,6,598,598,0.8779,0.8095,0.1829,0.0076,521,UNION POR LA PATRIA,2,UNIDOS POR UNA NUEVA ARGENTINA → UNION POR LA PATRIA,307.0,0.1566,0.0
leg:01d3537d1cc1,"LIX KLETT, Roberto Ignacio",diputados,Tucumán,4,1999-2001; 2001-2003; 2003-2005; 2005-2007,2001,2007,7,1025,1025,0.5024,0.5631,0.3592,0.0777,475,SIN BLOQUE,2,FUERZA REPUBLICANA → SIN BLOQUE,817.0,0.1581,0.125
leg:32079742764a,"LLAMBI, Susana Beatriz",diputados,Neuquén,1,2003-2005,2003,2005,3,219,219,0.9498,0.9423,0.0577,0.0,208,JUSTICIALISTA,2,JUSTICIALISTA → SIN BLOQUE,135.0,0.0794,0.1172
leg:756777d50a51,"LLAMOSAS, Fernando Elías",diputados,Misiones,1,1999-2001,2001,2001,1,39,39,0.4359,0.7647,0.2353,0.0,17,UCR,2,SIN BLOQUE → UCR,24.0,0.4868,0.0
leg:161df1ceeabf,"LLANO, Gabriel Joaquín",diputados,Mendoza,2,2001-2003; 2003-2005,2002,2005,4,312,312,0.484,0.3444,0.4901,0.1656,126,SIN BLOQUE,2,DEMOCRATA DE MENDOZA → SIN BLOQUE,217.0,0.0876,0.1136
leg:c34eef24308c,LLANOS Ermindo Edgardo Marcelo,diputados,Jujuy,2,2009-2011; 2011-2013,2010,2013,4,376,376,0.742,0.9068,0.086,0.0072,277,FRENTE PARA LA VICTORIA,1,FRENTE PARA LA VICTORIA,500.0,0.2419,0.1583
leg:bcbd1c81ba0d,LLANOS MASSA Ana María,diputados,Chubut,2,2015-2017; 2017-2019,2016,2019,4,520,520,0.8712,0.5695,0.4018,0.0287,440,FRENTE PARA LA VICTORIA,1,FRENTE PARA LA VICTORIA,520.0,0.1442,0.1667
leg:c67d1b111897,"LLANOS, Edith",diputados,Buenos Aires,1,2007-2009,2008,2009,2,260,260,0.9692,0.9722,0.0238,0.004,251,SIN BLOQUE,2,FRENTE PARA LA VICTORIA → SIN BLOQUE,251.0,0.034,0.0
leg:12a100126900,LLARYORA Martín Miguel,diputados,Córdoba,1,2017-2019,2017,2019,3,213,213,0.6432,0.8905,0.0949,0.0146,135,CORDOBA FEDERAL,1,CORDOBA FEDERAL,213.0,0.2394,0.1333
leg:73fc2a54ae31,"LLERA, Timoteo",diputados,Misiones,2,2007-2009; 2009-2011,2007,2011,5,379,379,0.9314,0.898,0.085,0.017,347,FRENTE PARA LA VICTORIA,1,FRENTE PARA LA VICTORIA,398.0,0.0831,0.1064
leg:654974b35538,"LOFRANO, Elsa Gladi",diputados,Chubut,1,2001-2003,2002,2003,2,90,90,0.9667,0.8391,0.1264,0.0345,84,JUSTICIALISTA,2,JUSTICIALISTA → SIN BLOQUE,79.0,0.1298,0.0411
leg:f7854d54e0c2,LOPARDO María Paula,diputados,C.A.B.A.,1,2015-2017,2016,2017,2,307,307,1.0,0.873,0.1238,0.0033,306,PRO,1,PRO,307.0,0.0072,0.0
leg:86890ff29d6e,"LOPEZ, Amelia de los Milagros",diputados,Córdoba,1,2005-2007,2006,2007,2,570,570,0.8807,0.9442,0.0498,0.006,499,SIN BLOQUE,2,FRENTE PARA LA VICTORIA → SIN BLOQUE,472.0,0.1313,0.0
leg:7a0b51a0ec65,"LOPEZ, Ernesto Segundo",diputados,San Juan,1,2007-2009,2007,2009,3,275,275,0.8655,0.9622,0.0378,0.0,238,SIN BLOQUE,2,FRENTE PARA LA VICTORIA → SIN BLOQUE,266.0,0.1373,0.0
leg:ddd43b74ac05,"LOPEZ, Juan Carlos",diputados,Buenos Aires,2,2001-2003; 2003-2005,2002,2005,4,309,309,0.712,0.5318,0.3818,0.0864,201,SIN BLOQUE,4,F.F.J. AZUL Y BLANCO → JUSTICIALISTA → SIN BLOQUE → ENCUENTRO POPULAR,214.0,0.1445,0.3008
leg:f3231b0cc458,"LOPEZ, Rafael Angel",diputados,Formosa,2,2007-2009; 2009-2011,2007,2011,5,379,379,0.6517,0.9109,0.0688,0.0202,242,FRENTE PARA LA VICTORIA,1,FRENTE PARA LA VICTORIA,398.0,0.3596,0.3404
leg:b307802620e3,"LORENZO BOROCOTO, Eduardo",diputados,Cdad.Aut.Bs.As.,3,2003-2005; 2005-2007; 2007-2009,2005,2009,5,949,949,0.5648,0.9142,0.0448,0.041,514,MOVIMIENTO INDEPENDIENTE,4,BLOQUE UNIPERSONAL → PRO → MOVIMIENTO INDEPENDIENTE → SIN BLOQUE,842.0,0.0048,0.0909
leg:eb13db06740e,"LORENZO, Antonio Arnaldo",diputados,San Luis,2,1999-2001; 2001-2003,2001,2003,3,132,132,0.4848,0.6094,0.2969,0.0938,58,UCR,2,SIN BLOQUE → UCR,106.0,0.4097,0.3187
leg:8561e534e59a,"LORGES, Juan Carlos",diputados,Buenos Aires,2,2007-2009; 2009-2011,2009,2011,3,222,222,0.3739,0.9036,0.0964,0.0,83,FRENTE PARA LA VICTORIA,1,FRENTE PARA LA VICTORIA,241.0,0.6186,0.6047
leg:d85c03e611ce,LOSPENNATO Silvia Gabriela,diputados,Buenos Aires,5,2015-2017; 2017-2019; 2019-2021; 2021-2023; 2023-2025,2016,2025,10,846,846,0.9125,0.7306,0.2565,0.013,762,PRO,1,PRO,551.0,0.0246,0.0645
leg:6c25c5f844af,LOTTO Inés Beatriz,diputados,Formosa,4,2011-2013; 2013-2015; 2015-2017; 2017-2019,2011,2019,9,996,996,0.8755,0.805,0.1881,0.0069,866,FRENTE PARA LA VICTORIA,1,FRENTE PARA LA VICTORIA,1219.0,0.0853,0.0263
leg:868304403cd4,"LOUTAIF, Julio César",diputados,Salta,1,2001-2003,2002,2003,2,93,93,0.7527,0.4714,0.4143,0.1143,62,RENOVADOR DE SALTA,2,RENOVADOR DE SALTA → SIN BLOQUE,82.0,0.1768,0.2941
leg:74c70d28f433,"LOVAGLIO SARAVIA, Antonio",diputados,Salta,2,2003-2005; 2005-2007,2003,2007,5,893,893,0.8331,0.9234,0.0685,0.0081,738,SIN BLOQUE,3,JUSTICIALISTA → SIN BLOQUE → FRENTE PARA LA VICTORIA,711.0,0.2188,0.255
leg:db327a2328c1,"LOZANO, Claudio Raúl",diputados,Cdad.Aut.Bs.As.,6,2003-2005; 2005-2007; 2007-2009; 2009-2011; 2011-2013; 2013-2015,2003,2015,13,1748,1748,0.6808,0.4933,0.3647,0.142,1021,UNIDAD POPULAR,5,EMANCIPACION Y JUSTICIA → UNIDAD POPULAR → PROYECTO SUR → BS. AS. PARA TODOS EN PROYECTO SUR → MOVIMIENTO PROYECTO SUR,1990.0,0.0752,0.151
leg:2a87f78031d2,"LOZANO, Encarnación",diputados,Neuquén,2,2001-2003; 2003-2005,2002,2005,4,312,312,0.4038,0.4365,0.4127,0.1508,107,SIN BLOQUE,2,MOVIMIENTO POPULAR NEUQUINO → SIN BLOQUE,217.0,0.1425,0.1364
leg:92cc3e922e56,"LUBERTINO, María José",diputados,Cdad.Aut.Bs.As.,1,2001-2003,2003,2003,1,34,34,0.3824,0.2308,0.7692,0.0,13,PARTIDO SOCIALISTA,2,PARTIDO SOCIALISTA → SIN BLOQUE,24.0,0.4583,1.0
leg:37f63c78db2c,"LUGO de GONZALES CABAÑAS, Cecilia",diputados,Corrientes,2,2001-2003; 2003-2005,2002,2005,4,312,312,0.7917,0.8866,0.0891,0.0243,241,SIN BLOQUE,3,F.F.J. AZUL Y BLANCO → JUSTICIALISTA → SIN BLOQUE,217.0,0.2791,0.5245
leg:914237c1cb8f,"LUNA de MARCOS, Ana Zulema",diputados,Santiago del Estero,2,2007-2009; 2009-2011,2007,2011,5,379,379,0.905,0.9038,0.0845,0.0117,339,FRENTE CIVICO POR SANTIAGO,1,FRENTE CIVICO POR SANTIAGO,398.0,0.1051,0.078
leg:731a7ef33986,"LUSQUIÑOS, Luis Bernardo",diputados,San Luis,5,1999-2001; 2003-2005; 2005-2007; 2007-2009; 2015-2017,2001,2017,8,1197,1197,0.5071,0.7479,0.1895,0.0626,569,COMPROMISO FEDERAL,5,COMPROMISO FEDERAL → JUSTICIALISTA → FRENTE DEL MOVIMIENTO POPULAR → JUSTICIALISTA NACIONAL → FRENTE JUSTICIA UNION Y LIBERTAD,1197.0,0.1762,0.0559
leg:692d3ff8efb4,"LYNCH, Juan Carlos",diputados,Cdad.Aut.Bs.As.,2,1999-2001; 2001-2003,2001,2003,3,132,132,0.6742,0.4607,0.4157,0.1236,78,DEMOCRATA DE CAPITAL FEDERAL,3,PARTIDO DEMOCRATA POR LA CAPITAL FEDERAL → SIN BLOQUE → DEMOCRATA DE CAPITAL FEDERAL,106.0,0.0425,0.0
leg:fd609ae15046,"Laciar, Susana Alicia",diputados,San Juan,1,2021-2023,2022,2023,2,17,17,0.7647,0.7692,0.2308,0.0,13,PRODUCCION Y TRABAJO,1,PRODUCCION Y TRABAJO,17.0,0.0588,0.0
leg:c65560166393,"Lafferriere, Ricardo Emilio",diputados,,1,1995-1997,1997,1997,1,12,12,0.0,,,,0,SIN BLOQUE,1,SIN BLOQUE,,,
leg:b96e240a94bf,"Lahoz, José Fernando",diputados,,2,1993-1995; 1995-1997,1994,1997,2,26,26,0.5,0.6154,0.3846,0.0,13,SIN BLOQUE,1,SIN BLOQUE,,,
leg:36fdffeb9571,"Lanesan Sancho, Moira",diputados,Santa Cruz,1,2025-2027,2025,2026,2,95,95,1.0,0.3579,0.6421,0.0,95,UNION POR LA PATRIA,1,UNION POR LA PATRIA,105.0,0.0048,0.0
leg:e566efe3db34,"Larraburu, Damaso",diputados,Buenos Aires,2,1993-1995; 1999-2001,1994,2001,2,53,53,0.7925,0.619,0.381,0.0,42,JUSTICIALISTA,2,SIN BLOQUE → JUSTICIALISTA,24.0,0.4633,0.75
leg:749c38d0a1c2,"Laumann, Andres Ariel",diputados,Entre Rios,1,2025-2027,2025,2026,2,95,95,1.0,0.8211,0.1789,0.0,95,LA LIBERTAD AVANZA,1,LA LIBERTAD AVANZA,105.0,0.0,0.0
leg:bfca9c34dc99,"Leconte, Ricardo Guillermo",diputados,,1,1993-1995,1994,1994,1,14,14,0.5,0.4286,0.5714,0.0,7,SIN BLOQUE,1,SIN BLOQUE,,,
leg:e1bf0f491428,"Ledesma, Tomas",diputados,Entre Rios,2,2021-2023; 2023-2025,2022,2025,4,291,291,0.9725,0.6572,0.3428,0.0,283,UNION POR LA PATRIA,1,UNION POR LA PATRIA,291.0,0.026,0.0426
leg:c478c2143540,"Leiva, Aldo",diputados,Chaco,4,2019-2021; 2021-2023; 2023-2025; 2025-2027,2019,2026,8,421,421,0.9454,0.608,0.3894,0.0025,397,UNION POR LA PATRIA,2,FRENTE DE TODOS → UNION POR LA PATRIA,431.0,0.0631,0.0222
leg:a185a33a3161,"Lemoine, Lilia",diputados,Buenos Aires,2,2023-2025; 2025-2027,2024,2026,3,369,369,0.878,0.5864,0.4136,0.0,324,LA LIBERTAD AVANZA,1,LA LIBERTAD AVANZA,379.0,0.106,0.0
leg:4310d60b58c0,"Lence, Héctor",diputados,,1,1995-1997,1997,1997,1,12,12,0.5,0.5,0.3333,0.1667,5,SIN BLOQUE,1,SIN BLOQUE,,,
leg:caf278359baf,"Leone, Andres",diputados,Ciudad de Buenos Aires,1,2025-2027,2025,2026,2,95,95,1.0,0.8211,0.1789,0.0,95,LA LIBERTAD AVANZA,1,LA LIBERTAD AVANZA,105.0,0.0,0.0
leg:a98074a68b0e,"Liponezky de Amavet, Sara G.",diputados,,1,1995-1997,1997,1997,1,12,12,0.8333,0.4,0.5,0.1,9,SIN BLOQUE,1,SIN BLOQUE,,,
leg:030a4c110b96,"Llancafilo, Osvaldo",diputados,Neuquen,1,2023-2025,2024,2025,2,274,274,0.8066,0.7873,0.1991,0.0136,218,MOVIMIENTO POPULAR NEUQUINO,1,MOVIMIENTO POPULAR NEUQUINO,274.0,0.0,0.0
leg:f37706f108c4,"Llano, Mercedes",diputados,Mendoza,2,2023-2025; 2025-2027,2024,2026,3,369,369,0.878,0.5864,0.4136,0.0,324,LA LIBERTAD AVANZA,1,LA LIBERTAD AVANZA,379.0,0.1087,0.0
leg:d36c4217dd6c,"Llopis, Enrique Raúl",diputados,,2,1993-1995; 1995-1997,1994,1997,2,26,26,0.3846,0.7,0.0,0.3,7,SIN BLOQUE,1,SIN BLOQUE,,,
leg:75d3f20c8037,"Lluch, Enrique",diputados,Cordoba,1,2025-2027,2025,2026,2,95,95,1.0,0.8211,0.1789,0.0,95,LA LIBERTAD AVANZA,1,LA LIBERTAD AVANZA,105.0,0.0,0.0
leg:a35a02514f3c,"Lombardi, Hernan",diputados,Buenos Aires,2,2021-2023; 2023-2025,2022,2025,4,211,211,0.8057,0.6824,0.3059,0.0118,168,PRO,1,PRO,211.0,0.1725,0.0682
leg:093f26a304c8,"Longo, Johanna Sabrina",diputados,Buenos Aires,1,2025-2027,2025,2026,2,95,95,1.0,0.8211,0.1789,0.0,95,LA LIBERTAD AVANZA,1,LA LIBERTAD AVANZA,105.0,0.0,0.0
leg:6d00c5888165,"Lopez Murphy, Ricardo Hipolito",diputados,Ciudad de Buenos Aires,2,2021-2023; 2023-2025,2022,2025,4,291,291,0.4811,0.6857,0.2071,0.1071,125,REPUBLICANOS UNIDOS,1,REPUBLICANOS UNIDOS,291.0,0.0,0.0
leg:5e69569e4df7,"Lopez Pasquali, Cecilia",diputados,Santiago del Estero,1,2025-2027,2025,2026,2,95,95,0.9895,0.3511,0.6489,0.0,94,UNION POR LA PATRIA,1,UNION POR LA PATRIA,105.0,0.0143,0.0
leg:db6564eec766,"Lopez Rodriguez, Dante",diputados,Catamarca,3,2019-2021; 2021-2023; 2023-2025,2019,2025,7,326,326,0.9141,0.7416,0.2517,0.0067,296,UNION POR LA PATRIA,2,FRENTE DE TODOS → UNION POR LA PATRIA,295.0,0.1483,0.1702
leg:208173bd70f0,"Lopez, Alcides Humberto",diputados,,1,1993-1995,1994,1994,1,14,14,0.5714,0.375,0.5,0.125,7,SIN BLOQUE,1,SIN BLOQUE,,,
leg:4d4ef95c0cdc,"Lopez, Elsa Isabel",diputados,,1,1995-1997,1997,1997,1,12,12,0.6667,0.5,0.5,0.0,8,SIN BLOQUE,1,SIN BLOQUE,,,
leg:0339a1626cd3,"Lopez, Jimena",diputados,Buenos Aires,3,2019-2021; 2021-2023; 2025-2027,2019,2026,6,139,139,0.9856,0.5547,0.4453,0.0,137,UNION POR LA PATRIA,2,FRENTE DE TODOS → UNION POR LA PATRIA,149.0,0.0168,0.0
leg:a760e5cc837d,"Lopez, José Augusto",diputados,,2,1993-1995; 1995-1997,1994,1997,2,26,26,0.6923,0.6111,0.3889,0.0,18,SIN BLOQUE,1,SIN BLOQUE,,,
leg:f0bb055f0392,"Lopez, Juan Manuel",diputados,Buenos Aires,4,2017-2019; 2019-2021; 2021-2023; 2023-2025,2017,2025,9,539,539,0.8813,0.6758,0.2905,0.0337,459,COALICION CIVICA,1,COALICION CIVICA,539.0,0.1072,0.0821
leg:5bb7f3a94e8b,"Losada, Luis Enrique",diputados,,1,1993-1995,1994,1994,1,14,14,0.4286,0.1667,0.8333,0.0,6,SIN BLOQUE,1,SIN BLOQUE,,,
leg:9be940741b69,"Luque, Juan Pablo",diputados,Chubut,1,2025-2027,2025,2026,2,95,95,0.9895,0.3617,0.6383,0.0,94,UNION POR LA PATRIA,1,UNION POR LA PATRIA,105.0,0.0143,0.0278
leg:af069032d4a8,"Lynch, Carlos Alberto",diputados,,1,1993-1995,1994,1994,1,14,14,0.2143,0.6667,0.3333,0.0,3,SIN BLOQUE,1,SIN BLOQUE,,,
leg:c4ebcc6a2296,LÓPEZ KOENIG Leandro Gastón,diputados,Neuquén,2,2015-2017; 2017-2019,2016,2019,4,520,520,0.8865,0.7874,0.2017,0.0108,456,PRO,1,PRO,520.0,0.1219,0.0833
leg:6018b03bfdd2,LÓPEZ Pablo Sebastián,diputados,Salta,2,2013-2015; 2015-2017,2014,2017,4,511,511,0.9628,0.3211,0.5061,0.1728,407,FRENTE DE IZQUIERDA,1,FRENTE DE IZQUIERDA,629.0,0.0209,0.0333
leg:d2c90e6c463f,"LÖFFLER, Ernesto Adrian",diputados,Tierra del Fuego,1,1999-2001,2001,2001,1,39,39,0.1795,0.5714,0.4286,0.0,7,MOVIMIENTO POPULAR FUEGUINO,2,SIN BLOQUE → MOVIMIENTO POPULAR FUEGUINO,24.0,0.0,0.0
leg:1ad5570f0198,MAC ALLISTER Carlos Javier,diputados,La Pampa,1,2013-2015,2014,2015,2,204,204,0.75,0.5163,0.4183,0.0654,143,PRO,1,PRO,322.0,0.2391,0.234
leg:f0d54fe55ab6,"MACALUSE, Eduardo Gabriel",diputados,Buenos Aires,6,1999-2001; 2001-2003; 2003-2005; 2005-2007; 2007-2009; 2009-2011,2001,2011,11,1404,1404,0.8761,0.5244,0.3886,0.087,1123,SI POR LA UNIDAD POPULAR,8,FREPASO → UNIDAD POPULAR → A.R.I → A.R.I AUTONOMO 8 + → SOLIDARIDAD E IGUALDAD (SI) - ARI (T.D.F) → SOLIDARIDAD E IGUALDAD (SI) - PROYECTO P → SOLIDARIDAD E IGUALDAD (SI) → SI POR LA UNIDAD POPULAR,1423.0,0.1515,0.1765
leg:dd7d4b639f12,"MACCHI, Carlos Guillermo",diputados,Corrientes,2,2003-2005; 2005-2007,2003,2007,5,893,893,0.3684,0.6322,0.3131,0.0547,311,SIN BLOQUE,2,PARTIDO NUEVO → SIN BLOQUE,711.0,0.0046,0.0682
leg:83100abc7dfa,"MACRI, Mauricio",diputados,Cdad.Aut.Bs.As.,2,2003-2005; 2005-2007,2005,2007,3,567,567,0.1746,0.5758,0.3939,0.0303,96,PRO,2,PRO → SIN BLOQUE,484.0,0.4507,0.1667
leg:8c5fe7001930,MACÍAS Oscar Alberto,diputados,Corrientes,2,2015-2017; 2017-2019,2016,2019,4,520,520,0.5923,0.8799,0.0909,0.0292,299,JUSTICIALISTA,1,JUSTICIALISTA,520.0,0.296,0.3209
leg:f4871baa5d0b,MADERA Teresita,diputados,La Rioja,2,2013-2015; 2015-2017,2014,2017,4,511,511,0.8982,0.9259,0.0523,0.0218,449,JUSTICIALISTA,2,FRENTE PARA LA VICTORIA → JUSTICIALISTA,629.0,0.1071,0.0682
leg:5138cd461085,"MAESTRO, Carlos",diputados,Chubut,1,1999-2001,2001,2001,1,39,39,0.7949,0.6129,0.3871,0.0,31,UCR,2,SIN BLOQUE → UCR,24.0,0.1535,0.0
leg:9c7b7496ce7e,"MAFFEI, Marta Olinda",diputados,Buenos Aires,2,2003-2005; 2005-2007,2003,2007,5,893,893,0.7805,0.5308,0.4118,0.0574,657,SIN BLOQUE,2,A.R.I → SIN BLOQUE,711.0,0.1895,0.0909
leg:57425377142e,MAGARIO Verónica María,diputados,Buenos Aires,1,2013-2015,2014,2015,2,204,204,0.9853,0.9801,0.0199,0.0,201,FRENTE PARA LA VICTORIA,1,FRENTE PARA LA VICTORIA,322.0,0.0124,0.0142
leg:77b996b1751a,MAJDALANI Silvia Cristina,diputados,Buenos Aires,3,2009-2011; 2011-2013; 2013-2015,2010,2015,6,580,580,0.419,0.4609,0.5021,0.037,234,PRO,2,PRO → PARTIDO BLOQUISTA DE SAN JUAN,822.0,0.2964,0.3342
leg:3bf227f5c484,MALDONADO Victor Hugo,diputados,Chaco,2,2011-2013; 2013-2015,2011,2015,5,476,476,0.4307,0.4195,0.5073,0.0732,190,UCR,1,UCR,699.0,0.3833,0.3825
leg:87cbe271d26e,"MALDONADO, Aída Francisca",diputados,Catamarca,2,2001-2003; 2003-2005,2002,2005,4,312,312,0.8013,0.448,0.508,0.044,239,SIN BLOQUE,4,ALIANZA → FRENTE CIVICO SOCIAL → SIN BLOQUE → UCR,217.0,0.2059,0.0455
leg:d695b3e90c1c,"MANSUR, Nélida Mabel",diputados,Buenos Aires,2,2003-2005; 2005-2007,2003,2007,5,893,893,0.3539,0.6487,0.2753,0.0759,292,SIN BLOQUE,3,UNIDAD FEDERALISTA → SIN BLOQUE → PARTIDO UNIDAD FEDERALISTA,711.0,0.192,0.0909
leg:74ccded7b911,"MANSUR, Ricardo Alfredo",diputados,Mendoza,1,2009-2011,2010,2011,2,104,104,0.7404,0.8961,0.1039,0.0,77,UCR,1,UCR,123.0,0.2886,0.3182
leg:f55c58c254f7,MANZI Ruben,diputados,Catamarca,2,2019-2021; 2021-2023,2019,2023,5,52,52,0.8462,0.2727,0.7273,0.0,44,COALICION CIVICA,1,COALICION CIVICA,52.0,0.1442,0.1111
leg:14a8436635de,"MANZOTTI, Mabel Gladys",diputados,Buenos Aires,1,1999-2001,2001,2001,1,39,39,0.641,0.4,0.52,0.08,23,UCR,2,UCR → SIN BLOQUE,24.0,0.3591,0.75
leg:35c683aa03e6,MAQUIEYRA Martín,diputados,La Pampa,5,2015-2017; 2017-2019; 2019-2021; 2021-2023; 2023-2025,2016,2025,10,846,846,0.9728,0.6889,0.3013,0.0097,815,PRO,1,PRO,846.0,0.0393,0.0385
leg:72239ba7e06b,"MARCO DEL PONT, Mercedes",diputados,Cdad.Aut.Bs.As.,3,2003-2005; 2005-2007; 2007-2009,2005,2007,3,689,689,0.9521,0.936,0.0473,0.0168,645,SIN BLOQUE,3,FRENTE PARA LA VICTORIA → JUSTICIALISTA → SIN BLOQUE,591.0,0.0719,0.0
leg:2573522c8b65,"MARCONATO, Gustavo Angel",diputados,Santa Fe,4,2003-2005; 2005-2007; 2007-2009; 2009-2011,2003,2011,9,1272,1272,0.8939,0.9296,0.0651,0.0053,1131,FRENTE PARA LA VICTORIA,2,JUSTICIALISTA → FRENTE PARA LA VICTORIA,1291.0,0.1158,0.0774
leg:c676ac2265f6,"MARCONETTO, Aldo Juan",diputados,Chubut,2,2003-2005; 2005-2007,2005,2006,2,290,290,0.8793,0.9804,0.0196,0.0,255,SIN BLOQUE,3,FRENTE PARA LA VICTORIA → JUSTICIALISTA → SIN BLOQUE,219.0,0.1096,0.0
leg:d34913416883,MARCOPULOS Juan Fernando,diputados,Corrientes,1,2013-2015,2014,2015,2,204,204,0.9706,0.9646,0.0354,0.0,198,FRENTE PARA LA VICTORIA,1,FRENTE PARA LA VICTORIA,322.0,0.0404,0.0355
leg:3e95a6ac7135,MARCUCCI Hugo María,diputados,Santa Fe,2,2015-2017; 2017-2019,2016,2019,4,520,520,0.9404,0.8037,0.1902,0.0061,486,UCR,1,UCR,520.0,0.0711,0.1053
leg:7c30561d0469,"MARELLI, Mabel",diputados,Misiones,1,1999-2001,2001,2001,1,39,39,0.9231,0.6389,0.3056,0.0556,34,UCR,2,SIN BLOQUE → UCR,24.0,0.1508,0.0
leg:99bb6984b41e,"MARINO, Adriana del Carmen",diputados,San Juan,3,2003-2005; 2005-2007; 2007-2009,2005,2009,5,949,949,0.3604,0.7807,0.1608,0.0585,322,FRENTE PRODUCCION Y TRABAJO,2,FRENTE PRODUCCION Y TRABAJO → SIN BLOQUE,842.0,0.0,0.0
leg:bcd98bed2e62,"MARINO, Juliana Isabel",diputados,Cdad.Aut.Bs.As.,2,2003-2005; 2005-2007,2003,2007,5,893,893,0.9048,0.8775,0.0903,0.0322,782,SIN BLOQUE,4,FUERZA PORTENA → ENCUENTRO → SIN BLOQUE → FRENTE PARA LA VICTORIA,711.0,0.1663,0.0909
leg:ab2944357f86,MARQUEZ Claudia Gabriela,diputados,Córdoba,1,2019-2021,2019,2021,3,35,35,1.0,0.8857,0.1143,0.0,35,CORDOBA FEDERAL,1,CORDOBA FEDERAL,35.0,0.0143,0.0
leg:69b4b63bb723,MARTIARENA José Luis,diputados,Jujuy,2,2017-2019; 2019-2021,2017,2021,5,248,248,0.6855,0.7824,0.1706,0.0471,162,FRENTE DE TODOS,2,JUSTICIALISTA → FRENTE DE TODOS,248.0,0.2913,0.2057
leg:6dea386b7e00,"MARTIARENA, Mario Humberto",diputados,Jujuy,2,2007-2009; 2009-2011,2007,2011,5,379,379,0.876,0.9036,0.0813,0.0151,327,PERONISMO JUJENO,2,FRENTE PARA LA VICTORIA → PERONISMO JUJENO,398.0,0.0402,0.0213
leg:fc8f64854c6a,MARTIN Juan,diputados,Santa Fe,2,2019-2021; 2021-2023,2019,2023,5,52,52,0.8654,0.3111,0.6889,0.0,45,UCR,1,UCR,52.0,0.1319,0.0
leg:33b0940597a0,"MARTIN, María Elena",diputados,Santa Fe,1,2007-2009,2007,2009,3,275,275,0.9491,0.613,0.3525,0.0345,252,SIN BLOQUE,2,PARTIDO SOCIALISTA → SIN BLOQUE,266.0,0.0748,0.0
leg:771cd485729c,"MARTINELLI, Guillermo Jesús",diputados,Salta,1,2005-2007,2007,2007,1,73,73,1.0,0.9589,0.0411,0.0,73,FRENTE PARA LA VICTORIA,2,FRENTE PARA LA VICTORIA → SIN BLOQUE,68.0,0.0,
leg:677a6e882c56,"MARTINEZ GARBINO, Emilio",diputados,Entre Ríos,5,1993-1995; 1995-1997; 2003-2005; 2005-2007; 2007-2009,1994,2009,7,975,975,0.3354,0.6483,0.2997,0.052,310,CONCERTACION ENTRERRIANA,3,SIN BLOQUE → CONCERTACION ENTRERRIANA → NUEVO ESPACIO ENTRERRIANO,842.0,0.1348,0.0909
leg:22e6f4de3dc2,"MARTINEZ LLANO, José Rodolfo",diputados,Corrientes,2,1999-2001; 2001-2003,2001,2003,2,66,66,0.0303,1.0,0.0,0.0,2,JUSTICIALISTA,2,SIN BLOQUE → JUSTICIALISTA,40.0,0.9546,1.0
leg:867d5c3cc817,"MARTINEZ LLANOS, José Rodolfo",diputados,Corrientes,2,1999-2001; 2001-2003,2001,2003,3,66,66,0.2576,0.4706,0.5294,0.0,17,JUSTICIALISTA,1,JUSTICIALISTA,66.0,0.5688,0.5179
leg:123421039019,"MARTINEZ ODDONE, Heriberto Agustín",diputados,Córdoba,2,2007-2009; 2009-2011,2007,2011,5,379,379,0.6253,0.5612,0.3629,0.0759,219,UCR,1,UCR,398.0,0.3016,0.234
leg:6c139c34b500,MARTINEZ Oscar Ariel,diputados,Santa Fe,2,2011-2013; 2013-2015,2011,2015,5,476,476,0.6239,0.835,0.138,0.0269,289,FRENTE RENOVADOR,2,FRENTE PARA LA VICTORIA → FRENTE RENOVADOR,699.0,0.2907,0.3733
leg:9218ed2ed719,"MARTINEZ RAYMONDA, Rafael",diputados,Cdad.Aut.Bs.As.,2,2001-2003; 2005-2007,2002,2007,3,232,232,0.8405,0.5487,0.3641,0.0872,178,DEMOCRATA PROGRESISTA,2,DEMOCRATA PROGRESISTA → SIN BLOQUE,200.0,0.0988,0.2794
leg:7ec91ceca179,"MARTINEZ, Carlos Alberto",diputados,Buenos Aires,2,2001-2003; 2003-2005,2002,2005,4,302,302,0.9338,0.8865,0.0709,0.0426,270,JUSTICIALISTA,2,JUSTICIALISTA → SIN BLOQUE,207.0,0.145,0.1172
leg:ccaf175bf366,"MARTINEZ, Gerardo Alberto",diputados,Buenos Aires,1,1999-2001,2001,2001,1,39,39,0.4872,0.3684,0.6316,0.0,19,JUSTICIALISTA,2,JUSTICIALISTA → SIN BLOQUE,24.0,0.7133,0.75
leg:3c19b9476d25,"MARTINEZ, Silvia Virginia",diputados,Buenos Aires,5,1993-1995; 1995-1997; 1999-2001; 2001-2003; 2003-2005,1994,2005,7,377,377,0.7374,0.8309,0.1223,0.0468,265,SIN BLOQUE,2,SIN BLOQUE → JUSTICIALISTA,241.0,0.2791,0.277
leg:ed0a431c6917,"MARTINI, Hugo",diputados,Cdad.Aut.Bs.As.,2,2003-2005; 2005-2007,2003,2007,5,893,893,0.5308,0.557,0.3333,0.1097,422,SIN BLOQUE,3,RECREAR → SIN BLOQUE → PRO,711.0,0.2293,0.0909
leg:c7c1df3ec70a,MARTÍNEZ Ana Laura,diputados,Santa Fe,1,2015-2017,2016,2017,2,307,307,0.9153,0.8861,0.1103,0.0036,280,PRO,1,PRO,307.0,0.0836,0.2222
leg:83c792c1b01d,MARTÍNEZ CAMPOS Gustavo José,diputados,Chaco,2,2013-2015; 2015-2017,2014,2017,4,511,511,0.5519,0.922,0.0674,0.0106,279,JUSTICIALISTA,2,FRENTE PARA LA VICTORIA → JUSTICIALISTA,629.0,0.3725,0.2878
leg:4290f0c6af2e,MARTÍNEZ Darío,diputados,Neuquén,3,2015-2017; 2017-2019; 2019-2021,2016,2020,5,551,551,0.7278,0.6185,0.3641,0.0175,394,FRENTE DE TODOS,2,FRENTE PARA LA VICTORIA → FRENTE DE TODOS,551.0,0.2523,0.129
leg:97cfe3c6cd18,MARTÍNEZ Maria Dolores,diputados,C.A.B.A.,2,2019-2021; 2021-2023,2019,2023,5,52,52,0.9615,0.4,0.6,0.0,50,EVOLUCION RADICAL,2,UCR → EVOLUCION RADICAL,31.0,0.0323,0.0
leg:83af7ee34a58,MARTÍNEZ Maria Rosa,diputados,Buenos Aires,2,2019-2021; 2021-2023,2019,2023,5,52,52,0.9808,0.9608,0.0392,0.0,51,FRENTE DE TODOS,1,FRENTE DE TODOS,52.0,0.0,0.0
leg:7c7a613d9e3c,MARTÍNEZ Oscar Anselmo,diputados,Tierra del Fuego,2,2013-2015; 2015-2017,2014,2017,4,511,511,0.728,0.7231,0.2634,0.0134,367,MOVIMIENTO SOLIDARIO POPULAR,1,MOVIMIENTO SOLIDARIO POPULAR,629.0,0.0,0.0
leg:c72f88f20abd,MARTÍNEZ Silvia Alejandra,diputados,Jujuy,2,2015-2017; 2017-2019,2016,2019,4,520,520,0.8942,0.7806,0.2065,0.0129,459,UCR,1,UCR,520.0,0.115,0.1053
leg:5d2e85a42ec3,MARTÍNEZ Soledad,diputados,Buenos Aires,4,2009-2011; 2011-2013; 2013-2015; 2015-2017,2010,2017,8,887,887,0.7542,0.6861,0.2885,0.0254,652,PRO,2,PRO → PARTIDO BLOQUISTA DE SAN JUAN,1129.0,0.1288,0.1948
leg:721dcff19a43,MARTÍNEZ VILLADA Leonor María,diputados,Córdoba,4,2015-2017; 2017-2019; 2019-2021; 2021-2023,2016,2023,8,572,572,0.8899,0.7387,0.2417,0.0196,499,COALICION CIVICA,1,COALICION CIVICA,572.0,0.0909,0.0303
leg:e879c9460cbf,MASIN María Lucila,diputados,Chaco,4,2015-2017; 2017-2019; 2019-2021; 2021-2023,2016,2023,8,572,572,0.8531,0.6107,0.3689,0.0205,478,FRENTE DE TODOS,2,FRENTE PARA LA VICTORIA → FRENTE DE TODOS,572.0,0.1097,0.0606
leg:1b582ef65fed,MASSA Sergio Tomás,diputados,Buenos Aires,4,2013-2015; 2015-2017; 2019-2021; 2021-2023,2014,2022,8,548,548,0.4106,0.8978,0.0889,0.0133,222,FRENTE DE TODOS,3,FRENTE DE TODOS → FRENTE RENOVADOR → UNIDOS POR UNA NUEVA ARGENTINA,629.0,0.3517,0.34
leg:fde1bf847c2b,"MASSEI, Oscar Ermelindo",diputados,Neuquén,3,2003-2005; 2005-2007; 2007-2009,2005,2008,4,817,817,0.9535,0.9281,0.0603,0.0116,770,FRENTE PARA LA VICTORIA,3,JUSTICIALISTA → FRENTE PARA LA VICTORIA → SIN BLOQUE,719.0,0.0777,0.0
leg:fe128801715e,MASSETANI Vanesa Laura,diputados,Santa Fe,4,2015-2017; 2017-2019; 2019-2021; 2021-2023,2016,2023,8,572,572,0.9038,0.8917,0.0716,0.0368,498,FRENTE DE TODOS,2,UNIDOS POR UNA NUEVA ARGENTINA → FRENTE DE TODOS,572.0,0.1223,0.0303
leg:d3c4fbf07ce5,MASSO Federico Augusto,diputados,Tucumán,1,2015-2017,2016,2017,2,307,307,0.9283,0.7439,0.2246,0.0316,276,LIBRES DEL SUR,1,LIBRES DEL SUR,307.0,0.0684,0.1111
leg:17c79731a836,MASSOT Nicolás María,diputados,Córdoba,4,2015-2017; 2017-2019; 2023-2025; 2025-2027,2016,2026,7,889,889,0.8976,0.7632,0.2168,0.0201,782,ENCUENTRO FEDERAL,2,PRO → ENCUENTRO FEDERAL,520.0,0.1198,0.125
leg:4b2f04f386db,"MASTROGIACOMO, Miguel Angel",diputados,Buenos Aires,2,1999-2001; 2001-2003,2001,2003,3,132,132,0.6742,0.6854,0.2584,0.0562,84,UCR,2,UCR → SIN BLOQUE,106.0,0.2852,0.6462
leg:2647e8da83cb,MATZEN Lorena,diputados,Rio Negro,2,2017-2019; 2019-2021,2017,2021,5,248,248,0.8347,0.7246,0.2705,0.0048,206,UCR,1,UCR,248.0,0.1756,0.2727
leg:0ef104e9a12d,"MATZKIN, Jorge Rubén",diputados,La Pampa,4,1993-1995; 1995-1997; 1999-2001; 2001-2003,1994,2002,4,83,83,0.6386,0.717,0.2642,0.0189,52,JUSTICIALISTA,2,SIN BLOQUE → JUSTICIALISTA,42.0,0.3164,0.4303
leg:c5c9b57692f9,"MAYANS, María Susana",diputados,Jujuy,1,1999-2001,2001,2001,1,39,39,0.4615,0.5556,0.4444,0.0,18,JUSTICIALISTA,2,JUSTICIALISTA → SIN BLOQUE,24.0,0.2642,0.25
leg:ed76b7494bc9,MAZURE Liliana Amalia,diputados,C.A.B.A.,2,2013-2015; 2015-2017,2014,2017,4,511,511,0.7534,0.7039,0.2909,0.0052,383,FRENTE PARA LA VICTORIA,1,FRENTE PARA LA VICTORIA,629.0,0.1863,0.1333
leg:b02a99cfba74,MAZZARELLA Susana del Valle,diputados,Córdoba,2,2009-2011; 2011-2013,2010,2013,4,376,376,0.641,0.5768,0.3734,0.0498,229,FRENTE CIVICO - CORDOBA,1,FRENTE CIVICO - CORDOBA,500.0,0.0984,0.0964
leg:e87a35f4120e,"MAZZEI, Hector Santiago",diputados,Buenos Aires,1,1999-2001,2001,2001,1,12,12,0.9167,0.6364,0.1818,0.1818,9,ALIANZA,2,ALIANZA → SIN BLOQUE,7.0,0.0,
leg:8b5273ecd99f,MEDINA Martín Nicolás,diputados,Buenos Aires,2,2017-2019; 2019-2021,2017,2021,5,248,248,0.7419,0.663,0.337,0.0,184,PRO,1,PRO,248.0,0.2565,0.3182
leg:c2ac5948b853,"MEDIZA, Heriberto Eloy",diputados,La Pampa,2,2003-2005; 2005-2007,2003,2007,5,893,893,0.8085,0.9294,0.0554,0.0152,711,SIN BLOQUE,3,JUSTICIALISTA → SIN BLOQUE → FRENTE PARA LA VICTORIA,711.0,0.2237,0.0732
leg:16ad68a2164f,"MELILLO, Fernando Cesar",diputados,Cdad.Aut.Bs.As.,2,1999-2001; 2001-2003,2001,2003,3,132,132,0.8561,0.3805,0.5133,0.1062,101,FRENTE GRANDE,3,FREPASO → SIN BLOQUE → FRENTE GRANDE,106.0,0.1938,0.0714
leg:0dc58de59adc,"MENDEZ de FERREYRA, Araceli Estela",diputados,Corrientes,3,2001-2003; 2003-2005; 2005-2007,2002,2007,6,986,986,0.8935,0.8717,0.0965,0.0318,853,SIN BLOQUE,5,ALIANZA → FREPASO → SIN BLOQUE → CONVERGENCIA → FRENTE PARA LA VICTORIA,793.0,0.1541,0.1607
leg:844b694eea93,"MENDEZ de MEDINA LAREU, Catalina",diputados,Corrientes,1,1999-2001,2001,2001,1,39,39,0.4103,0.875,0.125,0.0,16,FRENTE PARTIDO NUEVO,2,SIN BLOQUE → FRENTE PARTIDO NUEVO,24.0,0.0833,0.0
leg:9065055558c6,MENDOZA Josefina,diputados,Buenos Aires,2,2017-2019; 2019-2021,2017,2021,5,248,248,0.8427,0.6651,0.3349,0.0,209,UCR,1,UCR,248.0,0.1644,0.0455
leg:8d9a67753218,MENDOZA Mayra Soledad,diputados,Buenos Aires,4,2011-2013; 2013-2015; 2015-2017; 2017-2019,2011,2019,9,996,996,0.8002,0.7854,0.2033,0.0113,788,FRENTE PARA LA VICTORIA,1,FRENTE PARA LA VICTORIA,1219.0,0.1575,0.0757
leg:72d27541a53a,MENDOZA Sandra Marcela,diputados,Chaco,4,2009-2011; 2011-2013; 2013-2015; 2015-2017,2010,2017,8,887,887,0.6573,0.8696,0.1269,0.0034,581,FRENTE PARA LA VICTORIA,1,FRENTE PARA LA VICTORIA,1129.0,0.2857,0.2007
leg:9d2aabfe25d4,"MENEM, Eduardo Adrián",diputados,La Rioja,4,1999-2001; 2001-2003; 2003-2005; 2005-2007,2001,2007,7,1025,1025,0.3932,0.7072,0.2035,0.0893,367,SIN BLOQUE,6,JUSTICIALISTA → SIN BLOQUE → F.F.J. AZUL Y BLANCO → PERONISMO POPULAR → PERONISTA FEDERAL → JUSTICIALISTA NACIONAL,817.0,0.3565,0.1766
leg:f90a3b650e92,MENNA Gustavo,diputados,Chubut,2,2017-2019; 2019-2021,2017,2021,5,248,248,0.9798,0.6337,0.3663,0.0,243,UCR,1,UCR,248.0,0.0313,0.0
leg:caca65f3e40a,MERCADO Verónica Elizabeth,diputados,Catamarca,2,2015-2017; 2017-2019,2016,2019,4,520,520,0.7981,0.6265,0.3518,0.0217,406,FRENTE PARA LA VICTORIA,1,FRENTE PARA LA VICTORIA,520.0,0.1665,0.1667
leg:55c125d79fe2,"MERCHAN, Paula Cecilia",diputados,Córdoba,2,2007-2009; 2009-2011,2007,2011,5,379,379,0.7388,0.8214,0.1143,0.0643,262,LIBRES DEL SUR,3,ENCUENTRO POPULAR Y SOCIAL → NO INTEGRA BLOQUE → LIBRES DEL SUR,398.0,0.122,0.1489
leg:104d8745d3f5,"MERINO, Raul Guillermo",diputados,Córdoba,2,2003-2005; 2005-2007,2003,2007,5,893,893,0.9451,0.9289,0.0521,0.019,828,SIN BLOQUE,2,PARTIDO NUEVO CONTRA LA CORRUPCION → SIN BLOQUE,711.0,0.2129,0.0
leg:27c3b1cf0727,"MERLO de RUIZ, María Celestina",diputados,San Luis,1,1999-2001,2001,2001,1,39,39,0.3333,0.8462,0.1538,0.0,13,JUSTICIALISTA,2,JUSTICIALISTA → SIN BLOQUE,24.0,0.2517,0.25
leg:c191ada064a7,"MERLO, Mario Raúl",diputados,San Luis,2,2007-2009; 2009-2011,2007,2011,5,379,379,0.6306,0.682,0.2594,0.0586,225,PERONISMO FEDERAL,2,FRENTE JUSTICIA UNION Y LIBERTAD → PERONISMO FEDERAL,398.0,0.2211,0.1731
leg:0fbb3d6090e9,MESTRE Diego Matías,diputados,Córdoba,4,2013-2015; 2015-2017; 2017-2019; 2019-2021,2014,2021,8,759,759,0.8564,0.6892,0.2815,0.0292,631,UCR,1,UCR,877.0,0.1505,0.1764
leg:aec451054183,METAZA Mario Alfredo,diputados,Santa Cruz,2,2011-2013; 2013-2015,2011,2015,5,476,476,0.9832,0.9829,0.0171,0.0,468,FRENTE PARA LA VICTORIA,1,FRENTE PARA LA VICTORIA,699.0,0.023,0.0251
leg:957e79db0d37,"MEZA, Martha Elizabeth",diputados,Formosa,2,1999-2001; 2001-2003,2001,2003,3,79,79,0.3797,0.7667,0.2,0.0333,29,JUSTICIALISTA,2,JUSTICIALISTA → SIN BLOQUE,64.0,0.6035,0.4778
leg:9edaa904a9b2,"MILESI, Marta Silvia",diputados,Rio Negro,2,1999-2001; 2001-2003,2001,2003,3,132,132,0.5227,0.6957,0.2754,0.029,67,UCR,2,SIN BLOQUE → UCR,106.0,0.3889,0.6996
leg:dc267b544b8f,"MILLET, Juan Carlos",diputados,Santa Fe,2,1999-2001; 2001-2003,2001,2003,3,132,132,0.447,0.4915,0.4576,0.0508,56,UCR,2,SIN BLOQUE → UCR,106.0,0.4074,0.3187
leg:f5be5d488b30,"MINGUEZ, Juan Jesús",diputados,San Juan,2,2001-2003; 2003-2005,2002,2005,4,312,312,0.9455,0.3763,0.5864,0.0373,284,SIN BLOQUE,3,ALIANZA → UCR → SIN BLOQUE,217.0,0.1463,0.0259
leg:9deb5a8c62a6,"MIRABILE, José Arnaldo",diputados,San Luis,2,2001-2003; 2003-2005,2002,2005,4,312,312,0.3333,0.3269,0.6154,0.0577,98,SIN BLOQUE,3,JUSTICIALISTA → FRENTE DEL MOVIMIENTO POPULAR → SIN BLOQUE,217.0,0.4594,0.5504
leg:1cf51f4da2d8,MIRANDA Pedro Rubén,diputados,Mendoza,2,2015-2017; 2017-2019,2016,2019,4,520,520,0.8635,0.8976,0.0824,0.02,440,JUSTICIALISTA,1,JUSTICIALISTA,520.0,0.2092,0.4092
leg:efe091ebb9a3,"MOISES, Julio Carlos",diputados,Jujuy,1,2001-2003,2002,2003,2,93,93,0.8495,0.7342,0.2532,0.0127,78,JUSTICIALISTA,3,INTERBLOQUE ACCION POR LA REPUBLIICA → JUSTICIALISTA → SIN BLOQUE,82.0,0.2472,0.2127
leg:7b5ab7bce6cd,MOLAS Pedro Omar,diputados,Catamarca,2,2009-2011; 2011-2013,2010,2013,4,376,376,0.5931,0.5561,0.3901,0.0538,211,DEL BICENTENARIO,3,FRENTE CIVICO Y SOCIAL DE CATAMARCA → UCR → DEL BICENTENARIO,500.0,0.189,0.0311
leg:0186cb849d1e,MOLINA Karina Alejandra,diputados,La Rioja,2,2015-2017; 2017-2019,2016,2019,4,520,520,0.8269,0.8047,0.1884,0.007,427,PRO,1,PRO,520.0,0.1787,0.1667
leg:a282026b3a54,"MOLINARI ROMERO, Luis",diputados,Córdoba,2,2001-2003; 2003-2005,2002,2005,4,312,312,0.6795,0.4387,0.467,0.0943,192,SIN BLOQUE,2,UCR → SIN BLOQUE,217.0,0.3916,0.4427
leg:7bff3db8c6dd,MONALDI Osmar,diputados,Jujuy,2,2017-2019; 2019-2021,2017,2021,5,248,248,0.7903,0.5867,0.4133,0.0,196,SIN BLOQUE,2,PRO → SIN BLOQUE,244.0,0.22,0.0
leg:3b3ba623a993,"MONAYAR, Ana María Cármen",diputados,Córdoba,2,2003-2005; 2005-2007,2005,2007,3,718,718,0.883,0.9338,0.0599,0.0063,630,SIN BLOQUE,3,FRENTE PARA LA VICTORIA → JUSTICIALISTA → SIN BLOQUE,603.0,0.121,0.1982
leg:5d7bb091524d,MONFORT Marcelo Alejandro,diputados,Entre Ríos,2,2015-2017; 2017-2019,2016,2019,4,520,520,0.9231,0.7917,0.1917,0.0167,472,UCR,1,UCR,520.0,0.0921,0.1933
leg:cbcb83fef0e8,"MONGELO, José Ricardo",diputados,Chaco,4,2003-2005; 2005-2007; 2011-2013; 2013-2015,2003,2015,10,1369,1369,0.8503,0.9459,0.0344,0.0198,1141,FRENTE PARA LA VICTORIA,2,JUSTICIALISTA → FRENTE PARA LA VICTORIA,1592.0,0.1573,0.1102
leg:f6340e3ebeb9,"MONTEAGUDO, María Lucrecia",diputados,Buenos Aires,2,2001-2003; 2003-2005,2002,2005,4,312,312,0.6731,0.1905,0.7286,0.081,193,SIN BLOQUE,3,PARTIDO INTRANSIGENTE → FRENTE POLO SOCIAL → SIN BLOQUE,217.0,0.0,0.0
leg:a122eafcb12d,"MONTENEGRO, Olinda",diputados,Chaco,2,2003-2005; 2005-2007,2003,2007,5,893,893,0.6002,0.5522,0.4179,0.0299,520,SIN BLOQUE,2,UCR → SIN BLOQUE,711.0,0.2763,0.0
leg:b8cf9e27e820,"MONTI, Lucrecia Etelvina",diputados,Cdad.Aut.Bs.As.,2,2003-2005; 2005-2007,2003,2007,5,893,893,0.6327,0.9009,0.0708,0.0283,549,SIN BLOQUE,4,JUSTICIALISTA → SIN BLOQUE → PERONISTA FEDERAL → JUSTICIALISTA NACIONAL,711.0,0.3753,0.1463
leg:a2a556a5a868,"MONTOYA, Fernando Ramón",diputados,Córdoba,3,1999-2001; 2001-2003; 2003-2005,2001,2005,5,351,351,0.3362,0.3051,0.6186,0.0763,109,SIN BLOQUE,2,SIN BLOQUE → UCR,241.0,0.5821,0.7527
leg:a816e84ee65e,"MONTOYA, Jorge Luciano",diputados,Córdoba,4,2003-2005; 2005-2007; 2007-2009; 2009-2011,2003,2011,9,701,701,0.5007,0.8775,0.1111,0.0114,347,NUCLEO UNIDAD PERONISTA,5,JUSTICIALISTA → NUCLEO UNIDAD PERONISTA → FRENTE PARA LA VICTORIA → UNION PERONISTA → PERONISTA,720.0,0.3949,0.2688
leg:373417dac9f7,MONZÓ Emilio,diputados,Buenos Aires,4,2015-2017; 2017-2019; 2021-2023; 2023-2025,2016,2025,8,811,811,0.2762,0.8705,0.1116,0.0179,220,ENCUENTRO FEDERAL,2,PRO → ENCUENTRO FEDERAL,291.0,0.174,0.1003
leg:0d6fccfb74c5,MORALES Flavia,diputados,Misiones,2,2017-2019; 2019-2021,2017,2021,5,248,248,0.6815,0.8935,0.0828,0.0237,165,FRENTE DE LA CONCORDIA MISIONERO,1,FRENTE DE LA CONCORDIA MISIONERO,248.0,0.2298,0.3636
leg:8fb1bf7cc13a,MORALES GORLERI Victoria,diputados,C.A.B.A.,2,2019-2021; 2021-2023,2019,2023,5,52,52,0.8846,0.3478,0.6522,0.0,46,PRO,1,PRO,52.0,0.0769,0.0
leg:700c3f751508,MORALES Mariana Elizabet,diputados,Santiago del Estero,2,2015-2017; 2017-2019,2016,2019,4,520,520,0.7019,0.9123,0.063,0.0247,356,UNIDOS POR UNA NUEVA ARGENTINA,1,UNIDOS POR UNA NUEVA ARGENTINA,520.0,0.2505,0.4167
leg:3f2763d4ee6a,"MORALES, Nélida Beatriz",diputados,Buenos Aires,2,2001-2003; 2003-2005,2002,2005,4,312,312,0.5577,0.454,0.4655,0.0805,160,SIN BLOQUE,4,JUSTICIALISTA → PARTIDO UNIDAD FEDERALISTA → FRENTE DEL MOVIMIENTO POPULAR → SIN BLOQUE,217.0,0.3889,0.575
leg:0ef3e4465f65,"MORAN, Juan Carlos",diputados,Buenos Aires,2,2007-2009; 2009-2011,2007,2011,5,379,379,0.7256,0.5673,0.3309,0.1018,247,COALICION CIVICA,1,COALICION CIVICA,398.0,0.1933,0.1503
leg:ba6249008eeb,"MORANTE, Antonio Arnaldo María",diputados,Chaco,2,2007-2009; 2009-2011,2007,2011,5,379,379,0.8839,0.9015,0.0925,0.006,333,FRENTE PARA LA VICTORIA,1,FRENTE PARA LA VICTORIA,398.0,0.142,0.2766
leg:158492ff8163,"MORAY, Hector Luis",diputados,Corrientes,1,2001-2003,2003,2003,1,42,42,0.4524,0.9474,0.0,0.0526,18,FRENTE PARTIDO NUEVO,2,FRENTE PARTIDO NUEVO → SIN BLOQUE,32.0,0.0,0.0
leg:6d981f0bf299,MOREAU Cecilia,diputados,Buenos Aires,6,2015-2017; 2017-2019; 2019-2021; 2021-2023; 2023-2025; 2025-2027,2016,2026,11,941,941,0.8193,0.7341,0.2503,0.0156,759,UNION POR LA PATRIA,3,UNIDOS POR UNA NUEVA ARGENTINA → FRENTE DE TODOS → UNION POR LA PATRIA,936.0,0.1498,0.125
leg:37c5729c5241,"MOREAU, Leopolo Raúl",diputados,Buenos Aires,2,2001-2003; 2003-2005,2003,2005,3,175,175,0.6457,0.2832,0.6372,0.0796,104,UCR,1,UCR,175.0,0.38,0.6154
leg:608ab54bc685,"MOREJON, Manuel Amor",diputados,Chubut,2,2007-2009; 2009-2011,2007,2011,5,379,379,0.81,0.9251,0.0521,0.0228,300,PERONISTA,3,FRENTE PARA LA VICTORIA → TRABAJO Y DIGNIDAD → PERONISTA,398.0,0.2119,0.3865
leg:057ea4f4ae79,"MORENO RAMIREZ, Arturo Jorge",diputados,San Juan,1,1999-2001,2001,2001,1,39,39,0.4615,0.6667,0.2222,0.1111,16,DESARROLLO Y JUSTICIA,2,DESARROLLO Y JUSTICIA → SIN BLOQUE,24.0,0.0,0.0
leg:4007c56ed09a,"MORENO, Carlos Julio",diputados,Buenos Aires,7,2003-2005; 2005-2007; 2007-2009; 2009-2011; 2011-2013; 2013-2015; 2015-2017,2005,2017,13,1836,1836,0.8682,0.8745,0.1129,0.0125,1574,FRENTE PARA LA VICTORIA,2,FRENTE PARA LA VICTORIA → JUSTICIALISTA,2078.0,0.1246,0.1118
leg:9676f860d29f,MORETTI Jose,diputados,La Rioja,1,2017-2019,2019,2019,1,45,45,0.9778,0.9091,0.0455,0.0455,42,UNIDOS POR UNA NUEVA ARGENTINA,1,UNIDOS POR UNA NUEVA ARGENTINA,45.0,0.213,0.0
leg:181961ef3046,"MORGADO, Claudio Marcelo",diputados,Cdad.Aut.Bs.As.,2,2005-2007; 2007-2009,2007,2009,3,348,348,0.9224,0.9097,0.0467,0.0436,307,SIN BLOQUE,3,FRENTE PARA LA VICTORIA → SIN BLOQUE → PARTIDO DE LA CONCERTACION - FORJA,334.0,0.1497,0.0
leg:1ff28f51cb59,"MORINI, Pedro Juan",diputados,Santa Fe,3,2003-2005; 2005-2007; 2007-2009,2005,2009,5,949,949,0.7987,0.6755,0.2955,0.029,736,UCR,3,FRENTE PROG. CIVICO Y SOCIAL → UCR → SIN BLOQUE,842.0,0.2933,0.0909
leg:399f9c3f09a8,MOSQUEDA Juan,diputados,Chaco,2,2017-2019; 2019-2021,2017,2021,5,248,248,0.4516,0.9107,0.0804,0.0089,111,FRENTE DE TODOS,2,JUSTICIALISTA → FRENTE DE TODOS,248.0,0.3846,0.5287
leg:183974b93170,"MOSSO, Ana Maria",diputados,Mendoza,1,1999-2001,2001,2001,1,39,39,0.5128,0.6,0.3,0.1,18,JUSTICIALISTA,2,JUSTICIALISTA → SIN BLOQUE,24.0,0.3475,0.0
leg:18134a1596df,MOUILLERON Roberto Mario,diputados,Buenos Aires,2,2009-2011; 2011-2013,2010,2013,4,376,376,0.8138,0.6961,0.2516,0.0523,290,UNION PERONISTA,4,FRENTE RENOVADOR → PERONISMO FEDERAL → COALICION CIVICA → UNION PERONISTA,500.0,0.2201,0.3786
leg:d8237500bc74,MOUNIER Patricia Monica,diputados,Santa Fe,1,2019-2021,2019,2021,3,35,35,1.0,1.0,0.0,0.0,35,SIN BLOQUE,2,FRENTE DE TODOS → SIN BLOQUE,31.0,0.0,0.0
leg:b4d0fe8bf310,"MOURIÑO, Javier",diputados,Cdad.Aut.Bs.As.,1,1999-2001,2001,2001,1,39,39,0.4872,0.6842,0.3158,0.0,19,JUSTICIALISTA,2,JUSTICIALISTA → SIN BLOQUE,24.0,0.3892,0.25
leg:f2acffe84571,MOYANO Juan Facundo,diputados,Buenos Aires,5,2011-2013; 2013-2015; 2015-2017; 2017-2019; 2019-2021,2011,2021,11,1031,1031,0.7061,0.8091,0.1676,0.0234,711,FRENTE DE TODOS,6,"FRENTE PARA LA VICTORIA → FRENTE DE TODOS → CULTURA, EDUCACION Y TRABAJO → FRENTE RENOVADOR → UNIDOS POR UNA NUEVA ARGENTINA → RED POR ARGENTINA",1254.0,0.3219,0.3449
leg:bfb184674bc4,"MUKDISE, Miguel Roberto Daives",diputados,Santiago del Estero,2,1999-2001; 2001-2003,2001,2003,3,132,132,0.7121,0.6277,0.3404,0.0319,91,UCR,2,SIN BLOQUE → UCR,106.0,0.2778,0.4615
leg:85f2a20beb04,MULLER Edgar Raúl,diputados,Córdoba,2,2011-2013; 2013-2015,2011,2015,5,476,476,0.3824,0.511,0.4286,0.0604,171,COMPROMISO FEDERAL,2,COMPROMISO FEDERAL → FRENTE PERONISTA,699.0,0.3014,0.2937
leg:934f4bbca337,"MUSA, Laura Cristina",diputados,Cdad.Aut.Bs.As.,2,2001-2003; 2003-2005,2002,2005,4,217,217,0.5991,0.2538,0.5923,0.1538,110,A.R.I,1,A.R.I,217.0,0.2084,0.3182
leg:4a430e3f550c,MUÑOZ Rosa Rosario,diputados,Chubut,2,2017-2019; 2019-2021,2017,2021,5,248,248,0.8952,0.8333,0.1126,0.0541,210,FRENTE DE TODOS,2,TRABAJO Y DIGNIDAD → FRENTE DE TODOS,248.0,0.0,0.0
leg:12bfb8d26b6d,"Macedo, Horacio Antonio",diputados,,2,1993-1995; 1995-1997,1994,1997,2,26,26,0.6923,0.5556,0.2222,0.2222,14,SIN BLOQUE,1,SIN BLOQUE,,,
leg:4d01d457a063,"Macha, Monica",diputados,Buenos Aires,4,2017-2019; 2019-2021; 2021-2023; 2023-2025,2017,2025,9,539,539,0.9462,0.6765,0.3137,0.0098,505,UNION POR LA PATRIA,3,FRENTE PARA LA VICTORIA → FRENTE DE TODOS → UNION POR LA PATRIA,539.0,0.0469,0.0
leg:daa62cdf8b9e,"Machado, Oscar Alfredo",diputados,,2,1993-1995; 1995-1997,1994,1997,2,26,26,0.5385,0.4286,0.4286,0.1429,12,SIN BLOQUE,1,SIN BLOQUE,,,
leg:6d291c9584ee,"Macyszyn, Lorena",diputados,Buenos Aires,2,2023-2025; 2025-2027,2024,2026,3,369,369,0.9675,0.5686,0.4314,0.0,357,LA LIBERTAD AVANZA,1,LA LIBERTAD AVANZA,379.0,0.037,0.0741
leg:d357e0d56e33,"Maidana, Elsa H.",diputados,,1,1993-1995,1994,1994,1,14,14,0.7143,0.8,0.1,0.1,9,SIN BLOQUE,1,SIN BLOQUE,,,
leg:d594173a806c,"Manes, Facundo",diputados,Buenos Aires,2,2021-2023; 2023-2025,2022,2025,4,291,291,0.811,0.7119,0.2712,0.0169,232,DEMOCRACIA PARA SIEMPRE,1,DEMOCRACIA PARA SIEMPRE,291.0,0.2961,0.6123
leg:4529ece98a39,"Manfredotti, Carlos",diputados,,1,1993-1995,1994,1994,1,14,14,0.7143,0.8,0.2,0.0,10,SIN BLOQUE,1,SIN BLOQUE,,,
leg:7d771e519824,"Mango, Marcelo",diputados,Rio Negro,1,2025-2027,2025,2026,2,95,95,1.0,0.3474,0.6526,0.0,95,UNION POR LA PATRIA,1,UNION POR LA PATRIA,105.0,0.0151,0.0
leg:8db44c340d4f,"Manrique, Mario",diputados,Buenos Aires,2,2023-2025; 2025-2027,2024,2026,3,369,369,0.935,0.5681,0.4319,0.0,345,UNION POR LA PATRIA,1,UNION POR LA PATRIA,379.0,0.0672,0.037
leg:28783fc65416,"Maqueda, Juan Carlos",diputados,,2,1993-1995; 1995-1997,1994,1997,2,26,26,0.7692,0.55,0.45,0.0,20,SIN BLOQUE,1,SIN BLOQUE,,,
leg:3fe7aaa54cdf,"Marclay, Marianela",diputados,Entre Rios,1,2025-2027,2025,2026,2,95,95,0.8421,0.2875,0.7125,0.0,80,UNION POR LA PATRIA,1,UNION POR LA PATRIA,105.0,0.1571,0.0
leg:51e7c848183e,"Marcolli, Miguel",diputados,,1,1993-1995,1994,1994,1,14,14,0.1429,1.0,0.0,0.0,2,SIN BLOQUE,1,SIN BLOQUE,,,
leg:83117d98956f,"Marcos, Ricardo Ernesto",diputados,,1,1993-1995,1994,1994,1,14,14,0.5714,0.5,0.5,0.0,8,SIN BLOQUE,1,SIN BLOQUE,,,
leg:ddd755a946f3,"Marin, Varinia Lis",diputados,La Pampa,3,2021-2023; 2023-2025; 2025-2027,2022,2026,5,386,386,0.9922,0.5875,0.4099,0.0026,382,UNION POR LA PATRIA,1,UNION POR LA PATRIA,396.0,0.0055,0.0
leg:24c1d56ef333,"Marino, Juan",diputados,Buenos Aires,3,2021-2023; 2023-2025; 2025-2027,2022,2026,5,384,384,0.9948,0.5759,0.4241,0.0,382,UNION POR LA PATRIA,2,FRENTE DE TODOS → UNION POR LA PATRIA,394.0,0.0131,0.0
leg:560845af842c,"Martinez Zuccardi, Manuel A.",diputados,,1,1995-1997,1997,1997,1,12,12,0.5,0.6667,0.3333,0.0,6,SIN BLOQUE,1,SIN BLOQUE,,,
leg:1c7f02fe5766,"Martinez, Alvaro",diputados,Mendoza,3,2021-2023; 2023-2025; 2025-2027,2022,2026,5,386,386,0.9715,0.5733,0.4267,0.0,375,LA LIBERTAD AVANZA,1,LA LIBERTAD AVANZA,396.0,0.0203,0.0361
leg:33876395e9f9,"Martinez, Esteban",diputados,,2,1993-1995; 1995-1997,1994,1997,2,26,26,0.4231,0.4545,0.5455,0.0,11,SIN BLOQUE,1,SIN BLOQUE,,,
leg:cf2221c8a98d,"Martinez, German Pedro",diputados,Santa Fe,4,2019-2021; 2021-2023; 2023-2025; 2025-2027,2019,2026,8,421,421,0.9834,0.6232,0.3744,0.0024,413,UNION POR LA PATRIA,2,FRENTE DE TODOS → UNION POR LA PATRIA,431.0,0.0167,0.0222
leg:0e3478c64e77,"Martinez, Manuel Luis",diputados,Buenos Aires,3,1993-1995; 1995-1997; 1999-2001,1994,2001,3,65,65,0.6462,0.6667,0.2857,0.0476,40,UCR,2,SIN BLOQUE → UCR,24.0,0.3207,0.0
leg:3ad1f3c963e5,"Marziotta, Gisela",diputados,Ciudad de Buenos Aires,3,2019-2021; 2021-2023; 2023-2025,2020,2025,6,299,299,0.8261,0.6478,0.3482,0.004,246,UNION POR LA PATRIA,2,FRENTE DE TODOS → UNION POR LA PATRIA,295.0,0.1718,0.0851
leg:5ebc1a1ce47b,"Mastaler, Magali",diputados,Santa Fe,2,2021-2023; 2023-2025,2022,2025,4,291,291,0.9691,0.656,0.344,0.0,282,UNION POR LA PATRIA,1,UNION POR LA PATRIA,291.0,0.0294,0.0213
leg:abc72879eb65,"Mathov, Enrique José",diputados,,2,1993-1995; 1995-1997,1994,1997,2,26,26,0.3846,0.5,0.5,0.0,10,SIN BLOQUE,1,SIN BLOQUE,,,
leg:dd2579d5bd51,"Matzkin, Martin",diputados,,1,2025-2027,2026,2026,1,13,13,1.0,0.6923,0.3077,0.0,13,SIN BLOQUE,1,SIN BLOQUE,,,
leg:8d3d6a481d9d,"Maureira, Karina",diputados,Neuquen,1,2025-2027,2025,2026,2,95,95,1.0,0.8105,0.1789,0.0105,94,LA NEUQUINIDAD,1,LA NEUQUINIDAD,105.0,0.0,0.0
leg:45fcc56f59db,"Maurette, Fernando Wenceslao",diputados,,1,1995-1997,1997,1997,1,12,12,1.0,0.5,0.5,0.0,12,SIN BLOQUE,1,SIN BLOQUE,,,
leg:4a50266b5e7f,"Mayoraz, Nicolas",diputados,Santa Fe,2,2023-2025; 2025-2027,2024,2026,3,369,369,0.981,0.5608,0.4392,0.0,362,LA LIBERTAD AVANZA,1,LA LIBERTAD AVANZA,379.0,0.0185,0.0123
leg:a3840e007215,"Medina, Gladys",diputados,Tucuman,4,2017-2019; 2019-2021; 2023-2025; 2025-2027,2017,2026,8,617,617,0.7326,0.8628,0.1283,0.0088,448,INDEPENDENCIA,3,JUSTICIALISTA POR TUCUMAN → FRENTE DE TODOS → INDEPENDENCIA,627.0,0.0997,0.0356
leg:dafbc47f2605,"Melogno, Elsa",diputados,,1,1995-1997,1997,1997,1,12,12,0.8333,0.5,0.5,0.0,10,SIN BLOQUE,1,SIN BLOQUE,,,
leg:8f0fc1386b04,"Mendoza, Claudio Ramiro",diputados,,1,1993-1995,1994,1994,1,14,14,0.6429,0.7778,0.2222,0.0,9,SIN BLOQUE,1,SIN BLOQUE,,,
leg:cf2bd37590cd,"Mendoza, Martín",diputados,,1,1993-1995,1994,1994,1,14,14,0.7143,0.6,0.4,0.0,10,SIN BLOQUE,1,SIN BLOQUE,,,
leg:dd3cb05d9312,"Meneghini, Javier Revnaldo",diputados,,1,1993-1995,1994,1994,1,14,14,0.4286,0.3333,0.6667,0.0,6,SIN BLOQUE,1,SIN BLOQUE,,,
leg:4e4c62d3e980,"Menem, Carlos Omar",diputados,,2,1993-1995; 1995-1997,1994,1997,2,26,26,0.7692,0.7,0.3,0.0,20,SIN BLOQUE,1,SIN BLOQUE,,,
leg:c38fac7d0c92,"Menem, Martin",diputados,La Rioja,2,2023-2025; 2025-2027,2024,2026,3,369,369,0.0434,0.125,0.875,0.0,16,LA LIBERTAD AVANZA,1,LA LIBERTAD AVANZA,10.0,0.8,1.0
leg:9dad2ede0583,"Mercader, Martha Evelina",diputados,,2,1993-1995; 1995-1997,1994,1997,2,26,26,0.8077,0.619,0.3333,0.0476,20,SIN BLOQUE,1,SIN BLOQUE,,,
leg:7ded946532d6,"Mercado Luna, Ricardo Gastón",diputados,,2,1993-1995; 1995-1997,1994,1997,2,26,26,0.5769,0.5333,0.4667,0.0,15,SIN BLOQUE,1,SIN BLOQUE,,,
leg:8dedd7695add,"Metral Asensio, Julieta",diputados,Mendoza,1,2025-2027,2025,2026,2,95,95,1.0,0.8211,0.1789,0.0,95,LA LIBERTAD AVANZA,1,LA LIBERTAD AVANZA,105.0,0.019,0.0
leg:bcd2e453602e,"Michel, Guillermo",diputados,Entre Rios,1,2025-2027,2025,2026,2,95,95,0.9789,0.3548,0.6452,0.0,93,UNION POR LA PATRIA,1,UNION POR LA PATRIA,105.0,0.0524,0.0
leg:3238f4bbf845,"Michelli, Marco Aurelio",diputados,,1,1993-1995,1994,1994,1,14,14,0.7857,0.8182,0.1818,0.0,11,SIN BLOQUE,1,SIN BLOQUE,,,
leg:7c96dfa6b6d6,"Michitte, Salomón Antonio",diputados,,1,1993-1995,1994,1994,1,14,14,0.6429,0.6667,0.2222,0.1111,8,SIN BLOQUE,1,SIN BLOQUE,,,
leg:0b3403b88966,"Migliozzi, Julio Alberto",diputados,,2,1993-1995; 1995-1997,1994,1997,2,26,26,0.7692,0.65,0.25,0.1,18,SIN BLOQUE,1,SIN BLOQUE,,,
leg:79a778504774,"Milei, Javier Gerardo",diputados,Ciudad de Buenos Aires,1,2021-2023,2022,2023,2,17,17,0.7059,0.3333,0.6667,0.0,12,LA LIBERTAD AVANZA,1,LA LIBERTAD AVANZA,17.0,0.4706,0.0
leg:a8416be62df4,"Milman, Gerardo",diputados,Buenos Aires,4,2009-2011; 2011-2013; 2021-2023; 2023-2025,2010,2025,8,667,667,0.7466,0.5823,0.3876,0.0301,483,PRO,2,GEN → PRO,468.0,0.126,0.1272
leg:75abeeae71be,"Miralles de Romero, Norma",diputados,Neuquén,3,1993-1995; 1995-1997; 1999-2001,1994,2001,3,65,65,0.5846,0.6316,0.3684,0.0,38,JUSTICIALISTA,2,SIN BLOQUE → JUSTICIALISTA,24.0,0.4308,0.0
leg:7e7d740bfbac,"Miño, Fernanda",diputados,Buenos Aires,1,2025-2027,2025,2026,2,95,95,0.9895,0.3298,0.6702,0.0,94,UNION POR LA PATRIA,1,UNION POR LA PATRIA,105.0,0.0342,0.0
leg:81a7eb25428e,"Molardo, Elvio Francisco",diputados,,1,1993-1995,1994,1994,1,14,14,0.5,0.7143,0.2857,0.0,7,SIN BLOQUE,1,SIN BLOQUE,,,
leg:c86b981cae5c,"Molina, Juan Carlos",diputados,Santa Cruz,1,2025-2027,2025,2026,2,95,95,0.9895,0.3404,0.6596,0.0,94,UNION POR LA PATRIA,1,UNION POR LA PATRIA,105.0,0.0246,0.0
leg:5d05a70d88bd,"Molinas, Ricardo Francisco",diputados,,1,1993-1995,1994,1994,1,14,14,0.4286,0.8333,0.1667,0.0,6,SIN BLOQUE,1,SIN BLOQUE,,,
leg:87af06dac9fc,"Molinuevo, Soledad",diputados,Tucuman,1,2025-2027,2025,2026,2,95,95,1.0,0.8211,0.1789,0.0,95,LA LIBERTAD AVANZA,1,LA LIBERTAD AVANZA,105.0,0.019,0.0
leg:6701da892019,"Molle, Matias",diputados,Buenos Aires,2,2023-2025; 2025-2027,2024,2026,3,369,369,0.981,0.5718,0.4282,0.0,362,UNION POR LA PATRIA,1,UNION POR LA PATRIA,379.0,0.0268,0.0
leg:ab2a2860e486,"Mondaca, Soledad",diputados,Neuquen,1,2025-2027,2025,2026,2,95,95,1.0,0.8211,0.1789,0.0,95,LA LIBERTAD AVANZA,1,LA LIBERTAD AVANZA,105.0,0.019,0.0
leg:3239f3202588,"Mondelo, Lidia Elizabeth",diputados,,1,1995-1997,1997,1997,1,12,12,0.9167,0.3636,0.5455,0.0909,10,SIN BLOQUE,1,SIN BLOQUE,,,
leg:9bbad2b47e5d,"Mondino, Eduardo René",diputados,,1,1995-1997,1997,1997,1,12,12,0.5833,0.2857,0.4286,0.2857,5,SIN BLOQUE,1,SIN BLOQUE,,,
leg:e881e3ffa748,"Monguillot, Fernando",diputados,Catamarca,1,2025-2027,2025,2026,2,95,95,0.9895,0.5638,0.4043,0.0319,91,ELIJO CATAMARCA,1,ELIJO CATAMARCA,105.0,0.0,0.0
leg:beeeae672df1,"Montenegro, Guillermo",diputados,Buenos Aires,3,2017-2019; 2023-2025; 2025-2027,2017,2026,6,582,582,0.8058,0.6525,0.3475,0.0,469,LA LIBERTAD AVANZA,2,PRO → LA LIBERTAD AVANZA,379.0,0.1324,0.0
leg:b6b68fda0cbf,"Montenegro, Juan Pablo",diputados,Santa Fe,1,2025-2027,2025,2026,2,95,95,1.0,0.8211,0.1789,0.0,95,LA LIBERTAD AVANZA,1,LA LIBERTAD AVANZA,105.0,0.0,0.0
leg:3687d85bb436,"Monti, Francisco",diputados,Catamarca,2,2021-2023; 2023-2025,2022,2025,4,291,291,0.8935,0.6038,0.3654,0.0308,252,LIGA DEL INTERIOR ELI,1,LIGA DEL INTERIOR ELI,291.0,0.1375,0.0638
leg:4d448848df74,"Montiel, Sergio Alberto",diputados,,2,1993-1995; 1995-1997,1994,1997,2,26,26,0.5385,0.6429,0.3571,0.0,14,SIN BLOQUE,1,SIN BLOQUE,,,
leg:383987f085d3,"Montoto, Maria Luisa",diputados,Santiago del Estero,3,2019-2021; 2021-2023; 2023-2025,2019,2025,7,326,326,0.9877,0.705,0.295,0.0,322,UNION POR LA PATRIA,2,FRENTE DE TODOS → UNION POR LA PATRIA,326.0,0.0115,0.0
leg:33c061946694,"Monzon, Roxana",diputados,Buenos Aires,2,2023-2025; 2025-2027,2024,2026,3,369,369,0.9593,0.5621,0.4379,0.0,354,UNION POR LA PATRIA,1,UNION POR LA PATRIA,379.0,0.0487,0.0
leg:d53ab23e0c9a,"Moran, Micaela",diputados,Buenos Aires,2,2021-2023; 2023-2025,2022,2025,4,288,288,0.9861,0.669,0.331,0.0,284,UNION POR LA PATRIA,1,UNION POR LA PATRIA,288.0,0.013,0.0
leg:0e1f63100fe0,"Morchio, Francisco",diputados,Entre Rios,2,2023-2025; 2025-2027,2024,2026,3,369,369,0.8401,0.7806,0.1968,0.0226,303,LA LIBERTAD AVANZA,1,LA LIBERTAD AVANZA,379.0,0.3099,0.1358
leg:b794ed2d3645,"Moreau, Leopoldo",diputados,Buenos Aires,7,1993-1995; 2001-2003; 2003-2005; 2017-2019; 2019-2021; 2021-2023; 2023-2025,1994,2025,14,690,690,0.7536,0.6596,0.3192,0.0212,509,SIN BLOQUE,5,SIN BLOQUE → ALIANZA → UCR → FRENTE PARA LA VICTORIA → FRENTE DE TODOS,,,
leg:571b514b0747,"Morello, Emilio Pedro",diputados,,2,1993-1995; 1995-1997,1994,1997,2,26,26,0.2692,0.2857,0.7143,0.0,7,SIN BLOQUE,1,SIN BLOQUE,,,
leg:5b41e3f21b08,"Moreno Ovalle, Julio",diputados,Salta,2,2023-2025; 2025-2027,2024,2026,3,369,369,0.9729,0.5571,0.4429,0.0,359,LA LIBERTAD AVANZA,1,LA LIBERTAD AVANZA,379.0,0.0273,0.0247
leg:fbc9b765a1ee,"Moreno, Maria de los Angeles",diputados,San Juan,1,2023-2025,2024,2025,2,274,274,0.5876,0.6708,0.323,0.0062,160,PRODUCCION Y TRABAJO,1,PRODUCCION Y TRABAJO,274.0,0.177,0.0889
leg:8ed1c1afcaa9,"Mossello de Benzo, María",diputados,,1,1995-1997,1997,1997,1,12,12,0.9167,0.4545,0.3636,0.1818,9,SIN BLOQUE,1,SIN BLOQUE,,,
leg:89ed6ae00597,"Mothe, Felix Arturo",diputados,,1,1995-1997,1997,1997,1,12,12,0.3333,1.0,0.0,0.0,4,SIN BLOQUE,1,SIN BLOQUE,,,
leg:7b7511f27f72,"Moyano, Hugo Antonio",diputados,Buenos Aires,1,2025-2027,2025,2026,2,95,95,1.0,0.3474,0.6526,0.0,95,UNION POR LA PATRIA,1,UNION POR LA PATRIA,105.0,0.0342,0.0
leg:94e25257c0cd,"Moyano, Nilda",diputados,Santiago del Estero,2,2021-2023; 2023-2025,2022,2025,4,291,291,0.9656,0.6726,0.3274,0.0,281,UNION POR LA PATRIA,1,UNION POR LA PATRIA,291.0,0.0335,0.0638
leg:902c80d1f685,"Mraida, Gabriel Sebastian",diputados,Buenos Aires,1,2021-2023,2023,2023,1,3,3,0.6667,0.5,0.5,0.0,2,PRO,1,PRO,3.0,0.6667,
leg:931aaf92627a,"Mukdise, Jorge",diputados,Santiago del Estero,1,2025-2027,2025,2026,2,95,95,0.9895,0.3511,0.6489,0.0,94,UNION POR LA PATRIA,1,UNION POR LA PATRIA,105.0,0.0143,0.0
leg:c1b53945323b,"Muniagurria, Marcelo Julio",diputados,,1,1993-1995,1994,1994,1,14,14,0.6429,0.8889,0.1111,0.0,9,SIN BLOQUE,1,SIN BLOQUE,,,
leg:ca06e2314e5e,"Muriel, Nestor Jorge",diputados,,2,1993-1995; 1995-1997,1994,1997,2,26,26,0.1923,0.2,0.6,0.2,4,SIN BLOQUE,1,SIN BLOQUE,,,
leg:3c0ed77376d2,"Mussa, Laura Cristina",diputados,,3,1995-1997; 2001-2003; 2003-2005,1997,2005,4,107,107,0.5981,0.1875,0.7188,0.0938,58,SIN BLOQUE,1,SIN BLOQUE,,,
leg:bda689b86763,"Muñoz, Gabriela Luciana",diputados,Neuquen,1,2025-2027,2025,2026,2,95,95,1.0,0.8211,0.1789,0.0,95,LA LIBERTAD AVANZA,1,LA LIBERTAD AVANZA,105.0,0.019,0.0
leg:3b97f54bb259,"Muñoz, Marcelo Bernardo",diputados,,1,1993-1995,1994,1994,1,14,14,0.5,0.2857,0.7143,0.0,7,SIN BLOQUE,1,SIN BLOQUE,,,
leg:230cdd6f238d,"NAIM, Lidia Lucía",diputados,Buenos Aires,2,2005-2007; 2007-2009,2006,2009,4,705,705,0.5887,0.6795,0.2578,0.0627,389,SOLIDARIDAD E IGUALDAD (SI),6,A.R.I → SIN BLOQUE → A.R.I AUTONOMO 8 + → SOLIDARIDAD E IGUALDAD (SI) - ARI (T.D.F) → SOLIDARIDAD E IGUALDAD (SI) - PROYECTO P → SOLIDARIDAD E IGUALDAD (SI),655.0,0.3477,0.2857
leg:d566d697de01,NAJUL Claudia Inés,diputados,Mendoza,2,2017-2019; 2019-2021,2017,2021,5,248,248,0.9798,0.6337,0.358,0.0082,241,SIN BLOQUE,2,UCR → SIN BLOQUE,244.0,0.0391,0.0455
leg:3f52f6dff89d,NANNI Miguel,diputados,Salta,4,2015-2017; 2017-2019; 2019-2021; 2021-2023,2016,2023,8,572,572,0.8444,0.7909,0.2029,0.0062,480,UCR,1,UCR,572.0,0.17,0.2584
leg:cd249d0a4801,"NARDELLI, Santiago",diputados,Buenos Aires,1,2007-2009,2007,2007,1,8,8,0.0,,,,0,NO INTEGRA BLOQUE,1,NO INTEGRA BLOQUE,8.0,0.0,
leg:f5408eaa4296,"NARDUCCI, Alicia Isabel",diputados,Córdoba,2,2001-2003; 2003-2005,2002,2005,4,312,312,0.7981,0.8996,0.0964,0.004,248,SIN BLOQUE,2,JUSTICIALISTA → SIN BLOQUE,217.0,0.2407,0.3744
leg:d21e1cbd7bd5,"NATALE, Alberto Adolfo",diputados,Santa Fe,5,1993-1995; 1995-1997; 1999-2001; 2001-2003; 2003-2005,1994,2005,7,375,375,0.6773,0.311,0.4646,0.2244,197,SIN BLOQUE,2,SIN BLOQUE → DEMOCRATA PROGRESISTA,239.0,0.0467,0.0625
leg:7c65ff05f7e6,NAVARRO Graciela,diputados,Santiago del Estero,6,2011-2013; 2013-2015; 2015-2017; 2017-2019; 2019-2021; 2021-2023,2011,2023,13,1048,1048,0.751,0.939,0.0559,0.0051,783,FRENTE DE TODOS,2,FRENTE CIVICO POR SANTIAGO → FRENTE DE TODOS,1271.0,0.172,0.0898
leg:dea7c524833a,NAZARIO Adriana Mónica,diputados,Córdoba,2,2015-2017; 2017-2019,2016,2019,4,520,520,0.6808,0.8898,0.0734,0.0367,341,CORDOBA FEDERAL,3,UNIDOS POR UNA NUEVA ARGENTINA → CORDOBA TRABAJO Y PRODUCCION → CORDOBA FEDERAL,520.0,0.1943,0.1667
leg:f339c88edef0,NEBREDA Carmen Rosa,diputados,Córdoba,2,2009-2011; 2011-2013,2010,2013,4,376,376,0.9202,0.9104,0.0809,0.0087,343,FRENTE PARA LA VICTORIA,1,FRENTE PARA LA VICTORIA,500.0,0.1086,0.1236
leg:ebf52dbd99eb,NEGRI Mario Raúl,diputados,Córdoba,11,1993-1995; 1995-1997; 1999-2001; 2003-2005; 2005-2007; 2011-2013; 2013-2015; 2015-2017; 2017-2019; 2019-2021; 2021-2023,1994,2023,21,2006,2006,0.6067,0.585,0.364,0.0509,1155,UCR,1,UCR,2229.0,0.2159,0.2006
leg:b2de137996d9,"NEME-SCHEIJ, Alfredo",diputados,Tucumán,1,1999-2001,2001,2001,1,39,39,0.4872,0.8421,0.1579,0.0,19,UCR,2,SIN BLOQUE → UCR,24.0,0.4868,0.0
leg:8346fc5694ee,"NEMIROVSCI, Osvaldo Mario",diputados,Rio Negro,2,2003-2005; 2005-2007,2003,2007,5,893,893,0.8253,0.9335,0.0556,0.0109,729,SIN BLOQUE,3,JUSTICIALISTA → SIN BLOQUE → FRENTE PARA LA VICTORIA,711.0,0.2053,0.0533
leg:096a35127ae6,"NERI, Aldo",diputados,Cdad.Aut.Bs.As.,2,2001-2003; 2003-2005,2002,2005,4,312,312,0.7821,0.3811,0.5779,0.041,234,SIN BLOQUE,3,ALIANZA → UCR → SIN BLOQUE,217.0,0.2468,0.1678
leg:220786c9055d,"NICOTRA, Norberto Reynaldo",diputados,Santa Fe,1,1999-2001,2001,2001,1,39,39,0.5641,0.7727,0.0909,0.1364,19,JUSTICIALISTA,2,JUSTICIALISTA → SIN BLOQUE,24.0,0.1267,0.0
leg:25587bb60385,"NIETO BRIZUELA, Benjamín Ricardo",diputados,La Rioja,2,1999-2001; 2001-2003,2001,2003,3,132,132,0.7879,0.6154,0.3558,0.0288,101,UCR,2,SIN BLOQUE → UCR,106.0,0.3162,0.2234
leg:a0c566cb28a5,"NIEVA, Alejandro Mario",diputados,Jujuy,7,1993-1995; 1995-1997; 1999-2001; 2001-2003; 2003-2005; 2005-2007; 2007-2009,1994,2009,11,1208,1208,0.6796,0.5542,0.4153,0.0305,796,UCR,2,SIN BLOQUE → UCR,974.0,0.2458,0.1038
leg:4ecfcd328f66,"NOFAL, Beatriz",diputados,Cdad.Aut.Bs.As.,1,1999-2001,2001,2001,1,39,39,0.8205,0.6562,0.2188,0.125,28,UCR,2,SIN BLOQUE → UCR,24.0,0.2368,0.0
leg:7ee28ba0f9da,NUÑEZ José Carlos,diputados,Santa Fe,6,2015-2017; 2017-2019; 2019-2021; 2021-2023; 2023-2025; 2025-2027,2016,2026,11,941,941,0.8682,0.7026,0.2827,0.0147,805,PROVINCIAS UNIDAS,2,PRO → PROVINCIAS UNIDAS,551.0,0.0823,0.0323
leg:1cc12bafa42a,"Nacul, Miguel Camel",diputados,,1,1993-1995,1994,1994,1,14,14,0.5,0.7143,0.2857,0.0,7,SIN BLOQUE,1,SIN BLOQUE,,,
leg:0b274795a92c,"Neder, Estela Mary",diputados,Santiago del Estero,6,2015-2017; 2017-2019; 2019-2021; 2021-2023; 2023-2025; 2025-2027,2017,2026,10,674,674,0.9228,0.7122,0.2862,0.0016,621,UNION POR LA PATRIA,3,FRENTE CIVICO POR SANTIAGO → FRENTE DE TODOS → UNION POR LA PATRIA,400.0,0.0181,0.0
leg:0e635592a12a,"Neder, Jorge Humberto",diputados,,2,1993-1995; 1995-1997,1994,1997,2,26,26,0.6154,0.625,0.3125,0.0625,15,SIN BLOQUE,1,SIN BLOQUE,,,
leg:9ff7db28db0c,"Nieri, Lisandro",diputados,Mendoza,3,2021-2023; 2023-2025; 2025-2027,2022,2026,5,386,386,0.9145,0.728,0.2521,0.0198,346,UCR,1,UCR,396.0,0.1197,0.0452
leg:c4fc723fb188,"Niveyro, Miriam",diputados,Buenos Aires,1,2025-2027,2025,2026,2,95,95,1.0,0.8211,0.1789,0.0,95,LA LIBERTAD AVANZA,1,LA LIBERTAD AVANZA,105.0,0.0,0.0
leg:ccae5ff220c6,"Niño, Jorge",diputados,,1,1993-1995,1994,1994,1,14,14,0.2857,1.0,0.0,0.0,4,SIN BLOQUE,1,SIN BLOQUE,,,
leg:08731cf1b5a5,"Noblega, Sebastian",diputados,Catamarca,2,2023-2025; 2025-2027,2024,2026,3,369,369,0.8726,0.646,0.3137,0.0404,309,ELIJO CATAMARCA,1,ELIJO CATAMARCA,379.0,0.0462,0.0309
leg:f4cb490c7445,"Noguera, Javier",diputados,Tucuman,1,2025-2027,2025,2026,2,95,95,0.4737,0.7556,0.2444,0.0,45,INDEPENDENCIA,1,INDEPENDENCIA,105.0,0.5048,0.5278
leg:ed27aeff522f,"Novau, Pedro José",diputados,,1,1993-1995,1994,1994,1,14,14,0.5,0.4286,0.4286,0.1429,6,SIN BLOQUE,1,SIN BLOQUE,,,
leg:0453d03d35e6,OBEID Alejandra del Huerto,diputados,Santa Fe,2,2019-2021; 2021-2023,2019,2023,5,52,52,0.9423,0.9592,0.0408,0.0,49,FRENTE DE TODOS,1,FRENTE DE TODOS,52.0,0.0385,0.0
leg:21ef1bc6d935,"OBEID, Jorge Alberto",diputados,Santa Fe,4,1999-2001; 2001-2003; 2007-2009; 2009-2011,2001,2011,8,511,511,0.589,0.7841,0.1761,0.0399,289,PERONISMO FEDERAL,4,FRENTE PARA LA VICTORIA → JUSTICIALISTA → SANTA FE FEDERAL → PERONISMO FEDERAL,530.0,0.2823,0.2952
leg:8dee599f8a2f,"OBIGLIO, Julián Martín",diputados,Cdad.Aut.Bs.As.,4,2005-2007; 2007-2009; 2009-2011; 2011-2013,2007,2013,7,710,710,0.7113,0.5644,0.4158,0.0198,495,PARTIDO BLOQUISTA DE SAN JUAN,2,PRO → PARTIDO BLOQUISTA DE SAN JUAN,834.0,0.2238,0.1912
leg:d366228c0c21,"OCAIVA, Maria Graciela",diputados,Buenos Aires,1,2001-2003,2002,2002,1,1,1,1.0,1.0,0.0,0.0,1,A.R.I,1,A.R.I,1.0,1.0,1.0
leg:c23c9ec92fd9,OCAÑA Maria Graciela,diputados,Buenos Aires,8,1999-2001; 2001-2003; 2003-2005; 2005-2007; 2011-2013; 2017-2019; 2019-2021; 2021-2023,2001,2023,16,1131,1131,0.3678,0.5096,0.4279,0.0625,390,PRO,5,A.R.I → FREPASO → PRO → NO INTEGRA BLOQUE → UNIDAD PARA EL DESARROLLO SOCIAL Y LA EQUIDAD,895.0,0.1962,0.3103
leg:d3a7c63b6c12,"OLIVA, Cristian Rodolfo",diputados,Santiago del Estero,7,2003-2005; 2005-2007; 2007-2009; 2009-2011; 2011-2013; 2013-2015; 2015-2017,2005,2017,13,1836,1836,0.6786,0.9149,0.0409,0.0441,1191,FRENTE CIVICO POR SANTIAGO,2,UCR → FRENTE CIVICO POR SANTIAGO,2078.0,0.2402,0.1218
leg:2a002a8c2f32,OLIVARES Héctor Enrique,diputados,La Rioja,3,2013-2015; 2015-2017; 2017-2019,2014,2019,6,679,679,0.9057,0.7171,0.2504,0.0325,595,UCR,1,UCR,797.0,0.0924,0.111
leg:b42af89f60d0,"OLIVERO, Juan Carlos",diputados,La Pampa,2,1999-2001; 2001-2003,2001,2003,3,132,132,0.7652,0.5545,0.4059,0.0396,97,UCR,2,SIN BLOQUE → UCR,106.0,0.2675,0.3128
leg:1a311c91723b,OLMEDO Alfredo Horacio,diputados,Salta,4,2009-2011; 2011-2013; 2015-2017; 2017-2019,2010,2019,8,896,896,0.6239,0.7639,0.2129,0.0233,546,SALTA SOMOS TODOS,1,SALTA SOMOS TODOS,1020.0,0.0,0.0
leg:c1d3656a5483,"OLMOS, Graciela Hortencia",diputados,Santiago del Estero,2,2003-2005; 2005-2007,2003,2007,5,893,893,0.8511,0.9079,0.0671,0.025,741,SIN BLOQUE,3,JUSTICIALISTA → SIN BLOQUE → FRENTE PARA LA VICTORIA,711.0,0.2008,0.0533
leg:c0086d643399,OPORTO Mario Néstor,diputados,Buenos Aires,2,2011-2013; 2013-2015,2011,2015,5,476,476,0.9979,0.9789,0.0168,0.0042,473,FRENTE PARA LA VICTORIA,1,FRENTE PARA LA VICTORIA,699.0,0.0046,0.0053
leg:abaa50ccb109,ORELLANA José Fernando,diputados,Tucumán,2,2015-2017; 2017-2019,2016,2019,4,494,494,0.6275,0.8871,0.0548,0.0581,292,JUSTICIALISTA POR TUCUMAN,2,PRIMERO TUCUMAN → JUSTICIALISTA POR TUCUMAN,494.0,0.085,0.2778
leg:2f4a251ea34c,ORMACHEA Claudia,diputados,Buenos Aires,2,2019-2021; 2021-2023,2019,2023,5,52,52,0.9808,0.9608,0.0392,0.0,51,FRENTE DE TODOS,1,FRENTE DE TODOS,31.0,0.0,0.0
leg:aabadfb0d1f4,"OROZCO, Jorge Alberto",diputados,Buenos Aires,1,1999-2001,2001,2001,1,39,39,0.9231,0.6111,0.3333,0.0556,34,UCR,2,UCR → SIN BLOQUE,24.0,0.1508,0.0
leg:3f4346980b1a,ORREGO Humberto Marcelo,diputados,San Juan,2,2019-2021; 2021-2023,2019,2023,5,52,52,0.8846,0.3913,0.6087,0.0,46,PRODUCCION Y TRABAJO,1,PRODUCCION Y TRABAJO,52.0,0.125,0.0
leg:ce253e844bbe,ORSOLINI Pablo Eduardo,diputados,Chaco,2,2009-2011; 2011-2013,2010,2013,4,376,376,0.75,0.6277,0.3582,0.0142,278,UCR,1,UCR,500.0,0.1368,0.1459
leg:94edbb4c1fab,"ORTEGA, Marta Isabel",diputados,Córdoba,1,1999-2001,2001,2001,1,39,39,0.4872,0.8947,0.1053,0.0,19,JUSTICIALISTA,2,JUSTICIALISTA → SIN BLOQUE,24.0,0.21,0.0
leg:2c030df43b0f,ORTIZ CORREA Marcia Sara María,diputados,Catamarca,2,2011-2013; 2013-2015,2011,2015,5,476,476,0.9097,0.9746,0.0231,0.0023,432,FRENTE PARA LA VICTORIA,1,FRENTE PARA LA VICTORIA,699.0,0.079,0.0784
leg:fbdb0fdedec8,ORTIZ Mariela,diputados,Jujuy,2,2011-2013; 2013-2015,2011,2015,5,476,476,0.9517,0.9757,0.0199,0.0044,451,FRENTE PARA LA VICTORIA,1,FRENTE PARA LA VICTORIA,699.0,0.0589,0.0585
leg:63fe04b4dc1c,"OSCOS, María Ilse",diputados,Neuquén,2,2003-2005; 2005-2007,2005,2006,2,259,259,0.2124,0.4182,0.4909,0.0909,50,SIN BLOQUE,2,MOVIMIENTO POPULAR NEUQUINO → SIN BLOQUE,197.0,0.151,0.0
leg:fc45374c281a,"OSORIO, Marta Lucía",diputados,La Pampa,4,2001-2003; 2003-2005; 2005-2007; 2007-2009,2002,2009,8,1261,1261,0.9516,0.9067,0.055,0.0383,1154,FRENTE PARA LA VICTORIA,3,JUSTICIALISTA → SIN BLOQUE → FRENTE PARA LA VICTORIA,1059.0,0.1056,0.1594
leg:8d3413c39754,"OSTROPOLSKY, Aldo Hector",diputados,Mendoza,1,2001-2003,2002,2003,2,93,93,0.8495,0.6203,0.3291,0.0506,75,UCR,3,ALIANZA → UCR → SIN BLOQUE,82.0,0.217,0.1611
leg:0c21200b5452,"OVIEDO, Alejandra Beatriz",diputados,La Rioja,4,1999-2001; 2001-2003; 2003-2005; 2005-2007,2001,2007,7,1025,1025,0.3717,0.6457,0.273,0.0814,350,SIN BLOQUE,5,JUSTICIALISTA → SIN BLOQUE → PERONISMO POPULAR → PERONISTA FEDERAL → JUSTICIALISTA NACIONAL,817.0,0.3632,0.3953
leg:1f9af9d2f4be,"Obarrio, Luis Manuel",diputados,,1,1995-1997,1997,1997,1,12,12,0.75,0.4444,0.5556,0.0,9,SIN BLOQUE,1,SIN BLOQUE,,,
leg:1756137dcaaf,"Ocampos, Jorge Armando",diputados,,1,1995-1997,1997,1997,1,12,12,0.6667,0.75,0.25,0.0,8,SIN BLOQUE,1,SIN BLOQUE,,,
leg:d1cbfee8e8ce,"Ojeda, Joaquin",diputados,Buenos Aires,1,2025-2027,2025,2026,2,95,95,1.0,0.8211,0.1789,0.0,95,LA LIBERTAD AVANZA,1,LA LIBERTAD AVANZA,105.0,0.0095,0.0
leg:0b8cfd3a3403,"Olima, Juan Carlos",diputados,,1,1995-1997,1997,1997,1,12,12,0.5833,0.8571,0.1429,0.0,7,SIN BLOQUE,1,SIN BLOQUE,,,
leg:7dc83e3b8136,"Olivera, Enrique José",diputados,,1,1993-1995,1994,1994,1,14,14,0.7857,0.2727,0.5455,0.1818,9,SIN BLOQUE,1,SIN BLOQUE,,,
leg:7101dec0f4ec,"Oliveto Lago, Paula",diputados,Ciudad de Buenos Aires,4,2017-2019; 2019-2021; 2021-2023; 2023-2025,2017,2025,9,539,539,0.9332,0.6759,0.2903,0.0338,486,COALICION CIVICA,1,COALICION CIVICA,295.0,0.0944,0.1454
leg:dcb37ce82c27,"Olmos, Kelly",diputados,Ciudad de Buenos Aires,1,2025-2027,2025,2026,2,95,95,0.9895,0.3617,0.6383,0.0,94,UNION POR LA PATRIA,1,UNION POR LA PATRIA,105.0,0.0333,0.0
leg:cc2ece4a64cb,"Omodeo, Paula",diputados,Tucuman,2,2021-2023; 2023-2025,2022,2025,4,291,291,0.9107,0.5019,0.4906,0.0075,263,CREO,1,CREO,291.0,0.0,0.0
leg:d6670e177629,"Orgaz, Alfredo",diputados,,1,1993-1995,1994,1994,1,14,14,0.0714,1.0,0.0,0.0,1,SIN BLOQUE,1,SIN BLOQUE,,,
leg:ed85b1face35,"Orquin, Leopoldo Manuel",diputados,,1,1993-1995,1994,1994,1,14,14,0.7143,0.5,0.5,0.0,10,SIN BLOQUE,1,SIN BLOQUE,,,
leg:7acc7b1dead3,"Ortega, Carlos Alberto",diputados,,1,2019-2021,2021,2021,1,1,1,1.0,1.0,0.0,0.0,1,SIN BLOQUE,1,SIN BLOQUE,,,
leg:2d349ac3692d,"Ortiz Maldonado, Gastón H.",diputados,,1,1993-1995,1994,1994,1,14,14,0.3571,0.8,0.0,0.2,4,SIN BLOQUE,1,SIN BLOQUE,,,
leg:30bcc8a59153,"Outes, Pablo",diputados,Salta,2,2023-2025; 2025-2027,2024,2026,3,369,369,0.7724,0.9088,0.0912,0.0,285,INNOVACION FEDERAL,1,INNOVACION FEDERAL,379.0,0.1721,0.2195
leg:7ce252806d16,"PALOMO, Nelida Manuela",diputados,Santiago del Estero,2,2001-2003; 2003-2005,2002,2005,4,307,307,0.8795,0.8741,0.0963,0.0296,262,SIN BLOQUE,2,JUSTICIALISTA → SIN BLOQUE,212.0,0.1912,0.4769
leg:c7495b04020a,"PALOU, Marta",diputados,Misiones,2,1999-2001; 2001-2003,2001,2003,3,132,132,0.7879,0.7115,0.2788,0.0096,103,JUSTICIALISTA,2,JUSTICIALISTA → SIN BLOQUE,77.0,0.2405,0.11
leg:e20f9debd0a2,PANSA Sergio Horacio,diputados,San Luis,2,2009-2011; 2011-2013,2010,2013,4,376,376,0.6489,0.6885,0.3033,0.0082,242,FRENTE PERONISTA,3,COMPROMISO FEDERAL → PERONISMO FEDERAL → FRENTE PERONISTA,500.0,0.1664,0.1175
leg:9c638f88e844,"PANZONI, Patricia Ester",diputados,Buenos Aires,2,2003-2005; 2005-2007,2003,2007,5,893,893,0.551,0.4695,0.5041,0.0264,479,SIN BLOQUE,2,UCR → SIN BLOQUE,711.0,0.3041,0.0909
leg:10580963df01,PARADA Liliana Beatriz,diputados,C.A.B.A.,2,2009-2011; 2011-2013,2010,2013,4,376,376,0.6436,0.5455,0.3182,0.1364,209,UNIDAD POPULAR,2,MOVIMIENTO PROYECTO SUR → UNIDAD POPULAR,500.0,0.164,0.1606
leg:6cb9e8ab6ea6,"PAREDES URQUIZA, Alberto Nicolás",diputados,La Rioja,2,2007-2009; 2009-2011,2007,2011,5,379,379,0.5831,0.8281,0.1403,0.0317,214,FRENTE PARA LA VICTORIA,1,FRENTE PARA LA VICTORIA,398.0,0.4281,0.2766
leg:9c0a2c1da99a,"PARENTELLA, Irma Fidela",diputados,Cdad.Aut.Bs.As.,3,1995-1997; 1999-2001; 2001-2003,1997,2003,4,144,144,0.875,0.4127,0.4921,0.0952,114,FRENTE GRANDE,3,SIN BLOQUE → FREPASO → FRENTE GRANDE,106.0,0.174,0.1706
leg:e3fd1e481959,"PAROLA, Carlos",diputados,Santa Fe,1,2003-2005,2005,2005,1,5,5,0.0,,,,0,NO INTEGRA BLOQUE,1,NO INTEGRA BLOQUE,5.0,0.0,0.0
leg:8359958e4143,"PAROLI, Raúl Omar",diputados,Catamarca,2,2007-2009; 2009-2011,2007,2011,5,379,379,0.6992,0.8415,0.1472,0.0113,262,DEL BICENTENARIO,3,FRENTE CIVICO Y SOCIAL → FRENTE CIVICO Y SOCIAL DE CATAMARCA → DEL BICENTENARIO,398.0,0.1269,0.0106
leg:4ef8fdc9127b,"PASCUAL, Jorge Raul",diputados,Rio Negro,2,1999-2001; 2001-2003,2001,2003,3,132,132,0.8409,0.6036,0.3604,0.036,107,UCR,2,UCR → SIN BLOQUE,106.0,0.2075,0.4081
leg:279cd31e6a8d,"PASINI, Ariel Osvaldo",diputados,Buenos Aires,3,2007-2009; 2009-2011; 2013-2015,2007,2015,6,436,436,0.9518,0.9036,0.0819,0.0145,409,FRENTE PARA LA VICTORIA,2,FRENTE PARA LA VICTORIA → SIN BLOQUE,419.0,0.0622,0.0
leg:1c4c4cc0a995,PASSO Marcela Fabiana,diputados,Buenos Aires,4,2015-2017; 2017-2019; 2021-2023; 2023-2025,2016,2025,8,811,811,0.815,0.7791,0.1997,0.0212,647,UNION POR LA PATRIA,2,UNIDOS POR UNA NUEVA ARGENTINA → UNION POR LA PATRIA,811.0,0.1845,0.0845
leg:3a2b2c5d721f,PASTORI Luis Mario,diputados,Misiones,4,2013-2015; 2015-2017; 2017-2019; 2019-2021,2014,2021,8,759,759,0.9697,0.7079,0.2663,0.0258,717,UCR,1,UCR,877.0,0.0496,0.0837
leg:7bfb11104af8,PASTORIZA Mirta Ameliana,diputados,Santiago del Estero,6,2007-2009; 2009-2011; 2011-2013; 2013-2015; 2015-2017; 2017-2019,2007,2019,13,1375,1375,0.8204,0.9335,0.0452,0.0213,1104,FRENTE CIVICO POR SANTIAGO,1,FRENTE CIVICO POR SANTIAGO,1617.0,0.1222,0.0927
leg:74e5b959406d,"PASTORIZA, Eduardo",diputados,Catamarca,3,2003-2005; 2005-2007; 2007-2009,2005,2009,5,949,949,0.4447,0.9171,0.0782,0.0047,420,BLOQUE POR LA VERDAD,4,FRENTE PARA LA VICTORIA → JUSTICIALISTA → SIN BLOQUE → BLOQUE POR LA VERDAD,842.0,0.2111,0.0
leg:66ae7b4c4fac,PATIÑO José Luis,diputados,C.A.B.A.,2,2015-2017; 2019-2021,2016,2021,4,311,311,0.9936,0.8608,0.1327,0.0065,307,PRO,1,PRO,311.0,0.021,0.0
leg:c9e6219ef550,"PATTERSON, Ricardo Ancell",diputados,Santa Cruz,4,1993-1995; 1995-1997; 1999-2001; 2001-2003,1994,2003,5,155,155,0.6516,0.604,0.3465,0.0495,96,UCR,3,SIN BLOQUE → UCR → ALIANZA,106.0,0.2742,0.2234
leg:a0d13fc16fc3,"PATTI, Luis Abelardo",diputados,Buenos Aires,2,2003-2005; 2005-2007,2005,2006,2,110,110,0.0,,,,0,UNIDAD FEDERALISTA,1,UNIDAD FEDERALISTA,110.0,0.0136,0.125
leg:40a0d727251a,PEDRINI Juan Manuel,diputados,Chaco,4,2013-2015; 2015-2017; 2021-2023; 2023-2025,2014,2025,8,802,802,0.8865,0.6723,0.3165,0.0113,703,UNION POR LA PATRIA,2,FRENTE PARA LA VICTORIA → UNION POR LA PATRIA,920.0,0.1084,0.0305
leg:0c2186d131bb,"PELAEZ, Victor",diputados,Neuquén,4,1993-1995; 1995-1997; 1999-2001; 2001-2003,1994,2003,5,158,158,0.6962,0.5455,0.4364,0.0182,108,UCR,2,SIN BLOQUE → UCR,106.0,0.3065,0.0828
leg:709c8085d6c0,"PEPE, Lorenzo Antonio",diputados,Buenos Aires,4,1993-1995; 1995-1997; 1999-2001; 2001-2003,1994,2003,5,158,158,0.6835,0.7778,0.1852,0.037,104,JUSTICIALISTA,2,SIN BLOQUE → JUSTICIALISTA,106.0,0.2324,0.2198
leg:f85f0a849177,PERALTA Fabián Francisco,diputados,Santa Fe,4,2007-2009; 2009-2011; 2011-2013; 2013-2015,2007,2015,9,855,855,0.6901,0.5746,0.3729,0.0525,559,GEN,3,COALICION CIVICA → BLOQUE GEN → GEN,1097.0,0.1531,0.1355
leg:25fa88a3c677,PEREYRA Juan Manuel,diputados,Córdoba,2,2015-2017; 2017-2019,2016,2019,4,520,520,0.5846,0.6283,0.3553,0.0164,299,CONCERTACION FORJA,1,CONCERTACION FORJA,520.0,0.0,0.0
leg:cc57d2339b98,"PEREYRA, Guillermo Antonio",diputados,Mendoza,2,2007-2009; 2009-2011,2007,2011,5,379,379,0.7757,0.9048,0.0884,0.0068,292,FRENTE PARA LA VICTORIA,1,FRENTE PARA LA VICTORIA,398.0,0.2289,0.234
leg:3e91a61af00f,PEREZ Alberto José,diputados,San Luis,3,2005-2007; 2009-2011; 2011-2013,2006,2013,5,391,391,0.6982,0.619,0.3333,0.0476,260,FRENTE PERONISTA,3,COMPROMISO FEDERAL → PERONISMO FEDERAL → FRENTE PERONISTA,515.0,0.1635,0.0946
leg:c272e687397f,"PEREZ MARTINEZ, Claudio Héctor",diputados,La Pampa,2,2001-2003; 2003-2005,2002,2005,4,312,312,0.7083,0.4253,0.543,0.0317,214,SIN BLOQUE,3,ALIANZA → UCR → SIN BLOQUE,217.0,0.3212,0.2608
leg:a5e0c0d5753b,"PEREZ SUAREZ, Inés",diputados,Cdad.Aut.Bs.As.,2,2001-2003; 2003-2005,2002,2005,4,299,299,0.7826,0.3077,0.6111,0.0812,215,SIN BLOQUE,4,F.F.J. AZUL Y BLANCO → JUSTICIALISTA → EVA PERON → SIN BLOQUE,204.0,0.1099,0.0588
leg:f6d3cfe408b4,"PEREZ, Alberto Cesar",diputados,Neuquén,2,2003-2005; 2005-2007,2003,2007,5,893,893,0.1232,0.6909,0.2818,0.0273,107,SIN BLOQUE,2,MOVIMIENTO POPULAR NEUQUINO → SIN BLOQUE,711.0,0.3347,0.4545
leg:aec17d97342c,"PEREZ, Jorge Raúl",diputados,Santiago del Estero,2,2007-2009; 2009-2011,2007,2011,5,370,370,0.8865,0.8598,0.1128,0.0274,319,FRENTE CIVICO POR SANTIAGO,1,FRENTE CIVICO POR SANTIAGO,389.0,0.1422,0.0326
leg:533cbe8a0a12,"PEREZ, José Adrián",diputados,Buenos Aires,5,2003-2005; 2005-2007; 2007-2009; 2009-2011; 2013-2015,2003,2015,11,1461,1461,0.6735,0.5285,0.3984,0.0732,912,FRENTE RENOVADOR,4,A.R.I → SIN BLOQUE → COALICION CIVICA → FRENTE RENOVADOR,1259.0,0.2399,0.1111
leg:c219d320b3d5,"PEREZ, Mirta",diputados,Buenos Aires,2,2003-2005; 2005-2007,2003,2007,5,893,893,0.8365,0.822,0.1165,0.0616,701,SIN BLOQUE,5,BUENOS AIRES → SIN BLOQUE → JUSTICIALISTA → PERONISTA FEDERAL → DIGNIDAD Y JUSTICIA,711.0,0.2115,0.1463
leg:11ed984967bb,PERIE Julia Argentina,diputados,Misiones,4,2007-2009; 2009-2011; 2011-2013; 2013-2015,2007,2015,9,855,855,0.9228,0.9417,0.0507,0.0076,783,FRENTE PARA LA VICTORIA,1,FRENTE PARA LA VICTORIA,1097.0,0.08,0.0484
leg:25c0c14234cd,"PERIE, Hugo Rubén",diputados,Corrientes,4,2003-2005; 2005-2007; 2007-2009; 2009-2011,2003,2011,9,1261,1261,0.8263,0.9251,0.0691,0.0058,1036,FRENTE PARA LA VICTORIA,2,JUSTICIALISTA → FRENTE PARA LA VICTORIA,1280.0,0.1897,0.1531
leg:9b31dcb3fb06,"PERNASETTI, Horacio Francisco",diputados,Catamarca,5,1993-1995; 1995-1997; 1999-2001; 2001-2003; 2003-2005,1994,2005,7,377,377,0.7613,0.3902,0.561,0.0488,273,SIN BLOQUE,2,SIN BLOQUE → UCR,241.0,0.2588,0.2976
leg:f4a7818acac0,PERRONI Ana María,diputados,Corrientes,3,2009-2011; 2011-2013; 2013-2015,2011,2015,5,487,487,0.9959,0.9753,0.0206,0.0041,483,FRENTE PARA LA VICTORIA,1,FRENTE PARA LA VICTORIA,710.0,0.0109,0.0119
leg:8d15cc704e62,PERTILE Elda,diputados,Chaco,2,2017-2019; 2019-2021,2017,2021,5,248,248,0.6371,0.8987,0.057,0.0443,151,FRENTE DE TODOS,2,JUSTICIALISTA → FRENTE DE TODOS,248.0,0.2063,0.3469
leg:603f92f1fd37,"PESO, Stella Marys",diputados,Misiones,2,2003-2005; 2005-2007,2003,2007,5,893,893,0.6249,0.7545,0.1559,0.0896,508,SIN BLOQUE,4,JUSTICIALISTA → SIN BLOQUE → PERONISTA FEDERAL → JUSTICIALISTA NACIONAL,711.0,0.3049,0.2372
leg:85c03b6cbfcb,"PETIT, María de los Angeles",diputados,Entre Ríos,1,2007-2009,2007,2009,3,275,275,0.6582,0.7569,0.2044,0.0387,174,SIN BLOQUE,3,FRENTE PARA LA VICTORIA → SIN BLOQUE → PERONISMO FEDERAL,266.0,0.2556,0.6
leg:85a5313106f4,PETRI Luis Alfonso,diputados,Mendoza,5,2013-2015; 2015-2017; 2017-2019; 2019-2021; 2025-2027,2014,2026,10,854,854,0.9391,0.7045,0.2618,0.0337,775,LA LIBERTAD AVANZA,3,UCR → SIN BLOQUE → LA LIBERTAD AVANZA,734.0,0.0803,0.0859
leg:d96440a34115,"PEYROU, Alejandro Apolinario",diputados,Buenos Aires,1,1999-2001,2001,2001,1,39,39,0.9744,0.5,0.5,0.0,38,FREPASO,2,FREPASO → SIN BLOQUE,24.0,0.2232,0.0
leg:c0ff25e45a10,PEÑALOZA MARIANETTI María Florencia,diputados,San Juan,2,2015-2017; 2017-2019,2016,2019,4,509,509,0.7741,0.9188,0.0736,0.0076,391,SOMOS SAN JUAN,2,COMPROMISO CON SAN JUAN → SOMOS SAN JUAN,509.0,0.0,0.0
leg:3de261354d43,"PICAZO, Sarah Ana",diputados,Santa Fe,2,1999-2001; 2001-2003,2001,2003,3,132,132,0.75,0.5657,0.3535,0.0808,91,UCR,2,SIN BLOQUE → UCR,106.0,0.2478,0.2652
leg:f1a5a97457d9,"PICCININI, Alberto José",diputados,Santa Fe,2,2001-2003; 2003-2005,2002,2005,4,312,312,0.4103,0.3359,0.5391,0.125,112,SIN BLOQUE,2,A.R.I → SIN BLOQUE,217.0,0.3735,0.3182
leg:a70e2f895314,PICCOLOMINI María Carla,diputados,Buenos Aires,2,2017-2019; 2019-2021,2017,2021,5,248,248,0.8508,0.5877,0.4076,0.0047,210,PRO,1,PRO,248.0,0.1436,0.0455
leg:20ec17cca17b,PIEMONTE Héctor Horacio,diputados,Buenos Aires,2,2009-2011; 2011-2013,2010,2013,4,376,376,0.6436,0.5413,0.3967,0.062,227,DIALOGO Y TRABAJO,2,COALICION CIVICA → DIALOGO Y TRABAJO,500.0,0.1311,0.1364
leg:84f12b2fe2d0,PIETRAGALLA CORTI Horacio,diputados,Buenos Aires,4,2011-2013; 2013-2015; 2017-2019; 2025-2027,2011,2026,10,784,784,0.9337,0.832,0.1571,0.0109,724,UNION POR LA PATRIA,2,FRENTE PARA LA VICTORIA → UNION POR LA PATRIA,1017.0,0.0485,0.0045
leg:98c8447f1199,"PILATI, Norma Raquel",diputados,Mendoza,2,2001-2003; 2003-2005,2002,2005,4,312,312,0.9359,0.8973,0.0822,0.0205,286,SIN BLOQUE,2,JUSTICIALISTA → SIN BLOQUE,217.0,0.103,0.191
leg:9c51b0b9e12c,"PINTO BRUCHMANN, Juan Domingo",diputados,Santiago del Estero,3,1999-2001; 2001-2003; 2003-2005,2001,2005,5,351,351,0.8006,0.8897,0.0854,0.0249,274,SIN BLOQUE,2,JUSTICIALISTA → SIN BLOQUE,241.0,0.2173,0.2779
leg:1498ce50e4d2,"PINTO, Sergio Damián",diputados,Mendoza,2,2007-2009; 2009-2011,2009,2011,3,114,114,0.886,0.8812,0.1089,0.0099,100,UCR,1,UCR,133.0,0.094,0.0758
leg:950147e84fe5,PITIOT Carla Betina,diputados,C.A.B.A.,2,2015-2017; 2017-2019,2016,2019,4,520,520,0.8115,0.8815,0.0853,0.0332,408,UNIDOS POR UNA NUEVA ARGENTINA,1,UNIDOS POR UNA NUEVA ARGENTINA,520.0,0.1835,0.0833
leg:ff3f05c5fbde,PITROLA Néstor Antonio,diputados,Buenos Aires,3,2013-2015; 2015-2017; 2025-2027,2014,2026,6,459,459,0.9346,0.2844,0.5571,0.1585,361,PARTIDO OBRERO EN EL FRENTE DE IZQUIERDA Y DE TRABAJADORES,2,FRENTE DE IZQUIERDA → PARTIDO OBRERO EN EL FRENTE DE IZQUIERDA Y DE TRABAJADORES,456.0,0.034,0.0254
leg:13fc4d0a475c,"PIUMATO, Julio Juán",diputados,Cdad.Aut.Bs.As.,1,2007-2009,2009,2009,1,107,107,0.9626,0.9806,0.0097,0.0097,102,FRENTE PARA LA VICTORIA,2,SIN BLOQUE → FRENTE PARA LA VICTORIA,100.0,0.0453,0.0
leg:cb3e2b1f2f4c,PLAINI Francisco Omar,diputados,Buenos Aires,4,2009-2011; 2011-2013; 2013-2015; 2015-2017,2010,2017,8,887,887,0.5502,0.7234,0.2602,0.0164,480,"CULTURA, EDUCACION Y TRABAJO",3,"CULTURA, EDUCACION Y TRABAJO → FRENTE PARA LA VICTORIA → BLOQUE UNIPERSONAL CULTURA, EDUCACION Y TRABAJO",1129.0,0.1443,0.0233
leg:5d0400fef0bb,"POLINO, Hector Teodoro",diputados,Cdad.Aut.Bs.As.,5,1993-1995; 1995-1997; 1999-2001; 2001-2003; 2003-2005,1994,2005,7,377,377,0.8674,0.2569,0.63,0.1131,290,SIN BLOQUE,3,SIN BLOQUE → A.R.I → PARTIDO SOCIALISTA,241.0,0.1577,0.0769
leg:a77764b7f43c,POLLEDO Carmen,diputados,C.A.B.A.,2,2017-2019; 2019-2021,2017,2021,5,248,248,0.9839,0.6107,0.3689,0.0205,239,PRO,1,PRO,248.0,0.0269,0.0
leg:6bc24b44b4be,PONCE Carlos Ybrhain,diputados,San Luis,2,2019-2021; 2021-2023,2019,2023,5,52,52,0.9615,0.96,0.04,0.0,50,FRENTE DE TODOS,1,FRENTE DE TODOS,52.0,0.0192,0.0
leg:41bcb6b2e7e7,PORTELA Agustín Alberto,diputados,Corrientes,4,2007-2009; 2009-2011; 2011-2013; 2013-2015,2007,2015,9,855,855,0.5205,0.5326,0.4135,0.0539,421,UCR,1,UCR,1097.0,0.3401,0.3857
leg:c17f27b2aa53,"PORTO, Héctor Norberto",diputados,Buenos Aires,3,2003-2005; 2005-2007; 2007-2009,2005,2009,5,949,949,0.7471,0.914,0.0719,0.0141,699,FRENTE PARA LA VICTORIA,4,JUSTICIALISTA → PERONISTA FEDERAL → SIN BLOQUE → FRENTE PARA LA VICTORIA,842.0,0.2711,0.0909
leg:1103099c8185,"POSSE, Melchor Angel",diputados,Buenos Aires,2,2001-2003; 2003-2005,2002,2003,2,96,96,0.3125,0.4333,0.5,0.0667,28,FRENTE DEL MOVIMIENTO POPULAR,4,UCR → ALIANZA → FRENTE DEL MOVIMIENTO POPULAR → SIN BLOQUE,85.0,0.5174,0.5701
leg:c7cc0074881b,PRADINES Roberto Arturo,diputados,Mendoza,2,2011-2013; 2013-2015,2011,2015,5,476,476,0.7143,0.4471,0.5,0.0529,322,DEMOCRATA DE MENDOZA,1,DEMOCRATA DE MENDOZA,699.0,0.0722,0.0731
leg:2003a78e0538,PRETTO Pedro Javier,diputados,Córdoba,2,2015-2017; 2017-2019,2016,2019,4,520,520,0.9269,0.7739,0.2095,0.0166,474,PRO,1,PRO,520.0,0.0892,0.0833
leg:562b46414f09,"PRIETO, Hugo Nelson",diputados,Neuquén,2,2007-2009; 2009-2011,2007,2011,5,379,379,0.7916,0.8667,0.1033,0.03,291,DE LA CONCERTACION,1,DE LA CONCERTACION,398.0,0.191,0.2979
leg:ef698c5ab707,"PRUYAS, Tomás Rubén",diputados,Corrientes,3,1995-1997; 2001-2003; 2003-2005,1997,2005,5,324,324,0.9444,0.902,0.0882,0.0098,303,SIN BLOQUE,2,SIN BLOQUE → JUSTICIALISTA,217.0,0.0758,0.1001
leg:be087a3eb6fb,PUCHETA Ramona,diputados,Buenos Aires,2,2011-2013; 2013-2015,2011,2015,5,476,476,0.7773,0.7919,0.1919,0.0162,364,FRENTE POR LA INCLUSION SOCIAL,3,FRENTE POR LA INCLUSION SOCIAL → SOCIALISTA DEL MIJD → COMPROMISO FEDERAL,699.0,0.0014,0.0033
leg:4835f05e5a60,"PUIG de STUBRIN, Lilia",diputados,Santa Fe,2,2001-2003; 2003-2005,2002,2005,4,312,312,0.9038,0.3652,0.6099,0.0248,275,SIN BLOQUE,2,UCR → SIN BLOQUE,217.0,0.1622,0.1245
leg:aac099a70367,PUIGGROS Adriana Victoria,diputados,Buenos Aires,4,2007-2009; 2009-2011; 2011-2013; 2013-2015,2007,2015,9,855,855,0.9205,0.9428,0.0457,0.0114,778,FRENTE PARA LA VICTORIA,1,FRENTE PARA LA VICTORIA,1097.0,0.0804,0.0621
leg:f6b8056c9a48,"Pagano, Marcela Marina",diputados,Buenos Aires,2,2023-2025; 2025-2027,2024,2026,3,369,369,0.6287,0.5733,0.4267,0.0,232,COHERENCIA,1,COHERENCIA,379.0,0.1174,0.0617
leg:eb99ab6057c7,"Palazzo, Sergio Omar",diputados,Buenos Aires,3,2021-2023; 2023-2025; 2025-2027,2022,2026,5,386,386,0.9845,0.5816,0.4184,0.0,380,UNION POR LA PATRIA,1,UNION POR LA PATRIA,396.0,0.018,0.012
leg:87680334291f,"Palladino, Claudia Maria",diputados,Catamarca,1,2025-2027,2025,2026,2,95,95,0.8632,0.3171,0.6829,0.0,82,UNION POR LA PATRIA,1,UNION POR LA PATRIA,105.0,0.1286,0.1111
leg:80ac11dc1654,"Pando, Ana María",diputados,,1,1995-1997,1997,1997,1,12,12,0.9167,0.7273,0.2727,0.0,11,SIN BLOQUE,1,SIN BLOQUE,,,
leg:427430067a9b,"Paponet, Liliana",diputados,Mendoza,2,2021-2023; 2023-2025,2022,2025,4,291,291,0.9622,0.675,0.3214,0.0036,279,UNION POR LA PATRIA,1,UNION POR LA PATRIA,291.0,0.0541,0.0851
leg:91cb4a335272,"Parada, Alberto",diputados,,1,1993-1995,1994,1994,1,14,14,0.7857,0.6364,0.3636,0.0,11,SIN BLOQUE,1,SIN BLOQUE,,,
leg:ce7c0a108ca2,"Parajon, José María",diputados,,2,1993-1995; 1995-1997,1994,1997,2,26,26,0.4615,0.4167,0.5,0.0833,11,SIN BLOQUE,1,SIN BLOQUE,,,
leg:c542ed431d82,"Pareja, Sebastian",diputados,Buenos Aires,1,2025-2027,2025,2026,2,95,95,1.0,0.8211,0.1789,0.0,95,LA LIBERTAD AVANZA,1,LA LIBERTAD AVANZA,105.0,0.019,0.0
leg:99905b557227,"Parola, José María",diputados,,1,1993-1995,1994,1994,1,14,14,0.3571,0.6,0.2,0.2,4,SIN BLOQUE,1,SIN BLOQUE,,,
leg:f4be8a0ed700,"Parola, Maria Graciela",diputados,Formosa,4,2019-2021; 2021-2023; 2023-2025; 2025-2027,2019,2026,8,421,421,0.9857,0.6217,0.3759,0.0024,414,UNION POR LA PATRIA,2,FRENTE DE TODOS → UNION POR LA PATRIA,431.0,0.0213,0.0222
leg:79dbcdb6095b,"Parra, Nelida del Carmen",diputados,,1,1995-1997,1997,1997,1,12,12,1.0,0.5,0.5,0.0,12,SIN BLOQUE,1,SIN BLOQUE,,,
leg:fc5ae14ddbd1,"Pascual, Rafael Manuel",diputados,Cdad.Aut.Bs.As.,3,1993-1995; 1995-1997; 1999-2001,1994,2001,3,45,45,0.4,0.7778,0.2222,0.0,18,UCR,2,SIN BLOQUE → UCR,,,
leg:e008eced811d,"Pascualini de Acosta, Elida E.",diputados,,1,1995-1997,1997,1997,1,12,12,0.9167,0.5455,0.3636,0.0909,10,SIN BLOQUE,1,SIN BLOQUE,,,
leg:d918e8107361,"Passo, Juan Carlos",diputados,La Pampa,2,1995-1997; 1999-2001,1997,2001,2,51,51,0.451,0.5217,0.4783,0.0,23,UCR,2,SIN BLOQUE → UCR,24.0,0.5285,0.75
leg:0ae7821bc09a,"Patiño Brizuela, Marcos",diputados,Cordoba,1,2025-2027,2025,2026,2,95,95,1.0,0.8211,0.1789,0.0,95,LA LIBERTAD AVANZA,1,LA LIBERTAD AVANZA,105.0,0.019,0.0
leg:93ccbf6caf49,"Pauli, Santiago",diputados,Tierra del Fuego,2,2023-2025; 2025-2027,2024,2026,3,369,369,0.9729,0.5543,0.4457,0.0,359,LA LIBERTAD AVANZA,1,LA LIBERTAD AVANZA,379.0,0.0273,0.0247
leg:bdea15b40bee,"Paulon, Esteban",diputados,Santa Fe,2,2023-2025; 2025-2027,2024,2026,3,369,369,0.935,0.629,0.3391,0.0319,334,PROVINCIAS UNIDAS,1,PROVINCIAS UNIDAS,379.0,0.3434,0.4815
leg:d1e9045618fa,"Pedrali, Gabriela",diputados,La Rioja,3,2021-2023; 2023-2025; 2025-2027,2022,2026,5,386,386,0.9508,0.5858,0.4114,0.0027,366,UNION POR LA PATRIA,1,UNION POR LA PATRIA,396.0,0.0535,0.0843
leg:a52e81f16b06,"Pellegrini, Agustin",diputados,Santa Fe,1,2025-2027,2025,2026,2,95,95,1.0,0.8211,0.1789,0.0,95,LA LIBERTAD AVANZA,1,LA LIBERTAD AVANZA,105.0,0.019,0.0
leg:29d93c2fb01d,"Pelli, Federico Agustin",diputados,Tucuman,1,2025-2027,2025,2026,2,95,95,1.0,0.8211,0.1789,0.0,95,LA LIBERTAD AVANZA,1,LA LIBERTAD AVANZA,105.0,0.0,0.0
leg:435b6b286013,"Pellin, Osvaldo Francisco",diputados,,2,1993-1995; 1995-1997,1994,1997,2,26,26,0.6923,0.6667,0.3333,0.0,18,SIN BLOQUE,1,SIN BLOQUE,,,
leg:e71d2b84e76b,"Peluc, Jose",diputados,San Juan,2,2023-2025; 2025-2027,2024,2026,3,369,369,0.8645,0.5893,0.4107,0.0,319,LA LIBERTAD AVANZA,1,LA LIBERTAD AVANZA,379.0,0.1192,0.0
leg:cdec0121633b,"Penacca, Paula Andrea",diputados,Ciudad de Buenos Aires,4,2019-2021; 2021-2023; 2023-2025; 2025-2027,2019,2026,8,421,421,0.9667,0.6118,0.3882,0.0,407,UNION POR LA PATRIA,2,FRENTE DE TODOS → UNION POR LA PATRIA,431.0,0.0421,0.0333
leg:b37b6eb584d3,"Peralta, Anibal Pedro",diputados,,1,1993-1995,1994,1994,1,14,14,0.1429,1.0,0.0,0.0,2,SIN BLOQUE,1,SIN BLOQUE,,,
leg:4a3bc15ce9ae,"Pereyra de Montenegro, María",diputados,,1,1995-1997,1997,1997,1,12,12,0.75,0.6667,0.3333,0.0,9,SIN BLOQUE,1,SIN BLOQUE,,,
leg:3bc043bd16a7,"Pereyra, Julio",diputados,Buenos Aires,2,2021-2023; 2023-2025,2022,2025,4,291,291,0.9244,0.6654,0.3346,0.0,269,UNION POR LA PATRIA,1,UNION POR LA PATRIA,291.0,0.0677,0.0638
leg:bf08c3b06f15,"Perez Plaza, Eber Albano",diputados,Mendoza,1,2021-2023,2022,2023,2,17,17,1.0,0.8824,0.1176,0.0,17,FRENTE DE TODOS,1,FRENTE DE TODOS,17.0,0.0588,0.0
leg:9926f411a683,"Perez, Jorge Telmo",diputados,Buenos Aires,3,1993-1995; 1995-1997; 1999-2001,1994,2001,3,65,65,0.4615,0.7667,0.2333,0.0,30,JUSTICIALISTA,2,SIN BLOQUE → JUSTICIALISTA,24.0,0.3767,0.0
leg:05edefcd9fb9,"Perrini, Gioconda Eulalia",diputados,,2,1993-1995; 1995-1997,1994,1997,2,26,26,0.7692,0.6,0.35,0.05,19,SIN BLOQUE,1,SIN BLOQUE,,,
leg:fa61109e02c2,"Pesce, Felix",diputados,,1,1993-1995,1994,1994,1,14,14,0.9286,0.7692,0.0769,0.1538,11,SIN BLOQUE,1,SIN BLOQUE,,,
leg:f13677c3c257,"Petrovich, Maria Lorena",diputados,Buenos Aires,1,2025-2027,2025,2026,2,95,95,1.0,0.8211,0.1789,0.0,95,LA LIBERTAD AVANZA,1,LA LIBERTAD AVANZA,105.0,0.0,0.0
leg:42b23214b24f,"Pezoa, Juan Carlos",diputados,,1,1995-1997,1997,1997,1,12,12,0.75,0.6667,0.3333,0.0,9,SIN BLOQUE,1,SIN BLOQUE,,,
leg:dc649fd61af8,"Picat, Luis Albino",diputados,Cordoba,2,2023-2025; 2025-2027,2024,2026,3,369,369,0.7615,0.6797,0.3167,0.0036,280,LA LIBERTAD AVANZA,1,LA LIBERTAD AVANZA,379.0,0.2512,0.1111
leg:38abd5e32026,"Piccinini, Ana Ida",diputados,,1,1993-1995,1994,1994,1,14,14,0.5,0.4286,0.5714,0.0,7,SIN BLOQUE,1,SIN BLOQUE,,,
leg:8b160fad64d3,"Picon Martinez, Nancy Viviana",diputados,San Juan,2,2023-2025; 2025-2027,2024,2026,3,369,369,0.9377,0.685,0.3006,0.0145,341,PRODUCCION Y TRABAJO,1,PRODUCCION Y TRABAJO,379.0,0.1319,0.0556
leg:bdab94447aee,"Pierri, Alberto Reinaldo",diputados,Buenos Aires,3,1993-1995; 1995-1997; 1999-2001,1994,2001,3,65,65,0.3077,0.7,0.3,0.0,20,JUSTICIALISTA,2,SIN BLOQUE → JUSTICIALISTA,24.0,0.255,0.0
leg:27608bfcd9db,"Pinto, Guillermo",diputados,,1,1993-1995,1994,1994,1,14,14,0.5,0.5714,0.4286,0.0,7,SIN BLOQUE,1,SIN BLOQUE,,,
leg:ffca5e407953,"Piparo, Carolina",diputados,Buenos Aires,2,2021-2023; 2023-2025,2022,2025,4,291,291,0.9416,0.4927,0.5073,0.0,274,LA LIBERTAD AVANZA,1,LA LIBERTAD AVANZA,291.0,0.0722,0.1915
leg:63181f8aae8d,"Piriz, Juan Carlos",diputados,,1,1995-1997,1997,1997,1,12,12,0.25,0.6667,0.3333,0.0,3,SIN BLOQUE,1,SIN BLOQUE,,,
leg:03b5140d1a62,"Piñon Avila, Celia Isabel",diputados,,1,1995-1997,1997,1997,1,12,12,0.8333,0.7,0.3,0.0,10,SIN BLOQUE,1,SIN BLOQUE,,,
leg:e34ac50c7629,"Pokoik, Lorena",diputados,Ciudad de Buenos Aires,2,2023-2025; 2025-2027,2024,2026,3,369,369,0.9322,0.5727,0.4273,0.0,344,UNION POR LA PATRIA,1,UNION POR LA PATRIA,379.0,0.0667,0.037
leg:e10423438aba,"Polini, Juan Carlos",diputados,Chaco,2,2021-2023; 2023-2025,2022,2025,4,291,291,0.7388,0.8977,0.093,0.0093,213,DEMOCRACIA PARA SIEMPRE,1,DEMOCRACIA PARA SIEMPRE,291.0,0.2904,0.3262
leg:1edf29d218d7,"Polo, Luis Nicolas",diputados,,2,1993-1995; 1995-1997,1994,1997,2,26,26,0.4231,0.7273,0.2727,0.0,11,SIN BLOQUE,1,SIN BLOQUE,,,
leg:413653cbecde,"Ponce, Maria Celeste",diputados,Cordoba,2,2023-2025; 2025-2027,2024,2026,3,369,369,0.832,0.6059,0.3941,0.0,307,LA LIBERTAD AVANZA,1,LA LIBERTAD AVANZA,379.0,0.1562,0.0
leg:08ed9838f7f9,"Potenza, Luciana",diputados,Buenos Aires,2,2023-2025; 2025-2027,2024,2026,3,369,369,0.9892,0.5671,0.4329,0.0,365,UNION POR LA PATRIA,1,UNION POR LA PATRIA,379.0,0.0189,0.0
leg:0009ced1e733,"Prades, C. Facundo",diputados,Santa Cruz,1,2023-2025,2025,2025,1,22,22,0.8636,0.5263,0.4211,0.0526,18,POR SANTA CRUZ,2,SIN BLOQUE → POR SANTA CRUZ,16.0,0.125,
leg:24e5bc7e022c,"Prat, Alfredo Ernesto",diputados,,1,1993-1995,1994,1994,1,14,14,0.4286,0.5,0.5,0.0,6,SIN BLOQUE,1,SIN BLOQUE,,,
leg:aa6f21d55754,"Propato, Agustina Lucrecia",diputados,Buenos Aires,3,2021-2023; 2023-2025; 2025-2027,2022,2026,5,386,386,0.886,0.5731,0.4269,0.0,342,UNION POR LA PATRIA,1,UNION POR LA PATRIA,396.0,0.1165,0.1325
leg:ff70c5f09b20,PÉREZ ARAUJO Hernán,diputados,La Pampa,2,2019-2021; 2021-2023,2019,2023,5,52,52,0.9231,0.9583,0.0417,0.0,48,FRENTE DE TODOS,1,FRENTE DE TODOS,52.0,0.0577,0.0
leg:03331517e0be,PÉREZ Martín Alejandro,diputados,Tierra del Fuego,3,2013-2015; 2015-2017; 2017-2019,2014,2019,6,724,724,0.8453,0.7173,0.2663,0.0163,602,FRENTE PARA LA VICTORIA,1,FRENTE PARA LA VICTORIA,842.0,0.1123,0.0242
leg:27311d5efa8e,PÉREZ Raúl Joaquín,diputados,Buenos Aires,2,2015-2017; 2017-2019,2016,2019,4,520,520,0.5827,0.8746,0.0957,0.0297,294,UNIDOS POR UNA NUEVA ARGENTINA,1,UNIDOS POR UNA NUEVA ARGENTINA,520.0,0.3591,0.2917
leg:7c16cd02ee7c,QUINTAR Amado,diputados,Catamarca,1,2015-2017,2016,2016,1,186,186,0.0269,0.6,0.4,0.0,5,FTE. CIVICO Y SOCIAL DE CATAMARCA,1,FTE. CIVICO Y SOCIAL DE CATAMARCA,186.0,0.8638,0.6667
leg:2480d0def6b2,"QUINTELA, Ricardo Clemente",diputados,La Rioja,2,1999-2001; 2001-2003,2001,2003,3,132,132,0.7121,0.7447,0.234,0.0213,92,F.F.J. AZUL Y BLANCO,3,JUSTICIALISTA → SIN BLOQUE → F.F.J. AZUL Y BLANCO,106.0,0.2657,0.4119
leg:08bacbb3068e,"QUINTERO, Marta Beatriz",diputados,La Rioja,2,2007-2009; 2009-2011,2009,2011,3,117,117,0.8547,0.73,0.23,0.04,96,FRENTE PARA LA VICTORIA,1,FRENTE PARA LA VICTORIA,136.0,0.2139,0.3333
leg:ab0ee015df11,"QUIROGA, Horacio Rodolfo",diputados,Neuquén,1,2009-2011,2010,2011,2,95,95,0.7158,0.8382,0.1324,0.0294,66,UCR,1,UCR,114.0,0.3553,0.3281
leg:8d080d1b5058,"QUIROZ, Elsa Siria",diputados,Buenos Aires,6,1999-2001; 2001-2003; 2003-2005; 2005-2007; 2007-2009; 2009-2011,2001,2011,10,1185,1185,0.8312,0.5878,0.3563,0.0558,930,COALICION CIVICA,3,FREPASO → A.R.I → COALICION CIVICA,1204.0,0.1185,0.0505
leg:a655895df7c3,"Quetglas, Fabio Jose",diputados,Buenos Aires,4,2017-2019; 2019-2021; 2021-2023; 2023-2025,2017,2025,9,539,539,0.7477,0.6948,0.2854,0.0199,395,UCR,1,UCR,539.0,0.2611,0.18
leg:4a4a1671d165,"Quintar, Manuel",diputados,Jujuy,2,2023-2025; 2025-2027,2024,2026,3,369,369,0.9593,0.5706,0.4294,0.0,354,LA LIBERTAD AVANZA,1,LA LIBERTAD AVANZA,379.0,0.037,0.0
leg:ddc62e0f824e,"Quiroz, Marilu",diputados,Chaco,2,2021-2023; 2023-2025,2022,2025,4,291,291,0.8179,0.5672,0.4202,0.0126,235,PRO,1,PRO,291.0,0.1522,0.0851
leg:57d41f50e7a8,RACH QUIROGA Analía Alexandra,diputados,Chaco,2,2015-2017; 2017-2019,2016,2019,4,520,520,0.7135,0.5822,0.4043,0.0135,366,FRENTE PARA LA VICTORIA,1,FRENTE PARA LA VICTORIA,520.0,0.2588,0.2083
leg:99b6b72790ec,RAFFO Julio César,diputados,C.A.B.A.,1,2015-2017,2016,2017,2,307,307,0.6873,0.9336,0.0616,0.0047,210,DIALOGO Y TRABAJO,2,NO INTEGRA BLOQUE → DIALOGO Y TRABAJO,307.0,0.0,0.0
leg:fe5fa16ea644,"RAIMUNDI, Carlos Alberto",diputados,Buenos Aires,8,1995-1997; 1999-2001; 2001-2003; 2003-2005; 2005-2007; 2007-2009; 2011-2013; 2013-2015,1997,2015,14,1569,1569,0.6839,0.7232,0.2293,0.0475,1022,JUNTOS POR ARGENTINA,10,SOLIDARIO SI → FREPASO → FRENTE GRANDE → A.R.I → A.R.I AUTONOMO 8 + → SOLIDARIDAD E IGUALDAD (SI) - ARI (T.D.F) → SOLIDARIDAD E IGUALDAD (SI) - PROYECTO P → SOLIDARIDAD E IGUALDAD (SI) → NUEVO ENCUENTRO → JUNTOS POR ARGENTINA,948.0,0.3423,0.4557
leg:47be8bb6ebc5,RAMOS Alejandro Ariel,diputados,Santa Fe,2,2015-2017; 2017-2019,2016,2019,4,520,520,0.6885,0.6061,0.3799,0.014,353,PRIMERO ARGENTINA,2,FRENTE PARA LA VICTORIA → PRIMERO ARGENTINA,520.0,0.1063,0.125
leg:416c0a8839ef,RAMÓN José Luis,diputados,Mendoza,2,2017-2019; 2019-2021,2017,2021,5,248,248,0.9758,0.8099,0.1653,0.0248,236,UNIDAD Y EQUIDAD FEDERAL,3,PARTIDO INTRANSIGENTE DE MENDOZA → PROTECTORA → UNIDAD Y EQUIDAD FEDERAL,248.0,0.0,0.0
leg:db24bb611a91,"RAPETTI, Ricardo Francisco",diputados,Buenos Aires,2,2001-2003; 2003-2005,2002,2005,4,311,311,0.1768,0.6909,0.2727,0.0364,53,SIN BLOQUE,2,JUSTICIALISTA → SIN BLOQUE,216.0,0.7822,0.5192
leg:1e668039f9d6,RASINO Elida Elena,diputados,Santa Fe,2,2011-2013; 2013-2015,2011,2015,5,476,476,0.5567,0.5321,0.3962,0.0717,246,PARTIDO SOCIALISTA,1,PARTIDO SOCIALISTA,699.0,0.216,0.1927
leg:21941ccf9d35,"RATTIN, Antonio Ubaldo",diputados,Buenos Aires,2,2001-2003; 2003-2005,2002,2005,4,312,312,0.3237,0.5842,0.297,0.1188,89,SIN BLOQUE,3,PARTIDO UNIDAD FEDERALISTA → UNIDAD FEDERALISTA → SIN BLOQUE,217.0,0.1183,0.2045
leg:2b7b194572c1,RAVERTA María Fernanda,diputados,Buenos Aires,2,2015-2017; 2017-2019,2016,2019,4,520,520,0.875,0.5868,0.3868,0.0264,443,FRENTE PARA LA VICTORIA,1,FRENTE PARA LA VICTORIA,520.0,0.1011,0.0417
leg:12345a5928bf,RE Hilma Leonor,diputados,Entre Ríos,2,2009-2011; 2011-2013,2010,2013,4,376,376,0.5053,0.4895,0.4632,0.0474,181,DIALOGO Y TRABAJO,2,COALICION CIVICA → DIALOGO Y TRABAJO,500.0,0.0809,0.0786
leg:ae2a6dda342a,"RECALDE, Héctor Pedro",diputados,Buenos Aires,7,2003-2005; 2005-2007; 2007-2009; 2009-2011; 2011-2013; 2013-2015; 2015-2017,2005,2017,13,1836,1836,0.8954,0.8808,0.1101,0.0091,1629,FRENTE PARA LA VICTORIA,2,FRENTE PARA LA VICTORIA → JUSTICIALISTA,2078.0,0.1093,0.0858
leg:544b63b89bae,"RECIO, José Antonio",diputados,Buenos Aires,1,1999-2001,2001,2001,1,22,22,0.1818,1.0,0.0,0.0,4,UCR,2,SIN BLOQUE → UCR,14.0,0.8571,1.0
leg:0f1e7fcfe532,REDCZUK Oscar Felipe,diputados,Misiones,2,2011-2013; 2013-2015,2011,2015,5,476,476,0.8067,0.9714,0.0286,0.0,384,FTE. RENOV. DE LA CONC. MISIONES - FPV-PJ,3,FRENTE PARA LA VICTORIA → BG JUAN B. BUSTOS → FTE. RENOV. DE LA CONC. MISIONES - FPV-PJ,699.0,0.1911,0.1945
leg:420ea19c25d8,REGAZZOLI María Cristina,diputados,La Pampa,2,2009-2011; 2011-2013,2010,2013,4,376,376,0.9947,0.9305,0.0668,0.0027,373,PARTIDO JUSTICIALISTA LA PAMPA,1,PARTIDO JUSTICIALISTA LA PAMPA,500.0,0.074,0.0751
leg:552af866d562,REGIDOR BELLEDONE Estela Mercedes,diputados,Corrientes,2,2017-2019; 2019-2021,2017,2021,5,248,248,0.8589,0.5775,0.4178,0.0047,212,UCR,1,UCR,248.0,0.1514,0.0455
leg:933ab3aabb6f,"REMES LENICOV, Jorge Luis",diputados,Buenos Aires,2,1999-2001; 2001-2003,2001,2002,2,40,40,0.85,0.5294,0.4706,0.0,34,JUSTICIALISTA,2,JUSTICIALISTA → SIN BLOQUE,25.0,0.5248,0.75
leg:68e367d45721,REY Maria Lujan,diputados,Buenos Aires,2,2019-2021; 2021-2023,2019,2023,5,52,52,0.7885,0.3171,0.6829,0.0,41,PRO,1,PRO,52.0,0.1346,0.0
leg:6c6538f5d237,"REYES, María Fernanda",diputados,Cdad.Aut.Bs.As.,2,2007-2009; 2009-2011,2007,2011,5,379,379,0.6675,0.6126,0.3518,0.0356,244,COALICION CIVICA,1,COALICION CIVICA,398.0,0.214,0.1064
leg:9af01f0886ff,REZINOVSKY Dina Esther,diputados,C.A.B.A.,2,2019-2021; 2021-2023,2019,2023,5,52,52,0.9423,0.3878,0.6122,0.0,49,PRO,1,PRO,31.0,0.0,0.0
leg:4f54f4724655,"RIAL, Osvaldo Hugo",diputados,Buenos Aires,2,1999-2001; 2001-2003,2001,2003,3,132,132,0.6742,0.7079,0.2697,0.0225,87,JUSTICIALISTA,2,JUSTICIALISTA → SIN BLOQUE,106.0,0.3648,0.3167
leg:7bb4c975b2d8,RICCARDO José Luis,diputados,San Luis,4,2013-2015; 2015-2017; 2017-2019; 2019-2021,2014,2021,8,759,759,0.8406,0.7163,0.2555,0.0282,620,UCR,1,UCR,877.0,0.1629,0.1924
leg:cadf5c863f12,RICCI Nadia Lorena,diputados,Santa Cruz,1,2017-2019,2018,2019,2,174,174,0.8391,0.6575,0.3288,0.0137,144,UCR,1,UCR,174.0,0.1941,0.1667
leg:c489b8c6d08c,"RICHTER, Ana",diputados,Córdoba,2,2003-2005; 2005-2007,2003,2007,5,893,893,0.8152,0.9341,0.0577,0.0082,722,SIN BLOQUE,4,PARTIDO NUEVO CONTRA LA CORRUPCION → SIN BLOQUE → JUSTICIALISTA → FRENTE PARA LA VICTORIA,711.0,0.1532,0.1442
leg:36e047ac915e,"RICO, María del Carmen Cecilia",diputados,Buenos Aires,4,2001-2003; 2003-2005; 2005-2007; 2007-2009,2002,2009,8,1261,1261,0.6994,0.7846,0.1406,0.0748,816,FRENTE PARA LA VICTORIA,7,JUSTICIALISTA → FRENTE DEL MOVIMIENTO POPULAR → FRENTE POPULAR BONAERENSE → SIN BLOQUE → JUSTICIALISTA NACIONAL → PERONISTA FEDERAL → FRENTE PARA LA VICTORIA,1059.0,0.3781,0.4048
leg:83d1271eccca,RIESTRA Antonio Sabino,diputados,Santa Fe,2,2011-2013; 2013-2015,2011,2015,5,476,476,0.8109,0.6347,0.285,0.0803,355,UNIDAD POPULAR,1,UNIDAD POPULAR,699.0,0.1388,0.1429
leg:b5a2b49dbb0d,"RIOBOO, Sandra Adriana",diputados,Buenos Aires,2,2007-2009; 2009-2011,2007,2011,5,379,379,0.4987,0.5926,0.3333,0.0741,175,UCR,1,UCR,398.0,0.3923,0.4468
leg:16b8aaa922e8,RIOS Liliana María,diputados,Entre Ríos,2,2011-2013; 2013-2015,2011,2015,5,476,476,0.8676,0.9855,0.0145,0.0,413,FRENTE PARA LA VICTORIA,1,FRENTE PARA LA VICTORIA,699.0,0.1047,0.105
leg:53927670442b,"RIOS, María Fabiana",diputados,Tierra del Fuego,2,2003-2005; 2005-2007,2003,2007,5,893,893,0.5756,0.4475,0.5058,0.0467,490,SIN BLOQUE,2,A.R.I → SIN BLOQUE,711.0,0.3089,0.1818
leg:c88f58579ccb,RISKO Silvia Lucrecia,diputados,Misiones,4,2009-2011; 2011-2013; 2013-2015; 2015-2017,2010,2017,8,887,887,0.7689,0.9091,0.0821,0.0088,676,FRENTE DE LA CONCORDIA MISIONERO,4,FRENTE PARA LA VICTORIA → BG JUAN B. BUSTOS → FRENTE DE LA CONCORDIA MISIONERO → FTE. RENOV. DE LA CONC. MISIONES - FPV-PJ,1129.0,0.1699,0.1125
leg:627c5930421d,RISTA Olga María,diputados,Córdoba,2,2015-2017; 2017-2019,2016,2019,4,520,520,0.8365,0.7816,0.2092,0.0092,431,UCR,1,UCR,520.0,0.1687,0.1053
leg:783bd10f67b0,"RITONDO, Cristian",diputados,Cdad.Aut.Bs.As.,6,2003-2005; 2005-2007; 2019-2021; 2021-2023; 2023-2025; 2025-2027,2003,2026,13,1314,1314,0.5578,0.6589,0.2988,0.0423,702,PRO,6,JUSTICIALISTA → SIN BLOQUE → PERONISTA FEDERAL → PROPUESTA PERONISTA → JUSTICIALISTA NACIONAL → PRO,1142.0,0.2059,0.0852
leg:2233ae67e89b,RIVARA Raúl Alberto,diputados,Buenos Aires,2,2009-2011; 2011-2013,2010,2013,4,376,376,0.609,0.6725,0.2926,0.0349,221,UNION PERONISTA,4,FRENTE RENOVADOR → PERONISMO FEDERAL → COALICION CIVICA → UNION PERONISTA,500.0,0.2059,0.3061
leg:932a0ce40350,RIVAROLA Rubén Armando,diputados,Jujuy,2,2011-2013; 2013-2015,2011,2015,5,476,476,0.7122,0.9853,0.0118,0.0029,338,FRENTE PARA LA VICTORIA,1,FRENTE PARA LA VICTORIA,699.0,0.3036,0.311
leg:1b248b742d88,"RIVAS, Jorge",diputados,Buenos Aires,7,1999-2001; 2001-2003; 2003-2005; 2007-2009; 2009-2011; 2011-2013; 2013-2015,2001,2015,14,1206,1206,0.6352,0.6253,0.3185,0.0561,723,FRENTE PARA LA VICTORIA,7,A.R.I → FRENTE PARA LA VICTORIA → PARTIDO SOCIALISTA → NO INTEGRA BLOQUE → ENCUENTRO POPULAR Y SOCIAL → NUEVO ENCUENTRO POPULAR Y SOLIDARIO → UNIDOS POR UNA NUEVA ARGENTINA,1448.0,0.2554,0.354
leg:b6715195b101,"RIVAS, Olijela del Valle",diputados,Tucumán,2,1999-2001; 2001-2003,2001,2003,3,132,132,0.6061,0.6875,0.275,0.0375,77,F.F.J. AZUL Y BLANCO,3,JUSTICIALISTA → SIN BLOQUE → F.F.J. AZUL Y BLANCO,106.0,0.2794,0.1262
leg:05987c0a0c70,ROBERTI Alberto Oscar,diputados,Buenos Aires,4,2011-2013; 2013-2015; 2015-2017; 2017-2019,2011,2018,8,868,868,0.2212,0.5885,0.2604,0.151,163,JUSTICIALISTA,5,FRENTE PERONISTA → JUSTICIALISTA → FRENTE RENOVADOR PERONISTA → FRENTE RENOVADOR → NO INTEGRA BLOQUE,1091.0,0.4874,0.4442
leg:9977c12234f3,ROBLEDO Roberto Ricardo,diputados,La Pampa,2,2009-2011; 2011-2013,2010,2013,4,376,376,0.8564,0.9161,0.0776,0.0062,320,PARTIDO JUSTICIALISTA LA PAMPA,1,PARTIDO JUSTICIALISTA LA PAMPA,500.0,0.074,0.0751
leg:21e00edfc12f,"ROBLES AVALOS, Edmundo Eduardo",diputados,Tucumán,1,1999-2001,2001,2001,1,39,39,0.5641,0.7273,0.2727,0.0,22,JUSTICIALISTA,2,JUSTICIALISTA → SIN BLOQUE,24.0,0.3383,0.25
leg:8ea0841afbb1,RODENAS Alejandra,diputados,Santa Fe,1,2017-2019,2017,2019,3,213,213,0.5822,0.629,0.3226,0.0484,118,NUEVO ESPACIO SANTAFESINO,1,NUEVO ESPACIO SANTAFESINO,213.0,0.0,0.0
leg:373910558291,"RODIL, Rodolfo",diputados,Buenos Aires,3,1995-1997; 1999-2001; 2001-2003,1997,2003,4,140,140,0.9071,0.4173,0.378,0.2047,101,ENCUENTRO POPULAR,3,SIN BLOQUE → FREPASO → ENCUENTRO POPULAR,102.0,0.2025,0.2183
leg:c183b6af140a,RODRIGUEZ Alejandro,diputados,Buenos Aires,2,2019-2021; 2021-2023,2019,2023,5,52,52,0.9423,0.9388,0.0612,0.0,49,SIN BLOQUE,2,CONSENSO FEDERAL → SIN BLOQUE,31.0,0.4355,0.5
leg:f49cbdca60df,"RODRIGUEZ GONZALEZ, Oliva",diputados,Buenos Aires,1,2001-2003,2002,2003,2,74,74,0.4595,0.7059,0.2941,0.0,34,JUSTICIALISTA,2,JUSTICIALISTA → SIN BLOQUE,67.0,0.5455,0.7767
leg:1f8bee4eba4a,RODRIGUEZ Rodrigo Martín,diputados,Buenos Aires,2,2015-2017; 2017-2019,2016,2019,4,520,520,0.6558,0.6041,0.3724,0.0235,333,FRENTE PARA LA VICTORIA,1,FRENTE PARA LA VICTORIA,520.0,0.2877,0.1667
leg:1b399b374935,RODRIGUEZ SAA Nicolás Marcelo,diputados,Buenos Aires,1,2019-2021,2019,2021,3,35,35,0.9714,1.0,0.0,0.0,34,SIN BLOQUE,2,FRENTE DE TODOS → SIN BLOQUE,31.0,0.0323,0.0
leg:90ef07ff83db,"RODRIGUEZ, Evaristo Arturo",diputados,Santa Cruz,2,2007-2009; 2009-2011,2007,2011,5,379,379,0.9393,0.8933,0.0927,0.014,351,FRENTE PARA LA VICTORIA,1,FRENTE PARA LA VICTORIA,398.0,0.0705,0.0426
leg:eb943342c295,"RODRIGUEZ, Jesus",diputados,Cdad.Aut.Bs.As.,4,1993-1995; 1995-1997; 1999-2001; 2001-2003,1994,2003,5,158,158,0.7025,0.5315,0.2703,0.1982,89,UCR,2,SIN BLOQUE → UCR,106.0,0.3042,0.3187
leg:ee79a40bb391,"RODRIGUEZ, Marcela Virginia",diputados,Buenos Aires,6,2001-2003; 2003-2005; 2005-2007; 2007-2009; 2009-2011; 2011-2013,2002,2013,12,1637,1637,0.7153,0.4927,0.4219,0.0854,1071,DEMOCRACIA IGUALITARIA Y PARTICIPATIVA,4,A.R.I → DEMOCRACIA IGUALITARIA Y PARTICIPATIVA (D.I.P.) → COALICION CIVICA → DEMOCRACIA IGUALITARIA Y PARTICIPATIVA,1761.0,0.1313,0.0047
leg:f0b7ec598232,"RODRIGUEZ, Oscar Ernesto R.",diputados,Buenos Aires,2,2003-2005; 2005-2007,2003,2007,5,893,893,0.5386,0.8815,0.0748,0.0437,460,SIN BLOQUE,3,JUSTICIALISTA → SIN BLOQUE → PERONISTA FEDERAL,711.0,0.3913,0.3281
leg:534e5c277a29,ROGEL Fabián Dulio,diputados,Entre Ríos,2,2011-2013; 2013-2015,2011,2015,5,476,476,0.605,0.4653,0.4861,0.0486,274,UCR,1,UCR,699.0,0.2374,0.2197
leg:caaf54ae4789,"ROGGERO, Humberto Jesus",diputados,Córdoba,5,1993-1995; 1995-1997; 1999-2001; 2001-2003; 2003-2005,1994,2005,7,377,377,0.2255,0.5882,0.2353,0.1765,70,SIN BLOQUE,2,SIN BLOQUE → JUSTICIALISTA,241.0,0.7695,0.6241
leg:eca8c9ab6863,ROMA Carlos Gastón,diputados,Tierra del Fuego,2,2015-2017; 2017-2019,2016,2019,4,520,520,0.8615,0.779,0.2054,0.0156,441,PRO,1,PRO,520.0,0.1487,0.1667
leg:a2aecb4e50bb,"ROMA, Rafael Edgardo",diputados,Buenos Aires,2,1999-2001; 2001-2003,2001,2003,3,132,132,0.7424,0.3571,0.5408,0.102,88,A.R.I,3,JUSTICIALISTA → SIN BLOQUE → A.R.I,106.0,0.3643,0.2381
leg:35586215a165,"ROMAN, Carmen",diputados,Formosa,2,2005-2007; 2007-2009,2006,2009,4,838,838,0.8461,0.9238,0.0663,0.0099,702,FRENTE PARA LA VICTORIA,2,FRENTE PARA LA VICTORIA → SIN BLOQUE,731.0,0.1717,0.0
leg:4d25415ee709,"ROMANO, Antonio Anselmo",diputados,Santiago del Estero,1,1999-2001,2001,2001,1,39,39,0.1795,1.0,0.0,0.0,7,JUSTICIALISTA,2,JUSTICIALISTA → SIN BLOQUE,24.0,0.3767,0.25
leg:69d47c3fc0dc,ROMERO Oscar Alberto,diputados,Buenos Aires,2,2013-2015; 2015-2017,2014,2017,4,511,511,0.8317,0.9318,0.0471,0.0212,416,JUSTICIALISTA,2,FRENTE PARA LA VICTORIA → JUSTICIALISTA,629.0,0.1319,0.0949
leg:aa8af5c1943f,ROMERO Victor Hugo,diputados,Córdoba,2,2019-2021; 2021-2023,2019,2023,5,52,52,0.9615,0.38,0.62,0.0,50,UCR,1,UCR,52.0,0.0495,0.0
leg:4c024d2f0cc7,"ROMERO, Gabriel Luis",diputados,Neuquén,1,2001-2003,2002,2003,2,93,93,0.6344,0.7966,0.2034,0.0,59,JUSTICIALISTA,2,JUSTICIALISTA → SIN BLOQUE,82.0,0.4104,0.448
leg:fb4a553f0036,"ROMERO, Héctor Ramón",diputados,Chaco,3,1999-2001; 2001-2003; 2003-2005,2001,2005,5,351,351,0.6809,0.4268,0.5146,0.0586,225,SIN BLOQUE,2,SIN BLOQUE → UCR,241.0,0.3333,0.1757
leg:7ad0e9ab2d6d,"ROMERO, José Antonio",diputados,Buenos Aires,1,2003-2005,2004,2005,2,214,214,0.9907,0.9434,0.0425,0.0142,209,JUSTICIALISTA,2,SIN BLOQUE → JUSTICIALISTA,130.0,0.0463,0.1219
leg:02b7316838e6,"ROMERO, Rosario",diputados,Entre Ríos,2,2003-2005; 2005-2007,2003,2007,5,893,893,0.8096,0.9447,0.0484,0.0069,718,SIN BLOQUE,3,JUSTICIALISTA → SIN BLOQUE → FRENTE PARA LA VICTORIA,711.0,0.198,0.1442
leg:b4ba9351cf8a,ROQUEL Héctor Alberto,diputados,Santa Cruz,2,2015-2017; 2017-2019,2016,2017,2,346,346,0.9249,0.85,0.1406,0.0094,317,UCR,1,UCR,346.0,0.0878,0.1466
leg:40c2c72fdf07,"ROQUEL, Rodolfo",diputados,Formosa,2,2003-2005; 2005-2007,2003,2007,5,893,893,0.8712,0.9036,0.0668,0.0296,755,SIN BLOQUE,3,JUSTICIALISTA → SIN BLOQUE → FRENTE PARA LA VICTORIA,711.0,0.1899,0.1641
leg:f6296157f68e,"ROSELLI, José Alberto",diputados,Cdad.Aut.Bs.As.,2,2001-2003; 2003-2005,2002,2005,4,312,312,0.3622,0.2301,0.7257,0.0442,108,SIN BLOQUE,4,AUTODETERMINACION Y LIBERTAD → BLOQUE UNIPERSONAL → SIN BLOQUE → CONVERGENCIA,217.0,0.3606,0.1023
leg:b3ecb0077df8,ROSSI Blanca Araceli,diputados,Córdoba,2,2013-2015; 2015-2017,2014,2017,4,511,511,0.9687,0.7919,0.1657,0.0424,474,UNIDOS POR UNA NUEVA ARGENTINA,2,UNION POR CORDOBA → UNIDOS POR UNA NUEVA ARGENTINA,629.0,0.2778,0.3711
leg:3cc84340cad1,"ROSSI, Agustín Oscar",diputados,Santa Fe,7,2003-2005; 2005-2007; 2007-2009; 2009-2011; 2011-2013; 2017-2019; 2025-2027,2005,2026,14,1571,1571,0.9688,0.8693,0.1216,0.0092,1508,UNION POR LA PATRIA,3,FRENTE PARA LA VICTORIA → JUSTICIALISTA → UNION POR LA PATRIA,1261.0,0.0394,0.0196
leg:54b81246aeb8,"ROSSI, Alejandro Luis",diputados,Santa Fe,2,2007-2009; 2009-2011,2007,2011,5,379,379,0.8285,0.8949,0.0987,0.0064,312,FRENTE PARA LA VICTORIA,1,FRENTE PARA LA VICTORIA,398.0,0.1761,0.1915
leg:c7caee289bff,"ROSSI, Cipriana Lorena",diputados,Rio Negro,2,2007-2009; 2009-2011,2007,2011,5,379,379,0.6939,0.73,0.1825,0.0875,240,PERONISMO FEDERAL,4,FRENTE PARA LA VICTORIA → UNION PERONISTA → PERONISMO FEDERAL → COALICION CIVICA,398.0,0.1811,0.2553
leg:aafedc91513b,ROSSO Victoria,diputados,San Luis,2,2017-2019; 2019-2021,2017,2021,5,248,248,0.8145,0.7772,0.1733,0.0495,192,FRENTE DE TODOS,3,COMPROMISO FEDERAL → UNIDAD JUSTICIALISTA → FRENTE DE TODOS,248.0,0.131,0.0227
leg:401e5a8d63bb,"ROSSO, Graciela Zulema",diputados,Buenos Aires,2,2003-2005; 2005-2007,2005,2007,3,674,674,0.8501,0.9407,0.0506,0.0087,568,SIN BLOQUE,3,FRENTE PARA LA VICTORIA → JUSTICIALISTA → SIN BLOQUE,576.0,0.171,0.1667
leg:2f44d128420d,"ROY, Irma",diputados,Cdad.Aut.Bs.As.,4,1993-1995; 1995-1997; 2001-2003; 2003-2005,1994,2005,6,338,338,0.9556,0.9071,0.0774,0.0155,318,SIN BLOQUE,2,SIN BLOQUE → JUSTICIALISTA,217.0,0.0811,0.1012
leg:3571ccfe588e,RUARTE Adriana Noemi,diputados,Córdoba,2,2019-2021; 2021-2023,2019,2023,5,52,52,0.6923,0.3056,0.6944,0.0,36,PRO,1,PRO,52.0,0.2308,0.0
leg:e61fc5578898,"RUBINI, Mirta Elsa",diputados,Buenos Aires,4,1993-1995; 1995-1997; 2001-2003; 2003-2005,1994,2005,6,338,338,0.787,0.8985,0.0827,0.0188,261,SIN BLOQUE,2,SIN BLOQUE → JUSTICIALISTA,217.0,0.2227,0.1482
leg:d123ab8f4c9b,RUBÍN Carlos Gustavo,diputados,Corrientes,2,2013-2015; 2015-2017,2014,2017,4,511,511,0.9393,0.9292,0.0625,0.0083,476,JUSTICIALISTA,2,FRENTE PARA LA VICTORIA → JUSTICIALISTA,629.0,0.0632,0.0502
leg:8a725f61cac5,RUCCI Claudia Mónica,diputados,Buenos Aires,3,2009-2011; 2011-2013; 2015-2017,2010,2017,6,683,683,0.5637,0.8286,0.161,0.0104,381,UNIDOS POR UNA NUEVA ARGENTINA,3,PERONISMO FEDERAL → UNIDOS POR UNA NUEVA ARGENTINA → FRENTE PERONISTA,807.0,0.1876,0.1519
leg:c1262082521d,"RUCKAUF, Carlos Federico",diputados,Buenos Aires,2,2003-2005; 2005-2007,2003,2007,5,893,893,0.598,0.912,0.0712,0.0169,525,SIN BLOQUE,3,JUSTICIALISTA → SIN BLOQUE → PERONISTA FEDERAL,711.0,0.3245,0.1463
leg:657814844622,RUIZ ARAGÓN José Arnaldo,diputados,Corrientes,3,2015-2017; 2017-2019; 2019-2021,2016,2021,6,555,555,0.5856,0.6369,0.3477,0.0154,320,FRENTE DE TODOS,2,FRENTE PARA LA VICTORIA → FRENTE DE TODOS,555.0,0.3621,0.129
leg:7c6ab1a90b80,RUIZ Aida Delia,diputados,Santiago del Estero,2,2011-2013; 2013-2015,2011,2015,5,476,476,0.9706,0.9805,0.0173,0.0022,461,FRENTE CIVICO POR SANTIAGO,1,FRENTE CIVICO POR SANTIAGO,699.0,0.0358,0.0365
leg:6b5bb99151e8,"RUIZ, Ramón",diputados,Buenos Aires,2,2007-2009; 2009-2011,2007,2010,4,323,323,0.7709,0.9116,0.0763,0.012,246,FRENTE PARA LA VICTORIA,1,FRENTE PARA LA VICTORIA,323.0,0.2307,0.3478
leg:d42d4e1d7b61,RUSSO Laura,diputados,Buenos Aires,2,2017-2019; 2019-2021,2017,2021,5,248,248,0.7097,0.75,0.2216,0.0284,171,FRENTE DE TODOS,2,FRENTE PARA LA VICTORIA → FRENTE DE TODOS,248.0,0.2771,0.1818
leg:d7af28de98aa,"Rampi, Pascual Angel",diputados,,1,1995-1997,1997,1997,1,12,12,0.8333,0.5,0.5,0.0,10,SIN BLOQUE,1,SIN BLOQUE,,,
leg:df946a244b70,"Randazzo, Florencio",diputados,Buenos Aires,2,2021-2023; 2023-2025,2022,2025,4,291,291,0.6082,0.8814,0.1073,0.0113,175,ENCUENTRO FEDERAL,1,ENCUENTRO FEDERAL,291.0,0.3263,0.1251
leg:a365c0492d7a,"Rauschenberger, Ariel",diputados,La Pampa,4,2017-2019; 2019-2021; 2023-2025; 2025-2027,2017,2026,8,617,617,0.9254,0.6988,0.2907,0.0105,565,UNION POR LA PATRIA,3,JUSTICIALISTA → FRENTE DE TODOS → UNION POR LA PATRIA,627.0,0.1065,0.0342
leg:5e43f81d80d2,"Ravera, Valentina",diputados,Santa Fe,1,2025-2027,2025,2026,2,95,95,1.0,0.8211,0.1789,0.0,95,LA LIBERTAD AVANZA,1,LA LIBERTAD AVANZA,105.0,0.019,0.0
leg:8556608d1e45,"Ravier, Adrian",diputados,La Pampa,1,2025-2027,2025,2026,2,82,82,1.0,0.8415,0.1585,0.0,82,LA LIBERTAD AVANZA,1,LA LIBERTAD AVANZA,92.0,0.0,0.0
leg:7942cc844e1d,"Razzini, Veronica",diputados,Santa Fe,2,2023-2025; 2025-2027,2024,2026,3,369,369,0.8943,0.6576,0.3364,0.0061,328,LA LIBERTAD AVANZA,1,LA LIBERTAD AVANZA,379.0,0.1516,0.0247
leg:c9f736d13e70,"Re, Ricardo Horacio",diputados,,1,1993-1995,1994,1994,1,14,14,0.7857,0.6364,0.3636,0.0,11,SIN BLOQUE,1,SIN BLOQUE,,,
leg:7dc6437f717a,"Reichardt, Karen",diputados,Buenos Aires,1,2025-2027,2025,2026,2,95,95,1.0,0.8211,0.1789,0.0,95,LA LIBERTAD AVANZA,1,LA LIBERTAD AVANZA,105.0,0.0,0.0
leg:5bbdbee6a622,"Remedi, Luz Elizabeth",diputados,,1,1995-1997,1997,1997,1,12,12,0.8333,0.5,0.3,0.2,8,SIN BLOQUE,1,SIN BLOQUE,,,
leg:8584a77eb06f,"Reyes, Roxana",diputados,Santa Cruz,4,2017-2019; 2019-2021; 2021-2023; 2023-2025,2017,2025,9,539,539,0.9351,0.6528,0.3095,0.0377,485,SIN BLOQUE,2,UCR → SIN BLOQUE,,,
leg:83c0450ced2c,"Rico, Aldo",diputados,,2,1993-1995; 1995-1997,1994,1997,2,26,26,0.2308,0.3333,0.6667,0.0,6,SIN BLOQUE,1,SIN BLOQUE,,,
leg:fbfe0edcf70b,"Riesco, Gaston",diputados,Neuquen,1,2025-2027,2025,2026,2,95,95,1.0,0.8211,0.1789,0.0,95,LA LIBERTAD AVANZA,1,LA LIBERTAD AVANZA,105.0,0.0,0.0
leg:8d1c50ec300e,"Ripoll, Vilma",diputados,Buenos Aires,1,2023-2025,2025,2025,1,63,63,1.0,0.873,0.0476,0.0794,58,MST - FRENTE DE IZQUIERDA Y TRABAJADORES UNIDAD,1,MST - FRENTE DE IZQUIERDA Y TRABAJADORES UNIDAD,63.0,0.0,0.0
leg:ce7f0a540add,"Rivadera, Marta Liliana",diputados,,1,1995-1997,1997,1997,1,12,12,0.5833,0.5714,0.4286,0.0,7,SIN BLOQUE,1,SIN BLOQUE,,,
leg:21bedba4a7c1,"Rizzotti, Jorge",diputados,Jujuy,4,2019-2021; 2021-2023; 2023-2025; 2025-2027,2019,2026,8,421,421,0.7577,0.8119,0.1223,0.0658,298,PROVINCIAS UNIDAS,2,UCR → PROVINCIAS UNIDAS,431.0,0.3165,0.2784
leg:635866f4f40c,"Roberti, Raquel",diputados,,1,1995-1997,1997,1997,1,12,12,0.5833,0.7143,0.2857,0.0,7,SIN BLOQUE,1,SIN BLOQUE,,,
leg:1fb501acd9d5,"Roberto, Santiago Luis",diputados,Ciudad de Buenos Aires,1,2025-2027,2025,2026,2,95,95,0.9579,0.3187,0.6813,0.0,91,UNION POR LA PATRIA,1,UNION POR LA PATRIA,105.0,0.0532,0.1111
leg:43522fc8cf86,"Robles, Miguel Angel",diputados,,1,1995-1997,1997,1997,1,12,12,0.1667,1.0,0.0,0.0,2,SIN BLOQUE,1,SIN BLOQUE,,,
leg:d6e5603bc8a7,"Roca, Gonzalo",diputados,Cordoba,1,2025-2027,2025,2026,2,95,95,1.0,0.8211,0.1789,0.0,95,LA LIBERTAD AVANZA,1,LA LIBERTAD AVANZA,105.0,0.0,0.0
leg:005ef1782b6b,"Rodrigo, Esteban Joaquin",diputados,,1,1993-1995,1994,1994,1,14,14,0.2143,0.6667,0.0,0.3333,2,SIN BLOQUE,1,SIN BLOQUE,,,
leg:4d4fa0fe78f0,"Rodriguez Sañudo, Hugo B.",diputados,,1,1993-1995,1994,1994,1,14,14,0.6429,0.6667,0.3333,0.0,9,SIN BLOQUE,1,SIN BLOQUE,,,
leg:a7617b3e9981,"Rodriguez, José",diputados,,1,1993-1995,1994,1994,1,14,14,0.2857,0.75,0.25,0.0,4,SIN BLOQUE,1,SIN BLOQUE,,,
leg:d9570d7d0a91,"Rodriguez, Mabel E.",diputados,,2,1993-1995; 1995-1997,1994,1997,2,26,26,0.8846,0.6957,0.3043,0.0,23,SIN BLOQUE,1,SIN BLOQUE,,,
leg:a4e8fb1fc9f1,"Rodriguez, Miguel",diputados,Tierra del Fuego,1,2025-2027,2025,2026,2,95,95,1.0,0.8211,0.1789,0.0,95,LA LIBERTAD AVANZA,1,LA LIBERTAD AVANZA,105.0,0.0,0.0
leg:39794c8b72d1,"Roig, Angel",diputados,,1,1993-1995,1994,1994,1,14,14,0.7857,0.2727,0.6364,0.0909,10,SIN BLOQUE,1,SIN BLOQUE,,,
leg:248b2b3ed459,"Rojo, Rubén Dario",diputados,,2,1993-1995; 1995-1997,1994,1997,2,26,26,1.0,0.5385,0.4231,0.0385,25,SIN BLOQUE,1,SIN BLOQUE,,,
leg:4e1b6c527082,"Rollano, Eduardo Daniel",diputados,,1,1995-1997,1997,1997,1,12,12,0.9167,0.4545,0.5455,0.0,11,SIN BLOQUE,1,SIN BLOQUE,,,
leg:b17488cfb7d6,"Romero, Ana Clara",diputados,Chubut,2,2021-2023; 2023-2025,2022,2025,4,291,291,0.8076,0.6255,0.3234,0.0511,223,PRO,1,PRO,291.0,0.2631,0.1489
leg:c633da9f5554,"Romero, Carlos Alberto",diputados,,1,1993-1995,1994,1994,1,14,14,0.5,0.8571,0.1429,0.0,7,SIN BLOQUE,1,SIN BLOQUE,,,
leg:e17c9e587f65,"Romero, Humberto Antonio",diputados,,1,1993-1995,1994,1994,1,14,14,0.4286,0.5,0.5,0.0,6,SIN BLOQUE,1,SIN BLOQUE,,,
leg:7792cbc6be65,"Romero, Jorge Antonio",diputados,Corrientes,4,2017-2019; 2019-2021; 2021-2023; 2023-2025,2017,2025,9,539,539,0.9147,0.6755,0.3144,0.0101,488,UNION POR LA PATRIA,3,FRENTE PARA LA VICTORIA → FRENTE DE TODOS → UNION POR LA PATRIA,539.0,0.088,0.029
leg:f1357e17829c,"Rubeo, Luis",diputados,,1,1995-1997,1997,1997,1,12,12,0.6667,0.375,0.625,0.0,8,SIN BLOQUE,1,SIN BLOQUE,,,
leg:48d839a07b53,"Ruiz Palacios, José David",diputados,,2,1993-1995; 1995-1997,1994,1997,2,26,26,0.4615,0.75,0.25,0.0,12,SIN BLOQUE,1,SIN BLOQUE,,,
leg:3fdfd5e72f7d,"Ruiz, Yamila",diputados,Misiones,2,2023-2025; 2025-2027,2024,2026,3,369,369,0.6504,0.8625,0.0917,0.0458,229,INNOVACION FEDERAL,1,INNOVACION FEDERAL,379.0,0.1208,0.0535
leg:2d56ed4d3879,"SAADE, Blanca Azucena",diputados,Salta,2,1999-2001; 2001-2003,2001,2003,3,132,132,0.5455,0.6806,0.2639,0.0556,68,UCR,2,SIN BLOQUE → UCR,106.0,0.4571,0.652
leg:f2c3cc0b0ded,SAADI Gustavo Arturo,diputados,Catamarca,1,2017-2019,2017,2019,3,213,213,0.7559,0.8261,0.1491,0.0248,157,ELIJO CATAMARCA,1,ELIJO CATAMARCA,213.0,0.1408,0.1333
leg:6eccde644130,SABBATELLA Martín,diputados,Buenos Aires,2,2009-2011; 2011-2013,2010,2013,4,376,376,0.4202,0.8544,0.1013,0.0443,151,NUEVO ENCUENTRO,5,FRENTE NUEVO ENCUENTRO → NUEVO ENCUENTRO POPULAR Y SOLIDARIO → UNIDOS POR UNA NUEVA ARGENTINA → NUEVO ENCUENTRO → JUNTOS POR ARGENTINA,500.0,0.3792,0.1503
leg:5e943c60c81b,SACCA Luis Fernando,diputados,Tucumán,2,2011-2013; 2013-2015,2011,2015,5,476,476,0.4937,0.4809,0.4596,0.0596,221,UCR,1,UCR,699.0,0.3558,0.3391
leg:750044b07882,SAHAD Julio Enrique,diputados,La Rioja,2,2017-2019; 2019-2021,2017,2021,5,248,248,0.875,0.6682,0.3272,0.0046,216,PRO,1,PRO,248.0,0.1517,0.3182
leg:96b4c6c0054e,"SALIM, Fernando Omar",diputados,Santiago del Estero,5,1995-1997; 1999-2001; 2001-2003; 2003-2005; 2005-2007,1997,2006,7,688,688,0.4215,0.8379,0.1034,0.0586,273,SIN BLOQUE,3,SIN BLOQUE → JUSTICIALISTA → FRENTE PARA LA VICTORIA,489.0,0.5466,0.3412
leg:4304180973d3,"SALIM, Juan Arturo",diputados,Tucumán,5,2003-2005; 2005-2007; 2007-2009; 2009-2011; 2011-2013,2005,2013,9,1325,1325,0.9336,0.9499,0.0461,0.004,1232,FRENTE PARA LA VICTORIA,2,FRENTE PARA LA VICTORIA → JUSTICIALISTA,1449.0,0.0716,0.0628
leg:06b5416d586b,"SALUM, Osvaldo Rubén",diputados,Salta,3,2003-2005; 2005-2007; 2007-2009,2005,2009,5,949,949,0.8335,0.9381,0.0493,0.0126,781,FRENTE PARA LA VICTORIA,3,FRENTE PARA LA VICTORIA → JUSTICIALISTA → SIN BLOQUE,842.0,0.1876,0.0909
leg:f38adc9f56b6,SALVADOR Sebastian Nicolás,diputados,Buenos Aires,2,2019-2021; 2021-2023,2019,2023,5,52,52,0.9615,0.38,0.62,0.0,50,UCR,1,UCR,52.0,0.0495,0.0
leg:c59ac0e92de9,SALVAREZZA Roberto,diputados,Buenos Aires,1,2017-2019,2017,2019,3,213,213,0.9108,0.6753,0.299,0.0258,189,FRENTE PARA LA VICTORIA,1,FRENTE PARA LA VICTORIA,213.0,0.0785,0.0
leg:aed054cc6c53,SAN MARTÍN Adrián,diputados,Neuquén,2,2013-2015; 2015-2017,2014,2017,4,511,511,0.6301,0.9503,0.0435,0.0062,320,MOVIMIENTO POPULAR NEUQUINO,2,MOV POP NEUQUINO → MOVIMIENTO POPULAR NEUQUINO,629.0,0.2064,0.2422
leg:e1324a8adcb9,SANCHEZ Francisco,diputados,Neuquén,2,2019-2021; 2021-2023,2019,2023,5,52,52,0.1923,0.8,0.2,0.0,10,PRO,1,PRO,52.0,0.7308,0.7778
leg:4fd45e8c1202,"SANCHEZ, Liliana Ester",diputados,Buenos Aires,2,1999-2001; 2001-2003,2001,2003,3,132,132,0.8788,0.6121,0.3017,0.0862,106,UCR,2,SIN BLOQUE → UCR,106.0,0.322,0.4615
leg:a5e09bcfcdfa,"SANTANDER, Mario",diputados,La Rioja,4,1995-1997; 2003-2005; 2005-2007; 2007-2009,1997,2009,6,961,961,0.5692,0.8684,0.0841,0.0475,521,FRENTE PARA LA VICTORIA,4,SIN BLOQUE → JUSTICIALISTA → PERONISTA FEDERAL → FRENTE PARA LA VICTORIA,842.0,0.3619,0.2727
leg:f5061c9e1d84,SANTILLÁN Walter Marcelo,diputados,Tucumán,4,2011-2013; 2013-2015; 2015-2017; 2017-2019,2011,2019,9,996,996,0.9488,0.7937,0.1979,0.0085,937,FRENTE PARA LA VICTORIA,1,FRENTE PARA LA VICTORIA,1219.0,0.031,0.008
leg:8e250aa32b3c,SANTIN Eduardo,diputados,Buenos Aires,4,1993-1995; 1999-2001; 2011-2013; 2013-2015,1994,2015,7,529,529,0.6597,0.6476,0.3095,0.043,334,MOVIMIENTO NACIONAL ALFONSINISTA,2,MOVIMIENTO NACIONAL ALFONSINISTA → UCR,752.0,0.1291,0.006
leg:df31a8a5f6db,SAPAG Alma Liliana,diputados,Neuquén,2,2017-2019; 2019-2021,2017,2021,5,248,248,0.9395,0.7811,0.2103,0.0086,231,MOV POP NEUQUINO,2,MOVIMIENTO POPULAR NEUQUINO → MOV POP NEUQUINO,248.0,0.0,0.0
leg:bc4b1664d2a8,"SAQUER, José Luis",diputados,Chaco,1,1999-2001,2001,2001,1,39,39,0.3846,0.2667,0.6,0.1333,13,UCR,2,SIN BLOQUE → UCR,24.0,0.6508,0.75
leg:a0316f90435b,"SAREDI, Roberto Miguel",diputados,Buenos Aires,1,2001-2003,2002,2003,2,93,93,0.9785,0.8022,0.1648,0.033,88,JUSTICIALISTA,2,JUSTICIALISTA → SIN BLOQUE,82.0,0.1166,0.0951
leg:7c7a458ca104,"SARGHINI, Jorge Emilio",diputados,Buenos Aires,4,2003-2005; 2005-2007; 2007-2009; 2019-2021,2003,2021,9,987,987,0.5998,0.7111,0.2483,0.0405,568,CONSENSO FEDERAL,6,JUSTICIALISTA → PERONISTA FEDERAL → CONSENSO FEDERAL → JUSTICIALISTA NACIONAL → UNION PERONISTA → FRENTE DE TODOS,987.0,0.2505,0.3
leg:687a4ba03546,"SARTORI, Diego Horacio",diputados,Misiones,4,2003-2005; 2005-2007; 2019-2021; 2021-2023,2003,2023,10,945,945,0.7852,0.9367,0.0553,0.0081,736,FRENTE DE LA CONCORDIA MISIONERO,3,JUSTICIALISTA → FRENTE DE LA CONCORDIA MISIONERO → FRENTE PARA LA VICTORIA,945.0,0.2002,0.0129
leg:6e8fc93c30a0,"SATRAGNO, Lidia Elsa",diputados,Buenos Aires,2,2007-2009; 2009-2011,2007,2011,5,379,379,0.4433,0.631,0.369,0.0,168,PRO,2,PRO → PARTIDO BLOQUISTA DE SAN JUAN,398.0,0.3344,0.3859
leg:9797211a923b,"SAVRON, Hayde Teresa",diputados,Neuquén,2,1999-2001; 2001-2003,2001,2003,3,132,132,0.4621,0.4918,0.3443,0.1639,51,MOVIMIENTO POPULAR NEUQUINO,2,MOVIMIENTO POPULAR NEUQUINO → SIN BLOQUE,106.0,0.3035,0.1667
leg:041aa4d59e48,SCAGLIA Gisela,diputados,Santa Fe,5,2013-2015; 2015-2017; 2017-2019; 2019-2021; 2025-2027,2014,2026,10,854,854,0.8115,0.7013,0.2525,0.0462,661,PROVINCIAS UNIDAS,2,PRO → PROVINCIAS UNIDAS,982.0,0.2314,0.317
leg:d438c757db67,"SCALESI, Juan Carlos",diputados,Rio Negro,2,2007-2009; 2009-2011,2007,2011,5,379,379,0.6253,0.9241,0.0591,0.0169,233,CONSENSO FEDERAL,2,DE LA CONCERTACION → CONSENSO FEDERAL,398.0,0.3204,0.2926
leg:3136726f96db,"SCARPIN, Delki",diputados,Santa Fe,1,1999-2001,2001,2001,1,27,27,0.8889,0.7083,0.2083,0.0833,22,UCR,2,UCR → SIN BLOQUE,17.0,0.1765,0.25
leg:78a3ebb9b1b3,SCHIARETTI Juan,diputados,Córdoba,5,1993-1995; 1995-1997; 2001-2003; 2013-2015; 2025-2027,1994,2026,7,365,365,0.2274,0.6627,0.2651,0.0723,77,PROVINCIAS UNIDAS,3,PROVINCIAS UNIDAS → JUSTICIALISTA → UNION POR CORDOBA,491.0,0.2968,0.2236
leg:6ea3e107cbea,SCHIAVONI Alfredo Oscar,diputados,Misiones,2,2019-2021; 2021-2023,2019,2023,5,52,52,0.7885,0.2927,0.7073,0.0,41,PRO,1,PRO,52.0,0.1731,0.0
leg:f1293b705bdb,"SCHIAVONI, Esther Aida",diputados,Cdad.Aut.Bs.As.,2,2003-2005; 2005-2007,2005,2005,1,56,56,0.0536,0.3333,0.3333,0.3333,2,PRO,1,PRO,56.0,0.8512,0.75
leg:9bf150a56678,SCHLERETH David Pablo,diputados,Neuquén,2,2017-2019; 2019-2021,2017,2021,5,248,248,0.9435,0.5897,0.3974,0.0128,231,PRO,1,PRO,248.0,0.0872,0.0455
leg:b65a31c843d3,SCHMIDT LIERMANN Cornelia,diputados,C.A.B.A.,4,2011-2013; 2013-2015; 2015-2017; 2017-2019,2011,2019,9,996,996,0.8835,0.6625,0.3034,0.0341,850,PRO,2,PARTIDO BLOQUISTA DE SAN JUAN → PRO,1219.0,0.1236,0.1677
leg:9412e2c95358,SCHWINDT María Liliana,diputados,Buenos Aires,3,2013-2015; 2015-2017; 2019-2021,2014,2021,6,515,515,0.7942,0.8215,0.1051,0.0733,379,FRENTE DE TODOS,3,FRENTE DE TODOS → FRENTE RENOVADOR → UNIDOS POR UNA NUEVA ARGENTINA,633.0,0.1654,0.1467
leg:2cf175464503,SCIOLI Daniel,diputados,Buenos Aires,4,1999-2001; 2001-2003; 2017-2019; 2019-2021,2001,2020,6,301,301,0.4385,0.7879,0.1742,0.0379,127,FRENTE DE TODOS,3,FRENTE DE TODOS → JUSTICIALISTA → FRENTE PARA LA VICTORIA,259.0,0.4771,0.1892
leg:3a26fa2a39bc,SCIUTTO Rubén Darío,diputados,Tierra del Fuego,4,2007-2009; 2009-2011; 2011-2013; 2013-2015,2007,2015,9,855,855,0.7357,0.8378,0.1224,0.0397,604,PERONISMO MAS AL SUR,2,FRENTE PARA LA VICTORIA → PERONISMO MAS AL SUR,1097.0,0.1236,0.0431
leg:891c937dd9a8,SCOTTO Silvia Carolina,diputados,Córdoba,1,2013-2015,2014,2014,1,28,28,0.9643,0.9259,0.0741,0.0,27,FRENTE PARA LA VICTORIA,1,FRENTE PARA LA VICTORIA,43.0,0.0465,0.0556
leg:15732fd72107,"SEBRIANO, Luis Alberto",diputados,Formosa,2,1999-2001; 2001-2003,2001,2003,3,132,132,0.6136,0.8025,0.1975,0.0,81,JUSTICIALISTA,2,JUSTICIALISTA → SIN BLOQUE,106.0,0.3013,0.4579
leg:0c3b7508803f,SEGARRA Adela Rosa,diputados,Buenos Aires,4,2007-2009; 2009-2011; 2011-2013; 2013-2015,2007,2015,9,855,855,0.9275,0.9445,0.0492,0.0063,788,FRENTE PARA LA VICTORIA,1,FRENTE PARA LA VICTORIA,1097.0,0.0691,0.0369
leg:dcb88c873907,"SEJAS, Lisandro Mauricio",diputados,Buenos Aires,1,2001-2003,2002,2003,2,83,83,0.4458,0.5676,0.4054,0.027,36,U. CE. DE.,3,JUSTICIALISTA → U. CE. DE. → SIN BLOQUE,72.0,0.2741,0.4452
leg:f50673193841,"SELLARES, Francisco Nicolás",diputados,Santa Fe,2,2001-2003; 2003-2005,2002,2005,4,312,312,0.7853,0.9102,0.0571,0.0327,237,SIN BLOQUE,2,JUSTICIALISTA → SIN BLOQUE,217.0,0.2681,0.5245
leg:1de025f5e0f7,SELVA Carlos Américo,diputados,Buenos Aires,4,2015-2017; 2017-2019; 2019-2021; 2021-2023,2016,2023,8,572,572,0.8357,0.8703,0.0941,0.0356,461,FRENTE DE TODOS,2,UNIDOS POR UNA NUEVA ARGENTINA → FRENTE DE TODOS,572.0,0.1768,0.1212
leg:1b70c2dc1d83,SEMHAN María de las Mercedes,diputados,Corrientes,2,2013-2015; 2015-2017,2014,2017,4,511,511,0.7593,0.7242,0.2655,0.0103,384,UCR,1,UCR,629.0,0.2326,0.2543
leg:f92f3c73a21d,SEMINARA Eduardo Jorge,diputados,Santa Fe,2,2013-2015; 2015-2017,2014,2017,4,511,511,0.9217,0.7176,0.2781,0.0042,469,FRENTE PARA LA VICTORIA,1,FRENTE PARA LA VICTORIA,629.0,0.0652,0.06
leg:9691e1bccb58,"SEREBRINSKY, Gustavo Eduardo",diputados,Buenos Aires,2,2007-2009; 2009-2011,2007,2011,5,379,379,0.7704,0.9041,0.0651,0.0308,283,UCR,2,DE LA CONCERTACION → UCR,398.0,0.2349,0.2979
leg:062532d73f65,"SESMA, Laura Judith",diputados,Córdoba,3,2003-2005; 2005-2007; 2007-2009,2005,2009,5,949,949,0.4795,0.6923,0.2615,0.0462,434,PARTIDO SOCIALISTA,2,PARTIDO SOCIALISTA → SIN BLOQUE,842.0,0.379,0.1818
leg:6f528f933687,SIERRA Magdalena,diputados,Buenos Aires,2,2017-2019; 2019-2021,2017,2020,4,247,247,0.7895,0.7077,0.2615,0.0308,189,FRENTE DE TODOS,2,FRENTE PARA LA VICTORIA → FRENTE DE TODOS,247.0,0.2175,0.0
leg:0932694a4303,SIMONCINI Silvia Rosa,diputados,Santa Fe,2,2011-2013; 2013-2015,2011,2015,5,476,476,0.8403,0.9775,0.0175,0.005,398,FRENTE PARA LA VICTORIA,1,FRENTE PARA LA VICTORIA,699.0,0.1705,0.1814
leg:c07f4f2e9c3e,"SLUGA, Juan Carlos",diputados,Buenos Aires,4,2003-2005; 2005-2007; 2007-2009; 2009-2011,2003,2011,9,1272,1272,0.6533,0.9386,0.0542,0.0072,825,FRENTE PARA LA VICTORIA,2,JUSTICIALISTA → FRENTE PARA LA VICTORIA,1291.0,0.3481,0.2566
leg:3bbc3df4698d,SNOPEK Alejandro,diputados,Jujuy,2,2015-2017; 2017-2019,2016,2019,4,520,520,0.7827,0.8649,0.0934,0.0418,390,CONSENSO FEDERAL,2,UNIDOS POR UNA NUEVA ARGENTINA → CONSENSO FEDERAL,520.0,0.2115,0.4583
leg:59025a137533,"SNOPEK, Carlos Daniel",diputados,Jujuy,5,1999-2001; 2001-2003; 2003-2005; 2005-2007; 2007-2009,2001,2009,9,1300,1300,0.9208,0.8881,0.0727,0.0393,1150,FRENTE PARA LA VICTORIA,3,JUSTICIALISTA → SIN BLOQUE → FRENTE PARA LA VICTORIA,1083.0,0.1303,0.1685
leg:3163a3942d65,"SODA, Maria Nilda",diputados,Misiones,2,1999-2001; 2001-2003,2001,2003,3,132,132,0.9167,0.5041,0.438,0.0579,114,UCR,2,SIN BLOQUE → UCR,106.0,0.3506,0.2711
leg:63e2cc41c868,SOLANAS Julio Rodolfo,diputados,Entre Ríos,5,2001-2003; 2011-2013; 2013-2015; 2015-2017; 2017-2019,2002,2019,11,1089,1089,0.9201,0.7914,0.1866,0.022,980,FRENTE PARA LA VICTORIA,2,JUSTICIALISTA → FRENTE PARA LA VICTORIA,1230.0,0.0583,0.0241
leg:2903310f180d,"SOLANAS, Raúl Patricio",diputados,Entre Ríos,3,2003-2005; 2005-2007; 2007-2009,2005,2009,5,949,949,0.8072,0.9634,0.0313,0.0052,762,FRENTE PARA LA VICTORIA,3,FRENTE PARA LA VICTORIA → JUSTICIALISTA → SIN BLOQUE,842.0,0.1978,0.0909
leg:2dbc0c1c2333,"SOLMOIRAGO, Raul Jorge",diputados,Misiones,2,1999-2001; 2001-2003,2001,2003,3,132,132,0.7273,0.6458,0.3125,0.0417,92,UCR,2,SIN BLOQUE → UCR,106.0,0.2209,0.4161
leg:f0d101488119,SOLÁ Felipe Carlos,diputados,Buenos Aires,6,2007-2009; 2009-2011; 2011-2013; 2013-2015; 2015-2017; 2017-2019,2007,2019,13,1257,1257,0.6985,0.7426,0.1993,0.0581,827,RED POR ARGENTINA,8,FRENTE PARA LA VICTORIA → UNION PERONISTA → FRENTE DE TODOS → PERONISMO FEDERAL → COALICION CIVICA → FRENTE RENOVADOR → UNIDOS POR UNA NUEVA ARGENTINA → RED POR ARGENTINA,1499.0,0.2633,0.3094
leg:2ac4f861fef6,SORAIRE Mirta Alicia,diputados,Tucumán,2,2015-2017; 2017-2019,2016,2019,4,520,520,0.8404,0.6339,0.3501,0.016,430,FRENTE PARA LA VICTORIA,1,FRENTE PARA LA VICTORIA,520.0,0.175,0.1667
leg:1add947248d5,SORGENTE Marcelo Adolfo,diputados,C.A.B.A.,1,2015-2017,2016,2017,2,307,307,0.5831,0.8212,0.1732,0.0056,178,PRO,1,PRO,307.0,0.4133,0.3333
leg:65e3177822c9,SORIA María Emilia,diputados,Rio Negro,3,2013-2015; 2015-2017; 2017-2019,2014,2019,6,724,724,0.7486,0.6937,0.297,0.0092,537,FRENTE PARA LA VICTORIA,1,FRENTE PARA LA VICTORIA,842.0,0.2287,0.1879
leg:0c037003da02,SOSA Soledad,diputados,Mendoza,1,2015-2017,2016,2017,2,307,307,0.9316,0.2692,0.5909,0.1399,246,FRENTE DE IZQUIERDA,1,FRENTE DE IZQUIERDA,307.0,0.0461,0.0
leg:5f32bd3a4570,"SOSA, Carlos Alberto",diputados,Salta,2,2003-2005; 2005-2007,2003,2007,5,893,893,0.7077,0.7484,0.2009,0.0506,600,SIN BLOQUE,2,RENOVADOR DE SALTA → SIN BLOQUE,711.0,0.2131,0.0909
leg:d647571c8808,"SOTO, Gladys Beatriz",diputados,Chaco,5,2003-2005; 2005-2007; 2007-2009; 2011-2013; 2013-2015,2005,2015,10,1425,1425,0.8239,0.9617,0.0332,0.0051,1168,FRENTE PARA LA VICTORIA,2,FRENTE PARA LA VICTORIA → JUSTICIALISTA,1648.0,0.1786,0.1709
leg:a648df1b95b9,"SOÑEZ, Federico Roman",diputados,Entre Ríos,1,1999-2001,2001,2001,1,39,39,0.4872,0.5263,0.4737,0.0,19,FREPASO,2,FREPASO → SIN BLOQUE,24.0,0.5624,0.75
leg:f50c5f651ddf,"SPATOLA, Paola Rosana",diputados,Buenos Aires,3,2003-2005; 2005-2007; 2007-2009,2005,2009,5,949,949,0.6986,0.7813,0.1584,0.0603,623,GUARDIA PERONISTA,3,PRO → GUARDIA PERONISTA → SIN BLOQUE,842.0,0.0165,0.1818
leg:a6ac83d7f835,SPINOZZI Ricardo Adrián,diputados,Santa Fe,2,2013-2015; 2015-2017,2014,2017,4,511,511,0.8806,0.7778,0.1889,0.0333,435,PRO,1,PRO,629.0,0.1554,0.28
leg:71ff78b207f3,SPOSITO Ayelén,diputados,Rio Negro,1,2019-2021,2019,2021,3,35,35,1.0,1.0,0.0,0.0,35,FRENTE DE TODOS,1,FRENTE DE TODOS,35.0,0.0,0.0
leg:29dbe1b531e1,STEFANI Héctor Antonio,diputados,Tierra del Fuego,4,2017-2019; 2019-2021; 2021-2023; 2023-2025,2017,2024,8,393,393,0.9084,0.6583,0.3277,0.014,352,PRO,1,PRO,393.0,0.11,0.0847
leg:61feddbb6afe,"STELLA, Anibal Jesus",diputados,Buenos Aires,2,2003-2005; 2005-2007,2004,2007,4,823,823,0.8493,0.917,0.0558,0.0272,680,SIN BLOQUE,3,JUSTICIALISTA → SIN BLOQUE → PERONISTA FEDERAL,659.0,0.2307,0.4512
leg:26ba6fa74256,STILMAN Mariana,diputados,Buenos Aires,2,2019-2021; 2021-2023,2019,2023,5,52,52,0.9423,0.3469,0.6531,0.0,49,COALICION CIVICA,1,COALICION CIVICA,52.0,0.0481,0.0
leg:b067aa2a9852,STOLBIZER Margarita Rosa,diputados,Buenos Aires,9,1999-2001; 2001-2003; 2003-2005; 2009-2011; 2011-2013; 2013-2015; 2015-2017; 2021-2023; 2023-2025,2001,2025,17,1529,1529,0.6704,0.5922,0.3717,0.0361,988,ENCUENTRO FEDERAL,3,ENCUENTRO FEDERAL → UCR → GEN,1054.0,0.1858,0.2183
leg:91f9c58e7852,STORANI María Luisa,diputados,Buenos Aires,2,2009-2011; 2011-2013,2010,2013,4,376,376,0.7447,0.6607,0.3214,0.0179,275,UCR,1,UCR,500.0,0.1564,0.161
leg:c58d488b2fd3,"STORANI, Federico Teobaldo",diputados,Buenos Aires,4,1993-1995; 1995-1997; 2003-2005; 2005-2007,1994,2007,7,919,919,0.1306,0.5167,0.4417,0.0417,115,SIN BLOQUE,2,SIN BLOQUE → UCR,711.0,0.5416,0.8182
leg:470e2864f449,"STORERO, Hugo",diputados,Santa Fe,3,2001-2003; 2003-2005; 2005-2007,2002,2007,6,986,986,0.8824,0.6218,0.3506,0.0276,846,SIN BLOQUE,2,UCR → SIN BLOQUE,793.0,0.3594,0.0962
leg:85208ac5578d,"STORNI, Silvia",diputados,Córdoba,2,2007-2009; 2009-2011,2007,2011,5,379,379,0.628,0.5714,0.3824,0.0462,227,UCR,1,UCR,398.0,0.2852,0.234
leg:7b0b3696ab77,"STUBRIN, Marcelo Juan Alberto",diputados,Cdad.Aut.Bs.As.,3,1995-1997; 1999-2001; 2001-2003,1997,2003,4,144,144,0.7361,0.6792,0.2358,0.0849,97,UCR,2,SIN BLOQUE → UCR,106.0,0.3636,0.5114
leg:a4ab4dbec3cf,STURZENEGGER Federico Adolfo,diputados,C.A.B.A.,1,2013-2015,2014,2015,2,204,204,0.848,0.5376,0.4046,0.0578,163,PRO,1,PRO,322.0,0.1925,0.1915
leg:73a355d85889,SUAREZ LASTRA Facundo,diputados,C.A.B.A.,2,2017-2019; 2019-2021,2017,2021,5,248,248,0.9597,0.6261,0.3697,0.0042,237,UCR,1,UCR,248.0,0.0391,0.0
leg:5b6c7f6e8aa3,"SYLVESTRE BEGNIS, Juan Héctor",diputados,Santa Fe,3,2003-2005; 2005-2007; 2007-2009,2005,2009,5,949,949,0.8462,0.9352,0.0448,0.0199,787,FRENTE PARA LA VICTORIA,3,FRENTE PARA LA VICTORIA → JUSTICIALISTA → SIN BLOQUE,842.0,0.1716,0.0
leg:9c95beec2d0b,"Saggese, Nestor Mario",diputados,,1,1995-1997,1997,1997,1,12,12,0.3333,0.75,0.25,0.0,4,SIN BLOQUE,1,SIN BLOQUE,,,
leg:87af0cb5ff8a,"Salino, María Antonia",diputados,,2,1993-1995; 1995-1997,1994,1997,2,26,26,0.8077,0.619,0.381,0.0,21,SIN BLOQUE,1,SIN BLOQUE,,,
leg:8e3a0d72aafd,"Salto, Julio Francisco José",diputados,,1,1995-1997,1997,1997,1,12,12,0.5833,0.4286,0.5714,0.0,7,SIN BLOQUE,1,SIN BLOQUE,,,
leg:e8cd0d903581,"Salzmann, Marina Dorotea",diputados,Buenos Aires,1,2025-2027,2025,2026,2,95,95,1.0,0.3579,0.6421,0.0,95,UNION POR LA PATRIA,1,UNION POR LA PATRIA,105.0,0.0048,0.0
leg:7785bc323623,"Sampietro, Darci",diputados,,2,1993-1995; 1995-1997,1994,1997,2,26,26,0.6538,0.6471,0.2941,0.0588,16,SIN BLOQUE,1,SIN BLOQUE,,,
leg:7350a77d65c2,"Sanchez Galdeano, Roque",diputados,,1,1993-1995,1994,1994,1,14,14,0.6429,0.8889,0.1111,0.0,9,SIN BLOQUE,1,SIN BLOQUE,,,
leg:b018f50fe89f,"Sanchez Wrba, Javier",diputados,Buenos Aires,2,2023-2025; 2025-2027,2025,2026,2,175,175,0.9543,0.5389,0.4611,0.0,167,PRO,1,PRO,185.0,0.0182,0.0256
leg:550368709170,"Sanchez, Mary",diputados,,1,1995-1997,1997,1997,1,12,12,1.0,0.75,0.25,0.0,12,SIN BLOQUE,1,SIN BLOQUE,,,
leg:9411284ad141,"Sanchez, Roberto Antonio",diputados,Tucuman,2,2021-2023; 2023-2025,2022,2025,4,291,291,0.9485,0.8043,0.1848,0.0109,273,UCR,1,UCR,291.0,0.1331,0.0532
leg:294195a88442,"Sand, Nancy",diputados,Corrientes,4,2019-2021; 2021-2023; 2023-2025; 2025-2027,2019,2026,8,421,421,0.9952,0.6181,0.3771,0.0048,417,UNION POR LA PATRIA,2,FRENTE DE TODOS → UNION POR LA PATRIA,400.0,0.009,0.0
leg:1012ac943669,"Santa Maria, Jose Francisco",diputados,,1,1995-1997,1997,1997,1,5,5,0.4,0.5,0.5,0.0,2,SIN BLOQUE,1,SIN BLOQUE,,,
leg:3e3162f9e4dd,"Santillan Juarez Brahim, Juliana",diputados,Buenos Aires,2,2023-2025; 2025-2027,2024,2026,3,369,369,0.9593,0.5678,0.4322,0.0,354,LA LIBERTAD AVANZA,1,LA LIBERTAD AVANZA,379.0,0.0317,0.0
leg:3c3d2be2eb7f,"Santoro, Leandro",diputados,Ciudad de Buenos Aires,2,2021-2023; 2023-2025,2022,2025,4,291,291,0.9347,0.6654,0.3235,0.011,269,UNION POR LA PATRIA,1,UNION POR LA PATRIA,291.0,0.0677,0.0851
leg:49d539127e2b,"Santos, Gustavo",diputados,Cordoba,1,2021-2023,2022,2023,2,15,15,0.3333,0.6,0.4,0.0,5,PRO,1,PRO,15.0,0.4,0.5
leg:304d82161f94,"Santurio, Santiago",diputados,Buenos Aires,2,2023-2025; 2025-2027,2024,2026,3,369,369,0.9837,0.562,0.438,0.0,363,LA LIBERTAD AVANZA,1,LA LIBERTAD AVANZA,379.0,0.008,0.0
leg:380432a253d0,"Sarapura, Natalia Silvina",diputados,Jujuy,2,2021-2023; 2023-2025,2023,2025,3,279,279,0.9247,0.8178,0.1589,0.0233,252,UCR,1,UCR,279.0,0.1923,0.1196
leg:65b0ace66961,"Sarquiz, José Alberto",diputados,,2,1993-1995; 1995-1997,1994,1997,2,26,26,0.3077,0.625,0.375,0.0,8,SIN BLOQUE,1,SIN BLOQUE,,,
leg:ac33f8881d16,"Sat, Oscar",diputados,,1,1995-1997,1997,1997,1,12,12,0.8333,0.4,0.5,0.1,9,SIN BLOQUE,1,SIN BLOQUE,,,
leg:53129c99d938,"Scelzi, Carlos José",diputados,,1,1993-1995,1994,1994,1,14,14,0.5714,0.75,0.25,0.0,8,SIN BLOQUE,1,SIN BLOQUE,,,
leg:2d12c7562d04,"Schlotthauer, Monica Leticia",diputados,Buenos Aires,2,2017-2019; 2023-2025,2019,2025,3,204,204,0.5637,0.5739,0.3739,0.0522,109,IZQUIERDA SOCIALISTA FIT-UNIDAD,3,NO INTEGRA BLOQUE → IZQUIERDA SOCIALISTA - FIT → IZQUIERDA SOCIALISTA FIT-UNIDAD,204.0,0.0,0.0
leg:c95dd25596cf,"Schneider, Dario",diputados,Entre Rios,1,2025-2027,2025,2026,2,95,95,0.9895,0.8085,0.1809,0.0106,93,UCR,1,UCR,105.0,0.0063,0.0185
leg:39d56caa97c9,"Scrimizzi, Gloria Elida",diputados,,1,1995-1997,1997,1997,1,12,12,1.0,0.5,0.5,0.0,12,SIN BLOQUE,1,SIN BLOQUE,,,
leg:19221a8b4322,"Sebastiani, Claudio Augusto",diputados,Buenos Aires,3,1993-1995; 1995-1997; 1999-2001,1994,2001,3,65,65,0.4154,0.5556,0.4444,0.0,27,JUSTICIALISTA,2,SIN BLOQUE → JUSTICIALISTA,24.0,0.5558,0.25
leg:6e818766fec9,"Selva, Sabrina",diputados,Buenos Aires,2,2023-2025; 2025-2027,2024,2026,3,369,369,0.9837,0.5785,0.4215,0.0,363,UNION POR LA PATRIA,1,UNION POR LA PATRIA,379.0,0.0165,0.0
leg:89f048287571,"Serquis, Adriana Cristina",diputados,Rio Negro,1,2025-2027,2025,2026,2,95,95,0.9684,0.3152,0.6848,0.0,92,UNION POR LA PATRIA,1,UNION POR LA PATRIA,105.0,0.0532,0.0556
leg:32c9c929053d,"Siley, Vanesa Raquel",diputados,Buenos Aires,5,2017-2019; 2019-2021; 2021-2023; 2023-2025; 2025-2027,2017,2026,10,634,634,0.9401,0.6326,0.3624,0.005,593,UNION POR LA PATRIA,3,FRENTE PARA LA VICTORIA → FRENTE DE TODOS → UNION POR LA PATRIA,400.0,0.0379,0.0241
leg:90627434f939,"Smith, Santos",diputados,,1,1993-1995,1994,1994,1,12,12,0.75,0.6667,0.2222,0.1111,8,SIN BLOQUE,1,SIN BLOQUE,,,
leg:0b88f88b28b3,"Sobrino, Margarita María",diputados,,2,1993-1995; 1995-1997,1994,1997,2,26,26,0.6538,0.5882,0.2941,0.1176,15,SIN BLOQUE,1,SIN BLOQUE,,,
leg:1dfa19ff0bab,"Soldano, Laura",diputados,Cordoba,1,2025-2027,2025,2026,2,95,95,1.0,0.8211,0.1789,0.0,95,LA LIBERTAD AVANZA,1,LA LIBERTAD AVANZA,105.0,0.0,0.0
leg:e2fe293278d9,"Soria, Carlos Ernesto",diputados,Buenos Aires,3,1993-1995; 1995-1997; 1999-2001,1994,2001,3,65,65,0.6308,0.7561,0.2439,0.0,41,JUSTICIALISTA,2,SIN BLOQUE → JUSTICIALISTA,24.0,0.255,0.0
leg:c482b6d80b28,"Soria, Edmundo del Valle",diputados,,1,1995-1997,1997,1997,1,12,12,0.8333,0.6,0.4,0.0,10,SIN BLOQUE,1,SIN BLOQUE,,,
leg:c1f6a619c8b9,"Sotolano, Maria",diputados,Buenos Aires,2,2021-2023; 2023-2025,2022,2025,4,291,291,0.9347,0.5478,0.4191,0.0331,263,PRO,1,PRO,291.0,0.0698,0.0426
leg:a3fe69f0c24a,"Souto, Natalia Marcela",diputados,Buenos Aires,1,2021-2023,2022,2023,2,17,17,0.9412,0.875,0.125,0.0,16,FRENTE DE TODOS,1,FRENTE DE TODOS,17.0,0.0,0.0
leg:844cb648d71b,"Speratti, Alfredo Ramiro",diputados,,1,1995-1997,1997,1997,1,12,12,0.9167,0.5455,0.4545,0.0,11,SIN BLOQUE,1,SIN BLOQUE,,,
leg:2cb3f907f032,"Spinoza, Augusto Juan",diputados,,1,1993-1995,1994,1994,1,14,14,0.9286,0.3846,0.5385,0.0769,12,SIN BLOQUE,1,SIN BLOQUE,,,
leg:76973db0067e,"Strada, Julia",diputados,Buenos Aires,2,2023-2025; 2025-2027,2024,2026,3,369,369,0.9593,0.5565,0.4407,0.0028,353,UNION POR LA PATRIA,1,UNION POR LA PATRIA,379.0,0.0435,0.0123
leg:4877cc649997,"Suarez, Juan Carlos",diputados,,1,1995-1997,1997,1997,1,12,12,1.0,0.5,0.5,0.0,12,SIN BLOQUE,1,SIN BLOQUE,,,
leg:8b1bdd5dc228,"Sucaria, Nevef",diputados,,1,1993-1995,1994,1994,1,14,14,0.7143,0.7,0.3,0.0,10,SIN BLOQUE,1,SIN BLOQUE,,,
leg:e024a7a598ea,"Sueiro, Carlos Adolfo",diputados,,1,1993-1995,1994,1994,1,14,14,0.5714,0.75,0.25,0.0,8,SIN BLOQUE,1,SIN BLOQUE,,,
leg:1d92e3b0a42c,SÁNCHEZ Fernando,diputados,C.A.B.A.,4,2005-2007; 2007-2009; 2013-2015; 2015-2017,2007,2017,7,967,967,0.789,0.6579,0.2779,0.0642,714,COALICION CIVICA,2,A.R.I → COALICION CIVICA,1085.0,0.1185,0.1156
leg:e9b587863160,TABOADA Jorge,diputados,Chubut,2,2015-2017; 2017-2019,2016,2019,4,520,520,0.575,0.8361,0.1304,0.0334,289,"CULTURA, EDUCACION Y TRABAJO",2,"CHUBUT SOMOS TODOS → CULTURA, EDUCACION Y TRABAJO",520.0,0.0,0.0
leg:cfe8212f1e26,TAILHADE Luis Rodolfo,diputados,Buenos Aires,6,2015-2017; 2017-2019; 2019-2021; 2021-2023; 2023-2025; 2025-2027,2016,2026,11,941,941,0.865,0.6093,0.3784,0.0123,804,UNION POR LA PATRIA,3,FRENTE PARA LA VICTORIA → FRENTE DE TODOS → UNION POR LA PATRIA,551.0,0.1358,0.0968
leg:a88c4956bde2,"TANONI, Enrique",diputados,Salta,2,2001-2003; 2003-2005,2002,2005,4,312,312,0.5224,0.816,0.1411,0.0429,156,SIN BLOQUE,3,F.F.J. AZUL Y BLANCO → JUSTICIALISTA → SIN BLOQUE,217.0,0.4811,0.5207
leg:f563cdd45190,"TATE, Alicia Ester",diputados,Santa Fe,2,2003-2005; 2005-2007,2003,2007,5,893,893,0.6181,0.5761,0.3786,0.0453,527,SIN BLOQUE,2,UCR → SIN BLOQUE,711.0,0.3009,0.1818
leg:e03488e79e96,"TAZZIOLI, Atilio Pascual",diputados,Córdoba,2,1999-2001; 2001-2003,2001,2003,3,131,131,0.5878,0.4935,0.3766,0.1299,67,FRENTE GRANDE,3,FREPASO → SIN BLOQUE → FRENTE GRANDE,105.0,0.3405,0.4524
leg:cbbfa80117bf,TEJEDOR Miguel Angel,diputados,Chaco,1,2013-2015,2014,2014,1,48,48,0.6042,0.6207,0.3103,0.069,27,UCR,1,UCR,77.0,0.3766,0.4286
leg:ce4466f38536,"TEJERINA, Julio Alberto",diputados,Santa Fe,1,1999-2001,2001,2001,1,39,39,0.9231,0.5278,0.4167,0.0556,34,UCR,2,SIN BLOQUE → UCR,24.0,0.2374,0.0
leg:0873fe2c31ed,TENTOR Héctor Olindo,diputados,Jujuy,2,2013-2015; 2015-2017,2014,2017,4,511,511,0.8082,0.9104,0.0751,0.0145,407,JUSTICIALISTA,2,FRENTE PARA LA VICTORIA → JUSTICIALISTA,629.0,0.1517,0.0349
leg:cea6fd02f068,TERADA Alicia,diputados,Chaco,6,2009-2011; 2011-2013; 2013-2015; 2015-2017; 2017-2019; 2019-2021,2010,2021,12,1087,1087,0.7801,0.6179,0.3349,0.0472,808,COALICION CIVICA,2,COALICION CIVICA → DIALOGO Y TRABAJO,1300.0,0.1194,0.132
leg:ea0aa9cc788b,"THOMAS, Enrique Luis",diputados,Mendoza,5,2003-2005; 2005-2007; 2007-2009; 2009-2011; 2011-2013,2005,2013,9,1325,1325,0.7781,0.8274,0.1629,0.0097,1021,FRENTE PERONISTA,5,FRENTE PARA LA VICTORIA → JUSTICIALISTA → FRENTE PERONISTA → UNION PERONISTA → PERONISMO FEDERAL,1449.0,0.1914,0.2321
leg:a3ec7137f8bb,TINEO Javier Héctor,diputados,La Rioja,2,2011-2013; 2013-2015,2011,2015,5,476,476,0.5693,0.9779,0.0148,0.0074,269,FRENTE PARA LA VICTORIA,1,FRENTE PARA LA VICTORIA,699.0,0.4638,0.4738
leg:35fed2b7126a,"TINNIRELLO, Carlos Alberto",diputados,Cdad.Aut.Bs.As.,2,2003-2005; 2005-2007,2003,2007,5,893,893,0.3875,0.1763,0.5549,0.2688,253,SIN BLOQUE,3,AUTODETERMINACION Y LIBERTAD → SIN BLOQUE → RED DE ENCUENTRO SOCIAL,711.0,0.0478,0.0
leg:2a21772fceab,TOLEDO Susana María,diputados,Santa Cruz,2,2013-2015; 2015-2017,2014,2017,4,511,511,0.9022,0.744,0.2191,0.0369,444,UCR,1,UCR,629.0,0.0926,0.1069
leg:2ffad18642d1,"TOLEDO, Hugo David",diputados,Buenos Aires,4,1999-2001; 2001-2003; 2003-2005; 2005-2007,2001,2007,7,1025,1025,0.6127,0.8981,0.078,0.0239,613,SIN BLOQUE,3,JUSTICIALISTA → SIN BLOQUE → PERONISTA FEDERAL,817.0,0.3162,0.2295
leg:f367970a0d78,TOMAS Héctor Daniel,diputados,San Juan,4,2009-2011; 2011-2013; 2013-2015; 2015-2017,2010,2016,7,731,731,0.9289,0.8159,0.1782,0.0059,675,FRENTE PARA LA VICTORIA,1,FRENTE PARA LA VICTORIA,973.0,0.0577,0.0193
leg:2e5d14afc267,TOMASSI Néstor Nicolás,diputados,Catamarca,2,2013-2015; 2015-2017,2014,2017,4,511,511,0.6595,0.9288,0.0593,0.0119,333,JUSTICIALISTA,2,JUSTICIALISTA → FRENTE PARA LA VICTORIA,629.0,0.2577,0.0749
leg:4564d9ddc5fe,"TOMAZ, Adriana Elisa",diputados,Buenos Aires,3,2003-2005; 2005-2007; 2007-2009,2005,2009,5,949,949,0.6259,0.798,0.1616,0.0404,570,PARTIDO UNIDAD FEDERALISTA,3,PARTIDO UNIDAD FEDERALISTA → UNIDAD FEDERALISTA → SIN BLOQUE,842.0,0.1756,0.0909
leg:d3ed942ead63,TONELLI Pablo Gabriel,diputados,C.A.B.A.,8,2003-2005; 2005-2007; 2011-2013; 2013-2015; 2015-2017; 2017-2019; 2019-2021; 2021-2023,2005,2023,16,1722,1722,0.7515,0.6491,0.3014,0.0495,1230,PRO,2,PRO → PARTIDO BLOQUISTA DE SAN JUAN,1945.0,0.2421,0.2742
leg:e3a7d7fea4ba,TORELLO Pablo,diputados,Buenos Aires,4,2015-2017; 2017-2019; 2019-2021; 2021-2023,2016,2023,8,572,572,0.9615,0.7309,0.2527,0.0164,541,PRO,1,PRO,572.0,0.06,0.0
leg:cfb06f2dfbdc,"TORFE, Mónica Liliana",diputados,Salta,2,2007-2009; 2009-2011,2007,2011,5,379,379,0.7652,0.8138,0.1586,0.0276,282,RENOVADOR DE SALTA,1,RENOVADOR DE SALTA,398.0,0.1256,0.0
leg:2610b241f7d8,"TORINO, Héctor Omar",diputados,San Luis,1,2005-2007,2005,2007,3,669,669,0.438,0.9556,0.0375,0.0068,291,SIN BLOQUE,3,FRENTE DEL MOVIMIENTO POPULAR → FRENTE PARA LA VICTORIA → SIN BLOQUE,571.0,0.5893,0.4
leg:5c2b63481f33,TORRES DEL SEL Miguel Ignacio,diputados,Santa Fe,1,2013-2015,2014,2014,1,141,141,0.9716,0.5547,0.3723,0.073,127,PRO,1,PRO,225.0,0.0711,0.0534
leg:9fd4eeaca3f2,"TORRES MOLINA, Ramon Horacio",diputados,Buenos Aires,1,1999-2001,2001,2001,1,39,39,0.8205,0.5,0.375,0.125,28,FRENTE PARA EL CAMBIO,2,FRENTE PARA EL CAMBIO → SIN BLOQUE,24.0,0.1771,0.0
leg:bd4834b45431,"TORRES, Francisco",diputados,Tucumán,1,2003-2005,2003,2005,3,219,219,0.6941,0.3421,0.5263,0.1316,132,FUERZA REPUBLICANA,2,FUERZA REPUBLICANA → SIN BLOQUE,135.0,0.1259,0.0
leg:2afebebfae1d,TORROBA Francisco Javier,diputados,La Pampa,2,2013-2015; 2015-2017,2014,2017,4,511,511,0.9139,0.758,0.2034,0.0385,449,UCR,1,UCR,629.0,0.1037,0.1609
leg:504375ce02aa,"TORRONTEGUI, María Angélica",diputados,San Luis,4,2001-2003; 2003-2005; 2005-2007; 2007-2009,2002,2009,7,1042,1042,0.5163,0.6877,0.2138,0.0985,485,FRENTE JUSTICIA UNION Y LIBERTAD,5,JUSTICIALISTA → FRENTE DEL MOVIMIENTO POPULAR → SIN BLOQUE → JUSTICIALISTA NACIONAL → FRENTE JUSTICIA UNION Y LIBERTAD,924.0,0.2426,0.419
leg:518eab7e19a9,TOVARES Ramon Alberto,diputados,San Juan,1,2015-2017,2016,2017,2,126,126,0.8333,0.781,0.181,0.0381,101,FRENTE PARA LA VICTORIA,1,FRENTE PARA LA VICTORIA,126.0,0.1867,0.3333
leg:57ca14bc6330,"TREJO, Luis Alberto",diputados,Tierra del Fuego,2,1999-2001; 2001-2003,2001,2003,3,132,132,0.7424,0.6224,0.3265,0.051,93,UCR,2,SIN BLOQUE → UCR,106.0,0.1709,0.0747
leg:0c0e5154d55d,TRIACA Alberto Jorge,diputados,C.A.B.A.,3,2009-2011; 2011-2013; 2013-2015,2010,2015,6,580,580,0.4724,0.5401,0.4307,0.0292,266,PRO,2,PRO → PARTIDO BLOQUISTA DE SAN JUAN,822.0,0.2441,0.2504
leg:2c5587a339c0,TROIANO Gabriela Alejandra,diputados,Buenos Aires,2,2013-2015; 2015-2017,2014,2017,4,511,511,0.8552,0.6545,0.2838,0.0618,410,PARTIDO SOCIALISTA,1,PARTIDO SOCIALISTA,629.0,0.101,0.1133
leg:48a46f799600,"TULIO, Rosa Ester",diputados,Buenos Aires,5,1995-1997; 1999-2001; 2001-2003; 2003-2005; 2005-2007,1997,2007,8,1037,1037,0.947,0.9012,0.0835,0.0153,967,SIN BLOQUE,3,SIN BLOQUE → JUSTICIALISTA → PERONISTA FEDERAL,817.0,0.1497,0.1956
leg:3b952a145f6e,TUNDIS Mirta,diputados,Buenos Aires,4,2013-2015; 2015-2017; 2017-2019; 2019-2021,2014,2021,8,759,759,0.8946,0.8292,0.106,0.0648,635,FRENTE DE TODOS,3,FRENTE RENOVADOR → FRENTE DE TODOS → UNIDOS POR UNA NUEVA ARGENTINA,877.0,0.1702,0.2674
leg:60ea1952b0ca,TUNESSI Juan Pedro,diputados,Buenos Aires,2,2009-2011; 2011-2013,2010,2013,4,376,376,0.8245,0.6387,0.3258,0.0355,299,UCR,1,UCR,500.0,0.1284,0.1506
leg:2ef886b88ea2,"Taccetta, Matias",diputados,Chubut,1,2021-2023,2022,2023,2,17,17,0.2941,0.6,0.4,0.0,5,PRO,1,PRO,17.0,0.4706,0.5
leg:8e83c23f0bb2,"Tagliafico, Jose A.",diputados,,1,1995-1997,1997,1997,1,12,12,0.6667,0.625,0.375,0.0,8,SIN BLOQUE,1,SIN BLOQUE,,,
leg:c3ee40a1fa99,"Tavela, Danya",diputados,Buenos Aires,2,2021-2023; 2023-2025,2022,2025,4,291,291,0.9038,0.8517,0.1407,0.0076,261,DEMOCRACIA PARA SIEMPRE,1,DEMOCRACIA PARA SIEMPRE,291.0,0.117,0.2908
leg:5b958791b34e,"Tejeda, Maria Victoria",diputados,Santa Fe,1,2021-2023,2022,2023,2,17,17,0.9412,0.8125,0.1875,0.0,16,EVOLUCION RADICAL,1,EVOLUCION RADICAL,17.0,0.0,0.0
leg:9e3ba1d1727c,"Tenev, Carlos",diputados,,2,1993-1995; 1995-1997,1994,1997,2,26,26,0.6923,0.5556,0.4444,0.0,18,SIN BLOQUE,1,SIN BLOQUE,,,
leg:f6fd8f544f01,"Teodosiu, Jorge Nicolas",diputados,,2,1993-1995; 1995-1997,1994,1997,2,26,26,0.7308,0.5789,0.3684,0.0526,18,SIN BLOQUE,1,SIN BLOQUE,,,
leg:ccb526e387e3,"Tepp, Caren",diputados,Santa Fe,1,2025-2027,2025,2026,2,95,95,0.9895,0.3511,0.6489,0.0,94,UNION POR LA PATRIA,1,UNION POR LA PATRIA,105.0,0.0143,0.0278
leg:0b7b095959a3,"Tetaz, Martin Alberto",diputados,Ciudad de Buenos Aires,2,2021-2023; 2023-2025,2022,2025,4,291,291,0.8522,0.7177,0.1935,0.0887,226,UCR,1,UCR,291.0,0.172,0.3067
leg:afbf7090d811,"Tita, Paulo Agustin",diputados,Tierra del Fuego,1,2025-2027,2025,2026,2,95,95,0.5053,0.6458,0.3542,0.0,48,UNION POR LA PATRIA,1,UNION POR LA PATRIA,105.0,0.481,0.5278
leg:af994a1b790f,"Todero, Pablo",diputados,Neuquen,2,2023-2025; 2025-2027,2024,2026,3,369,369,0.9946,0.5749,0.4251,0.0,367,UNION POR LA PATRIA,1,UNION POR LA PATRIA,379.0,0.0054,0.0
leg:98525f4ffee1,"Togni de Vely, Adriana Leonor",diputados,,2,1993-1995; 1995-1997,1994,1997,2,26,26,0.5,0.5385,0.4615,0.0,13,SIN BLOQUE,1,SIN BLOQUE,,,
leg:f6ec9be10b06,"Tolomeo, Leonor Esther",diputados,,1,1995-1997,1997,1997,1,12,12,0.75,0.3333,0.6667,0.0,9,SIN BLOQUE,1,SIN BLOQUE,,,
leg:f9749397be70,"Tolosa Paz, Victoria",diputados,Buenos Aires,3,2021-2023; 2023-2025; 2025-2027,2022,2026,4,372,372,0.9355,0.5747,0.4224,0.0029,347,UNION POR LA PATRIA,2,FRENTE DE TODOS → UNION POR LA PATRIA,382.0,0.0712,0.0488
leg:c0bf9e206c3b,"Toma, Miguel Angel",diputados,Cdad.Aut.Bs.As.,4,1993-1995; 1995-1997; 1999-2001; 2001-2003,1994,2002,4,78,78,0.4744,0.7297,0.2432,0.027,36,JUSTICIALISTA,2,SIN BLOQUE → JUSTICIALISTA,37.0,0.3993,0.4148
leg:2a05e620799f,"Tomassoni, Yamile",diputados,Santa Fe,1,2025-2027,2025,2026,2,95,95,1.0,0.8211,0.1789,0.0,95,LA LIBERTAD AVANZA,1,LA LIBERTAD AVANZA,105.0,0.0,0.0
leg:6dd32666a0b9,"Toniolli, Eduardo",diputados,Santa Fe,2,2021-2023; 2023-2025,2022,2025,4,291,291,0.9828,0.6538,0.3427,0.0035,285,UNION POR LA PATRIA,1,UNION POR LA PATRIA,291.0,0.0225,0.0
leg:82be690d9804,"Topa, Raúl Roque",diputados,,1,1993-1995,1994,1994,1,14,14,0.3571,0.2,0.6,0.2,4,SIN BLOQUE,1,SIN BLOQUE,,,
leg:e3d8167f86d1,"Torres, Alejandra",diputados,Cordoba,2,2023-2025; 2025-2027,2024,2026,3,369,369,0.6369,0.7234,0.183,0.0936,213,PROVINCIAS UNIDAS,1,PROVINCIAS UNIDAS,379.0,0.355,0.3587
leg:2561c20859a3,"Torres, Ruben Dario",diputados,Buenos Aires,1,2025-2027,2025,2026,2,95,95,1.0,0.8211,0.1789,0.0,95,LA LIBERTAD AVANZA,1,LA LIBERTAD AVANZA,105.0,0.0,0.0
leg:d3ddc36d42a7,"Tortoriello, Anibal",diputados,Rio Negro,3,2021-2023; 2023-2025; 2025-2027,2022,2026,5,386,386,0.8212,0.6246,0.3754,0.0,317,LA LIBERTAD AVANZA,1,LA LIBERTAD AVANZA,396.0,0.1646,0.0843
leg:e92634f808c6,"Toto, Francisco Patricio",diputados,,1,1993-1995,1994,1994,1,14,14,0.8571,0.75,0.25,0.0,12,SIN BLOQUE,1,SIN BLOQUE,,,
leg:d2c738106cc4,"Tournier, Jose Federico",diputados,Corrientes,2,2023-2025; 2025-2027,2024,2026,3,289,289,0.8858,0.5664,0.4336,0.0,256,LA LIBERTAD AVANZA,1,LA LIBERTAD AVANZA,299.0,0.1423,0.037
leg:51d817ff89f2,"Treffinger, Cesar",diputados,Chubut,2,2023-2025; 2025-2027,2024,2026,3,369,369,0.9864,0.5604,0.4396,0.0,364,LA LIBERTAD AVANZA,1,LA LIBERTAD AVANZA,379.0,0.0053,0.0
leg:699b9b2059eb,"Trettel Meyer, Raúl",diputados,,2,1993-1995; 1995-1997,1994,1997,2,26,26,0.6923,0.5556,0.4444,0.0,18,SIN BLOQUE,1,SIN BLOQUE,,,
leg:c1183e1e7285,"Trotta, Nicolas Alfredo",diputados,Buenos Aires,1,2025-2027,2025,2026,2,95,95,1.0,0.3474,0.6526,0.0,95,UNION POR LA PATRIA,1,UNION POR LA PATRIA,105.0,0.0151,0.0
leg:ace1ab09ba08,"Troyano, Silvia Elena",diputados,,1,1993-1995,1994,1994,1,14,14,0.5,0.8571,0.1429,0.0,7,SIN BLOQUE,1,SIN BLOQUE,,,
leg:7aa140f923f0,"UBALDINI, Saul Edolver",diputados,Buenos Aires,3,1999-2001; 2001-2003; 2003-2005,2001,2005,5,351,351,0.9544,0.8567,0.1045,0.0388,322,SIN BLOQUE,2,JUSTICIALISTA → SIN BLOQUE,241.0,0.1504,0.2395
leg:e15836f86eac,UCEDA Marisa Lourdes,diputados,Mendoza,2,2019-2021; 2021-2023,2019,2023,5,52,52,0.9808,0.9608,0.0392,0.0,51,FRENTE DE TODOS,1,FRENTE DE TODOS,52.0,0.0,0.0
leg:69ee6b189fd7,UHRIG Romina Maricel,diputados,Buenos Aires,1,2019-2021,2019,2021,3,35,35,1.0,1.0,0.0,0.0,35,SIN BLOQUE,2,FRENTE DE TODOS → SIN BLOQUE,31.0,0.0,0.0
leg:bc3ec3fc0e82,"URLICH, Carlos",diputados,Chaco,2,2007-2009; 2009-2011,2007,2011,5,379,379,0.7256,0.6327,0.3345,0.0327,266,UCR,1,UCR,398.0,0.1612,0.1501
leg:0bcefbd4429a,URROZ Paula,diputados,Buenos Aires,2,2015-2017; 2017-2019,2016,2019,4,520,520,0.9308,0.7769,0.2066,0.0165,476,PRO,1,PRO,520.0,0.0788,0.0833
leg:5ef6dfb07b65,"URTUBEY, Juan Manuel",diputados,Salta,4,1999-2001; 2001-2003; 2003-2005; 2005-2007,2001,2007,7,949,949,0.8367,0.9106,0.0819,0.0076,788,SIN BLOQUE,3,JUSTICIALISTA → SIN BLOQUE → FRENTE PARA LA VICTORIA,746.0,0.1901,0.1366
leg:abf95f32c616,"Urien, Hernan",diputados,Buenos Aires,1,2025-2027,2025,2026,2,95,95,1.0,0.8211,0.1789,0.0,95,LA LIBERTAD AVANZA,1,LA LIBERTAD AVANZA,105.0,0.0,0.0
leg:caf097cb9d0e,"Usandizaga, Horacio Daniel",diputados,,1,1993-1995,1994,1994,1,14,14,0.5714,0.375,0.5,0.125,7,SIN BLOQUE,1,SIN BLOQUE,,,
leg:a2a7444a3e52,"VACA NARVAJA, Patricia",diputados,Córdoba,3,2003-2005; 2005-2007; 2007-2009,2005,2009,5,743,743,0.8856,0.9529,0.0426,0.0046,655,SIN BLOQUE,3,JUSTICIALISTA → FRENTE PARA LA VICTORIA → SIN BLOQUE,636.0,0.0828,0.0
leg:e609e1d20acb,"VAGO, Ricardo Nicolás",diputados,Buenos Aires,1,1999-2001,2001,2001,1,39,39,0.9744,0.4737,0.5263,0.0,38,FREPASO,2,FREPASO → SIN BLOQUE,24.0,0.2592,0.0
leg:6efab18caa38,"VALDOVINOS, Arnaldo Pastor",diputados,Misiones,1,1999-2001,2001,2001,1,39,39,0.4615,0.8889,0.1111,0.0,18,JUSTICIALISTA,2,JUSTICIALISTA → SIN BLOQUE,24.0,0.21,0.0
leg:4d424331898d,VALDÉS Gustavo Adolfo,diputados,Corrientes,2,2013-2015; 2015-2017,2014,2017,4,511,511,0.6947,0.7408,0.2197,0.0394,341,UCR,1,UCR,629.0,0.2754,0.2069
leg:1c66240af245,VALINOTTO Jorge Anselmo,diputados,Córdoba,2,2011-2013; 2013-2015,2011,2015,5,476,476,0.6555,0.516,0.3814,0.1026,280,FRENTE CIVICO - CORDOBA,1,FRENTE CIVICO - CORDOBA,699.0,0.1705,0.1714
leg:cb1b0b01a087,VALLEJOS María Fernanda,diputados,Buenos Aires,2,2017-2019; 2019-2021,2017,2021,5,248,248,0.4919,0.7787,0.1967,0.0246,119,SIN BLOQUE,3,FRENTE PARA LA VICTORIA → FRENTE DE TODOS → SIN BLOQUE,244.0,0.4743,0.2273
leg:2c223f10b374,VALLONE Andres Alberto,diputados,San Luis,1,2017-2019,2017,2019,3,213,213,0.5117,0.7156,0.156,0.1284,95,UNIDAD JUSTICIALISTA,2,COMPROMISO FEDERAL → UNIDAD JUSTICIALISTA,213.0,0.2746,0.1
leg:c59ae8acbda3,"VANOSSI, Jorge",diputados,Cdad.Aut.Bs.As.,2,2003-2005; 2005-2007,2003,2007,5,893,893,0.4759,0.6282,0.2847,0.0871,388,SIN BLOQUE,3,COMPROMISO PARA EL CAMBIO → SIN BLOQUE → PRO,711.0,0.3129,0.3636
leg:8512e5467baa,VAQUIE Enrique Andrés,diputados,Mendoza,2,2011-2013; 2013-2015,2011,2015,5,476,476,0.6681,0.5189,0.4528,0.0283,309,UCR,1,UCR,699.0,0.1879,0.1739
leg:6c0f76d4c867,VARA Jorge Alberto,diputados,Corrientes,2,2019-2021; 2021-2023,2019,2023,5,52,52,0.8846,0.3043,0.6739,0.0217,45,UCR,1,UCR,31.0,0.0323,0.0
leg:0785033540e5,"VARESE, Luis Segundo",diputados,San Juan,1,1999-2001,2001,2001,1,39,39,0.5641,0.8182,0.1818,0.0,22,CRUZADA RENOVADORA,2,CRUZADA RENOVADORA → SIN BLOQUE,24.0,0.0,0.0
leg:c3dc767c6dca,"VARGAS AIGNASSE, Gerónimo",diputados,Tucumán,4,2003-2005; 2005-2007; 2007-2009; 2009-2011,2003,2011,9,1263,1263,0.7181,0.9206,0.0584,0.0209,888,FRENTE PARA LA VICTORIA,2,JUSTICIALISTA → FRENTE PARA LA VICTORIA,1282.0,0.3024,0.3037
leg:a77580b1efe2,"VARISCO, Sergio Fausto",diputados,Entre Ríos,3,2003-2005; 2005-2007; 2007-2009,2005,2009,5,949,949,0.3646,0.4913,0.4769,0.0318,335,UCR,2,UCR → SIN BLOQUE,842.0,0.3501,0.3636
leg:7089705d9cef,"VARIZAT, Daniel Alberto",diputados,Santa Cruz,2,2001-2003; 2003-2005,2003,2005,3,253,253,0.9605,0.9506,0.0494,0.0,243,SIN BLOQUE,2,JUSTICIALISTA → SIN BLOQUE,159.0,0.058,0.0837
leg:e7e1ad620eb8,VAZQUEZ Juan Benedicto,diputados,Santa Cruz,2,2017-2019; 2019-2021,2017,2021,5,248,248,0.6371,0.8165,0.1392,0.0443,151,FRENTE DE TODOS,2,FRENTE PARA LA VICTORIA → FRENTE DE TODOS,248.0,0.3658,0.0455
leg:e9adacc0d9ce,"VAZQUEZ de TABERNISE, Silvia Beatriz",diputados,Buenos Aires,5,1993-1995; 1995-1997; 1999-2001; 2007-2009; 2009-2011,1994,2011,8,444,444,0.5608,0.8112,0.1566,0.0321,241,PARTIDO DE LA CONCERTACION - FORJA,3,PARTIDO DE LA CONCERTACION - FORJA → UCR → DE LA CONCERTACION,324.0,0.1821,0.0769
leg:1cdf38b457ff,"VAZQUEZ, Ricardo Hector",diputados,Buenos Aires,2,1999-2001; 2001-2003,2001,2003,3,132,132,0.803,0.5943,0.3491,0.0566,100,UCR,2,UCR → SIN BLOQUE,106.0,0.343,0.2652
leg:f0e6ffbdc3ab,VEAUTE Mariana Alejandra,diputados,Catamarca,2,2009-2011; 2011-2013,2010,2013,4,376,376,0.5239,0.5685,0.4162,0.0152,194,DEL BICENTENARIO,3,FRENTE RENOVADOR → UCR → DEL BICENTENARIO,500.0,0.3183,0.3038
leg:585243c3599c,"VEGA, Juan Carlos",diputados,Córdoba,2,2007-2009; 2009-2011,2007,2011,5,379,379,0.4538,0.6628,0.2558,0.0814,158,COALICION CIVICA,1,COALICION CIVICA,398.0,0.4042,0.3418
leg:df1dc746d3d4,"VELARDE, Marta Sylvia",diputados,Santiago del Estero,3,2003-2005; 2005-2007; 2007-2009,2005,2009,5,949,949,0.8008,0.8711,0.1184,0.0105,752,JUSTICIALISMO REPUBLICANO,4,FRENTE PARA LA VICTORIA → JUSTICIALISTA → SIN BLOQUE → JUSTICIALISMO REPUBLICANO,842.0,0.1088,0.2727
leg:2aef1e79d515,"VENICA, Pedro Antonio",diputados,Formosa,3,1999-2001; 2001-2003; 2003-2005,2001,2005,5,351,351,0.0912,0.4375,0.5,0.0625,30,SIN BLOQUE,4,SIN BLOQUE → UCR → FRENTE DEL MOVIMIENTO POPULAR → RICARDO BALBIN,241.0,0.3372,0.5795
leg:bc9b613f959b,VERA GONZALEZ Orieta Cecilia,diputados,Catamarca,2,2015-2017; 2017-2019,2016,2019,4,334,334,0.8653,0.6886,0.2976,0.0138,285,COALICION CIVICA,1,COALICION CIVICA,334.0,0.1407,0.0556
leg:55750a118fb7,"VERA, Pedro Ramón Ademar",diputados,Corrientes,1,2005-2007,2007,2007,1,22,22,0.9091,1.0,0.0,0.0,20,PERONISTA,1,PERONISTA,22.0,0.0,
leg:100701856e2c,VESSVESSIAN Marcela Paola,diputados,Santa Cruz,2,2019-2021; 2021-2023,2019,2023,5,52,52,0.9808,0.9608,0.0392,0.0,51,FRENTE DE TODOS,1,FRENTE DE TODOS,31.0,0.0,0.0
leg:5d5c636a5bda,"VIALE, Lisandro Alfredo",diputados,Entre Ríos,2,2007-2009; 2009-2011,2007,2011,5,379,379,0.8443,0.6844,0.3,0.0156,315,PARTIDO SOCIALISTA,1,PARTIDO SOCIALISTA,398.0,0.1422,0.1064
leg:e73e65429575,VIDELA Nora Esther,diputados,San Luis,2,2009-2011; 2011-2013,2010,2013,4,376,376,0.5984,0.6711,0.2933,0.0356,217,FRENTE PERONISTA,3,COMPROMISO FEDERAL → PERONISMO FEDERAL → FRENTE PERONISTA,500.0,0.1947,0.1797
leg:8a79231478d0,VILAR Daniela,diputados,Buenos Aires,1,2019-2021,2019,2021,3,35,35,1.0,1.0,0.0,0.0,35,FRENTE DE TODOS,1,FRENTE DE TODOS,31.0,0.0,0.0
leg:12fcb10f04ed,VILARIÑO José Antonio,diputados,Salta,4,2007-2009; 2009-2011; 2011-2013; 2013-2015,2007,2015,9,855,855,0.9298,0.9409,0.0516,0.0075,789,FRENTE PARA LA VICTORIA,1,FRENTE PARA LA VICTORIA,1097.0,0.0704,0.0389
leg:fb7b511d12a0,VILLA José Antonio,diputados,San Juan,2,2011-2013; 2013-2015,2011,2015,5,476,476,0.7185,0.9795,0.0205,0.0,342,FRENTE PARA LA VICTORIA,1,FRENTE PARA LA VICTORIA,699.0,0.272,0.241
leg:71621f07e5b4,VILLA Natalia Soledad,diputados,Buenos Aires,2,2017-2019; 2019-2021,2017,2021,5,248,248,0.9798,0.6296,0.3704,0.0,243,PRO,1,PRO,248.0,0.0431,0.0909
leg:9c1abb2aeca0,"VILLALBA, Alfredo Horacio",diputados,Buenos Aires,3,1995-1997; 1999-2001; 2001-2003,1997,2003,4,144,144,0.625,0.4889,0.4556,0.0556,85,FRENTE PARA EL CAMBIO,2,SIN BLOQUE → FRENTE PARA EL CAMBIO,106.0,0.283,0.3333
leg:5f82400ff3de,VILLALONGA Juan Carlos,diputados,C.A.B.A.,2,2015-2017; 2017-2019,2016,2019,4,520,520,0.9577,0.7952,0.1988,0.006,495,PRO,1,PRO,520.0,0.0595,0.0833
leg:d1153089af2e,VILLAR MOLINA María Inés,diputados,Neuquén,2,2013-2015; 2015-2017,2014,2017,4,511,511,0.8474,0.9446,0.0531,0.0023,432,MOVIMIENTO POPULAR NEUQUINO,2,MOVIMIENTO POPULAR NEUQUINO → MOV POP NEUQUINO,629.0,0.1571,0.1289
leg:ce7e0f49a60b,VILLATA Graciela Susana,diputados,Córdoba,2,2011-2013; 2013-2015,2011,2015,5,476,476,0.7647,0.4973,0.4121,0.0907,331,FRENTE CIVICO - CORDOBA,1,FRENTE CIVICO - CORDOBA,699.0,0.1133,0.1183
leg:42d949dcadd8,"VILLAVERDE, Jorge Antonio",diputados,Buenos Aires,4,2001-2003; 2003-2005; 2005-2007; 2007-2009,2002,2009,8,1261,1261,0.655,0.8935,0.0932,0.0133,815,PERONISTA FEDERAL,4,JUSTICIALISTA → SIN BLOQUE → PERONISTA FEDERAL → FRENTE PARA LA VICTORIA,1059.0,0.2591,0.3099
leg:bfabaf4a771d,VILLAVICENCIO María Teresita,diputados,Tucumán,2,2015-2017; 2017-2019,2016,2019,4,520,520,0.8885,0.829,0.1407,0.0303,448,EVOLUCION RADICAL,3,DEL BICENTENARIO → UCR → EVOLUCION RADICAL,520.0,0.1471,0.1458
leg:4433c7cf47d1,"VITALE, Domingo",diputados,Buenos Aires,2,2001-2003; 2003-2005,2002,2005,4,312,312,0.9006,0.8754,0.0641,0.0605,264,SIN BLOQUE,2,JUSTICIALISTA → SIN BLOQUE,217.0,0.1499,0.061
leg:43b4a8daf105,"VITAR, Jose Alberto",diputados,Tucumán,4,1993-1995; 1995-1997; 1999-2001; 2001-2003,1994,2003,5,158,158,0.7278,0.3739,0.487,0.1391,99,FRENTE GRANDE,3,SIN BLOQUE → FREPASO → FRENTE GRANDE,106.0,0.3106,0.2619
leg:927027ba212e,VIVERO Carlos Alberto,diputados,Neuquén,1,2019-2021,2019,2021,3,35,35,1.0,1.0,0.0,0.0,35,FRENTE DE TODOS,1,FRENTE DE TODOS,35.0,0.0,0.0
leg:b35fa4955296,"VIVO, Horacio",diputados,Cdad.Aut.Bs.As.,1,2001-2003,2002,2003,2,51,51,0.8627,0.7045,0.2727,0.0227,43,UCR,3,ALIANZA → UCR → SIN BLOQUE,50.0,0.1776,0.1744
leg:01a38a470876,"VOLANDO, Humberto Antonio",diputados,Córdoba,1,1999-2001,2001,2001,1,39,39,0.8205,0.9375,0.0625,0.0,32,FREPASO,2,FREPASO → SIN BLOQUE,24.0,0.5337,0.75
leg:922a731bedc9,VOLNOVICH Luana,diputados,Buenos Aires,4,2015-2017; 2017-2019; 2023-2025; 2025-2027,2016,2026,7,889,889,0.8301,0.5732,0.4133,0.0136,728,UNION POR LA PATRIA,2,FRENTE PARA LA VICTORIA → UNION POR LA PATRIA,899.0,0.14,0.0762
leg:00fb0b62b8f9,"Valcarcel, Juan Manuel",diputados,,2,1993-1995; 1995-1997,1994,1997,2,26,26,0.3462,0.5556,0.4444,0.0,9,SIN BLOQUE,1,SIN BLOQUE,,,
leg:a676aae4aa1a,"Valdes, Eduardo Felix",diputados,Ciudad de Buenos Aires,4,2019-2021; 2021-2023; 2023-2025; 2025-2027,2019,2026,8,421,421,0.9287,0.5959,0.4041,0.0,391,UNION POR LA PATRIA,2,FRENTE DE TODOS → UNION POR LA PATRIA,431.0,0.0792,0.0667
leg:02979ad1835a,"Vallejos, Alfredo",diputados,Corrientes,1,2023-2025,2024,2024,1,80,80,0.925,0.9324,0.0676,0.0,74,UCR,1,UCR,80.0,0.0759,0.0
leg:6a80142330dd,"Vancsik, Daniel",diputados,Misiones,2,2023-2025; 2025-2027,2024,2026,3,369,369,0.6667,0.8537,0.0976,0.0488,234,INNOVACION FEDERAL,1,INNOVACION FEDERAL,379.0,0.1023,0.0412
leg:ec0fb5ae9926,"Varela Cid, Eduardo",diputados,,1,1993-1995,1994,1994,1,14,14,0.7143,0.6,0.4,0.0,10,SIN BLOQUE,1,SIN BLOQUE,,,
leg:0aee4dc134be,"Varela, Nestor Angel",diputados,,1,1993-1995,1994,1994,1,14,14,0.0714,1.0,0.0,0.0,1,SIN BLOQUE,1,SIN BLOQUE,,,
leg:80c28382f5ce,"Vargas Matyi, Brenda",diputados,Buenos Aires,2,2021-2023; 2023-2025,2022,2025,4,291,291,0.9897,0.6597,0.3403,0.0,288,UNION POR LA PATRIA,1,UNION POR LA PATRIA,291.0,0.0088,0.0
leg:2c86ef28322d,"Vasquez, Patricia",diputados,Buenos Aires,2,2023-2025; 2025-2027,2024,2026,3,369,369,0.9458,0.596,0.3954,0.0086,346,LA LIBERTAD AVANZA,1,LA LIBERTAD AVANZA,379.0,0.0823,0.0
leg:2c9c2f2001d5,"Vazquez, Roberto",diputados,,1,1993-1995,1994,1994,1,14,14,0.2143,0.6667,0.3333,0.0,3,SIN BLOQUE,1,SIN BLOQUE,,,
leg:37c9b9d5816e,"Vega, Yolanda",diputados,Salta,2,2023-2025; 2025-2027,2024,2026,3,369,369,0.8238,0.9145,0.0789,0.0066,302,INNOVACION FEDERAL,1,INNOVACION FEDERAL,379.0,0.1879,0.2195
leg:eae8d17631d3,"Velazquez, M. Elena",diputados,Buenos Aires,1,2025-2027,2025,2026,2,95,95,0.8421,0.3,0.7,0.0,80,UNION POR LA PATRIA,1,UNION POR LA PATRIA,105.0,0.1706,0.1111
leg:96d4629cf2fa,"Venesia, Gualberto Edgardo",diputados,,1,1993-1995,1994,1994,1,14,14,0.7857,0.6364,0.3636,0.0,11,SIN BLOQUE,1,SIN BLOQUE,,,
leg:3b273a15e84b,"Vensentini, Marcelo Edmundo",diputados,,1,1995-1997,1997,1997,1,12,12,0.8333,0.8,0.2,0.0,10,SIN BLOQUE,1,SIN BLOQUE,,,
leg:392f6a7b54c3,"Vera, Andrea Fernanda",diputados,Buenos Aires,1,2025-2027,2025,2026,2,95,95,1.0,0.8211,0.1789,0.0,95,LA LIBERTAD AVANZA,1,LA LIBERTAD AVANZA,105.0,0.0,0.0
leg:978857b31817,"Veramendi, Juan Carlos",diputados,,1,1995-1997,1997,1997,1,12,12,0.8333,0.5,0.5,0.0,10,SIN BLOQUE,1,SIN BLOQUE,,,
leg:8c2693d27237,"Veron, Jorge Guillermo",diputados,Santa Cruz,2,2019-2021; 2021-2023,2021,2023,3,18,18,0.8889,0.875,0.125,0.0,16,FRENTE DE TODOS,1,FRENTE DE TODOS,18.0,0.0556,0.0
leg:7906d53b0f8d,"Viaña, Mariano Roberto",diputados,,1,1995-1997,1997,1997,1,12,12,0.9167,0.6364,0.3636,0.0,11,SIN BLOQUE,1,SIN BLOQUE,,,
leg:92a0cd6b80ce,"Vicchi, Raúl Horacio",diputados,,2,1993-1995; 1995-1997,1994,1997,2,26,26,0.8462,0.5455,0.4091,0.0455,21,SIN BLOQUE,1,SIN BLOQUE,,,
leg:d394a45aba31,"Vidal, Claudio Orlando",diputados,Santa Cruz,1,2021-2023,2022,2023,2,17,17,0.4118,0.8571,0.1429,0.0,7,SER - SOMOS ENERGIA PARA RENOVAR,1,SER - SOMOS ENERGIA PARA RENOVAR,17.0,0.2059,0.25
leg:1b00d98fe97d,"Vidal, Maria Eugenia",diputados,Ciudad de Buenos Aires,2,2021-2023; 2023-2025,2022,2025,4,291,291,0.8832,0.5875,0.358,0.0545,243,PRO,1,PRO,291.0,0.1529,0.0426
leg:206a93d13dda,"Viglione, Atilio Oscar",diputados,,2,1993-1995; 1995-1997,1994,1997,2,26,26,0.6538,0.6471,0.3529,0.0,17,SIN BLOQUE,1,SIN BLOQUE,,,
leg:34333b2bf3c9,"Vilca, Alejandro",diputados,Jujuy,2,2021-2023; 2023-2025,2022,2025,4,291,291,0.9347,0.5882,0.3676,0.0441,260,PTS-FRENTE DE IZQUIERDA UNIDAD,1,PTS-FRENTE DE IZQUIERDA UNIDAD,291.0,0.0,0.0
leg:9bf9c1d777a6,"Vilche, Carlos Alberto",diputados,,1,1995-1997,1997,1997,1,12,12,0.75,0.4444,0.5556,0.0,9,SIN BLOQUE,1,SIN BLOQUE,,,
leg:2b690d432e7b,"Villarruel, Victoria",diputados,Ciudad de Buenos Aires,1,2021-2023,2022,2023,2,17,17,0.7647,0.3846,0.6154,0.0,13,LA LIBERTAD AVANZA,1,LA LIBERTAD AVANZA,17.0,0.4118,0.0
leg:ff3da0d3d5e7,"Viqueira, Horacio",diputados,,1,1995-1997,1997,1997,1,12,12,0.8333,0.7,0.3,0.0,10,SIN BLOQUE,1,SIN BLOQUE,,,
leg:b1218fe3ed82,"Visconti, Gino",diputados,La Rioja,1,2025-2027,2025,2026,2,95,95,1.0,0.8211,0.1789,0.0,95,LA LIBERTAD AVANZA,1,LA LIBERTAD AVANZA,105.0,0.0,0.0
leg:b4d4c6997552,"WALSH, Patricia",diputados,Cdad.Aut.Bs.As.,2,2001-2003; 2003-2005,2002,2005,4,312,312,0.7756,0.1405,0.7975,0.062,227,SIN BLOQUE,3,IZQUIERDA UNIDA → LZQUIERDA UNIDA → SIN BLOQUE,217.0,0.0,0.0
leg:fed6a2a2623d,WAYAR Walter Raúl,diputados,Salta,2,2009-2011; 2011-2013,2010,2013,4,376,376,0.859,0.9071,0.0712,0.0217,316,FRENTE PERONISTA FEDERAL,1,FRENTE PERONISTA FEDERAL,500.0,0.0,0.0
leg:f4e2e2daa7b7,WECHSLER Marcelo Germán,diputados,C.A.B.A.,2,2015-2017; 2017-2019,2016,2019,4,520,520,0.9904,0.7961,0.1961,0.0078,511,PRO,1,PRO,520.0,0.0234,0.0417
leg:a4cc2a27c862,WELLBACH Ricardo,diputados,Misiones,2,2017-2019; 2019-2021,2017,2021,5,248,248,0.7258,0.9111,0.0889,0.0,180,FRENTE DE LA CONCORDIA MISIONERO,1,FRENTE DE LA CONCORDIA MISIONERO,248.0,0.1976,0.0909
leg:3bdaf4f153a5,"WEST, Mariano Federíco",diputados,Buenos Aires,4,2003-2005; 2005-2007; 2007-2009; 2009-2011,2005,2011,7,1053,1053,0.9031,0.9369,0.0578,0.0053,946,FRENTE PARA LA VICTORIA,2,FRENTE PARA LA VICTORIA → JUSTICIALISTA,1072.0,0.1041,0.0927
leg:b8fa201ccf62,"WILDER, Ricardo",diputados,Tierra del Fuego,2,2003-2005; 2005-2007,2003,2007,5,893,893,0.6439,0.8243,0.1478,0.0278,559,SIN BLOQUE,2,FRENTE DE UNIDAD PROVINCIAL → SIN BLOQUE,711.0,0.0,0.0
leg:6715df39150a,WISKY Sergio Javier,diputados,Rio Negro,2,2015-2017; 2017-2019,2016,2019,4,520,520,0.9192,0.8033,0.1883,0.0084,474,PRO,1,PRO,520.0,0.0931,0.0833
leg:f50820804225,WOLFF Waldo Ezequiel,diputados,Buenos Aires,4,2015-2017; 2017-2019; 2019-2021; 2021-2023,2016,2022,7,564,564,0.906,0.7515,0.2368,0.0117,505,PRO,1,PRO,564.0,0.0961,0.0938
leg:82cc56f716ec,YACOBITTI Emiliano Benjamin,diputados,C.A.B.A.,2,2019-2021; 2021-2023,2019,2023,5,52,52,0.8077,0.3333,0.6667,0.0,42,EVOLUCION RADICAL,2,UCR → EVOLUCION RADICAL,52.0,0.1923,0.2222
leg:5917f2664b3e,YAGÛE Linda Cristina,diputados,Neuquén,2,2009-2011; 2011-2013,2011,2013,3,281,281,0.6192,0.5402,0.4368,0.023,170,UCR,1,UCR,386.0,0.1681,0.1345
leg:4ddf567b1f07,YAMBRUN Liliana,diputados,Buenos Aires,2,2019-2021; 2021-2023,2019,2023,5,52,52,0.9808,0.9608,0.0392,0.0,51,FRENTE DE TODOS,1,FRENTE DE TODOS,31.0,0.0,0.0
leg:a100a87085b3,YARADE Rodolfo Fernando,diputados,Salta,2,2009-2011; 2011-2013,2010,2013,4,376,376,0.8777,0.9091,0.0788,0.0121,326,FRENTE PARA LA VICTORIA,2,SIN BLOQUE → FRENTE PARA LA VICTORIA,323.0,0.1428,0.0625
leg:8fc1c26eea3e,"YAREGUI, Alberto",diputados,Buenos Aires,1,1999-2001,2001,2001,1,17,17,0.8235,0.2857,0.5714,0.1429,12,UCR,2,SIN BLOQUE → UCR,10.0,0.1684,0.0
leg:9f0898a52e9a,YAZBEK Rubén David,diputados,Catamarca,1,2011-2013,2011,2013,3,272,272,0.989,0.9814,0.0112,0.0074,267,FRENTE PARA LA VICTORIA,1,FRENTE PARA LA VICTORIA,377.0,0.0241,0.0284
leg:d5c15ac4485a,"Yapor, Lucio",diputados,Buenos Aires,1,2021-2023,2022,2023,2,17,17,0.8235,0.8571,0.1429,0.0,14,FRENTE DE TODOS,1,FRENTE DE TODOS,17.0,0.1176,0.0
leg:f06969850acf,"Yasky, Hugo",diputados,Buenos Aires,5,2017-2019; 2019-2021; 2021-2023; 2023-2025; 2025-2027,2017,2026,10,634,634,0.8533,0.6248,0.3715,0.0037,539,UNION POR LA PATRIA,3,FRENTE PARA LA VICTORIA → FRENTE DE TODOS → UNION POR LA PATRIA,644.0,0.1362,0.0476
leg:da3d571bda48,"Yeza, Martin",diputados,Buenos Aires,2,2023-2025; 2025-2027,2024,2026,3,369,369,0.9024,0.6156,0.3754,0.009,330,PRO,1,PRO,379.0,0.08,0.0617
leg:9a4d728beab7,"Yutrovic, Carolina",diputados,Tierra del Fuego,3,2019-2021; 2021-2023; 2023-2025,2019,2025,7,326,326,0.9908,0.6935,0.3034,0.0031,322,UNION POR LA PATRIA,2,FRENTE DE TODOS → UNION POR LA PATRIA,295.0,0.0121,0.0213
leg:f7b233f19577,ZABALZA Juan Carlos,diputados,Santa Fe,2,2011-2013; 2013-2015,2011,2015,5,476,476,0.6765,0.4783,0.4348,0.087,294,PARTIDO SOCIALISTA,1,PARTIDO SOCIALISTA,699.0,0.1102,0.1096
leg:65c6dcfa473f,"ZACARIAS, Juan Domingo",diputados,Entre Ríos,1,1999-2001,2001,2001,1,39,39,0.4872,0.6316,0.2632,0.1053,17,A.R.I,2,A.R.I → SIN BLOQUE,24.0,0.375,0.75
leg:d0b3c5f7c9e2,ZAMARBIDE Federico Raúl,diputados,Mendoza,2,2017-2019; 2019-2021,2017,2021,5,248,248,0.9516,0.6186,0.3729,0.0085,234,UCR,1,UCR,248.0,0.0717,0.0455
leg:bcd89a87b4ff,ZAMARREÑO María Eugenia,diputados,Buenos Aires,2,2011-2013; 2013-2015,2012,2015,4,458,458,0.9978,0.9781,0.0175,0.0044,455,FRENTE PARA LA VICTORIA,1,FRENTE PARA LA VICTORIA,679.0,0.0047,0.0054
leg:cfb39b72164a,"ZAMORA, Luis Fernando",diputados,Cdad.Aut.Bs.As.,2,2001-2003; 2003-2005,2002,2005,4,312,312,0.6186,0.0777,0.7979,0.1244,169,SIN BLOQUE,2,AUTODETERMINACION Y LIBERTAD → SIN BLOQUE,217.0,0.129,0.0
leg:2f97e790d2ef,"ZANCADA, Pablo",diputados,Santa Fe,3,2003-2005; 2005-2007; 2007-2009,2005,2009,5,949,949,0.7893,0.7356,0.2323,0.032,725,PARTIDO SOCIALISTA,3,FRENTE PROG. CIVICO Y SOCIAL → PARTIDO SOCIALISTA → SIN BLOQUE,842.0,0.2119,0.0909
leg:83b5e822b335,"ZAPATA MERCADER, Jorge",diputados,Mendoza,1,1999-2001,2001,2001,1,39,39,0.2308,0.4444,0.3333,0.2222,7,DEMOCRATA DE MENDOZA,2,DEMOCRATA DE MENDOZA → SIN BLOQUE,24.0,0.1667,0.0
leg:24b1b1471c01,"ZAVALLO, Gustavo",diputados,Entre Ríos,2,2007-2009; 2009-2011,2007,2011,5,379,379,0.7836,0.8552,0.1313,0.0135,293,PERONISMO FEDERAL,2,FRENTE PARA LA VICTORIA → PERONISMO FEDERAL,324.0,0.0912,0.1538
leg:4a70d48f6231,"ZBAR, Agustín",diputados,Cdad.Aut.Bs.As.,1,2003-2005,2005,2005,1,21,21,0.9524,0.35,0.65,0.0,20,UCR,2,SIN BLOQUE → UCR,12.0,0.0833,0.0
leg:8df29f330284,ZIEBART Cristina Isabel,diputados,Chubut,2,2011-2013; 2013-2015,2011,2015,5,476,476,0.9622,0.9782,0.0175,0.0044,456,FRENTE PARA LA VICTORIA,1,FRENTE PARA LA VICTORIA,699.0,0.0402,0.0317
leg:1b3cbe8e59c8,ZIEGLER Alex Roberto,diputados,Misiones,4,2009-2011; 2011-2013; 2013-2015; 2015-2017,2010,2017,8,887,887,0.8974,0.9083,0.0829,0.0088,789,"LIBERTAD, VALORES Y CAMBIOS",6,"FRENTE PARA LA VICTORIA → BG JUAN B. BUSTOS → FTE. RENOV. DE LA CONC. MISIONES - FPV-PJ → LIBERTAD VALORES Y CAMBIO → LIBERTAD Y DEMOCRACIA → LIBERTAD, VALORES Y CAMBIOS",1129.0,0.0425,0.0541
leg:f53ba972d854,ZILIOTTO Sergio Raúl,diputados,La Pampa,2,2015-2017; 2017-2019,2016,2019,4,520,520,0.7577,0.8959,0.0711,0.033,381,JUSTICIALISTA,1,JUSTICIALISTA,520.0,0.1767,0.1699
leg:7f98347e17f2,"ZOTTOS, Miguel Andrés Costas",diputados,Salta,5,2001-2003; 2003-2005; 2005-2007; 2017-2019; 2019-2021,2002,2021,11,1212,1212,0.6262,0.6377,0.2727,0.0896,691,SIN BLOQUE,3,RENOVADOR DE SALTA → SIN BLOQUE → JUSTICIALISTA,1015.0,0.2254,0.2726
leg:36709e67c116,"ZUCCARDI, Cristina",diputados,Mendoza,2,1999-2001; 2001-2003,2001,2003,3,132,132,0.4318,0.4912,0.3684,0.1404,49,FREPASO,2,FREPASO → SIN BLOQUE,106.0,0.5648,0.5754
leg:82ca3558c322,ZUVIC Mariana,diputados,C.A.B.A.,2,2019-2021; 2021-2023,2019,2023,5,52,52,0.8846,0.3261,0.6739,0.0,46,COALICION CIVICA,1,COALICION CIVICA,52.0,0.1058,0.2222
leg:e14e88a7f185,"ZUÑIGA, Ovidio Octavio",diputados,Rio Negro,2,1999-2001; 2001-2003,2001,2003,3,132,132,0.803,0.7075,0.2453,0.0472,101,JUSTICIALISTA,2,JUSTICIALISTA → SIN BLOQUE,106.0,0.2528,0.4595
leg:a3d9b094fbd3,"Zabala Chacur, Natalia",diputados,San Luis,2,2021-2023; 2023-2025,2022,2025,4,291,291,0.7904,0.6783,0.3217,0.0,230,UNION POR LA PATRIA,1,UNION POR LA PATRIA,291.0,0.2017,0.2766
leg:e2b4b98325f5,"Zago, Oscar",diputados,Ciudad de Buenos Aires,2,2023-2025; 2025-2027,2024,2026,3,369,369,0.71,0.7557,0.2214,0.0229,256,MID - MOVIMIENTO DE INTEGRACION Y DESARROLLO,1,MID - MOVIMIENTO DE INTEGRACION Y DESARROLLO,379.0,0.0145,0.0185
leg:b199734760a6,"Zapata, Carlos Raul",diputados,Salta,3,2021-2023; 2023-2025; 2025-2027,2022,2026,5,386,386,0.9741,0.5532,0.4468,0.0,376,LA LIBERTAD AVANZA,1,LA LIBERTAD AVANZA,396.0,0.0211,0.0
leg:762105ffa855,"Zaracho, Natalia",diputados,Buenos Aires,3,2021-2023; 2023-2025; 2025-2027,2022,2026,5,386,386,0.9585,0.5838,0.4162,0.0,370,UNION POR LA PATRIA,2,FRENTE DE TODOS → UNION POR LA PATRIA,396.0,0.0458,0.0361
leg:5a1fd3fe3e5e,"Zicarelli, Orlando",diputados,,1,1993-1995,1994,1994,1,14,14,0.6429,0.6667,0.3333,0.0,9,SIN BLOQUE,1,SIN BLOQUE,,,
leg:79c190ad66e0,"Zigaran, Maria Ines",diputados,Jujuy,1,2025-2027,2025,2026,2,95,95,0.9474,0.6,0.1889,0.2111,71,PROVINCIAS UNIDAS,1,PROVINCIAS UNIDAS,105.0,0.2286,0.1836
leg:f0bc187374e8,"Zuccardi de Flamarique, María",diputados,,2,1993-1995; 1995-1997,1994,1997,2,26,26,0.5,0.6154,0.3846,0.0,13,SIN BLOQUE,1,SIN BLOQUE,,,
leg:fe50f9db7c38,"Zulli, Christian Alejandro",diputados,Corrientes,2,2023-2025; 2025-2027,2024,2026,3,369,369,0.9919,0.5683,0.429,0.0027,365,UNION POR LA PATRIA,1,UNION POR LA PATRIA,379.0,0.0118,0.0
leg:8d9f8464b3d0,xx BORRAR Manuel Isauro,diputados,Catamarca,2,2011-2013; 2013-2015,2011,2015,5,476,476,0.9727,0.9827,0.0173,0.0,463,FRENTE PARA LA VICTORIA,2,FRENTE PARA LA VICTORIA → SIN BLOQUE,407.0,0.0284,0.0
leg:4ecb4eeed46d,ÁLVAREZ Felipe,diputados,La Rioja,2,2019-2021; 2021-2023,2019,2023,5,52,52,0.5385,0.5,0.5,0.0,28,SER - SOMOS ENERGIA PARA RENOVAR,2,PRODUCCION Y TRABAJO → SER - SOMOS ENERGIA PARA RENOVAR,52.0,0.2115,0.2778
leg:38e4f2396b95,"Aguirre, Hilda",diputados+senado,La Rioja,9,2007-2009; 2009-2011; 2011-2013; 2013-2015; 2015-2017; 2019-2021; 2021-2023; 2023-2025; 2025-2027,2007,2026,19,1535,1535,0.845,0.8096,0.1719,0.0185,1273,UNION POR LA PATRIA,5,FRENTE PARA LA VICTORIA → JUSTICIALISTA-FRENTE PARA LA VICTORIA → SIN BLOQUE → FRENTE DE TODOS → UNION POR LA PATRIA,804.0,0.181,0.1667
leg:643a95a681f7,"BASUALDO, Roberto Gustavo",diputados+senado,San Juan,11,2001-2003; 2003-2005; 2005-2007; 2007-2009; 2009-2011; 2011-2013; 2013-2015; 2015-2017; 2017-2019; 2019-2021; 2021-2023,2002,2023,22,2452,2452,0.8597,0.8074,0.1689,0.0237,2058,PRODUCCION Y TRABAJO,4,JUSTICIALISTA → FRENTE DEL MOVIMIENTO POPULAR → SIN BLOQUE → PRODUCCION Y TRABAJO,2121.0,0.0,0.0
leg:4e52d037c227,"BERMEJO, Rolando Adolfo",diputados+senado,Mendoza,5,2009-2011; 2011-2013; 2013-2015; 2021-2023; 2023-2025,2010,2025,10,962,962,0.9231,0.8547,0.1453,0.0,888,UNION POR LA PATRIA,4,JUSTICIALISTA-FRENTE PARA LA VICTORIA → SIN BLOQUE → FRENTE PARA LA VICTORIA → UNION POR LA PATRIA,668.0,0.0958,0.3684
leg:002628569985,"BERTONE, Rosana Andrea",diputados+senado,Tierra del Fuego,9,2001-2003; 2003-2005; 2005-2007; 2007-2009; 2009-2011; 2011-2013; 2013-2015; 2019-2021; 2021-2023,2002,2023,19,1849,1849,0.8983,0.9326,0.053,0.0144,1637,FRENTE DE TODOS,4,JUSTICIALISTA → FRENTE DE TODOS → FRENTE PARA LA VICTORIA → JUSTICIALISTA-FRENTE PARA LA VICTORIA,1973.0,0.1161,0.1044
leg:d661f824690d,"BORTOLOZZI, Adriana Raquel",diputados+senado,Formosa,6,1995-1997; 2001-2003; 2003-2005; 2005-2007; 2007-2009; 2009-2011,1997,2011,11,1344,1344,0.7969,0.9346,0.0523,0.0131,1057,ESPERANZA FEDERAL,4,SIN BLOQUE → JUSTICIALISTA → JUSTICIALISTA-FRENTE PARA LA VICTORIA → ESPERANZA FEDERAL,1004.0,0.1894,0.1667
leg:db10448b95f2,BRIZUELA Y DORIA DE CARA Olga Inés,diputados+senado,La Rioja,2,2011-2013; 2017-2019,2011,2019,6,413,413,0.8111,0.6896,0.2955,0.0149,330,UCR,1,UCR,518.0,0.0926,0.1023
leg:9fe263c7921e,BULLRICH Patricia,diputados+senado,C.A.B.A.,8,1993-1995; 1995-1997; 2007-2009; 2009-2011; 2011-2013; 2013-2015; 2023-2025; 2025-2027,1994,2026,13,993,993,0.7412,0.5788,0.3723,0.0489,700,LA LIBERTAD AVANZA,5,PRO → COALICION CIVICA → UNION POR TODOS → SIN BLOQUE → LA LIBERTAD AVANZA,1234.0,0.1539,0.2071
leg:8855b7942ce8,"BULLRICH, Esteban",diputados+senado,Cdad.Aut.Bs.As.,6,2003-2005; 2005-2007; 2007-2009; 2009-2011; 2017-2019; 2019-2021,2005,2021,11,1318,1318,0.6267,0.6901,0.2736,0.0363,796,FRENTE PRO,2,PRO → FRENTE PRO,887.0,0.3861,0.4118
leg:3a1050ed052f,"BUSSI, Ricardo Argentino",diputados+senado,Tucumán,4,1999-2001; 2001-2003; 2003-2005; 2005-2007,2001,2007,7,1036,1036,0.4382,0.7357,0.2379,0.0264,442,FUERZA REPUBLICANA,2,FUERZA REPUBLICANA → SIN BLOQUE,993.0,0.1885,0.08
leg:e083cb97099d,CALCAGNO Y MAILLMANN Eric,diputados+senado,Buenos Aires,3,2007-2009; 2011-2013; 2013-2015,2009,2015,6,522,522,0.9847,0.9805,0.0156,0.0039,512,FRENTE PARA LA VICTORIA,2,SIN BLOQUE → FRENTE PARA LA VICTORIA,699.0,0.0089,0.0086
leg:1d50965c8ae8,"CANO, José Manuel",diputados+senado,Tucumán,5,2009-2011; 2011-2013; 2013-2015; 2017-2019; 2019-2021,2010,2021,11,963,963,0.8058,0.6894,0.2912,0.0193,761,UCR,2,UCR → SIN BLOQUE,1078.0,0.2293,0.2663
leg:e24eb5a2ca6d,"CAPARROS, Mabel Luisa",diputados+senado,Tierra del Fuego,4,2003-2005; 2005-2007; 2019-2021; 2021-2023,2004,2023,9,1074,1074,0.648,0.9928,0.0043,0.0029,694,FRENTE DE TODOS,3,JUSTICIALISTA → SIN BLOQUE → FRENTE DE TODOS,1057.0,0.3458,0.0909
leg:6a775690ac56,"CASERIO, Carlos Alberto",diputados+senado,Córdoba,6,2003-2005; 2005-2007; 2013-2015; 2015-2017; 2017-2019; 2019-2021,2003,2021,13,1698,1698,0.6478,0.9436,0.0509,0.0055,1094,FRENTE DE TODOS,4,JUSTICIALISTA → UNION POR CORDOBA → FRENTE PARA LA VICTORIA → FRENTE DE TODOS,1816.0,0.2316,0.0579
leg:fcbbd25578dd,"CASTILLO, Oscar Aníbal",diputados+senado,Catamarca,11,1993-1995; 1995-1997; 2003-2005; 2005-2007; 2007-2009; 2009-2011; 2011-2013; 2013-2015; 2015-2017; 2017-2019; 2019-2021,1994,2021,20,2758,2758,0.3909,0.7291,0.256,0.0148,1062,FRENTE CIVICO Y SOCIAL DE CATAMARCA,3,SIN BLOQUE → FRENTE CIVICO Y SOCIAL DE CATAMARCA → UCR,2696.0,0.2095,0.2051
leg:89df147cc24c,"CATALÁN MAGNI, JULIO CÉSAR",diputados+senado,"TIERRA DEL FUEGO, ANTÁRTIDA E ISLAS DEL ATLÁNTICO SUR",4,2011-2013; 2013-2015; 2015-2017; 2017-2019,2011,2019,9,853,853,0.9555,0.984,0.016,0.0,815,JUSTICIALISTA,3,FRENTE PARA LA VICTORIA → JUSTICIALISTA-FRENTE PARA LA VICTORIA → JUSTICIALISTA,958.0,0.0552,0.0154
leg:b86361f9eb56,"CLOSS, MAURICE FABIÁN",diputados+senado,Misiones,5,2005-2007; 2015-2017; 2017-2019; 2019-2021; 2021-2023,2005,2023,11,1058,1058,0.7287,0.9533,0.0389,0.0078,765,FRENTE NACIONAL Y POPULAR,6,JUSTICIALISTA → FRENTE PARA LA VICTORIA → FRENTE DE LA CONCORDIA MISIONERO → MISIONES → FRENTE DE TODOS → FRENTE NACIONAL Y POPULAR,1058.0,0.2202,0.1905
leg:6de6eac2355b,"COBOS, JULIO CÉSAR CLETO",diputados+senado,MENDOZA,6,2013-2015; 2015-2017; 2017-2019; 2019-2021; 2021-2023; 2023-2025,2014,2025,12,1096,1096,0.9288,0.7849,0.1827,0.0324,985,UCR,1,UCR,784.0,0.0718,0.0
leg:306df8c28773,"CONTI, Diana Beatriz",diputados+senado,Buenos Aires,7,2003-2005; 2005-2007; 2007-2009; 2009-2011; 2011-2013; 2013-2015; 2015-2017,2004,2017,14,2492,2492,0.805,0.9297,0.0648,0.0055,1995,FRENTE PARA LA VICTORIA,5,FREPASO → FRENTE PARA LA VICTORIA → JUSTICIALISTA → PARTIDO DE LA VICTORIA → SIN BLOQUE,2717.0,0.1455,0.082
leg:28025e077756,"CORNEJO, Alfredo Victor",diputados+senado,Mendoza,4,2003-2005; 2005-2007; 2019-2021; 2021-2023,2005,2023,8,773,773,0.4243,0.625,0.3018,0.0732,304,UCR,2,UCR → SIN BLOQUE,769.0,0.3694,0.4359
leg:21e6983f18ce,"CORPACCI de MERCADO, Lucia B .",diputados+senado,Catamarca,2,2009-2011; 2019-2021,2010,2020,4,247,247,0.8947,0.8869,0.1131,0.0,221,FRENTE DE TODOS,2,JUSTICIALISTA-FRENTE PARA LA VICTORIA → FRENTE DE TODOS,216.0,0.1065,0.0
leg:0fc88d3b5174,COSTA Eduardo Raúl,diputados+senado,Santa Cruz,7,2009-2011; 2011-2013; 2013-2015; 2015-2017; 2017-2019; 2019-2021; 2021-2023,2010,2023,14,1272,1272,0.5259,0.7085,0.2601,0.0314,648,UCR,1,UCR,1514.0,0.3964,0.3459
leg:e80f2551b7d8,"CURLETTI, Miriam Belén",diputados+senado,Chaco,3,1999-2001; 2003-2005; 2005-2007,2001,2007,5,1044,1044,0.6983,0.7874,0.2085,0.0041,726,UCR,2,SIN BLOQUE → UCR,1029.0,0.2864,0.5882
leg:231c9b58f76a,"Cervi, Pablo",diputados+senado,Neuquen,3,2021-2023; 2023-2025; 2025-2027,2022,2026,5,403,403,0.928,0.6791,0.3102,0.0107,370,LA LIBERTAD AVANZA,3,LIGA DEL INTERIOR ELI → SIN BLOQUE → LA LIBERTAD AVANZA,291.0,0.0722,0.0851
leg:a84fc3e1b3b3,"Corpacci, Lucia Benigna",diputados+senado,17,4,2019-2021; 2021-2023; 2023-2025; 2025-2027,2020,2026,7,302,302,0.8974,0.69,0.2989,0.0111,268,JUSTICIALISTA,4,FRENTE DE TODOS → FRENTE NACIONAL Y POPULAR → UNION POR LA PATRIA → JUSTICIALISTA,303.0,0.1307,0.2105
leg:2c6742cce1df,"DE LA ROSA, Maria Graciela",diputados+senado,Formosa,8,2003-2005; 2005-2007; 2007-2009; 2009-2011; 2011-2013; 2013-2015; 2015-2017; 2025-2027,2003,2026,16,2017,2017,0.9633,0.9017,0.0937,0.0046,1934,UNION POR LA PATRIA,5,JUSTICIALISTA → UNION POR LA PATRIA → FRENTE PARA LA VICTORIA → JUSTICIALISTA-FRENTE PARA LA VICTORIA → SIN BLOQUE,2043.0,0.0562,0.0255
leg:2041a2857b81,DE PEDRO Eduardo Enrique,diputados+senado,Buenos Aires,6,2011-2013; 2013-2015; 2015-2017; 2017-2019; 2023-2025; 2025-2027,2011,2026,12,1173,1173,0.861,0.7178,0.2703,0.0119,998,JUSTICIALISTA,3,FRENTE PARA LA VICTORIA → UNION POR LA PATRIA → JUSTICIALISTA,1364.0,0.1109,0.0581
leg:4a6576cec5b4,"DI TULLIO, Juliana",diputados+senado,Buenos Aires,11,2003-2005; 2005-2007; 2007-2009; 2009-2011; 2011-2013; 2013-2015; 2015-2017; 2019-2021; 2021-2023; 2023-2025; 2025-2027,2005,2026,19,2168,2168,0.8547,0.85,0.1436,0.0065,1841,JUSTICIALISTA,4,FRENTE PARA LA VICTORIA → JUSTICIALISTA → FRENTE DE TODOS → UNIDAD CIUDADANA,2411.0,0.1316,0.0533
leg:a637399412c4,DOÑATE Claudio Martín,diputados+senado,Rio Negro,5,2015-2017; 2017-2019; 2019-2021; 2021-2023; 2023-2025,2016,2025,10,886,886,0.7246,0.7726,0.2087,0.0187,630,UNIDAD CIUDADANA,3,FRENTE PARA LA VICTORIA → FRENTE DE TODOS → UNIDAD CIUDADANA,886.0,0.2439,0.2
leg:d346101f1f8f,"FELLNER, Liliana Beatriz",diputados+senado,Jujuy,7,2003-2005; 2005-2007; 2007-2009; 2009-2011; 2011-2013; 2013-2015; 2015-2017,2003,2017,15,1979,1979,0.8964,0.9476,0.0462,0.0062,1763,FRENTE PARA LA VICTORIA,4,JUSTICIALISTA → SIN BLOQUE → JUSTICIALISTA-FRENTE PARA LA VICTORIA → FRENTE PARA LA VICTORIA,1736.0,0.1285,0.0357
leg:da2d99738d50,"FERNANDEZ DE KIRCHNER, Cristina",diputados+senado,Santa Cruz,4,1999-2001; 2003-2005; 2005-2007; 2017-2019,2001,2019,8,1202,1202,0.4293,0.8934,0.095,0.0116,510,FRENTE PARA LA VICTORIA,3,SIN BLOQUE → JUSTICIALISTA → FRENTE PARA LA VICTORIA,1170.0,0.5498,0.6316
leg:f2da13e826a7,"FERNANDEZ, Nicolás Alejandro",diputados+senado,Santa Cruz,5,1999-2001; 2003-2005; 2005-2007; 2007-2009; 2009-2011,2001,2011,9,1715,1715,0.7574,0.9715,0.0277,0.0008,1298,JUSTICIALISTA-FRENTE PARA LA VICTORIA,3,JUSTICIALISTA → SIN BLOQUE → JUSTICIALISTA-FRENTE PARA LA VICTORIA,1667.0,0.2326,0.0
leg:df9b73dc88b2,"FERNÁNDEZ SAGASTI, ANABEL",diputados+senado,MENDOZA,8,2011-2013; 2013-2015; 2015-2017; 2017-2019; 2019-2021; 2021-2023; 2023-2025; 2025-2027,2011,2026,16,1375,1375,0.9164,0.7968,0.1889,0.0143,1242,JUSTICIALISTA,4,FRENTE PARA LA VICTORIA → FRENTE DE TODOS → UNIDAD CIUDADANA → JUSTICIALISTA,1599.0,0.1097,0.0358
leg:58a23c1fd378,FIAD Mario Raymundo,diputados+senado,Jujuy,6,2009-2011; 2011-2013; 2013-2015; 2017-2019; 2019-2021; 2021-2023,2010,2023,13,965,965,0.8715,0.7122,0.2509,0.0369,810,UCR,1,UCR,1207.0,0.0895,0.1104
leg:38f5bb4b1045,"FILMUS, Daniel Fernando",diputados+senado,Ciudad Autónoma de Buenos Aires,5,2007-2009; 2009-2011; 2011-2013; 2017-2019; 2019-2021,2007,2019,10,1189,1189,0.8394,0.8908,0.1032,0.006,992,FRENTE PARA LA VICTORIA,5,JUSTICIALISTA → SIN BLOQUE → JUSTICIALISTA-FRENTE PARA LA VICTORIA → FRENTE PARA LA VICTORIA → FRENTE DE TODOS,930.0,0.1829,0.1429
leg:dcce9285e00b,"FIORE VIÑUALES, MARÍA CRISTINA DEL VALLE",diputados+senado,SALTA,4,2011-2013; 2013-2015; 2015-2017; 2017-2019,2011,2019,9,853,853,0.8499,0.9545,0.0359,0.0097,718,PARES,4,RENOVADOR DE SALTA → JUSTICIALISTA-FRENTE PARA LA VICTORIA → FRENTE PARA LA VICTORIA → PARES,958.0,0.0851,0.0
leg:a4732f09930d,"GARCÍA LARRABURU, SILVINA MARCELA",diputados+senado,RÍO NEGRO,7,2011-2013; 2013-2015; 2015-2017; 2017-2019; 2019-2021; 2021-2023; 2023-2025,2011,2025,14,1143,1143,0.8486,0.9278,0.0629,0.0093,961,UNIDAD CIUDADANA,3,FRENTE PARA LA VICTORIA → FRENTE DE TODOS → UNIDAD CIUDADANA,1248.0,0.1508,0.0644
leg:2fa3774e7cce,GARRAMUÑO Jorge Alberto,diputados+senado,Tierra del Fuego,2,2011-2013; 2013-2015,2011,2015,5,400,400,0.72,0.6771,0.309,0.0139,284,MOVIMIENTO POPULAR FUEGUINO,2,MOVIMIENTO POPULAR FUEGUINO → MOV POP FUEGUINO,505.0,0.0,0.0
leg:3fb963db3449,"GIUSTINIANI, Rubén Héctor",diputados+senado,Santa Fe,8,1999-2001; 2001-2003; 2003-2005; 2005-2007; 2007-2009; 2009-2011; 2011-2013; 2013-2015,2001,2015,15,2263,2263,0.764,0.7131,0.2689,0.0179,1698,SOCIALISTA,5,SIN BLOQUE → FREPASO → PARTIDO SOCIALISTA → PARTIDO SOCIALISTA POPULAR → SOCIALISTA,2201.0,0.0086,0.0283
leg:5b42eab92533,"GODOY, Ruperto Eduardo",diputados+senado,San Juan,7,2003-2005; 2005-2007; 2007-2009; 2009-2011; 2011-2013; 2013-2015; 2015-2017,2003,2017,15,2007,2007,0.8964,0.9244,0.0667,0.0089,1783,FRENTE PARA LA VICTORIA,4,JUSTICIALISTA → FRENTE PARA LA VICTORIA → JUSTICIALISTA-FRENTE PARA LA VICTORIA → SIN BLOQUE,2023.0,0.1287,0.068
leg:7e29395a7404,"GOMEZ DIEZ, Ricardo",diputados+senado,Salta,4,1995-1997; 1999-2001; 2003-2005; 2005-2007,1997,2007,6,1073,1073,0.5815,0.7676,0.2276,0.0048,621,RENOVADOR DE SALTA,2,SIN BLOQUE → RENOVADOR DE SALTA,1029.0,0.0044,0.0294
leg:92e93db3ad23,"GONZALEZ DE DUHALDE, Hilda Beatriz",diputados+senado,Buenos Aires,5,1999-2001; 2003-2005; 2005-2007; 2007-2009; 2009-2011,2001,2011,10,1184,1184,0.2931,0.7262,0.2334,0.0403,333,JUSTICIALISTA PARA EL DIALOGO DE LOS ARGENTINOS,4,JUSTICIALISTA → PERONISTA → JUSTICIALISTA PARA EL DIALOGO DE LOS ARGENTINOS → SIN BLOQUE,1004.0,0.0,0.0
leg:91c6d0e82886,"GONZALEZ, Nancy Susana",diputados+senado,Chubut,7,2005-2007; 2007-2009; 2009-2011; 2011-2013; 2015-2017; 2017-2019; 2019-2021,2006,2021,14,1627,1627,0.8599,0.8506,0.1365,0.0129,1381,FRENTE DE TODOS,2,FRENTE PARA LA VICTORIA → FRENTE DE TODOS,1751.0,0.1887,0.1317
leg:4ce94d51b22a,"GONZALEZ, Pablo Gerardo",diputados+senado,Santa Cruz,3,2011-2013; 2013-2015; 2019-2021,2011,2020,7,489,489,0.955,0.9786,0.0214,0.0,467,FRENTE DE TODOS,4,JUSTICIALISTA-FRENTE PARA LA VICTORIA → SIN BLOQUE → FRENTE PARA LA VICTORIA → FRENTE DE TODOS,402.0,0.0522,0.0
leg:94db2a266465,GONZÁLEZ Gladys Esther,diputados+senado,Buenos Aires,7,2009-2011; 2011-2013; 2013-2015; 2015-2017; 2017-2019; 2019-2021; 2021-2023,2010,2023,14,1155,1155,0.7342,0.7288,0.2394,0.0318,821,FRENTE PRO,3,PRO → PARTIDO BLOQUISTA DE SAN JUAN → FRENTE PRO,1397.0,0.1637,0.1977
leg:2ccee1401a72,"IBARRA, Vilma Lidia",diputados+senado,Ciudad Autónoma de Buenos Aires,4,2003-2005; 2005-2007; 2007-2009; 2009-2011,2004,2011,8,1401,1401,0.5382,0.9019,0.065,0.0332,729,UNIDOS POR UNA NUEVA ARGENTINA,7,FRENTE GRANDE → PARTIDO DE LA VICTORIA → SIN BLOQUE → FRENTE PARA LA VICTORIA → ENCUENTRO POPULAR Y SOCIAL → NUEVO ENCUENTRO POPULAR Y SOLIDARIO → UNIDOS POR UNA NUEVA ARGENTINA,1403.0,0.0842,0.05
leg:298a4f9c7ef4,"IRRAZABAL, Juan Manuel",diputados+senado,Misiones,7,2003-2005; 2005-2007; 2007-2009; 2009-2011; 2011-2013; 2013-2015; 2015-2017,2003,2017,15,2007,2007,0.7658,0.9382,0.0534,0.0085,1524,FRENTE PARA LA VICTORIA,4,JUSTICIALISTA → FRENTE PARA LA VICTORIA → JUSTICIALISTA-FRENTE PARA LA VICTORIA → SIN BLOQUE,2023.0,0.2514,0.2606
leg:04cbdf4e5d75,"Ianni, Ana Maria",diputados+senado,Santa Cruz,7,2011-2013; 2013-2015; 2017-2019; 2019-2021; 2021-2023; 2023-2025; 2025-2027,2011,2026,15,1230,1230,0.9561,0.8087,0.1871,0.0043,1171,UNION POR LA PATRIA,4,FRENTE PARA LA VICTORIA → FRENTE DE TODOS → UNIDAD CIUDADANA → UNION POR LA PATRIA,1463.0,0.0466,0.0579
leg:2382d177b117,"JENEFES, Guillermo Raúl",diputados+senado,Jujuy,5,1999-2001; 2003-2005; 2005-2007; 2007-2009; 2009-2011,2001,2011,9,1715,1715,0.7843,0.9665,0.032,0.0015,1343,JUSTICIALISTA-FRENTE PARA LA VICTORIA,3,JUSTICIALISTA → SIN BLOQUE → JUSTICIALISTA-FRENTE PARA LA VICTORIA,1667.0,0.2152,0.3784
leg:1a3f94202854,"JUEZ, Luís Alfredo",diputados+senado,Córdoba,7,2009-2011; 2011-2013; 2013-2015; 2019-2021; 2021-2023; 2023-2025; 2025-2027,2010,2026,14,1004,1004,0.5777,0.7569,0.2328,0.0103,574,LA LIBERTAD AVANZA,5,FRENTE CIVICO DE CORDOBA → SIN BLOQUE → PRO → FRENTE PRO → LA LIBERTAD AVANZA,1002.0,0.2246,0.1667
leg:e4d7e929922b,"Juri, Mariana",diputados+senado,Mendoza,5,2009-2011; 2011-2013; 2021-2023; 2023-2025; 2025-2027,2010,2026,10,674,674,0.7596,0.7402,0.2344,0.0254,499,UCR,1,UCR,799.0,0.1697,0.2262
leg:a53919a39d11,KRONEBERGER Daniel Ricardo,diputados+senado,La Pampa,10,2003-2005; 2005-2007; 2007-2009; 2011-2013; 2013-2015; 2015-2017; 2017-2019; 2021-2023; 2023-2025; 2025-2027,2005,2026,20,2243,2243,0.613,0.7287,0.2444,0.0269,1338,UCR,1,UCR,2467.0,0.303,0.3486
leg:892ed1d2e160,"LATORRE, Roxana Itatí",diputados+senado,Santa Fe,7,1999-2001; 2003-2005; 2005-2007; 2007-2009; 2009-2011; 2011-2013; 2013-2015,2001,2015,13,2170,2170,0.7078,0.9492,0.0456,0.0052,1528,FEDERALISMO SANTAFESINO,4,JUSTICIALISTA → SIN BLOQUE → SANTA FE FEDERAL → FEDERALISMO SANTAFESINO,2119.0,0.1806,0.1282
leg:c2b1b96df87d,"LEAVY, SERGIO NAPOLEÓN",diputados+senado,SALTA,4,2017-2019; 2019-2021; 2021-2023; 2023-2025,2017,2025,9,579,579,0.81,0.8955,0.0917,0.0128,463,UNIDAD CIUDADANA,3,FRENTE PARA LA VICTORIA → FRENTE DE TODOS → UNIDAD CIUDADANA,579.0,0.1999,0.0645
leg:457a26c7f3ec,"LEDESMA ABDALA DE ZAMORA, CLAUDIA",diputados+senado,SANTIAGO DEL ESTERO,3,2017-2019; 2019-2021; 2021-2023,2017,2023,7,457,457,0.7834,0.9525,0.0447,0.0028,357,FRENTE NACIONAL Y POPULAR,3,FRENTE CIVICO POR SANTIAGO → FRENTE DE TODOS → FRENTE NACIONAL Y POPULAR,244.0,0.0123,0.0
leg:a2ea36b2392f,"LEGUIZAMÓN, María Laura",diputados+senado,Ciudad Autónoma de Buenos Aires,9,1993-1995; 1995-1997; 2003-2005; 2005-2007; 2007-2009; 2009-2011; 2011-2013; 2013-2015; 2015-2017,1994,2017,16,2162,2162,0.6878,0.965,0.0323,0.0027,1483,FRENTE PARA LA VICTORIA,4,FRENTE PARA LA VICTORIA → JUSTICIALISTA → SIN BLOQUE → JUSTICIALISTA-FRENTE PARA LA VICTORIA,2161.0,0.305,0.1
leg:24603d4cc9b5,LOUSTEAU Martín,diputados+senado,C.A.B.A.,6,2013-2015; 2017-2019; 2019-2021; 2021-2023; 2023-2025; 2025-2027,2014,2026,12,878,878,0.6629,0.6856,0.2388,0.0756,538,PROVINCIAS UNIDAS,4,SUMA + UNEN → EVOLUCION RADICAL → UCR → PROVINCIAS UNIDAS,1006.0,0.1948,0.0632
leg:7aa9ed127917,Legislador a Designar,diputados+senado,Ver,6,1999-2001; 2001-2003; 2003-2005; 2005-2007; 2007-2009; 2009-2011,2001,2010,8,1023,1023,0.0,,,,0,NO INTEGRA BLOQUE,3,NO INTEGRA BLOQUE → JUSTICIALISTA → FRENTE PARA LA VICTORIA,,,
leg:c8e7ab5e98ab,"LÓPEZ ARIAS, Marcelo Eduardo",diputados+senado,Salta,7,1993-1995; 1995-1997; 1999-2001; 2003-2005; 2005-2007; 2007-2009; 2009-2011,1994,2011,11,1466,1466,0.6548,0.9323,0.0521,0.0156,945,PERONISTA,5,PERONISTA → JUSTICIALISTA → SIN BLOQUE → FRENTE PARA LA VICTORIA → PERONISTA SALTENO,1468.0,0.3144,0.3175
leg:9081ecd105c1,"MARTINEZ, Alfredo Anselmo",diputados+senado,Santa Cruz,8,2001-2003; 2003-2005; 2005-2007; 2007-2009; 2009-2011; 2011-2013; 2013-2015; 2015-2017,2002,2017,16,2067,2067,0.8761,0.7167,0.2766,0.0066,1799,UCR,3,ALIANZA → UCR → SIN BLOQUE,1736.0,0.1675,0.0893
leg:ab382e4459b1,"MARTINEZ, Julio César",diputados+senado,La Rioja,8,2003-2005; 2005-2007; 2009-2011; 2011-2013; 2013-2015; 2017-2019; 2019-2021; 2021-2023,2003,2023,18,1858,1858,0.6674,0.6274,0.3121,0.0605,1165,UCR,1,UCR,2100.0,0.2524,0.2419
leg:645e68cd4332,"MARTÍNEZ, ERNESTO FÉLIX",diputados+senado,CÓRDOBA,5,2009-2011; 2011-2013; 2015-2017; 2017-2019; 2019-2021,2010,2021,10,977,977,0.6663,0.7312,0.2488,0.02,638,FRENTE PRO,2,FRENTE CIVICO - CORDOBA → FRENTE PRO,1062.0,0.1601,0.1351
leg:3a2c8d69031d,"MERA, DALMACIO",diputados+senado,CATAMARCA,4,2009-2011; 2015-2017; 2017-2019; 2019-2021,2010,2021,8,705,705,0.8482,0.9298,0.0652,0.005,595,FRENTE DE TODOS,3,FRENTE PARA LA VICTORIA → JUSTICIALISTA → FRENTE DE TODOS,724.0,0.1793,0.4324
leg:2d1e93b007ec,MICHETTI Marta Gabriela,diputados+senado,C.A.B.A.,3,2009-2011; 2011-2013; 2013-2015,2010,2015,6,536,536,0.5485,0.5782,0.398,0.0238,287,PRO Y UNION POR ENTRE RIOS,3,PRO → PARTIDO BLOQUISTA DE SAN JUAN → PRO Y UNION POR ENTRE RIOS,660.0,0.2181,0.2507
leg:ae3f9eacca8f,"MIRKIN, BEATRIZ GRACIELA",diputados+senado,TUCUMÁN,4,2011-2013; 2015-2017; 2017-2019; 2019-2021,2011,2021,9,757,757,0.9168,0.9582,0.0375,0.0043,691,FRENTE DE TODOS,3,FRENTE PARA LA VICTORIA → PERONISMO TUCUMAN → FRENTE DE TODOS,804.0,0.1265,0.0629
leg:690897355ef6,"MOISES, María Carolina",diputados+senado,Jujuy,8,2003-2005; 2005-2007; 2007-2009; 2017-2019; 2019-2021; 2021-2023; 2023-2025; 2025-2027,2005,2026,15,1448,1448,0.6291,0.8386,0.1361,0.0252,888,CONVICCION FEDERAL,4,FRENTE PARA LA VICTORIA → JUSTICIALISTA → FRENTE DE TODOS → CONVICCION FEDERAL,1449.0,0.3694,0.2808
leg:185c6662e69a,"MONTERO, Laura Gisela",diputados+senado,Mendoza,4,2007-2009; 2009-2011; 2011-2013; 2013-2015,2007,2015,9,936,936,0.7489,0.7147,0.2639,0.0214,686,UCR,4,DE LA CONCERTACION → CONSENSO FEDERAL → UCR → SIN BLOQUE,933.0,0.2158,0.2078
leg:cd8dd40d6056,"MORANDINI, Norma Elena",diputados+senado,Córdoba,6,2003-2005; 2005-2007; 2007-2009; 2009-2011; 2011-2013; 2013-2015,2005,2015,11,1620,1620,0.6556,0.6516,0.2175,0.1309,923,FRENTE CIVICO DE CORDOBA,5,PARTIDO NUEVO → PARTIDO NUEVO CONTRA LA CORRUPCION → SIN BLOQUE → MEMORIA Y DEMOCRACIA → FRENTE CIVICO DE CORDOBA,1510.0,0.2229,0.1083
leg:9439ae9bb801,"MULLER, Mabel Hilda",diputados+senado,Buenos Aires,7,1993-1995; 1995-1997; 1999-2001; 2003-2005; 2005-2007; 2007-2009; 2011-2013,1994,2013,12,1942,1942,0.7992,0.9169,0.0709,0.0122,1533,FRENTE PARA LA VICTORIA,5,FRENTE RENOVADOR → JUSTICIALISTA → PERONISTA FEDERAL → SIN BLOQUE → FRENTE PARA LA VICTORIA,2030.0,0.2327,0.2343
leg:d40abe5165a1,"Marquez, Nadia",diputados+senado,Neuquen,2,2023-2025; 2025-2027,2024,2026,3,386,386,0.9819,0.6095,0.3879,0.0026,378,LA LIBERTAD AVANZA,2,LA LIBERTAD AVANZA → SIN BLOQUE,274.0,0.0147,0.0
leg:b46ac31ef7bd,"Mirabella, Roberto",diputados+senado,Santa Fe,3,2019-2021; 2021-2023; 2023-2025,2019,2025,7,471,471,0.8195,0.8886,0.1062,0.0052,384,DEFENDAMOS SANTA FE,2,FRENTE DE TODOS → DEFENDAMOS SANTA FE,291.0,0.0,0.0
leg:3afb32f0526a,"OSUNA, Blanca Inés",diputados+senado,Entre Ríos,9,2001-2003; 2003-2005; 2005-2007; 2007-2009; 2009-2011; 2019-2021; 2021-2023; 2023-2025; 2025-2027,2002,2026,18,2061,2061,0.9059,0.8565,0.1243,0.0193,1831,UNION POR LA PATRIA,6,JUSTICIALISTA → UNION POR LA PATRIA → FRENTE PARA LA VICTORIA → SIN BLOQUE → JUSTICIALISTA-FRENTE PARA LA VICTORIA → FRENTE DE TODOS,2055.0,0.113,0.117
leg:97518caaac55,"Orozco, Emilia",diputados+senado,Salta,2,2023-2025; 2025-2027,2024,2026,3,386,386,0.9819,0.6069,0.3905,0.0026,378,LA LIBERTAD AVANZA,2,LA LIBERTAD AVANZA → SIN BLOQUE,274.0,0.0122,0.0
leg:9618b6a4c8ff,"PAIS, JUAN MARIO",diputados+senado,Chubut,7,2007-2009; 2009-2011; 2011-2013; 2013-2015; 2015-2017; 2017-2019; 2019-2021,2007,2021,15,1456,1456,0.9533,0.933,0.0598,0.0072,1378,FRENTE DE TODOS,3,FRENTE PARA LA VICTORIA → JUSTICIALISTA CHUBUT → FRENTE DE TODOS,1698.0,0.0172,0.0214
leg:77e02ebf7af0,"PAMPURO, José Juan Bautista",diputados+senado,Buenos Aires,5,1999-2001; 2003-2005; 2005-2007; 2007-2009; 2009-2011,2001,2011,9,1062,1062,0.6441,0.9313,0.0658,0.0029,682,JUSTICIALISTA-FRENTE PARA LA VICTORIA,3,JUSTICIALISTA → SIN BLOQUE → JUSTICIALISTA-FRENTE PARA LA VICTORIA,1031.0,0.3688,0.25
leg:b0e7718b28c0,"PARRILLI, Nanci María Agustina",diputados+senado,Neuquén,4,2007-2009; 2009-2011; 2011-2013; 2013-2015,2007,2015,9,1153,1153,0.967,0.9525,0.0448,0.0027,1112,FRENTE PARA LA VICTORIA,4,JUSTICIALISTA → SIN BLOQUE → JUSTICIALISTA-FRENTE PARA LA VICTORIA → FRENTE PARA LA VICTORIA,1252.0,0.0401,0.0
leg:af434f6e5dd7,"PEROTTI, OMAR ÁNGEL",diputados+senado,Santa Fe,4,2011-2013; 2013-2015; 2015-2017; 2017-2019,2011,2019,9,897,897,0.8495,0.9593,0.0341,0.0066,757,JUSTICIALISTA,2,FRENTE PARA LA VICTORIA → JUSTICIALISTA,1120.0,0.155,0.1069
leg:5daaefa4774c,"PICHETTO, Miguel Ángel",diputados+senado,Río Negro,13,1993-1995; 1995-1997; 1999-2001; 2003-2005; 2005-2007; 2007-2009; 2009-2011; 2011-2013; 2013-2015; 2015-2017; 2017-2019; 2023-2025; 2025-2027,1994,2026,22,2986,2986,0.8185,0.9415,0.0569,0.0016,2440,ENCUENTRO FEDERAL,6,ENCUENTRO FEDERAL → JUSTICIALISTA → SIN BLOQUE → JUSTICIALISTA-FRENTE PARA LA VICTORIA → FRENTE PARA LA VICTORIA → PERONISMO REPUBLICANO,2960.0,0.1785,0.1437
leg:acd7932a7695,"PILATTI VERGARA, MARÍA INÉS",diputados+senado,CHACO,8,2009-2011; 2011-2013; 2013-2015; 2015-2017; 2017-2019; 2019-2021; 2021-2023; 2023-2025,2010,2025,16,1323,1323,0.904,0.8344,0.1538,0.0117,1182,FRENTE NACIONAL Y POPULAR,4,FRENTE PARA LA VICTORIA → JUSTICIALISTA-FRENTE PARA LA VICTORIA → FRENTE DE TODOS → FRENTE NACIONAL Y POPULAR,1371.0,0.1394,0.0448
leg:c9937817178a,"PINCHETTI de SIERRA MORALES, Delia Norma",diputados+senado,Tucumán,4,1999-2001; 2003-2005; 2005-2007; 2007-2009,2001,2009,7,1499,1499,0.6704,0.7791,0.2119,0.009,996,SIN BLOQUE,3,FUERZA REPUBLICANA → SIN BLOQUE → TUCUMAN,1451.0,0.1628,0.05
leg:f932f9618646,"PINEDO, Federico",diputados+senado,Cdad.Aut.Bs.As.,8,2003-2005; 2005-2007; 2007-2009; 2009-2011; 2011-2013; 2013-2015; 2015-2017; 2017-2019,2003,2019,17,2169,2169,0.674,0.6628,0.2996,0.0376,1407,FRENTE PRO,5,COMPROMISO PARA EL CAMBIO → PRO Y UNION POR ENTRE RIOS → PRO → PARTIDO BLOQUISTA DE SAN JUAN → FRENTE PRO,2411.0,0.1426,0.0206
leg:b9a8b53e22b2,"POGGI, Claudio Javier",diputados+senado,San Luis,7,2003-2005; 2005-2007; 2007-2009; 2015-2017; 2017-2019; 2019-2021; 2021-2023,2003,2023,15,1693,1693,0.5877,0.6643,0.2693,0.0663,929,AVANZAR SAN LUIS,4,FRENTE DEL MOVIMIENTO POPULAR → AVANZAR SAN LUIS → JUSTICIALISTA NACIONAL → FRENTE JUSTICIA UNION Y LIBERTAD,1693.0,0.1097,0.0142
leg:839404dadf85,"PUERTA, Federico Ramón",diputados+senado,Misiones,4,1999-2001; 2003-2005; 2009-2011; 2011-2013,2001,2013,7,1071,1071,0.352,0.8568,0.1406,0.0027,376,FRENTE PERONISTA,4,FRENTE PERONISTA → JUSTICIALISTA → SIN BLOQUE → PERONISMO FEDERAL,1178.0,0.4351,0.1952
leg:21535318383d,"REJAL, Jesús Fernando",diputados+senado,La Rioja,3,2007-2009; 2023-2025; 2025-2027,2007,2026,6,496,496,0.7117,0.7025,0.289,0.0085,350,JUSTICIA SOCIAL FEDERAL,3,FRENTE PARA LA VICTORIA → CONVICCION FEDERAL → JUSTICIA SOCIAL FEDERAL,497.0,0.2877,0.1481
leg:1b3236f9cb75,RODRIGUEZ Matías David,diputados+senado,Tierra del Fuego,4,2015-2017; 2017-2019; 2019-2021; 2021-2023,2016,2023,8,764,764,0.7186,0.7596,0.2277,0.0128,542,UNIDAD CIUDADANA,3,FRENTE PARA LA VICTORIA → FRENTE DE TODOS → UNIDAD CIUDADANA,764.0,0.2406,0.2
leg:e224f157fa1b,"RODRIGUEZ SAA, Adolfo",diputados+senado,San Luis,10,2003-2005; 2005-2007; 2007-2009; 2009-2011; 2011-2013; 2013-2015; 2015-2017; 2017-2019; 2019-2021; 2021-2023,2003,2023,21,2364,2364,0.6383,0.6945,0.2717,0.0338,1458,FRENTE NACIONAL Y POPULAR,6,FRENTE DEL MOVIMIENTO POPULAR → SIN BLOQUE → JUSTICIALISTA SAN LUIS → UNIDAD JUSTICIALISTA → FRENTE DE TODOS → FRENTE NACIONAL Y POPULAR,2261.0,0.1663,0.0357
leg:2266072f22e6,"RODRÍGUEZ MACHADO, LAURA ELENA",diputados+senado,CÓRDOBA,6,2015-2017; 2017-2019; 2019-2021; 2021-2023; 2023-2025; 2025-2027,2016,2026,11,987,987,0.8804,0.7411,0.2394,0.0196,852,LA LIBERTAD AVANZA,3,FRENTE PRO → SIN BLOQUE → LA LIBERTAD AVANZA,706.0,0.094,0.0
leg:698f28b68808,"ROJKES de ALPEROVICH, Beatriz Liliana",diputados+senado,Tucumán,6,2003-2005; 2005-2007; 2007-2009; 2009-2011; 2011-2013; 2013-2015,2005,2015,11,1620,1620,0.8105,0.9513,0.0487,0.0,1313,FRENTE PARA LA VICTORIA,4,FRENTE PARA LA VICTORIA → JUSTICIALISTA → SIN BLOQUE → JUSTICIALISTA-FRENTE PARA LA VICTORIA,926.0,0.2551,0.0
leg:c4dcf73b4976,"ROLDAN, José María",diputados+senado,Corrientes,5,2005-2007; 2007-2009; 2009-2011; 2011-2013; 2013-2015,2007,2015,9,968,968,0.718,0.9194,0.0691,0.0115,687,FRENTE DE TODOS (CORRIENTES),3,FRENTE DE TODOS → SIN BLOQUE → FRENTE DE TODOS (CORRIENTES),956.0,0.0826,0.0417
leg:439f8ed16feb,"ROZAS, Angel",diputados+senado,Chaco,5,2003-2005; 2005-2007; 2013-2015; 2015-2017; 2017-2019,2005,2019,10,1163,1163,0.4669,0.7459,0.2284,0.0258,529,UCR,2,UCR → SIN BLOQUE,1076.0,0.3847,0.1818
leg:035268cb47e4,"RÍOS, Roberto Fabián",diputados+senado,Corrientes,4,2003-2005; 2005-2007; 2007-2009; 2011-2013,2004,2013,9,1732,1732,0.7581,0.9863,0.0129,0.0008,1312,FRENTE PARA LA VICTORIA,4,JUSTICIALISTA → SIN BLOQUE → JUSTICIALISTA-FRENTE PARA LA VICTORIA → FRENTE PARA LA VICTORIA,1804.0,0.2461,0.1981
leg:7fb854e1803c,"SAADI, Ramón Eduardo",diputados+senado,Catamarca,6,1993-1995; 1999-2001; 2001-2003; 2003-2005; 2005-2007; 2007-2009,1994,2009,10,1606,1606,0.3842,0.9724,0.0259,0.0016,616,SIN BLOQUE,3,SIN BLOQUE → JUSTICIALISTA → JUSTICIALISTA-FRENTE PARA LA VICTORIA,1533.0,0.598,0.7225
leg:b475cf9ec101,"SALVATORI, Pedro",diputados+senado,Neuquén,3,1999-2001; 2003-2005; 2005-2007,2001,2007,5,1061,1061,0.5796,0.8813,0.1187,0.0,615,MOVIMIENTO POPULAR NEUQUINO,2,MOVIMIENTO POPULAR NEUQUINO → SIN BLOQUE,1029.0,0.2512,0.3235
leg:0ea00afb1367,"SAPAG, SILVIA ESTELA",diputados+senado,NEUQUÉN,4,2007-2009; 2019-2021; 2021-2023; 2023-2025,2008,2025,9,498,498,0.9699,0.9545,0.0393,0.0062,480,UNIDAD CIUDADANA,4,FRENTE PARA LA VICTORIA → SIN BLOQUE → FRENTE DE TODOS → UNIDAD CIUDADANA,489.0,0.0194,0.0
leg:62cb5934e474,"SNOPEK, GUILLERMO EUGENIO MARIO",diputados+senado,Jujuy,6,2015-2017; 2017-2019; 2019-2021; 2021-2023; 2023-2025; 2025-2027,2016,2026,11,1061,1061,0.7512,0.8281,0.1631,0.0088,790,UNION POR LA PATRIA,5,JUSTICIALISTA → FRENTE DE TODOS → FRENTE NACIONAL Y POPULAR → UNIDAD FEDERAL → UNION POR LA PATRIA,686.0,0.2937,0.3131
leg:0299bd800667,"SOLANAS, FERNANDO EZEQUIEL",diputados+senado,CIUDAD AUTÓNOMA DE BUENOS AIRES,7,1993-1995; 1995-1997; 2009-2011; 2011-2013; 2013-2015; 2015-2017; 2017-2019,1994,2019,11,907,907,0.5535,0.5737,0.3845,0.0418,481,PROYECTO SUR - UNEN,3,MOVIMIENTO PROYECTO SUR → PROYECTO SUR → PROYECTO SUR - UNEN,1031.0,0.1035,0.1525
leg:f789b602c96a,"Salino, Fernando Aldo",diputados+senado,San Luis,3,2013-2015; 2023-2025; 2025-2027,2014,2026,5,438,438,0.8311,0.6209,0.3516,0.0275,354,JUSTICIA SOCIAL FEDERAL,3,COMPROMISO FEDERAL → CONVICCION FEDERAL → JUSTICIA SOCIAL FEDERAL,557.0,0.1925,0.287
leg:b449008ab50b,"Santilli, Diego",diputados+senado,Buenos Aires,4,2001-2003; 2013-2015; 2021-2023; 2023-2025,2002,2025,9,526,526,0.7662,0.6079,0.3772,0.0149,397,PRO,4,JUSTICIALISTA → SIN BLOQUE → PRO Y UNION POR ENTRE RIOS → PRO,291.0,0.1221,0.0
leg:a6f33ebbf3f3,"Soria, Martin",diputados+senado,Rio Negro,3,2019-2021; 2023-2025; 2025-2027,2019,2026,6,421,421,0.9715,0.5746,0.423,0.0024,408,JUSTICIALISTA,4,FRENTE DE TODOS → UNION POR LA PATRIA → SIN BLOQUE → JUSTICIALISTA,278.0,0.0452,0.0222
leg:c59cc4e92905,"TAIANA, JORGE ENRIQUE",diputados+senado,BUENOS AIRES,2,2019-2021; 2025-2027,2019,2026,5,241,241,0.9917,0.7364,0.2636,0.0,239,UNION POR LA PATRIA,2,FRENTE DE TODOS → UNION POR LA PATRIA,146.0,0.0137,
leg:6205630ccb27,"TERRAGNO, Rodolfo",diputados+senado,Ciudad Autónoma de Buenos Aires,3,1993-1995; 2003-2005; 2005-2007,1994,2007,5,1036,1036,0.3803,0.7563,0.2335,0.0102,390,RADICAL INDEPENDIENTE,2,SIN BLOQUE → RADICAL INDEPENDIENTE,1005.0,0.0,0.0
leg:d583d2d92607,"TORRES, IGNACIO AGUSTÍN",diputados+senado,CHUBUT,2,2019-2021; 2021-2023,2019,2023,5,99,99,0.6566,0.4154,0.5692,0.0154,64,FRENTE PRO,3,PRO → JUNTOS POR EL CAMBIO CHUBUT → FRENTE PRO,99.0,0.2312,0.0
leg:db01609f5553,"UÑAC, José Rubén",diputados+senado,San Juan,6,2005-2007; 2011-2013; 2013-2015; 2017-2019; 2019-2021; 2021-2023,2006,2023,14,1427,1427,0.8662,0.9717,0.0251,0.0032,1232,FRENTE NACIONAL Y POPULAR,4,FRENTE PARA LA VICTORIA → JUSTICIALISTA → FRENTE DE TODOS → FRENTE NACIONAL Y POPULAR,1650.0,0.1199,0.0681
leg:e0a87f5f810e,VEGA María Clara del Valle,diputados+senado,La Rioja,3,2015-2017; 2019-2021; 2021-2023,2016,2023,7,551,551,0.8693,0.8246,0.1503,0.0251,467,MEDIAR ARGENTINA,2,UCR → MEDIAR ARGENTINA,551.0,0.0546,0.1685
leg:fd82204ddbab,"VERASAY, PAMELA FERNANDA",diputados+senado,MENDOZA,6,2015-2017; 2017-2019; 2019-2021; 2021-2023; 2023-2025; 2025-2027,2016,2026,11,987,987,0.9281,0.8024,0.1725,0.0251,893,UCR,1,UCR,997.0,0.0742,0.0431
leg:846e16690071,VIGO Alejandra María,diputados+senado,Córdoba,5,2017-2019; 2019-2021; 2021-2023; 2023-2025; 2025-2027,2017,2026,10,546,546,0.7088,0.7519,0.1628,0.0853,354,PROVINCIAS UNIDAS,3,CORDOBA FEDERAL → UNIDAD FEDERAL → PROVINCIAS UNIDAS,547.0,0.2524,0.1585
leg:8eb0a3fe422f,"Villaverde, Lorena",diputados+senado,Rio Negro,2,2023-2025; 2025-2027,2024,2026,3,371,371,0.9434,0.5657,0.4343,0.0,350,LA LIBERTAD AVANZA,2,LA LIBERTAD AVANZA → SIN BLOQUE,379.0,0.0449,0.0617
leg:737f07a36a56,"YOMA, Jorge Raúl",diputados+senado,La Rioja,3,2003-2005; 2009-2011; 2011-2013,2004,2013,6,1032,1032,0.468,0.8468,0.1429,0.0104,478,FRENTE PARA LA VICTORIA,4,JUSTICIALISTA → SIN BLOQUE → EL CHACHO → FRENTE PARA LA VICTORIA,1139.0,0.4563,0.0545
leg:92466d70d3bb,"Yedlin, Pablo Raul",diputados+senado,Tucuman,5,2017-2019; 2019-2021; 2021-2023; 2023-2025; 2025-2027,2017,2026,10,681,681,0.9383,0.7387,0.2535,0.0078,634,UNION POR LA PATRIA,4,JUSTICIALISTA POR TUCUMAN → FRENTE DE TODOS → FRENTE NACIONAL Y POPULAR → UNION POR LA PATRIA,691.0,0.1067,0.1804
leg:cfa79196fb3d,"ZAVALIA, José Luis",diputados+senado,Santiago del Estero,4,1993-1995; 1995-1997; 2003-2005; 2005-2007,1994,2007,6,1048,1048,0.5687,0.7752,0.2198,0.005,593,UCR,2,SIN BLOQUE → UCR,1005.0,0.3922,0.5385
leg:2845a15051f1,"ZIMMERMANN, Víctor",diputados+senado,Chaco,5,2003-2005; 2005-2007; 2019-2021; 2021-2023; 2023-2025,2003,2025,12,1259,1259,0.6545,0.5752,0.3726,0.0522,781,UCR,2,UCR → SIN BLOQUE,1077.0,0.2618,0.0969
leg:a9dca751022a,ÁVILA Beatriz Luisa,diputados+senado,Tucumán,5,2017-2019; 2019-2021; 2021-2023; 2023-2025; 2025-2027,2017,2026,10,546,546,0.7509,0.7634,0.2341,0.0024,409,INDEPENDENCIA,2,PARTIDO POR LA JUSTICIA SOCIAL → INDEPENDENCIA,547.0,0.0,0.0
leg:7a412f98ea14,"ABAL MEDINA, JUAN MANUEL",senado,BUENOS AIRES,2,2013-2015; 2015-2017,2015,2017,3,364,364,0.978,0.9551,0.0281,0.0169,350,FRENTE PARA LA VICTORIA,1,FRENTE PARA LA VICTORIA,364.0,0.062,0.0
leg:9ffe8642424c,"ABRAMETO, Jacobo Alberto",senado,Río Negro,1,2005-2007,2007,2007,1,100,100,0.82,0.9756,0.0244,0.0,82,RADICAL RIONEGRINO,1,RADICAL RIONEGRINO,100.0,0.0,0.0
leg:9ebdb13b3748,"AGUILAR, EDUARDO ALBERTO",senado,CHACO,3,2013-2015; 2015-2017; 2017-2019,2013,2019,7,581,581,0.864,0.9124,0.0857,0.002,501,JUSTICIALISTA,3,JUSTICIALISTA-FRENTE PARA LA VICTORIA → FRENTE PARA LA VICTORIA → JUSTICIALISTA,581.0,0.2006,0.0
leg:7a14f821f369,"AGUNDEZ, Jorge Alfredo",senado,San Luis,1,2003-2005,2004,2005,2,656,656,0.8552,0.7879,0.2121,0.0,561,SIN BLOQUE,2,UCR → SIN BLOQUE,639.0,0.151,0.2222
leg:6a63adfe30c6,"ALMIRÓN, ANA CLAUDIA",senado,CORRIENTES,3,2015-2017; 2017-2019; 2019-2021,2016,2021,6,601,601,0.9201,0.7215,0.2568,0.0217,541,FRENTE DE TODOS,2,FRENTE PARA LA VICTORIA → FRENTE DE TODOS,601.0,0.194,0.0
leg:75f5ac66d055,"ALPEROVICH, JOSÉ JORGE",senado,TUCUMÁN,3,2015-2017; 2017-2019; 2019-2021,2016,2021,6,601,601,0.4343,0.9617,0.0345,0.0038,260,FRENTE DE TODOS,2,PERONISMO TUCUMAN → FRENTE DE TODOS,601.0,0.4235,0.0
leg:d0748eae76d1,"ARANCIO DE BELLER, Mónica",senado,Jujuy,1,2003-2005,2004,2005,2,656,656,0.4207,0.7391,0.2572,0.0036,275,SIN BLOQUE,2,FRENTE CIVICO JUJENO → SIN BLOQUE,639.0,0.0,0.0
leg:e8b321bc6021,"ARTAZA, Eugenio Justiniano",senado,Corrientes,3,2009-2011; 2011-2013; 2013-2015,2010,2015,6,671,671,0.7317,0.7312,0.2587,0.0102,486,UCR,2,UCR → SIN BLOQUE,668.0,0.2376,0.1316
leg:66a7401c62c9,"AVELIN DE GINESTAR, NANCY",senado,,1,2003-2005,2005,2005,1,17,17,0.4118,0.5714,0.4286,0.0,7,SIN BLOQUE,1,SIN BLOQUE,,,
leg:1d2bb445b52d,"AVELÍN, Nancy Barbarita",senado,San Juan,1,2003-2005,2004,2005,2,639,639,0.615,0.7557,0.2417,0.0025,392,CRUZADA RENOVADORA,1,CRUZADA RENOVADORA,639.0,0.0,0.0
leg:3d537dc379b2,"Abad, Maximiliano",senado,44,2,2023-2025; 2025-2027,2024,2026,3,234,234,0.8462,0.8232,0.1667,0.0101,196,UCR,1,UCR,235.0,0.2327,0.2071
leg:36271e7001d2,"Abdala, Bartolomé Esteban",senado,Presidente,2,2023-2025; 2025-2027,2024,2026,3,234,234,0.9487,0.7568,0.2207,0.0225,217,LA LIBERTAD AVANZA,1,LA LIBERTAD AVANZA,235.0,0.0149,0.0
leg:d78450c584cb,"Almeida, Romina María",senado,,2,2023-2025; 2025-2027,2025,2026,2,112,112,1.0,0.9464,0.0446,0.0089,111,LA LIBERTAD AVANZA,2,SIN BLOQUE → LA LIBERTAD AVANZA,111.0,0.0,0.0
leg:d2a384ebfd8b,"Alvarez Rivero, Carmen Silvia",senado,68,3,2021-2023; 2023-2025; 2025-2027,2021,2026,6,298,298,0.8993,0.7015,0.2873,0.0112,265,LA LIBERTAD AVANZA,2,FRENTE PRO → LA LIBERTAD AVANZA,228.0,0.0636,0.1538
leg:ea15b4b826ff,"Andrada, Guillermo Eduardo",senado,31,3,2021-2023; 2023-2025; 2025-2027,2021,2026,6,298,298,0.9698,0.7647,0.2284,0.0069,287,CONVICCION FEDERAL,3,FRENTE NACIONAL Y POPULAR → UNION POR LA PATRIA → CONVICCION FEDERAL,299.0,0.0395,0.0
leg:a3741ef50998,"Arce, Carlos Omar",senado,59,2,2023-2025; 2025-2027,2024,2026,3,234,234,0.953,0.9013,0.0717,0.0269,217,ENCUENTRO MISIONERO,2,FRENTE RENOVADOR DE LA CONCORDIA SOCIAL → ENCUENTRO MISIONERO,235.0,0.0021,0.0
leg:3310694c39b2,"Arrascaeta, Ivanna Marcela",senado,47,2,2023-2025; 2025-2027,2024,2026,3,234,234,0.9188,0.7581,0.2326,0.0093,213,LA LIBERTAD AVANZA,1,LA LIBERTAD AVANZA,235.0,0.0319,0.1538
leg:e4bcae243e71,"Atauche, Ezequiel",senado,26,2,2023-2025; 2025-2027,2024,2026,3,234,234,0.9444,0.7421,0.2262,0.0317,214,LA LIBERTAD AVANZA,1,LA LIBERTAD AVANZA,235.0,0.0191,0.0
leg:01d2133a4362,"BANICEVICH, Jorge Esteban",senado,Santa Cruz,2,2007-2009; 2009-2011,2009,2011,3,368,368,0.8777,0.9195,0.0805,0.0,323,JUSTICIALISTA-FRENTE PARA LA VICTORIA,2,JUSTICIALISTA-FRENTE PARA LA VICTORIA → SIN BLOQUE,352.0,0.1307,0.0
leg:1005f5a509d2,"BAR, Graciela Yolanda",senado,Entre Ríos,2,2003-2005; 2005-2007,2004,2007,4,1022,1022,0.8258,0.9976,0.0024,0.0,844,JUSTICIALISTA,2,JUSTICIALISTA → SIN BLOQUE,1005.0,0.192,0.0769
leg:d754e1f1275e,"BARRIONUEVO, WALTER BASILIO",senado,Jujuy,3,2011-2013; 2013-2015; 2015-2017,2011,2017,7,735,735,0.8925,0.9741,0.0259,0.0,656,FRENTE PARA LA VICTORIA,3,JUSTICIALISTA-FRENTE PARA LA VICTORIA → SIN BLOQUE → FRENTE PARA LA VICTORIA,732.0,0.1194,0.0
leg:40db3b51752f,"BIANCALANI, Fabio Darío",senado,Chaco,3,2007-2009; 2009-2011; 2011-2013,2007,2013,7,949,949,0.7092,0.9391,0.0579,0.003,671,JUSTICIALISTA-FRENTE PARA LA VICTORIA,3,JUSTICIALISTA → SIN BLOQUE → JUSTICIALISTA-FRENTE PARA LA VICTORIA,930.0,0.2906,0.2857
leg:89a10d2d3f8d,"BLANCO, PABLO DANIEL",senado,"TIERRA DEL FUEGO, ANTÁRTIDA E ISLAS DEL ATLÁNTICO SUR",3,2019-2021; 2021-2023; 2023-2025,2019,2025,7,366,366,0.8579,0.7994,0.1815,0.0191,308,UCR,1,UCR,366.0,0.1016,0.1058
leg:e7f654b18197,"BLAS, INÉS IMELDA",senado,CATAMARCA,5,2011-2013; 2013-2015; 2015-2017; 2017-2019; 2019-2021,2011,2021,11,1056,1056,0.9337,0.9706,0.0274,0.002,984,FRENTE DE TODOS,5,JUSTICIALISTA-FRENTE PARA LA VICTORIA → SIN BLOQUE → FRENTE PARA LA VICTORIA → JUSTICIALISTA → FRENTE DE TODOS,1053.0,0.082,0.0
leg:f6d4f3251d54,"BONGIORNO, María José",senado,Río Negro,3,2007-2009; 2009-2011; 2011-2013,2007,2013,7,949,949,0.7766,0.9308,0.0597,0.0095,730,JUSTICIALISTA-FRENTE PARA LA VICTORIA,4,JUSTICIALISTA → SIN BLOQUE → JUSTICIALISTA-FRENTE PARA LA VICTORIA → ENCUENTRO DE LOS RIONEGRINOS,930.0,0.07,0.0
leg:4fe11a7f2f62,"BORELLO, Marta Teresita",senado,Córdoba,2,2011-2013; 2013-2015,2011,2015,5,455,455,0.756,0.6279,0.3663,0.0058,342,UCR,2,UCR → SIN BLOQUE,368.0,0.2099,0.5
leg:d03b1ff94009,"BOYADJIAN, MIRIAM RUTH",senado,"TIERRA DEL FUEGO, ANTÁRTIDA E ISLAS DEL ATLÁNTICO SUR",3,2013-2015; 2015-2017; 2017-2019,2015,2019,5,453,453,0.8168,0.9189,0.0784,0.0027,369,MOVIMIENTO POPULAR FUEGUINO,1,MOVIMIENTO POPULAR FUEGUINO,453.0,0.0,0.0
leg:719538576d2b,"BRAILLARD POCCARD, NÉSTOR PEDRO",senado,CORRIENTES,3,2015-2017; 2017-2019; 2019-2021,2016,2021,6,601,601,0.8319,0.854,0.134,0.012,494,FRENTE PRO,1,FRENTE PRO,601.0,0.1259,0.0
leg:7f75e0b422c2,"Bahl, Adán Humberto",senado,,2,2023-2025; 2025-2027,2025,2026,2,112,112,0.9286,0.2308,0.75,0.0192,102,JUSTICIALISTA,2,SIN BLOQUE → JUSTICIALISTA,111.0,0.0991,0.0
leg:25d3a78b8a4b,"Bedia, Vilma Facunda",senado,65,2,2023-2025; 2025-2027,2024,2026,3,234,234,0.9359,0.758,0.2192,0.0228,214,LA LIBERTAD AVANZA,1,LA LIBERTAD AVANZA,235.0,0.0191,0.0
leg:6609d7d519f4,"Benegas Lynch, Joaquín Alberto",senado,,2,2023-2025; 2025-2027,2025,2026,2,112,112,1.0,0.9464,0.0446,0.0089,111,LA LIBERTAD AVANZA,2,SIN BLOQUE → LA LIBERTAD AVANZA,111.0,0.0,0.0
leg:4a35b877c3f8,"Bensusán, Daniel Pablo",senado,27,3,2021-2023; 2023-2025; 2025-2027,2021,2026,6,298,298,0.9295,0.6462,0.3466,0.0072,275,JUSTICIALISTA,2,FRENTE NACIONAL Y POPULAR → JUSTICIALISTA,299.0,0.0529,0.0526
leg:ed88b2d344ac,"CABANCHIK, Samuel Manuel",senado,Ciudad Autónoma de Buenos Aires,3,2007-2009; 2009-2011; 2011-2013,2007,2013,7,949,949,0.5427,0.7282,0.2641,0.0078,511,PROYECTO BUENOS AIRES FEDERAL,3,COALICION CIVICA → SIN BLOQUE → PROYECTO BUENOS AIRES FEDERAL,930.0,0.0398,0.0
leg:138bc4cd1a7e,"CABRAL, SALVADOR",senado,Misiones,3,2011-2013; 2013-2015; 2015-2017,2011,2017,7,735,735,0.6912,0.9783,0.0217,0.0,508,FRENTE PARA LA VICTORIA,3,JUSTICIALISTA-FRENTE PARA LA VICTORIA → SIN BLOQUE → FRENTE PARA LA VICTORIA,732.0,0.3092,0.25
leg:b7cf3b0012e5,"CAFIERO, Antonio Francisco",senado,Buenos Aires,1,2003-2005,2004,2005,2,656,656,0.5671,0.9704,0.0296,0.0,372,SIN BLOQUE,2,JUSTICIALISTA → SIN BLOQUE,639.0,0.4477,0.1111
leg:5cffebd20fba,"CALCAGNO Y MAILLMAN, Eric",senado,Buenos Aires,2,2007-2009; 2009-2011,2007,2011,5,608,608,0.8668,0.9412,0.055,0.0038,525,JUSTICIALISTA-FRENTE PARA LA VICTORIA,2,JUSTICIALISTA → JUSTICIALISTA-FRENTE PARA LA VICTORIA,638.0,0.143,0.0
leg:11127a15ffa6,"CAPITANICH, Jorge Milton",senado,Chaco,4,2003-2005; 2005-2007; 2023-2025; 2025-2027,2004,2026,6,1134,1134,0.9586,0.9218,0.0764,0.0018,1085,JUSTICIALISTA,2,JUSTICIALISTA → SIN BLOQUE,1116.0,0.0574,0.0
leg:e693d138adfe,"CAPOS, Liliana Delia",senado,Tierra del Fuego,2,2003-2005; 2005-2007,2004,2007,4,1022,1022,0.8209,0.8284,0.1681,0.0036,836,UCR,2,UCR → SIN BLOQUE,1005.0,0.2064,0.3846
leg:91c91aa89d18,"CASTRO, María Elisa",senado,Santiago del Estero,2,2003-2005; 2005-2007,2004,2007,4,1022,1022,0.502,1.0,0.0,0.0,513,JUSTICIALISTA,2,JUSTICIALISTA → SIN BLOQUE,1005.0,0.4742,0.2308
leg:e2fdd9565ac4,"CATALFAMO, MARÍA EUGENIA",senado,SAN LUIS,3,2017-2019; 2019-2021; 2021-2023,2017,2023,7,385,385,0.8779,0.8402,0.1183,0.0414,324,UNIDAD FEDERAL,4,JUSTICIALISMO SAN LUIS → FRENTE DE TODOS → FRENTE NACIONAL Y POPULAR → UNIDAD FEDERAL,385.0,0.0416,0.125
leg:2d0bd57cab6a,"CIMADEVILLA, Mario Jorge",senado,Chubut,3,2009-2011; 2011-2013; 2013-2015,2010,2015,6,671,671,0.541,0.686,0.303,0.011,359,UCR,2,UCR → SIN BLOQUE,668.0,0.3247,0.0263
leg:e0086aa73178,"COLAZO, Mario Jorge",senado,Tierra del Fuego,3,2007-2009; 2009-2011; 2011-2013,2007,2013,7,949,949,0.8388,0.9485,0.0515,0.0,796,JUSTICIALISTA-FRENTE PARA LA VICTORIA,3,JUSTICIALISTA → SIN BLOQUE → JUSTICIALISTA-FRENTE PARA LA VICTORIA,930.0,0.1648,0.0
leg:21f46bfde3d5,"COLOMBO DE ACEVEDO, María Teresa",senado,Catamarca,3,2003-2005; 2005-2007; 2007-2009,2004,2009,6,1397,1397,0.4724,0.7621,0.2333,0.0045,657,FRENTE CIVICO Y SOCIAL DE CATAMARCA,1,FRENTE CIVICO Y SOCIAL DE CATAMARCA,1427.0,0.1552,0.1875
leg:d0e6341bff89,"COLOMBO de ACEVEDO, MARÍA TERESITA DEL VALLE",senado,,2,2003-2005; 2007-2009,2005,2009,2,63,63,0.3651,0.6522,0.3043,0.0435,22,SIN BLOQUE,1,SIN BLOQUE,,,
leg:7599563bb198,"CORRADI DE BELTRÀN, Ana María",senado,Santiago del Estero,3,2007-2009; 2009-2011; 2011-2013,2007,2013,7,949,949,0.8219,0.959,0.041,0.0,780,JUSTICIALISTA-FRENTE PARA LA VICTORIA,3,JUSTICIALISTA → SIN BLOQUE → JUSTICIALISTA-FRENTE PARA LA VICTORIA,930.0,0.1797,0.0
leg:fefcb889f39b,"CORREGIDO, Elena Mercedes",senado,Chaco,3,2007-2009; 2009-2011; 2011-2013,2007,2013,7,949,949,0.8714,0.9105,0.0846,0.0048,823,JUSTICIALISTA-FRENTE PARA LA VICTORIA,3,JUSTICIALISTA → SIN BLOQUE → JUSTICIALISTA-FRENTE PARA LA VICTORIA,930.0,0.1797,0.1905
leg:b35f12f73e05,"CREXELL, CARMEN LUCILA",senado,NEUQUÉN,6,2013-2015; 2015-2017; 2017-2019; 2019-2021; 2021-2023; 2023-2025,2013,2025,13,947,947,0.641,0.7858,0.1664,0.0478,578,MOVIMIENTO NEUQUINO,4,MOVIMIENTO POPULAR NEUQUINO → PERONISMO REPUBLICANO → MOVIMIENTO NEUQUINO → CAMBIO FEDERAL,947.0,0.1871,0.0952
leg:96a497dfac24,"CURLETTI, MIRIAN BELÉN",senado,,1,2003-2005,2005,2005,1,17,17,0.4118,0.5714,0.4286,0.0,7,SIN BLOQUE,1,SIN BLOQUE,,,
leg:d3ec8dfa762b,"Carambia, José María",senado,64,2,2023-2025; 2025-2027,2024,2026,3,234,234,0.9145,0.7103,0.2757,0.014,211,MOVERE SANTA CRUZ,2,POR SANTA CRUZ → MOVERE SANTA CRUZ,235.0,0.0213,0.0
leg:8bed8fa8f0bc,"Cora, Stefanía",senado,58,1,2023-2025,2025,2025,1,77,77,0.9351,0.8194,0.1806,0.0,72,UNIDAD CIUDADANA,1,UNIDAD CIUDADANA,77.0,0.0,0.0
leg:01bf087bd2b8,"Corroza, Julieta",senado,,2,2023-2025; 2025-2027,2025,2026,2,112,112,0.9196,0.767,0.1359,0.0971,93,LA NEUQUINIDAD,2,LA NEUQUINIDAD → SIN BLOQUE,111.0,0.0,0.0
leg:929d25cfb09f,"Coto, Agustín",senado,,2,2023-2025; 2025-2027,2025,2026,2,112,112,1.0,0.9464,0.0446,0.0089,111,LA LIBERTAD AVANZA,2,SIN BLOQUE → LA LIBERTAD AVANZA,104.0,0.0,0.0
leg:7f6b12f26249,"Cristina, Andrea Marcela",senado,40,2,2023-2025; 2025-2027,2024,2026,3,234,234,0.8761,0.8,0.1805,0.0195,201,FRENTE PRO,2,FRENTE PRO [ 10 ] → FRENTE PRO,235.0,0.1021,0.1538
leg:f06c40d12198,"DANIELE, Mario Domingo",senado,Tierra del Fuego,2,2003-2005; 2005-2007,2004,2007,4,1022,1022,0.8102,0.9976,0.0024,0.0,828,JUSTICIALISTA,2,JUSTICIALISTA → SIN BLOQUE,1005.0,0.2059,0.0769
leg:b96cd4f160b8,"DE ANGELI, ALFREDO LUIS",senado,ENTRE RÍOS,6,2013-2015; 2015-2017; 2017-2019; 2019-2021; 2021-2023; 2023-2025,2013,2025,13,947,947,0.8522,0.7782,0.2045,0.0173,793,FRENTE PRO,2,PRO Y UNION POR ENTRE RIOS → FRENTE PRO,947.0,0.1139,0.0952
leg:41bae6e3ab2e,"DI PERNA, Graciela Agustina",senado,Chubut,3,2009-2011; 2011-2013; 2013-2015,2010,2015,6,671,671,0.772,0.7278,0.2529,0.0193,508,TRABAJO Y DIGNIDAD,2,TRABAJO Y DIGNIDAD → SIN BLOQUE,668.0,0.0,0.0
leg:18925d30a424,"DIAZ, María Rosa",senado,Tierra del Fuego,3,2007-2009; 2009-2011; 2011-2013,2007,2013,7,949,949,0.8988,0.9074,0.0903,0.0023,851,NUEVO ENCUENTRO,4,AFIRMACION PARA UNA REPUBLICA IGUALITARIA → SIN BLOQUE → POR TIERRA DEL FUEGO → NUEVO ENCUENTRO,930.0,0.0742,0.0476
leg:bef6b06c2511,"DURANGO, NORMA HAYDÉE",senado,LA PAMPA,3,2015-2017; 2017-2019; 2019-2021,2016,2021,6,601,601,0.8502,0.955,0.0391,0.0059,508,FRENTE DE TODOS,2,PARTIDO JUSTICIALISTA LA PAMPA → FRENTE DE TODOS,601.0,0.1098,0.0
leg:80de47b87b87,"DURÉ, MARÍA EUGENIA",senado,"TIERRA DEL FUEGO, ANTÁRTIDA E ISLAS DEL ATLÁNTICO SUR",3,2019-2021; 2021-2023; 2023-2025,2019,2025,7,366,366,0.9781,0.9413,0.0531,0.0056,356,UNIDAD CIUDADANA,2,FRENTE DE TODOS → UNIDAD CIUDADANA,366.0,0.0082,0.0
leg:b8bbc58c17c4,"ELÍAS DE PÉREZ, SILVIA BEATRIZ",senado,TUCUMÁN,4,2013-2015; 2015-2017; 2017-2019; 2019-2021,2013,2021,9,761,761,0.8988,0.7968,0.1827,0.0205,670,UCR,1,UCR,761.0,0.0807,0.0
leg:09d47705d73f,"ESCUDERO, Sonia Margarita",senado,Salta,5,2003-2005; 2005-2007; 2007-2009; 2009-2011; 2011-2013,2004,2013,10,1971,1971,0.762,0.8775,0.1045,0.018,1475,JUSTICIALISTA 8 DE OCTUBRE,3,JUSTICIALISTA → SIN BLOQUE → JUSTICIALISTA 8 DE OCTUBRE,1935.0,0.2616,0.3235
leg:0373ca050c72,"ESPÍNOLA, CARLOS MAURICIO",senado,CORRIENTES,6,2015-2017; 2017-2019; 2019-2021; 2021-2023; 2023-2025; 2025-2027,2016,2026,11,899,899,0.842,0.9207,0.0753,0.004,754,PROVINCIAS UNIDAS,6,FRENTE PARA LA VICTORIA → JUSTICIALISTA → FRENTE DE TODOS → FRENTE NACIONAL Y POPULAR → UNIDAD FEDERAL → PROVINCIAS UNIDAS,900.0,0.216,0.1087
leg:fc6d2cfed439,"ESTENSSORO, María Eugenia",senado,Ciudad Autónoma de Buenos Aires,3,2007-2009; 2009-2011; 2011-2013,2007,2013,7,949,949,0.4542,0.5893,0.3782,0.0325,417,COALICION CIVICA,2,COALICION CIVICA → SIN BLOQUE,930.0,0.0398,0.0
leg:9010e2995814,"FALCO, Luis Alberto",senado,Río Negro,2,2003-2005; 2005-2007,2004,2007,4,922,922,0.4067,0.7813,0.216,0.0027,374,RADICAL RIONEGRINO,2,RADICAL RIONEGRINO → SIN BLOQUE,905.0,0.0,0.0
leg:aad3d74645f0,"FERNANDEZ, Aníbal Domingo",senado,Buenos Aires,2,2011-2013; 2013-2015,2011,2014,4,371,371,0.9946,0.9756,0.0244,0.0,369,JUSTICIALISTA-FRENTE PARA LA VICTORIA,2,JUSTICIALISTA-FRENTE PARA LA VICTORIA → SIN BLOQUE,368.0,0.0054,0.0
leg:e80337cfa0df,"FORSTMANN, Selva Judit",senado,Santa Cruz,1,2007-2009,2007,2009,3,286,286,0.8986,0.965,0.035,0.0,257,JUSTICIALISTA-FRENTE PARA LA VICTORIA,2,JUSTICIALISTA → JUSTICIALISTA-FRENTE PARA LA VICTORIA,286.0,0.1053,0.0
leg:ed8a34686d4d,"FUENTES, Marcelo Jorge",senado,Neuquén,6,2007-2009; 2009-2011; 2011-2013; 2013-2015; 2015-2017; 2017-2019,2007,2019,13,1530,1530,0.8804,0.8693,0.124,0.0067,1338,FRENTE PARA LA VICTORIA,4,JUSTICIALISTA → SIN BLOQUE → JUSTICIALISTA-FRENTE PARA LA VICTORIA → FRENTE PARA LA VICTORIA,1511.0,0.1448,0.0
leg:b6e1a0196e3f,"Fama, Flavio Sergio",senado,45,3,2021-2023; 2023-2025; 2025-2027,2021,2026,6,298,298,0.8456,0.8571,0.1349,0.0079,250,UCR,1,UCR,299.0,0.1134,0.1943
leg:e404c02ebda3,"Fullone, Enzo Paolo",senado,,1,2025-2027,2025,2026,2,110,110,1.0,0.9455,0.0455,0.0091,109,LA LIBERTAD AVANZA,1,LA LIBERTAD AVANZA,111.0,0.0,0.0
leg:7133225a3206,"GALLEGO, Silvia Ester",senado,La Pampa,3,2003-2005; 2005-2007; 2007-2009,2004,2009,6,1460,1460,0.9178,0.9776,0.0216,0.0007,1339,SIN BLOQUE,3,JUSTICIALISTA → SIN BLOQUE → JUSTICIALISTA-FRENTE PARA LA VICTORIA,1427.0,0.1038,0.375
leg:e4758ec3287e,"GALLIA, Sergio Adrián",senado,Neuquén,2,2003-2005; 2005-2007,2004,2007,4,1022,1022,0.5509,0.9964,0.0018,0.0018,562,JUSTICIALISTA,2,JUSTICIALISTA → SIN BLOQUE,1005.0,0.4294,0.2308
leg:3048121e81aa,"GARCIA LARRABURU, Silvia Marcela",senado,Río Negro,1,2013-2015,2013,2014,2,76,76,0.9737,0.9865,0.0135,0.0,74,JUSTICIALISTA-FRENTE PARA LA VICTORIA,1,JUSTICIALISTA-FRENTE PARA LA VICTORIA,76.0,0.0263,0.0
leg:c5df9b352ff0,"GARCÍA, VIRGINIA MARÍA",senado,SANTA CRUZ,1,2015-2017,2016,2017,2,280,280,0.8893,0.6145,0.3213,0.0643,233,FRENTE PARA LA VICTORIA,1,FRENTE PARA LA VICTORIA,280.0,0.4256,0.0
leg:dcf28b146c7d,"GIACOPPO, SILVIA DEL ROSARIO",senado,JUJUY,4,2015-2017; 2017-2019; 2019-2021; 2021-2023,2016,2023,8,665,665,0.7519,0.842,0.146,0.012,494,UCR,1,UCR,665.0,0.2079,0.0
leg:c3ab7959193e,"GIMÉNEZ, NORA DEL VALLE",senado,SALTA,3,2019-2021; 2021-2023; 2023-2025,2019,2025,7,366,366,0.9016,0.9424,0.0515,0.0061,328,UNIDAD CIUDADANA,2,FRENTE DE TODOS → UNIDAD CIUDADANA,366.0,0.0792,0.0
leg:022fbc8e4e10,"GIMÉNEZ, SANDRA DANIELA",senado,Misiones,3,2011-2013; 2013-2015; 2015-2017,2011,2017,7,735,735,0.9007,0.9245,0.0755,0.0,662,FRENTE PARA LA VICTORIA,3,JUSTICIALISTA-FRENTE PARA LA VICTORIA → SIN BLOQUE → FRENTE PARA LA VICTORIA,732.0,0.1507,0.0
leg:9d948bc0a7c1,"GIOJA, César Ambrosio",senado,San Juan,3,2005-2007; 2007-2009; 2009-2011,2005,2011,7,1020,1020,0.7667,0.9604,0.0396,0.0,782,JUSTICIALISTA-FRENTE PARA LA VICTORIA,3,JUSTICIALISTA → SIN BLOQUE → JUSTICIALISTA-FRENTE PARA LA VICTORIA,1004.0,0.2362,0.0833
leg:fcb593523c6c,"GIRI, Haidé Delia",senado,Córdoba,3,2003-2005; 2005-2007; 2007-2009,2004,2009,6,1460,1460,0.7336,0.9776,0.0205,0.0019,1069,SIN BLOQUE,3,JUSTICIALISTA → SIN BLOQUE → JUSTICIALISTA-FRENTE PARA LA VICTORIA,1427.0,0.2804,0.25
leg:e1619db3fa19,"GIUSTI, Silvia Ester",senado,Chubut,3,2003-2005; 2005-2007; 2007-2009,2004,2009,6,1460,1460,0.8062,0.9779,0.0212,0.0008,1176,SIN BLOQUE,4,JUSTICIALISTA → SIN BLOQUE → TRABAJO Y DIGNIDAD → JUSTICIALISTA-FRENTE PARA LA VICTORIA,1427.0,0.175,0.125
leg:69d90e711fce,"GONZÁLEZ RIOLLO, GABRIELA",senado,SAN LUIS,2,2019-2021; 2021-2023,2021,2023,3,76,76,0.8289,0.7302,0.2063,0.0635,59,AVANZAR SAN LUIS,1,AVANZAR SAN LUIS,76.0,0.0,0.0
leg:83269a4ef00b,"GONZÁLEZ, MARÍA TERESA MARGARITA",senado,FORMOSA,6,2015-2017; 2017-2019; 2019-2021; 2021-2023; 2023-2025; 2025-2027,2017,2026,10,688,688,0.9578,0.8316,0.1639,0.0046,656,JUSTICIALISTA,4,FRENTE PARA LA VICTORIA → JUSTICIALISTA → FRENTE DE TODOS → FRENTE NACIONAL Y POPULAR,689.0,0.0589,0.0435
leg:a3fe20a55edc,"GUASTAVINO, Pedro Guillermo Ángel",senado,Entre Ríos,6,2007-2009; 2009-2011; 2011-2013; 2013-2015; 2015-2017; 2017-2019,2007,2019,13,1530,1530,0.8529,0.9571,0.0414,0.0015,1303,JUSTICIALISTA,4,JUSTICIALISTA → JUSTICIALISTA-FRENTE PARA LA VICTORIA → SIN BLOQUE → FRENTE PARA LA VICTORIA,1511.0,0.1477,0.0
leg:6e00ca50ec9d,"GUERRA, RICARDO ANTONIO",senado,LA RIOJA,2,2019-2021; 2021-2023,2021,2023,3,146,146,0.9247,1.0,0.0,0.0,135,FRENTE NACIONAL Y POPULAR,2,FRENTE NACIONAL Y POPULAR → FRENTE DE TODOS,146.0,0.0685,0.0
leg:1b570020e4fb,"GUINLE, Marcelo Alejandro",senado,Chubut,6,2003-2005; 2005-2007; 2007-2009; 2009-2011; 2011-2013; 2013-2015,2004,2015,12,2131,2131,0.7912,0.9751,0.0225,0.0024,1682,FRENTE PARA LA VICTORIA,4,JUSTICIALISTA → SIN BLOQUE → JUSTICIALISTA-FRENTE PARA LA VICTORIA → FRENTE PARA LA VICTORIA,2011.0,0.2154,0.2857
leg:63f7ffca151b,"Gadano, Natalia Elena",senado,63,2,2023-2025; 2025-2027,2024,2026,3,234,234,0.9487,0.7207,0.2658,0.0135,219,MOVERE SANTA CRUZ,2,POR SANTA CRUZ → MOVERE SANTA CRUZ,235.0,0.0213,0.0
leg:59a42ce5f8b2,"Galaretto, Eduardo Horacio",senado,41,2,2023-2025; 2025-2027,2024,2026,3,234,234,0.9658,0.8982,0.0973,0.0044,225,UCR,1,UCR,235.0,0.0282,0.1243
leg:15f4525b4ac5,"Giménez Navarro, María Celeste",senado,54,2,2023-2025; 2025-2027,2024,2026,3,234,234,0.9701,0.5551,0.4361,0.0088,225,JUSTICIALISTA,2,UNIDAD CIUDADANA → JUSTICIALISTA,235.0,0.0255,0.0
leg:d9420a046e86,"Godoy, Juan Cruz",senado,,2,2023-2025; 2025-2027,2025,2026,2,112,112,1.0,0.9464,0.0446,0.0089,111,LA LIBERTAD AVANZA,2,SIN BLOQUE → LA LIBERTAD AVANZA,111.0,0.0,0.0
leg:09d195a72b1d,"Goerling Lara, Enrique Martín",senado,67,2,2023-2025; 2025-2027,2024,2026,3,234,234,0.9188,0.8186,0.1628,0.0186,211,FRENTE PRO,1,FRENTE PRO,235.0,0.1438,0.0
leg:236f29695a54,"Guzmán Coraita, Gonzalo",senado,,2,2023-2025; 2025-2027,2025,2026,2,112,112,1.0,0.9464,0.0446,0.0089,111,LA LIBERTAD AVANZA,2,LA LIBERTAD AVANZA → SIN BLOQUE,111.0,0.0,0.0
leg:1f63343f65b1,"HIGONET, María de los Angeles",senado,La Pampa,3,2009-2011; 2011-2013; 2013-2015,2010,2015,6,671,671,0.9553,0.9501,0.0499,0.0,641,JUSTICIALISTA LA PAMPA,2,JUSTICIALISTA LA PAMPA → SIN BLOQUE,668.0,0.2208,0.0526
leg:d7472254e20c,"Huala, María Victória",senado,72,3,2021-2023; 2023-2025; 2025-2027,2021,2026,6,298,298,0.9396,0.7857,0.1607,0.0536,265,FRENTE PRO,1,FRENTE PRO,299.0,0.1127,0.0
leg:ca9936d49137,"ISIDORI, Amanda Mercedes",senado,Río Negro,2,2003-2005; 2005-2007,2004,2007,4,1022,1022,0.6419,0.782,0.2119,0.0061,652,UCR,2,UCR → SIN BLOQUE,1005.0,0.3245,0.0769
leg:126bc32aeea8,"ITURREZ de CAPELLINI, Ada Rosa",senado,Santiago del Estero,4,2007-2009; 2009-2011; 2011-2013; 2013-2015,2007,2014,8,974,974,0.8717,0.9505,0.0495,0.0,849,FRENTE CIVICO POR SANTIAGO,1,FRENTE CIVICO POR SANTIAGO,1006.0,0.1168,0.0909
leg:630aa96e542e,"ITÚRREZ DE CAPPELLINI, ADA ROSA DEL VALLE",senado,SANTIAGO DEL ESTERO,5,2007-2009; 2011-2013; 2013-2015; 2015-2017; 2017-2019,2009,2019,7,556,556,0.8525,0.9789,0.019,0.0021,473,FRENTE CIVICO POR SANTIAGO,2,SIN BLOQUE → FRENTE CIVICO POR SANTIAGO,505.0,0.1535,0.0
leg:e62d48db3275,"JAQUE, Celso Alejandro",senado,Mendoza,2,2003-2005; 2005-2007,2004,2007,4,1022,1022,0.8346,0.9812,0.0188,0.0,853,JUSTICIALISTA,2,JUSTICIALISTA → SIN BLOQUE,1005.0,0.187,0.4615
leg:c8ca5073abc7,"KIRCHNER, Alicia Margarita Antonia",senado,Santa Cruz,3,2005-2007; 2023-2025; 2025-2027,2005,2026,6,600,600,0.5683,0.6979,0.2933,0.0088,338,JUSTICIALISTA,1,JUSTICIALISTA,601.0,0.4293,0.1176
leg:9b51b386d5f7,"KUEIDER, EDGARDO DARÍO",senado,ENTRE RÍOS,3,2019-2021; 2021-2023; 2023-2025,2019,2024,6,289,289,0.8131,0.9745,0.0255,0.0,235,UNIDAD FEDERAL,3,FRENTE DE TODOS → FRENTE NACIONAL Y POPULAR → UNIDAD FEDERAL,289.0,0.1776,0.0
leg:8af20b801899,"KUNATH, SIGRID ELISABETH",senado,ENTRE RÍOS,3,2013-2015; 2015-2017; 2017-2019,2013,2019,7,581,581,0.969,0.9805,0.0195,0.0,563,JUSTICIALISTA,3,JUSTICIALISTA-FRENTE PARA LA VICTORIA → FRENTE PARA LA VICTORIA → JUSTICIALISTA,581.0,0.048,0.0
leg:64674a1dc79e,"LABADO, MARÍA ESTER",senado,Santa Cruz,3,2011-2013; 2013-2015; 2015-2017,2011,2017,7,735,735,0.8422,0.8336,0.147,0.0194,607,FRENTE PARA LA VICTORIA,3,JUSTICIALISTA-FRENTE PARA LA VICTORIA → SIN BLOQUE → FRENTE PARA LA VICTORIA,732.0,0.2788,0.25
leg:c965dfd887e7,"LESCANO, Marcela Fabiana",senado,Formosa,1,2003-2005,2004,2005,2,656,656,0.8521,0.805,0.1932,0.0018,558,SIN BLOQUE,2,UCR → SIN BLOQUE,639.0,0.1473,0.1111
leg:1098a6634bb2,"LINARES, JAIME",senado,Buenos Aires,3,2011-2013; 2013-2015; 2015-2017,2011,2017,7,735,735,0.8408,0.7379,0.2427,0.0194,606,GEN,2,GEN → SIN BLOQUE,732.0,0.0,0.0
leg:747d807f8943,"LORES, Horacio",senado,Neuquén,3,2007-2009; 2009-2011; 2011-2013,2007,2013,7,949,949,0.9009,0.9509,0.048,0.0012,854,MOVIMIENTO POPULAR NEUQUINO,2,MOVIMIENTO POPULAR NEUQUINO → SIN BLOQUE,930.0,0.0,0.0
leg:8475d88be1c2,"LOSADA, Mario Aníbal",senado,Misiones,1,2003-2005,2004,2005,2,656,656,0.9024,0.8024,0.1959,0.0017,591,SIN BLOQUE,2,UCR → SIN BLOQUE,639.0,0.0924,0.0
leg:77a36f7eb2d3,"LOVERA, DANIEL ANÍBAL",senado,LA PAMPA,3,2015-2017; 2017-2019; 2019-2021,2016,2021,6,601,601,0.8968,0.9518,0.039,0.0093,534,FRENTE DE TODOS,2,PARTIDO JUSTICIALISTA LA PAMPA → FRENTE DE TODOS,601.0,0.1215,0.0
leg:1d4e242ba5e0,"LUENZO, ALFREDO HÉCTOR",senado,CHUBUT,3,2015-2017; 2017-2019; 2019-2021,2016,2021,6,601,601,0.9418,0.9382,0.0495,0.0124,559,FRENTE DE TODOS,2,CHUBUT SOMOS TODOS → FRENTE DE TODOS,601.0,0.01,0.0
leg:1f7fab0b7640,"LUNA, MIRTHA MARÍA TERESITA",senado,La Rioja,3,2011-2013; 2013-2015; 2015-2017,2011,2017,7,735,735,0.9102,0.9641,0.0299,0.006,665,FRENTE PARA LA VICTORIA,3,JUSTICIALISTA-FRENTE PARA LA VICTORIA → SIN BLOQUE → FRENTE PARA LA VICTORIA,732.0,0.111,0.0
leg:3621813e35e1,"Ledesma, Claudia Alejandra",senado,49,1,2023-2025,2024,2025,2,122,122,0.918,0.8571,0.1339,0.0089,111,FRENTE NACIONAL Y POPULAR,1,FRENTE NACIONAL Y POPULAR,122.0,0.1028,0.0
leg:62b367357604,"Lewandowski, Marcelo Néstor",senado,4,3,2021-2023; 2023-2025; 2025-2027,2021,2026,6,298,298,0.9463,0.656,0.3333,0.0106,279,JUSTICIALISTA,3,FRENTE NACIONAL Y POPULAR → UNION POR LA PATRIA → JUSTICIALISTA,299.0,0.0555,0.0
leg:85caace6065d,"Linares, Carlos Alberto",senado,29,3,2021-2023; 2023-2025; 2025-2027,2021,2026,6,298,298,0.9295,0.639,0.3574,0.0036,276,JUSTICIALISTA,3,UNIDAD CIUDADANA → UNION POR LA PATRIA → JUSTICIALISTA,299.0,0.0656,0.0526
leg:485609c6ca41,"Losada, Carolina",senado,42,3,2021-2023; 2023-2025; 2025-2027,2021,2026,6,298,298,0.8658,0.8682,0.124,0.0078,256,UCR,1,UCR,299.0,0.1236,0.0891
leg:4df3a35de9bf,"LÓPEZ VALVERDE, CRISTINA DEL CARMEN",senado,SAN JUAN,3,2017-2019; 2019-2021; 2021-2023,2017,2023,7,385,385,0.8961,0.9797,0.0203,0.0,345,FRENTE NACIONAL Y POPULAR,3,JUSTICIALISTA → FRENTE DE TODOS → FRENTE NACIONAL Y POPULAR,385.0,0.1082,0.0
leg:d38293dda3b4,"LÓPEZ, Osvaldo Ramón",senado,Tierra del Fuego,2,2009-2011; 2011-2013,2011,2013,3,326,326,0.8896,0.9724,0.0276,0.0,290,SIN BLOQUE,2,NUEVO ENCUENTRO → SIN BLOQUE,323.0,0.0588,0.0
leg:b4636ff7f44f,"López, Cándida Cristina",senado,30,2,2023-2025; 2025-2027,2024,2026,3,234,234,0.9786,0.5502,0.4454,0.0044,228,JUSTICIALISTA,2,UNIDAD CIUDADANA [ 19 ] → JUSTICIALISTA,235.0,0.0511,0.0
leg:64be11e9c258,"López, María Florencia",senado,35,2,2023-2025; 2025-2027,2024,2026,3,234,234,0.9274,0.5438,0.4378,0.0184,213,JUSTICIALISTA,2,FRENTE NACIONAL Y POPULAR → JUSTICIALISTA,235.0,0.0758,0.0
leg:e435ebfee289,"MANSILLA, Sergio Francisco",senado,Tucumán,3,2009-2011; 2011-2013; 2013-2015,2010,2015,6,671,671,0.7779,0.933,0.0651,0.0019,521,FRENTE PARA LA VICTORIA,3,JUSTICIALISTA-FRENTE PARA LA VICTORIA → SIN BLOQUE → FRENTE PARA LA VICTORIA,668.0,0.2246,0.2105
leg:da13a3dcc570,"MARIN, Rubén Hugo",senado,La Pampa,3,2003-2005; 2005-2007; 2007-2009,2004,2009,6,1460,1460,0.7356,0.9758,0.0205,0.0037,1070,SIN BLOQUE,3,JUSTICIALISTA → SIN BLOQUE → JUSTICIALISTA-FRENTE PARA LA VICTORIA,1427.0,0.2731,0.5625
leg:28ecb19ad84d,"MARINO, Juan Carlos",senado,La Pampa,9,2003-2005; 2005-2007; 2007-2009; 2009-2011; 2011-2013; 2013-2015; 2015-2017; 2017-2019; 2019-2021,2004,2021,18,2732,2732,0.7061,0.761,0.2322,0.0067,1916,UCR,2,UCR → SIN BLOQUE,2696.0,0.2418,0.0678
leg:2f7bf6bdd966,"MARTIN, Floriana Nélida",senado,San Juan,1,2003-2005,2004,2005,2,656,656,0.4802,1.0,0.0,0.0,315,SIN BLOQUE,2,JUSTICIALISTA → SIN BLOQUE,639.0,0.5016,0.6667
leg:74a5b4f3a628,"MARTINAZZO, Luis Eduardo",senado,San Juan,1,2003-2005,2004,2005,2,656,656,0.5808,0.9948,0.0026,0.0026,380,SIN BLOQUE,2,JUSTICIALISTA → SIN BLOQUE,639.0,0.3936,0.1111
leg:59922470b572,"MARTINEZ, José Carlos",senado,Tierra del Fuego,2,2007-2009; 2009-2011,2007,2011,5,623,623,0.7255,0.8783,0.1195,0.0022,451,NUEVO ENCUENTRO,4,AFIRMACION PARA UNA REPUBLICA IGUALITARIA → SIN BLOQUE → POR TIERRA DEL FUEGO → NUEVO ENCUENTRO,607.0,0.1186,0.1
leg:9625bde28b99,"MARTÍNEZ PASS de CRESTO, Laura",senado,Entre Ríos,2,2003-2005; 2005-2007,2004,2007,4,1022,1022,0.589,0.9967,0.0033,0.0,602,JUSTICIALISTA,2,JUSTICIALISTA → SIN BLOQUE,1005.0,0.415,0.2308
leg:be8c5e6a7f1d,"MASSONI, Norberto",senado,Chubut,3,2003-2005; 2005-2007; 2007-2009,2004,2009,6,1460,1460,0.6479,0.7368,0.2558,0.0074,939,SIN BLOQUE,2,UCR → SIN BLOQUE,1427.0,0.3552,0.5
leg:638f2f3bf565,"MASTANDREA, Alicia Ester",senado,Chaco,2,2003-2005; 2005-2007,2004,2007,4,1022,1022,0.7045,0.7931,0.2042,0.0028,718,UCR,2,UCR → SIN BLOQUE,1005.0,0.2797,0.1538
leg:e6cf1ab5182b,"MAYANS, José Miguel Ángel",senado,Formosa,12,2003-2005; 2005-2007; 2007-2009; 2009-2011; 2011-2013; 2013-2015; 2015-2017; 2017-2019; 2019-2021; 2021-2023; 2023-2025; 2025-2027,2004,2026,23,3030,3030,0.8409,0.9266,0.0718,0.0016,2544,JUSTICIALISTA,6,JUSTICIALISTA → SIN BLOQUE → JUSTICIALISTA-FRENTE PARA LA VICTORIA → FRENTE PARA LA VICTORIA → FRENTE DE TODOS → FRENTE NACIONAL Y POPULAR,2995.0,0.1783,0.1552
leg:239fe11003ff,"MAZA, Ada Mercedes",senado,La Rioja,4,2003-2005; 2005-2007; 2007-2009; 2009-2011,2004,2011,8,1676,1676,0.713,0.9682,0.0318,0.0,1195,JUSTICIALISTA-FRENTE PARA LA VICTORIA,3,JUSTICIALISTA → SIN BLOQUE → JUSTICIALISTA-FRENTE PARA LA VICTORIA,1643.0,0.2946,0.1515
leg:0ac6f6bd7f2d,"MEABE de MATHO, Josefina Angélica",senado,Corrientes,3,2009-2011; 2011-2013; 2013-2015,2010,2015,6,671,671,0.3607,0.9174,0.0785,0.0041,241,LIBERAL DE CORRIENTES,2,LIBERAL DE CORRIENTES → SIN BLOQUE,584.0,0.0,0.0
leg:75dbc424a522,"MENEM, Carlos Saúl",senado,La Rioja,8,2005-2007; 2007-2009; 2009-2011; 2011-2013; 2013-2015; 2015-2017; 2017-2019; 2019-2021,2005,2021,17,1994,1994,0.1454,0.9103,0.0759,0.0138,286,FRENTE DE TODOS,4,FEDERALISMO Y LIBERACION → SIN BLOQUE → JUSTICIALISTA → FRENTE DE TODOS,1975.0,0.0859,0.0
leg:45404a432490,"MENEM, Eduardo",senado,La Rioja,1,2003-2005,2004,2005,2,656,656,0.6341,0.9447,0.0529,0.0024,415,SIN BLOQUE,4,JUSTICIALISTA → SIN BLOQUE → JUSTICIALISTA 17 DE OCTUBRE → LEALTAD Y DIGNIDAD JUSTICIALISTA,639.0,0.3427,0.3889
leg:4d4cc0d84b95,"MERA, Mario Rubén",senado,Santiago del Estero,2,2003-2005; 2005-2007,2004,2007,4,1022,1022,0.6732,0.9985,0.0015,0.0,688,JUSTICIALISTA,2,JUSTICIALISTA → SIN BLOQUE,1005.0,0.3264,0.1538
leg:118e30924a05,"MESTRE, Ramón Javier",senado,Córdoba,1,2009-2011,2010,2011,2,216,216,0.5926,0.8984,0.1016,0.0,128,UCR,1,UCR,216.0,0.3433,0.0378
leg:5abf4c32b175,"MIRANDA, Julio Antonio",senado,Tucumán,3,2003-2005; 2005-2007; 2007-2009,2004,2009,6,1460,1460,0.6555,0.9864,0.0136,0.0,957,SIN BLOQUE,3,JUSTICIALISTA → SIN BLOQUE → JUSTICIALISTA-FRENTE PARA LA VICTORIA,1427.0,0.3449,0.125
leg:80c8968e89be,"MONLLAU, Blanca María del Valle",senado,Catamarca,3,2009-2011; 2011-2013; 2013-2015,2010,2015,6,671,671,0.7809,0.7176,0.271,0.0115,518,FRENTE CIVICO Y SOCIAL DE CATAMARCA,2,FRENTE CIVICO Y SOCIAL DE CATAMARCA → SIN BLOQUE,668.0,0.1617,0.2105
leg:9d187e7a7140,"MONTENEGRO, GERARDO ANTENOR",senado,SANTIAGO DEL ESTERO,6,2013-2015; 2015-2017; 2017-2019; 2019-2021; 2021-2023; 2023-2025,2013,2025,13,947,947,0.7582,0.9735,0.0265,0.0,718,FRENTE NACIONAL Y POPULAR,3,FRENTE POPULAR → FRENTE DE TODOS → FRENTE NACIONAL Y POPULAR,947.0,0.0396,0.1905
leg:1ca8d768cb79,"MORALES, Gerardo Rubén",senado,Jujuy,6,2003-2005; 2005-2007; 2007-2009; 2009-2011; 2011-2013; 2013-2015,2004,2015,12,2131,2131,0.8132,0.7467,0.247,0.0063,1722,UCR,2,UCR → SIN BLOQUE,2095.0,0.1765,0.0714
leg:04ca1c3ebaf3,"Manzur, Juan Luis",senado,33,2,2023-2025; 2025-2027,2024,2026,3,234,234,0.9615,0.5733,0.4222,0.0044,224,JUSTICIALISTA,1,JUSTICIALISTA,235.0,0.0128,0.0
leg:2bdada86d143,"Marks, Ana Inés",senado,,2,2023-2025; 2025-2027,2025,2026,2,112,112,0.9911,0.2613,0.7297,0.009,110,JUSTICIALISTA,2,SIN BLOQUE → JUSTICIALISTA,111.0,0.018,0.0
leg:e0198c8fa4b4,"Mendoza, Sandra Mariela",senado,32,3,2021-2023; 2023-2025; 2025-2027,2021,2026,6,298,298,0.9362,0.8029,0.1971,0.0,279,CONVICCION FEDERAL,2,FRENTE NACIONAL Y POPULAR → CONVICCION FEDERAL,299.0,0.0888,0.0
leg:5bbadda594e8,"Monte de Oca, Belén",senado,,2,2023-2025; 2025-2027,2025,2026,2,112,112,1.0,0.9464,0.0446,0.0089,111,LA LIBERTAD AVANZA,2,LA LIBERTAD AVANZA → SIN BLOQUE,104.0,0.0,0.0
leg:b8c98aec9190,"Monteverde, Agustín Aníbal",senado,,2,2023-2025; 2025-2027,2025,2026,2,112,112,1.0,0.9464,0.0446,0.0089,111,LA LIBERTAD AVANZA,2,SIN BLOQUE → LA LIBERTAD AVANZA,111.0,0.009,0.0
leg:01b22a551f11,"Moreno, Elia Esther Del Carmen",senado,,2,2023-2025; 2025-2027,2025,2026,2,112,112,0.9911,0.2613,0.7297,0.009,110,FRENTE CIVICO POR SANTIAGO,2,SIN BLOQUE → FRENTE CIVICO POR SANTIAGO,111.0,0.0315,0.0
leg:f5f2b54d00c9,"NEDER, JOSÉ EMILIO",senado,SANTIAGO DEL ESTERO,4,2019-2021; 2021-2023; 2023-2025; 2025-2027,2019,2026,8,478,478,0.9289,0.7838,0.214,0.0023,443,JUSTICIALISTA,3,FRENTE DE TODOS → FRENTE NACIONAL Y POPULAR → JUSTICIALISTA,479.0,0.0596,0.0
leg:70d8ef466940,"NEGRE DE ALONSO, Liliana Teresita",senado,San Luis,7,2003-2005; 2005-2007; 2007-2009; 2009-2011; 2011-2013; 2013-2015; 2015-2017,2004,2017,14,2411,2411,0.7744,0.7697,0.2078,0.0225,1825,JUSTICIALISTA SAN LUIS,4,JUSTICIALISTA → JUSTICIALISTA SAN LUIS → LEALTAD Y DIGNIDAD JUSTICIALISTA → SIN BLOQUE,2375.0,0.2149,0.2162
leg:4baa8d1b5de6,"NIKISCH, Roy Abelardo",senado,Chaco,3,2007-2009; 2009-2011; 2011-2013,2007,2013,7,949,949,0.7334,0.75,0.2486,0.0014,695,UCR,2,UCR → SIN BLOQUE,930.0,0.2406,0.0714
leg:ec1144b63c48,"OCHOA, Raúl Ernesto",senado,San Luis,1,2003-2005,2004,2005,2,656,656,0.3399,0.8655,0.1211,0.0135,220,SIN BLOQUE,3,JUSTICIALISTA → SIN BLOQUE → PUNTANO INDEPENDIENTE,639.0,0.3842,0.7778
leg:fbca188a0f1d,"ODARDA, MARÍA MAGDALENA",senado,RÍO NEGRO,3,2013-2015; 2015-2017; 2017-2019,2013,2019,7,581,581,0.8571,0.7088,0.261,0.0301,483,RIO-FRENTE PROGRESISTA,2,FRENTE PROGRESISTA-CC-ARI → RIO-FRENTE PROGRESISTA,581.0,0.0,0.0
leg:5c060a8d5bce,"OJEDA, JOSÉ ANATOLIO",senado,"TIERRA DEL FUEGO, ANTÁRTIDA E ISLAS DEL ATLÁNTICO SUR",2,2015-2017; 2017-2019,2016,2019,4,421,421,0.8242,0.9683,0.0317,0.0,347,JUSTICIALISTA,2,FRENTE PARA LA VICTORIA → JUSTICIALISTA,421.0,0.1907,0.0
leg:ce68255712d5,"OLALLA, STELLA MARIS",senado,ENTRE RÍOS,3,2019-2021; 2021-2023; 2023-2025,2019,2025,7,366,366,0.9044,0.7764,0.2054,0.0181,325,UCR,1,UCR,244.0,0.0589,0.0
leg:a9269bfb472c,"OVIEDO, Mercedes Margarita",senado,Misiones,1,2003-2005,2004,2005,2,656,656,0.7774,0.998,0.0,0.002,509,SIN BLOQUE,2,JUSTICIALISTA → SIN BLOQUE,639.0,0.1949,0.0
leg:f3921145ae39,"Olivera Lucero, Bruno Antonio",senado,46,2,2023-2025; 2025-2027,2024,2026,3,234,234,0.9359,0.758,0.2283,0.0137,216,LA LIBERTAD AVANZA,1,LA LIBERTAD AVANZA,235.0,0.0149,0.0
leg:f8bc26353dad,"PARRILLI, OSCAR ISIDRO",senado,NEUQUÉN,3,2019-2021; 2021-2023; 2023-2025,2019,2025,7,366,366,0.9071,0.9367,0.0542,0.009,329,UNIDAD CIUDADANA,2,FRENTE DE TODOS → UNIDAD CIUDADANA,366.0,0.0874,0.0
leg:437314719b95,"PAZ, Elva Azucena",senado,Formosa,1,2003-2005,2004,2005,2,656,656,0.622,0.9951,0.0049,0.0,408,SIN BLOQUE,2,JUSTICIALISTA → SIN BLOQUE,639.0,0.3866,0.8889
leg:538093869f38,"PERCEVAL, María Cristina",senado,Mendoza,3,2003-2005; 2005-2007; 2007-2009,2004,2009,6,1460,1460,0.8603,0.9841,0.0104,0.0056,1249,SIN BLOQUE,3,JUSTICIALISTA → SIN BLOQUE → JUSTICIALISTA-FRENTE PARA LA VICTORIA,1427.0,0.15,0.0
leg:8f3cb98448bc,"PEREYRA, GUILLERMO JUAN",senado,NEUQUÉN,3,2013-2015; 2015-2017; 2017-2019,2013,2019,7,581,581,0.6833,0.8992,0.0982,0.0025,396,MOVIMIENTO POPULAR NEUQUINO,1,MOVIMIENTO POPULAR NEUQUINO,581.0,0.2212,0.0
leg:0cb36175d439,"PEREZ ALSINA, Juan Agustín",senado,Salta,3,2007-2009; 2009-2011; 2011-2013,2007,2013,7,949,949,0.6986,0.7677,0.2157,0.0166,652,RENOVADOR DE SALTA,2,RENOVADOR DE SALTA → SIN BLOQUE,930.0,0.0,0.0
leg:46f0fb83a569,"PERSICO, Daniel Raúl",senado,San Luis,6,2005-2007; 2007-2009; 2009-2011; 2011-2013; 2013-2015; 2015-2017,2005,2017,13,1752,1752,0.8527,0.9585,0.0408,0.0007,1493,FRENTE PARA LA VICTORIA,4,JUSTICIALISTA → SIN BLOQUE → JUSTICIALISTA-FRENTE PARA LA VICTORIA → FRENTE PARA LA VICTORIA,1733.0,0.1594,0.0714
leg:61caaf7f3421,"PETCOFF NAIDENOFF, Luis Carlos",senado,Formosa,9,2005-2007; 2007-2009; 2009-2011; 2011-2013; 2013-2015; 2015-2017; 2017-2019; 2019-2021; 2021-2023,2005,2023,19,2140,2140,0.829,0.7728,0.2159,0.0113,1754,UCR,2,UCR → SIN BLOQUE,2121.0,0.1587,0.0417
leg:6e96f1c8f49e,"PORCEL DE RICCOBELLI, BLANCA",senado,SANTIAGO DEL ESTERO,1,2017-2019,2017,2019,3,141,141,0.5035,0.9859,0.0141,0.0,71,FRENTE CIVICO POR SANTIAGO,1,FRENTE CIVICO POR SANTIAGO,141.0,0.156,0.0
leg:cea8fe7eb434,"PRADES, Carlos Alfonso",senado,Santa Cruz,1,2003-2005,2004,2005,2,656,656,0.4802,0.7143,0.2825,0.0032,314,SIN BLOQUE,2,UCR → SIN BLOQUE,639.0,0.5089,0.1111
leg:3f415df39c7d,"Pagotto, Juan Carlos",senado,48,2,2023-2025; 2025-2027,2024,2026,3,234,234,0.9444,0.7511,0.2262,0.0226,216,LA LIBERTAD AVANZA,1,LA LIBERTAD AVANZA,235.0,0.0149,0.0769
leg:6febda5739ce,"Paoltroni, Francisco Manuel",senado,66,2,2023-2025; 2025-2027,2024,2026,3,234,234,0.9316,0.7615,0.2248,0.0138,215,LA LIBERTAD AVANZA,1,LA LIBERTAD AVANZA,235.0,0.0702,0.1538
leg:4dc348eaccfd,"QUINTELA, Teresita Nicolasa",senado,La Rioja,3,2005-2007; 2007-2009; 2009-2011,2005,2011,7,1020,1020,0.6824,0.9555,0.0445,0.0,696,JUSTICIALISTA-FRENTE PARA LA VICTORIA,3,JUSTICIALISTA → JUSTICIALISTA-FRENTE PARA LA VICTORIA → SIN BLOQUE,1004.0,0.3218,0.1667
leg:661675289c23,"RACHED, Emilio Alberto",senado,Santiago del Estero,3,2007-2009; 2009-2011; 2011-2013,2007,2013,7,949,949,0.5722,0.779,0.2155,0.0055,540,UCR,3,FRENTE CIVICO POR SANTIAGO → SIN BLOQUE → UCR,930.0,0.3339,0.2551
leg:5ad083fe9289,"RECALDE, MARIANO",senado,CIUDAD AUTÓNOMA DE BUENOS AIRES,4,2019-2021; 2021-2023; 2023-2025; 2025-2027,2019,2026,8,478,478,0.9477,0.7815,0.2163,0.0022,452,JUSTICIALISTA,3,FRENTE DE TODOS → FRENTE NACIONAL Y POPULAR → JUSTICIALISTA,479.0,0.0389,0.0
leg:8f2feddf6552,"REUTEMANN, Carlos Alberto",senado,Santa Fe,9,2003-2005; 2005-2007; 2007-2009; 2009-2011; 2011-2013; 2013-2015; 2015-2017; 2017-2019; 2019-2021,2004,2021,18,2687,2687,0.5809,0.8738,0.1192,0.007,1550,SANTA FE FEDERAL,3,JUSTICIALISTA → SIN BLOQUE → SANTA FE FEDERAL,2651.0,0.1866,0.1538
leg:102dc6e77c89,"RIOFRIO, Marina Raquel",senado,San Juan,6,2005-2007; 2007-2009; 2009-2011; 2011-2013; 2013-2015; 2015-2017,2005,2017,13,1755,1755,0.8735,0.9432,0.0385,0.0183,1505,FRENTE PARA LA VICTORIA,4,JUSTICIALISTA → SIN BLOQUE → JUSTICIALISTA-FRENTE PARA LA VICTORIA → FRENTE PARA LA VICTORIA,1736.0,0.1544,0.0714
leg:5954673c399b,"RODAS, ANTONIO JOSÉ",senado,CHACO,3,2019-2021; 2021-2023; 2023-2025,2019,2025,7,366,366,0.8579,0.9395,0.0605,0.0,314,FRENTE NACIONAL Y POPULAR,2,FRENTE DE TODOS → FRENTE NACIONAL Y POPULAR,244.0,0.0738,0.0
leg:c2cf5a671498,"ROMERO, Juan Carlos",senado,Salta,9,2007-2009; 2009-2011; 2011-2013; 2013-2015; 2015-2017; 2017-2019; 2019-2021; 2021-2023; 2023-2025,2007,2025,19,1896,1896,0.5258,0.7061,0.2628,0.0311,966,CAMBIO FEDERAL [ 17 ],5,JUSTICIALISTA → SIN BLOQUE → JUSTICIALISTA 8 DE OCTUBRE → CAMBIO FEDERAL → CAMBIO FEDERAL [ 17 ],1877.0,0.1653,0.0952
leg:7b82f983f4ab,"ROSSI, Carlos Alberto",senado,Córdoba,3,2003-2005; 2005-2007; 2007-2009,2004,2009,6,1460,1460,0.7651,0.8227,0.1755,0.0018,1115,SIN BLOQUE,2,VECINALISTA - PARTIDO NUEVO → SIN BLOQUE,1427.0,0.0,0.0
leg:4819f762c5e3,"RUIZ DIAZ, Elsa Beatriz",senado,Entre Ríos,1,2011-2013,2011,2013,3,295,295,0.8847,0.9655,0.0345,0.0,261,SIN BLOQUE,2,JUSTICIALISTA-FRENTE PARA LA VICTORIA → SIN BLOQUE,292.0,0.1199,0.0
leg:05e9c478c149,"Rojas Decut, Sonia Elizabeth",senado,60,2,2023-2025; 2025-2027,2024,2026,3,234,234,0.9573,0.9018,0.0714,0.0268,218,ENCUENTRO MISIONERO,2,FRENTE RENOVADOR DE LA CONCORDIA SOCIAL → ENCUENTRO MISIONERO,235.0,0.0021,0.0
leg:97bbbf7cc358,"Royón, Flavia",senado,,2,2023-2025; 2025-2027,2025,2026,2,112,112,0.9911,0.8919,0.0991,0.009,110,PRIMERO LOS SALTENOS,2,SIN BLOQUE → PRIMERO LOS SALTENOS,104.0,0.0,0.0
leg:f3a5c4fb9112,"SACNUN, MARÍA DE LOS ÁNGELES",senado,SANTA FE,3,2015-2017; 2017-2019; 2019-2021,2016,2021,6,601,601,0.9301,0.7227,0.254,0.0233,546,FRENTE DE TODOS,2,FRENTE PARA LA VICTORIA → FRENTE DE TODOS,601.0,0.1724,0.0
leg:afd1402bacbb,"SALAZAR, Carlos Eduardo",senado,Tucumán,2,2005-2007; 2007-2009,2007,2009,3,516,516,0.7384,0.7402,0.2467,0.0131,376,FUERZA REPUBLICANA,2,FUERZA REPUBLICANA → SIN BLOQUE,500.0,0.102,0.0
leg:d0df5c999feb,"SANCHEZ, María Dora",senado,Corrientes,3,2003-2005; 2005-2007; 2007-2009,2004,2009,6,1460,1460,0.6397,0.8137,0.1831,0.0032,931,SIN BLOQUE,3,UCR → SIN BLOQUE → CONCERTACION PLURAL,1427.0,0.2779,0.125
leg:d55961ce5457,"SANZ, Ernesto Ricardo",senado,Mendoza,6,2003-2005; 2005-2007; 2007-2009; 2009-2011; 2011-2013; 2013-2015,2004,2015,12,2131,2131,0.7968,0.7544,0.2409,0.0047,1690,UCR,2,UCR → SIN BLOQUE,2095.0,0.1731,0.1286
leg:2bf12a27df14,"SAPAG, Luz María",senado,Neuquén,2,2003-2005; 2005-2007,2004,2007,4,1022,1022,0.4795,0.9857,0.0143,0.0,490,MOVIMIENTO POPULAR NEUQUINO,2,MOVIMIENTO POPULAR NEUQUINO → SIN BLOQUE,1005.0,0.2517,0.3846
leg:26ec15cf6bc4,"SCARPIN, DIONISIO FERNANDO",senado,SANTA FE,1,2021-2023,2021,2023,3,64,64,0.6719,0.6977,0.2791,0.0233,42,UCR,1,UCR,64.0,0.2231,0.0
leg:87eb70b10518,"SCHIAVONI, HUMBERTO LUIS ARTURO",senado,MISIONES,3,2017-2019; 2019-2021; 2021-2023,2017,2023,7,385,385,0.7922,0.7869,0.1869,0.0262,297,FRENTE PRO,1,FRENTE PRO,385.0,0.1319,0.0
leg:a5ad013bc1a8,"SOLANAS, Fernado Ezequiel",senado,Ciudad Autónoma de Buenos Aires,1,2013-2015,2013,2014,2,76,76,0.4737,0.4722,0.3889,0.1389,31,PROYECTO SUR-UNEN,1,PROYECTO SUR-UNEN,76.0,0.0,0.0
leg:18fcfde61814,"SOLARI QUINTANA, MAGDALENA",senado,MISIONES,3,2017-2019; 2019-2021; 2021-2023,2017,2023,7,385,385,0.7558,0.9794,0.0206,0.0,291,MISIONES,1,MISIONES,385.0,0.0532,0.0
leg:a2916cb712db,"SOSA, Maria Noemi",senado,Río Negro,1,2011-2013,2013,2013,1,53,53,0.9434,0.94,0.06,0.0,50,UCR,1,UCR,53.0,0.6415,
leg:2d740e1e4ba0,"Schneider, Silvana Lorena",senado,,2,2023-2025; 2025-2027,2025,2026,2,112,112,1.0,0.9554,0.0357,0.0089,111,UCR,2,UCR → SIN BLOQUE,111.0,0.009,0.0
leg:4a4660a93e40,"Silva, Mónica Esther",senado,39,1,2023-2025,2024,2025,2,122,122,0.9016,0.8636,0.1364,0.0,110,JUNTOS SOMOS RIO NEGRO,1,JUNTOS SOMOS RIO NEGRO,122.0,0.0,0.0
leg:cb62881c7682,"Suárez, Rodolfo Alejandro",senado,23,2,2023-2025; 2025-2027,2024,2026,3,234,234,0.7778,0.8901,0.1044,0.0055,181,UCR,1,UCR,235.0,0.2029,0.1302
leg:92a5cae58d8f,"TAFFAREL, Ricardo Cesar",senado,Entre Ríos,2,2003-2005; 2005-2007,2004,2007,4,1022,1022,0.911,0.8088,0.188,0.0032,928,UCR,2,UCR → SIN BLOQUE,1005.0,0.0866,0.0769
leg:1a0cfa0baf40,"TAGLIAFERRI, GUADALUPE",senado,CIUDAD AUTÓNOMA DE BUENOS AIRES,3,2019-2021; 2021-2023; 2023-2025,2019,2025,7,366,366,0.7951,0.7629,0.1959,0.0412,279,FRENTE PRO,1,FRENTE PRO,366.0,0.1954,0.25
leg:9777e0ec1f83,"TAPIA, MARÍA BELÉN",senado,SANTA CRUZ,3,2017-2019; 2019-2021; 2021-2023,2017,2023,7,385,385,0.6831,0.8023,0.1711,0.0266,256,UCR,1,UCR,385.0,0.2228,0.0
leg:99f8538a141f,"TORELLO, JOSÉ MARÍA",senado,BUENOS AIRES,1,2021-2023,2022,2023,2,62,62,0.5161,0.5312,0.4375,0.0312,31,FRENTE PRO,1,FRENTE PRO,62.0,0.2437,0.1667
leg:746b03a7759c,"TORRES, Eduardo Enrique",senado,Misiones,2,2007-2009; 2009-2011,2007,2011,5,654,654,0.818,0.9346,0.0654,0.0,535,JUSTICIALISTA-FRENTE PARA LA VICTORIA,3,JUSTICIALISTA → SIN BLOQUE → JUSTICIALISTA-FRENTE PARA LA VICTORIA,638.0,0.1836,0.0
leg:e82d40c915ec,"TROADELLO, Mónica",senado,Mendoza,1,2007-2009,2007,2009,3,438,438,0.9087,0.9749,0.0251,0.0,398,SIN BLOQUE,3,JUSTICIALISTA → SIN BLOQUE → JUSTICIALISTA-FRENTE PARA LA VICTORIA,422.0,0.0998,0.0
leg:9d0fbaf84ec8,"Terenzi, Edith Elizabeth",senado,69,3,2021-2023; 2023-2025; 2025-2027,2021,2026,6,298,298,0.7987,0.8361,0.1555,0.0084,236,DESPIERTA CHUBUT,2,CAMBIO FEDERAL → DESPIERTA CHUBUT,299.0,0.0992,0.0
leg:c0f0dacc013f,"URQUIA, Roberto Daniel",senado,Córdoba,3,2003-2005; 2005-2007; 2007-2009,2004,2009,6,1460,1460,0.6589,0.9771,0.0135,0.0094,953,SIN BLOQUE,3,JUSTICIALISTA → SIN BLOQUE → JUSTICIALISTA-FRENTE PARA LA VICTORIA,1427.0,0.3508,0.5
leg:0e5c1a1d2b67,"URTUBEY, RODOLFO JULIO",senado,SALTA,3,2013-2015; 2015-2017; 2017-2019,2013,2019,7,581,581,0.9036,0.96,0.0343,0.0057,522,JUSTICIALISTA,3,JUSTICIALISTA-FRENTE PARA LA VICTORIA → FRENTE PARA LA VICTORIA → JUSTICIALISTA,581.0,0.1203,0.0
leg:c27e54fe8879,"Uñac, Sergio Mauricio",senado,28,2,2023-2025; 2025-2027,2024,2026,3,234,234,0.9103,0.5869,0.4085,0.0047,212,JUSTICIALISTA,1,JUSTICIALISTA,235.0,0.1021,0.0
leg:8ad273407518,"VARELA, MARTA",senado,CIUDAD AUTÓNOMA DE BUENOS AIRES,2,2015-2017; 2017-2019,2016,2019,4,421,421,0.8907,0.8987,0.1013,0.0,375,FRENTE PRO,1,FRENTE PRO,421.0,0.0788,0.0
leg:bab656c73077,"VERA, Arturo",senado,Entre Ríos,3,2007-2009; 2009-2011; 2011-2013,2007,2013,7,949,949,0.6586,0.7184,0.2736,0.008,620,UCR,2,UCR → SIN BLOQUE,930.0,0.2848,0.0782
leg:d3f99c3b7c49,"VERANI, Pablo",senado,Río Negro,3,2007-2009; 2009-2011; 2011-2013,2007,2013,7,896,896,0.4453,0.7494,0.2281,0.0226,390,UCR,3,CONCERTACION PLURAL → SIN BLOQUE → UCR,877.0,0.3019,0.2687
leg:ebc737743093,"VERNA, Carlos Alberto",senado,La Pampa,3,2009-2011; 2011-2013; 2013-2015,2010,2015,6,671,671,0.6528,0.8151,0.1804,0.0046,436,JUSTICIALISTA LA PAMPA,2,JUSTICIALISTA LA PAMPA → SIN BLOQUE,668.0,0.2208,0.0526
leg:e6b945e5cb03,"VIANA, Luis Alberto",senado,Misiones,3,2005-2007; 2007-2009; 2009-2011,2005,2011,7,1020,1020,0.5039,0.9455,0.0525,0.0019,513,JUSTICIALISTA-FRENTE PARA LA VICTORIA,3,JUSTICIALISTA → SIN BLOQUE → JUSTICIALISTA-FRENTE PARA LA VICTORIA,1004.0,0.4842,0.125
leg:9bbf1a64396d,"VIGO, Elida María",senado,Misiones,3,2005-2007; 2007-2009; 2009-2011,2005,2011,7,1020,1020,0.6441,0.9635,0.035,0.0015,656,JUSTICIALISTA-FRENTE PARA LA VICTORIA,3,JUSTICIALISTA → SIN BLOQUE → JUSTICIALISTA-FRENTE PARA LA VICTORIA,1004.0,0.3348,0.0833
leg:0b564ea8d63d,"VIUDES, Isabel Josefa",senado,Corrientes,2,2005-2007; 2007-2009,2006,2009,4,761,761,0.9067,0.9797,0.0188,0.0014,689,JUSTICIALISTA-FRENTE PARA LA VICTORIA,3,PARTIDO NUEVO → SIN BLOQUE → JUSTICIALISTA-FRENTE PARA LA VICTORIA,745.0,0.0134,0.0
leg:ee35b04b19c8,"VUCASOVICH, MARIA ALEJANDRA",senado,SANTA FE,1,2019-2021,2021,2021,1,45,45,0.5778,0.6538,0.2692,0.0769,24,SANTA FE FEDERAL,1,SANTA FE FEDERAL,45.0,0.0,
leg:ba4c6561e5e4,"Valenzuela, Mercedes Gabriela",senado,70,3,2021-2023; 2023-2025; 2025-2027,2021,2026,6,298,298,0.9664,0.8715,0.125,0.0035,287,UCR,1,UCR,299.0,0.0455,0.1377
leg:4e01233d484a,"Vischi, Eduardo Alejandro",senado,22,3,2021-2023; 2023-2025; 2025-2027,2021,2026,6,298,298,0.9564,0.8632,0.1333,0.0035,284,UCR,1,UCR,299.0,0.0422,0.1377
leg:2c9004a9261d,"WERETILNECK, ALBERTO EDGARDO",senado,RÍO NEGRO,2,2019-2021; 2021-2023,2019,2023,5,244,244,0.8689,0.9764,0.0189,0.0047,211,JUNTOS SOMOS RIO NEGRO,1,JUNTOS SOMOS RIO NEGRO,244.0,0.0,0.0
leg:81de01cf201a,"ZAMORA, GERARDO",senado,SANTIAGO DEL ESTERO,4,2013-2015; 2015-2017; 2023-2025; 2025-2027,2013,2026,7,552,552,0.7627,0.7933,0.1995,0.0071,418,FRENTE CIVICO POR SANTIAGO,2,FRENTE CIVICO POR SANTIAGO → SIN BLOQUE,551.0,0.1189,0.0833
